[0.089s] Invoking command in '/home/catcyber02/Mobile-Robots-2026-1/build/xarm_msgs': CMAKE_PREFIX_PATH=${CMAKE_PREFIX_PATH}:/home/catcyber02/Mobile-Robots-2026-1/ros2_ws/install/uf_ros_lib:/home/catcyber02/Mobile-Robots-2026-1/ros2_ws/install/simple_move:/opt/ros/jazzy DEBUGINFOD_URLS=https://debuginfod.ubuntu.com /usr/bin/cmake /home/catcyber02/Mobile-Robots-2026-1/ros2_ws/src/hardware/xarm_ros2/xarm_msgs -DCMAKE_INSTALL_PREFIX=/home/catcyber02/Mobile-Robots-2026-1/install/xarm_msgs
[0.457s] -- The C compiler identification is GNU 13.3.0
[0.706s] -- The CXX compiler identification is GNU 13.3.0
[0.761s] -- Detecting C compiler ABI info
[1.181s] -- Detecting C compiler ABI info - done
[1.220s] -- Check for working C compiler: /usr/bin/cc - skipped
[1.221s] -- Detecting C compile features
[1.222s] -- Detecting C compile features - done
[1.262s] -- Detecting CXX compiler ABI info
[1.675s] -- Detecting CXX compiler ABI info - done
[1.712s] -- Check for working CXX compiler: /usr/bin/c++ - skipped
[1.714s] -- Detecting CXX compile features
[1.715s] -- Detecting CXX compile features - done
[1.730s] -- Found ament_cmake: 2.5.4 (/opt/ros/jazzy/share/ament_cmake/cmake)
[2.391s] -- Found Python3: /usr/bin/python3 (found version "3.12.3") found components: Interpreter 
[2.856s] -- Found ament_lint_auto: 0.17.3 (/opt/ros/jazzy/share/ament_lint_auto/cmake)
[3.354s] -- Found std_msgs: 5.3.6 (/opt/ros/jazzy/share/std_msgs/cmake)
[3.549s] -- Found rosidl_generator_c: 4.6.6 (/opt/ros/jazzy/share/rosidl_generator_c/cmake)
[3.628s] -- Found rosidl_generator_cpp: 4.6.6 (/opt/ros/jazzy/share/rosidl_generator_cpp/cmake)
[3.709s] -- Using all available rosidl_typesupport_c: rosidl_typesupport_fastrtps_c;rosidl_typesupport_introspection_c
[3.849s] -- Using all available rosidl_typesupport_cpp: rosidl_typesupport_fastrtps_cpp;rosidl_typesupport_introspection_cpp
[4.047s] -- Found geometry_msgs: 5.3.6 (/opt/ros/jazzy/share/geometry_msgs/cmake)
[4.188s] -- Found rosidl_default_generators: 1.6.0 (/opt/ros/jazzy/share/rosidl_default_generators/cmake)
[4.417s] -- Found rosidl_adapter: 4.6.6 (/opt/ros/jazzy/share/rosidl_adapter/cmake)
[12.056s] -- Found ament_cmake_ros: 0.12.0 (/opt/ros/jazzy/share/ament_cmake_ros/cmake)
[20.979s] -- Using all available rosidl_typesupport_c: rosidl_typesupport_fastrtps_c;rosidl_typesupport_introspection_c
[23.164s] -- Using all available rosidl_typesupport_cpp: rosidl_typesupport_fastrtps_cpp;rosidl_typesupport_introspection_cpp
[23.195s] -- Found python_cmake_module: 0.11.1 (/opt/ros/jazzy/share/python_cmake_module/cmake)
[23.785s] -- Found PythonExtra: /usr/bin/python3  
[25.970s] -- Found Python3: /usr/bin/python3 (found version "3.12.3") found components: Interpreter Development NumPy Development.Module Development.Embed 
[26.194s] -- Added test 'copyright' to check source files copyright and LICENSE
[26.216s] -- Added test 'lint_cmake' to check CMake code style
[26.231s] -- Added test 'xmllint' to check XML markup files
[26.265s] -- Configuring done (26.1s)
[26.894s] -- Generating done (0.5s)
[26.984s] -- Build files have been written to: /home/catcyber02/Mobile-Robots-2026-1/build/xarm_msgs
[27.069s] Invoked command in '/home/catcyber02/Mobile-Robots-2026-1/build/xarm_msgs' returned '0': CMAKE_PREFIX_PATH=${CMAKE_PREFIX_PATH}:/home/catcyber02/Mobile-Robots-2026-1/ros2_ws/install/uf_ros_lib:/home/catcyber02/Mobile-Robots-2026-1/ros2_ws/install/simple_move:/opt/ros/jazzy DEBUGINFOD_URLS=https://debuginfod.ubuntu.com /usr/bin/cmake /home/catcyber02/Mobile-Robots-2026-1/ros2_ws/src/hardware/xarm_ros2/xarm_msgs -DCMAKE_INSTALL_PREFIX=/home/catcyber02/Mobile-Robots-2026-1/install/xarm_msgs
[27.079s] Invoking command in '/home/catcyber02/Mobile-Robots-2026-1/build/xarm_msgs': CMAKE_PREFIX_PATH=${CMAKE_PREFIX_PATH}:/home/catcyber02/Mobile-Robots-2026-1/ros2_ws/install/uf_ros_lib:/home/catcyber02/Mobile-Robots-2026-1/ros2_ws/install/simple_move:/opt/ros/jazzy DEBUGINFOD_URLS=https://debuginfod.ubuntu.com /usr/bin/cmake --build /home/catcyber02/Mobile-Robots-2026-1/build/xarm_msgs -- -j8 -l8
[27.357s] [  0%] [34m[1mGenerating type hashes for ROS interfaces[0m
[27.386s] [  0%] Built target ament_cmake_python_copy_xarm_msgs
[28.089s] running egg_info
[28.091s] creating xarm_msgs.egg-info
[28.182s] writing xarm_msgs.egg-info/PKG-INFO
[28.184s] writing dependency_links to xarm_msgs.egg-info/dependency_links.txt
[28.189s] writing top-level names to xarm_msgs.egg-info/top_level.txt
[28.193s] writing manifest file 'xarm_msgs.egg-info/SOURCES.txt'
[28.454s] reading manifest file 'xarm_msgs.egg-info/SOURCES.txt'
[28.455s] writing manifest file 'xarm_msgs.egg-info/SOURCES.txt'
[28.612s] [  0%] Built target ament_cmake_python_build_xarm_msgs_egg
[33.724s] [  0%] Built target xarm_msgs__rosidl_generator_type_description
[33.763s] [  0%] [34m[1mGenerating C code for ROS interfaces[0m
[33.795s] [  0%] [34m[1mGenerating C++ code for ROS interfaces[0m
[49.613s] [  0%] Built target xarm_msgs__cpp
[51.885s] [  1%] [32mBuilding C object CMakeFiles/xarm_msgs__rosidl_generator_c.dir/rosidl_generator_c/xarm_msgs/msg/detail/io_state__description.c.o[0m
[51.888s] [  1%] [32mBuilding C object CMakeFiles/xarm_msgs__rosidl_generator_c.dir/rosidl_generator_c/xarm_msgs/msg/detail/robot_msg__type_support.c.o[0m
[51.889s] [  1%] [32mBuilding C object CMakeFiles/xarm_msgs__rosidl_generator_c.dir/rosidl_generator_c/xarm_msgs/msg/detail/io_state__type_support.c.o[0m
[51.890s] [  1%] [32mBuilding C object CMakeFiles/xarm_msgs__rosidl_generator_c.dir/rosidl_generator_c/xarm_msgs/msg/detail/cio_state__description.c.o[0m
[51.895s] [  1%] [32mBuilding C object CMakeFiles/xarm_msgs__rosidl_generator_c.dir/rosidl_generator_c/xarm_msgs/msg/detail/robot_msg__description.c.o[0m
[51.895s] [  1%] [32mBuilding C object CMakeFiles/xarm_msgs__rosidl_generator_c.dir/rosidl_generator_c/xarm_msgs/msg/detail/robot_msg__functions.c.o[0m
[51.905s] [  1%] [32mBuilding C object CMakeFiles/xarm_msgs__rosidl_generator_c.dir/rosidl_generator_c/xarm_msgs/msg/detail/io_state__functions.c.o[0m
[51.913s] [  1%] [32mBuilding C object CMakeFiles/xarm_msgs__rosidl_generator_c.dir/rosidl_generator_c/xarm_msgs/msg/detail/cio_state__functions.c.o[0m
[52.066s] [  2%] [32mBuilding C object CMakeFiles/xarm_msgs__rosidl_generator_c.dir/rosidl_generator_c/xarm_msgs/msg/detail/cio_state__type_support.c.o[0m
[52.073s] [  2%] [32mBuilding C object CMakeFiles/xarm_msgs__rosidl_generator_c.dir/rosidl_generator_c/xarm_msgs/msg/detail/move_velocity__description.c.o[0m
[52.114s] [  2%] [32mBuilding C object CMakeFiles/xarm_msgs__rosidl_generator_c.dir/rosidl_generator_c/xarm_msgs/msg/detail/move_velocity__type_support.c.o[0m
[52.117s] [  2%] [32mBuilding C object CMakeFiles/xarm_msgs__rosidl_generator_c.dir/rosidl_generator_c/xarm_msgs/srv/detail/bio_gripper_ctrl__description.c.o[0m
[52.120s] [  2%] [32mBuilding C object CMakeFiles/xarm_msgs__rosidl_generator_c.dir/rosidl_generator_c/xarm_msgs/msg/detail/move_velocity__functions.c.o[0m
[52.139s] [  2%] [32mBuilding C object CMakeFiles/xarm_msgs__rosidl_generator_c.dir/rosidl_generator_c/xarm_msgs/srv/detail/bio_gripper_ctrl__functions.c.o[0m
[52.168s] [  3%] [32mBuilding C object CMakeFiles/xarm_msgs__rosidl_generator_c.dir/rosidl_generator_c/xarm_msgs/srv/detail/bio_gripper_ctrl__type_support.c.o[0m
[52.170s] [  3%] [32mBuilding C object CMakeFiles/xarm_msgs__rosidl_generator_c.dir/rosidl_generator_c/xarm_msgs/srv/detail/bio_gripper_enable__description.c.o[0m
[52.188s] [  3%] [32mBuilding C object CMakeFiles/xarm_msgs__rosidl_generator_c.dir/rosidl_generator_c/xarm_msgs/srv/detail/bio_gripper_enable__functions.c.o[0m
[52.236s] [  3%] [32mBuilding C object CMakeFiles/xarm_msgs__rosidl_generator_c.dir/rosidl_generator_c/xarm_msgs/srv/detail/bio_gripper_enable__type_support.c.o[0m
[52.252s] [  3%] [32mBuilding C object CMakeFiles/xarm_msgs__rosidl_generator_c.dir/rosidl_generator_c/xarm_msgs/srv/detail/call__description.c.o[0m
[52.320s] [  3%] [32mBuilding C object CMakeFiles/xarm_msgs__rosidl_generator_c.dir/rosidl_generator_c/xarm_msgs/srv/detail/call__type_support.c.o[0m
[52.329s] [  3%] [32mBuilding C object CMakeFiles/xarm_msgs__rosidl_generator_c.dir/rosidl_generator_c/xarm_msgs/srv/detail/get_analog_io__description.c.o[0m
[52.332s] [  3%] [32mBuilding C object CMakeFiles/xarm_msgs__rosidl_generator_c.dir/rosidl_generator_c/xarm_msgs/srv/detail/get_analog_io__functions.c.o[0m
[52.332s] [  4%] [32mBuilding C object CMakeFiles/xarm_msgs__rosidl_generator_c.dir/rosidl_generator_c/xarm_msgs/srv/detail/call__functions.c.o[0m
[52.418s] [  4%] [32mBuilding C object CMakeFiles/xarm_msgs__rosidl_generator_c.dir/rosidl_generator_c/xarm_msgs/srv/detail/get_analog_io__type_support.c.o[0m
[52.466s] [  5%] [32mBuilding C object CMakeFiles/xarm_msgs__rosidl_generator_c.dir/rosidl_generator_c/xarm_msgs/srv/detail/get_digital_io__functions.c.o[0m
[52.472s] [  5%] [32mBuilding C object CMakeFiles/xarm_msgs__rosidl_generator_c.dir/rosidl_generator_c/xarm_msgs/srv/detail/get_digital_io__description.c.o[0m
[52.509s] [  5%] [32mBuilding C object CMakeFiles/xarm_msgs__rosidl_generator_c.dir/rosidl_generator_c/xarm_msgs/srv/detail/get_float32__description.c.o[0m
[52.510s] [  5%] [32mBuilding C object CMakeFiles/xarm_msgs__rosidl_generator_c.dir/rosidl_generator_c/xarm_msgs/srv/detail/get_float32__functions.c.o[0m
[52.510s] [  5%] [32mBuilding C object CMakeFiles/xarm_msgs__rosidl_generator_c.dir/rosidl_generator_c/xarm_msgs/srv/detail/get_digital_io__type_support.c.o[0m
[52.627s] [  5%] [32mBuilding C object CMakeFiles/xarm_msgs__rosidl_generator_c.dir/rosidl_generator_c/xarm_msgs/srv/detail/get_float32__type_support.c.o[0m
[52.649s] [  6%] [32mBuilding C object CMakeFiles/xarm_msgs__rosidl_generator_c.dir/rosidl_generator_c/xarm_msgs/srv/detail/get_float32_list__functions.c.o[0m
[52.678s] [  6%] [32mBuilding C object CMakeFiles/xarm_msgs__rosidl_generator_c.dir/rosidl_generator_c/xarm_msgs/srv/detail/get_float32_list__description.c.o[0m
[52.683s] [  6%] [32mBuilding C object CMakeFiles/xarm_msgs__rosidl_generator_c.dir/rosidl_generator_c/xarm_msgs/srv/detail/get_float32_list__type_support.c.o[0m
[52.745s] [  6%] [32mBuilding C object CMakeFiles/xarm_msgs__rosidl_generator_c.dir/rosidl_generator_c/xarm_msgs/srv/detail/get_int16__description.c.o[0m
[52.758s] [  6%] [32mBuilding C object CMakeFiles/xarm_msgs__rosidl_generator_c.dir/rosidl_generator_c/xarm_msgs/srv/detail/get_int16_list__description.c.o[0m
[52.759s] [  6%] [32mBuilding C object CMakeFiles/xarm_msgs__rosidl_generator_c.dir/rosidl_generator_c/xarm_msgs/srv/detail/get_int16__functions.c.o[0m
[52.769s] [  7%] [32mBuilding C object CMakeFiles/xarm_msgs__rosidl_generator_c.dir/rosidl_generator_c/xarm_msgs/srv/detail/get_int16_list__functions.c.o[0m
[52.782s] [  7%] [32mBuilding C object CMakeFiles/xarm_msgs__rosidl_generator_c.dir/rosidl_generator_c/xarm_msgs/srv/detail/get_int16__type_support.c.o[0m
[52.844s] [  7%] [32mBuilding C object CMakeFiles/xarm_msgs__rosidl_generator_c.dir/rosidl_generator_c/xarm_msgs/srv/detail/get_int16_list__type_support.c.o[0m
[52.890s] [  7%] [32mBuilding C object CMakeFiles/xarm_msgs__rosidl_generator_c.dir/rosidl_generator_c/xarm_msgs/srv/detail/get_int32__description.c.o[0m
[52.898s] [  7%] [32mBuilding C object CMakeFiles/xarm_msgs__rosidl_generator_c.dir/rosidl_generator_c/xarm_msgs/srv/detail/get_int32__functions.c.o[0m
[52.943s] [  7%] [32mBuilding C object CMakeFiles/xarm_msgs__rosidl_generator_c.dir/rosidl_generator_c/xarm_msgs/srv/detail/get_int32__type_support.c.o[0m
[52.999s] [  8%] [32mBuilding C object CMakeFiles/xarm_msgs__rosidl_generator_c.dir/rosidl_generator_c/xarm_msgs/srv/detail/get_int32_by_type__description.c.o[0m
[53.003s] [  8%] [32mBuilding C object CMakeFiles/xarm_msgs__rosidl_generator_c.dir/rosidl_generator_c/xarm_msgs/srv/detail/get_int32_by_type__functions.c.o[0m
[53.028s] [  8%] [32mBuilding C object CMakeFiles/xarm_msgs__rosidl_generator_c.dir/rosidl_generator_c/xarm_msgs/srv/detail/get_int32_by_type__type_support.c.o[0m
[53.041s] [  8%] [32mBuilding C object CMakeFiles/xarm_msgs__rosidl_generator_c.dir/rosidl_generator_c/xarm_msgs/srv/detail/get_set_modbus_data__description.c.o[0m
[53.089s] [  8%] [32mBuilding C object CMakeFiles/xarm_msgs__rosidl_generator_c.dir/rosidl_generator_c/xarm_msgs/srv/detail/get_set_modbus_data__functions.c.o[0m
[53.127s] [  8%] [32mBuilding C object CMakeFiles/xarm_msgs__rosidl_generator_c.dir/rosidl_generator_c/xarm_msgs/srv/detail/get_set_modbus_data__type_support.c.o[0m
[53.140s] [  9%] [32mBuilding C object CMakeFiles/xarm_msgs__rosidl_generator_c.dir/rosidl_generator_c/xarm_msgs/srv/detail/gripper_move__description.c.o[0m
[53.178s] [  9%] [32mBuilding C object CMakeFiles/xarm_msgs__rosidl_generator_c.dir/rosidl_generator_c/xarm_msgs/srv/detail/gripper_move__type_support.c.o[0m
[53.190s] [  9%] [32mBuilding C object CMakeFiles/xarm_msgs__rosidl_generator_c.dir/rosidl_generator_c/xarm_msgs/srv/detail/gripper_move__functions.c.o[0m
[53.207s] [  9%] [32mBuilding C object CMakeFiles/xarm_msgs__rosidl_generator_c.dir/rosidl_generator_c/xarm_msgs/srv/detail/move_cartesian__description.c.o[0m
[53.283s] [  9%] [32mBuilding C object CMakeFiles/xarm_msgs__rosidl_generator_c.dir/rosidl_generator_c/xarm_msgs/srv/detail/move_cartesian__type_support.c.o[0m
[53.301s] [  9%] [32mBuilding C object CMakeFiles/xarm_msgs__rosidl_generator_c.dir/rosidl_generator_c/xarm_msgs/srv/detail/move_cartesian__functions.c.o[0m
[53.304s] [ 10%] [32mBuilding C object CMakeFiles/xarm_msgs__rosidl_generator_c.dir/rosidl_generator_c/xarm_msgs/srv/detail/move_circle__description.c.o[0m
[53.360s] [ 10%] [32mBuilding C object CMakeFiles/xarm_msgs__rosidl_generator_c.dir/rosidl_generator_c/xarm_msgs/srv/detail/move_circle__functions.c.o[0m
[53.421s] [ 10%] [32mBuilding C object CMakeFiles/xarm_msgs__rosidl_generator_c.dir/rosidl_generator_c/xarm_msgs/srv/detail/move_circle__type_support.c.o[0m
[53.455s] [ 10%] [32mBuilding C object CMakeFiles/xarm_msgs__rosidl_generator_c.dir/rosidl_generator_c/xarm_msgs/srv/detail/move_home__functions.c.o[0m
[53.466s] [ 10%] [32mBuilding C object CMakeFiles/xarm_msgs__rosidl_generator_c.dir/rosidl_generator_c/xarm_msgs/srv/detail/move_home__description.c.o[0m
[53.489s] [ 10%] [32mBuilding C object CMakeFiles/xarm_msgs__rosidl_generator_c.dir/rosidl_generator_c/xarm_msgs/srv/detail/move_home__type_support.c.o[0m
[53.541s] [ 10%] [32mBuilding C object CMakeFiles/xarm_msgs__rosidl_generator_c.dir/rosidl_generator_c/xarm_msgs/srv/detail/move_joint__functions.c.o[0m
[53.555s] [ 11%] [32mBuilding C object CMakeFiles/xarm_msgs__rosidl_generator_c.dir/rosidl_generator_c/xarm_msgs/srv/detail/move_joint__description.c.o[0m
[53.622s] [ 11%] [32mBuilding C object CMakeFiles/xarm_msgs__rosidl_generator_c.dir/rosidl_generator_c/xarm_msgs/srv/detail/move_joint__type_support.c.o[0m
[53.632s] [ 11%] [32mBuilding C object CMakeFiles/xarm_msgs__rosidl_generator_c.dir/rosidl_generator_c/xarm_msgs/srv/detail/move_velocity__description.c.o[0m
[53.663s] [ 11%] [32mBuilding C object CMakeFiles/xarm_msgs__rosidl_generator_c.dir/rosidl_generator_c/xarm_msgs/srv/detail/move_velocity__functions.c.o[0m
[53.675s] [ 12%] [32mBuilding C object CMakeFiles/xarm_msgs__rosidl_generator_c.dir/rosidl_generator_c/xarm_msgs/srv/detail/move_velocity__type_support.c.o[0m
[53.697s] [ 12%] [32mBuilding C object CMakeFiles/xarm_msgs__rosidl_generator_c.dir/rosidl_generator_c/xarm_msgs/srv/detail/robotiq_activate__description.c.o[0m
[53.724s] [ 12%] [32mBuilding C object CMakeFiles/xarm_msgs__rosidl_generator_c.dir/rosidl_generator_c/xarm_msgs/srv/detail/robotiq_activate__functions.c.o[0m
[53.832s] [ 12%] [32mBuilding C object CMakeFiles/xarm_msgs__rosidl_generator_c.dir/rosidl_generator_c/xarm_msgs/srv/detail/robotiq_activate__type_support.c.o[0m
[53.833s] [ 12%] [32mBuilding C object CMakeFiles/xarm_msgs__rosidl_generator_c.dir/rosidl_generator_c/xarm_msgs/srv/detail/robotiq_get_status__description.c.o[0m
[53.844s] [ 12%] [32mBuilding C object CMakeFiles/xarm_msgs__rosidl_generator_c.dir/rosidl_generator_c/xarm_msgs/srv/detail/robotiq_get_status__functions.c.o[0m
[53.884s] [ 13%] [32mBuilding C object CMakeFiles/xarm_msgs__rosidl_generator_c.dir/rosidl_generator_c/xarm_msgs/srv/detail/robotiq_get_status__type_support.c.o[0m
[53.907s] [ 13%] [32mBuilding C object CMakeFiles/xarm_msgs__rosidl_generator_c.dir/rosidl_generator_c/xarm_msgs/srv/detail/robotiq_move__description.c.o[0m
[53.921s] [ 13%] [32mBuilding C object CMakeFiles/xarm_msgs__rosidl_generator_c.dir/rosidl_generator_c/xarm_msgs/srv/detail/robotiq_move__functions.c.o[0m
[54.017s] [ 13%] [32mBuilding C object CMakeFiles/xarm_msgs__rosidl_generator_c.dir/rosidl_generator_c/xarm_msgs/srv/detail/robotiq_reset__description.c.o[0m
[54.032s] [ 13%] [32mBuilding C object CMakeFiles/xarm_msgs__rosidl_generator_c.dir/rosidl_generator_c/xarm_msgs/srv/detail/robotiq_move__type_support.c.o[0m
[54.043s] [ 13%] [32mBuilding C object CMakeFiles/xarm_msgs__rosidl_generator_c.dir/rosidl_generator_c/xarm_msgs/srv/detail/robotiq_reset__functions.c.o[0m
[54.074s] [ 14%] [32mBuilding C object CMakeFiles/xarm_msgs__rosidl_generator_c.dir/rosidl_generator_c/xarm_msgs/srv/detail/robotiq_reset__type_support.c.o[0m
[54.115s] [ 14%] [32mBuilding C object CMakeFiles/xarm_msgs__rosidl_generator_c.dir/rosidl_generator_c/xarm_msgs/srv/detail/set_analog_io__description.c.o[0m
[54.137s] [ 14%] [32mBuilding C object CMakeFiles/xarm_msgs__rosidl_generator_c.dir/rosidl_generator_c/xarm_msgs/srv/detail/set_analog_io__functions.c.o[0m
[54.202s] [ 14%] [32mBuilding C object CMakeFiles/xarm_msgs__rosidl_generator_c.dir/rosidl_generator_c/xarm_msgs/srv/detail/set_digital_io__description.c.o[0m
[54.208s] [ 14%] [32mBuilding C object CMakeFiles/xarm_msgs__rosidl_generator_c.dir/rosidl_generator_c/xarm_msgs/srv/detail/set_analog_io__type_support.c.o[0m
[54.248s] [ 14%] [32mBuilding C object CMakeFiles/xarm_msgs__rosidl_generator_c.dir/rosidl_generator_c/xarm_msgs/srv/detail/set_digital_io__functions.c.o[0m
[54.249s] [ 15%] [32mBuilding C object CMakeFiles/xarm_msgs__rosidl_generator_c.dir/rosidl_generator_c/xarm_msgs/srv/detail/set_digital_io__type_support.c.o[0m
[54.269s] [ 15%] [32mBuilding C object CMakeFiles/xarm_msgs__rosidl_generator_c.dir/rosidl_generator_c/xarm_msgs/srv/detail/set_float32__functions.c.o[0m
[54.273s] [ 15%] [32mBuilding C object CMakeFiles/xarm_msgs__rosidl_generator_c.dir/rosidl_generator_c/xarm_msgs/srv/detail/set_float32__description.c.o[0m
[54.317s] [ 15%] [32mBuilding C object CMakeFiles/xarm_msgs__rosidl_generator_c.dir/rosidl_generator_c/xarm_msgs/srv/detail/set_float32__type_support.c.o[0m
[54.345s] [ 15%] [32mBuilding C object CMakeFiles/xarm_msgs__rosidl_generator_c.dir/rosidl_generator_c/xarm_msgs/srv/detail/set_float32_list__description.c.o[0m
[54.421s] [ 16%] [32mBuilding C object CMakeFiles/xarm_msgs__rosidl_generator_c.dir/rosidl_generator_c/xarm_msgs/srv/detail/set_float32_list__functions.c.o[0m
[54.489s] [ 16%] [32mBuilding C object CMakeFiles/xarm_msgs__rosidl_generator_c.dir/rosidl_generator_c/xarm_msgs/srv/detail/set_int16__description.c.o[0m
[54.500s] [ 16%] [32mBuilding C object CMakeFiles/xarm_msgs__rosidl_generator_c.dir/rosidl_generator_c/xarm_msgs/srv/detail/set_float32_list__type_support.c.o[0m
[54.501s] [ 16%] [32mBuilding C object CMakeFiles/xarm_msgs__rosidl_generator_c.dir/rosidl_generator_c/xarm_msgs/srv/detail/set_int16__functions.c.o[0m
[54.517s] [ 16%] [32mBuilding C object CMakeFiles/xarm_msgs__rosidl_generator_c.dir/rosidl_generator_c/xarm_msgs/srv/detail/set_int16__type_support.c.o[0m
[54.525s] [ 16%] [32mBuilding C object CMakeFiles/xarm_msgs__rosidl_generator_c.dir/rosidl_generator_c/xarm_msgs/srv/detail/set_int16_by_id__description.c.o[0m
[54.542s] [ 17%] [32mBuilding C object CMakeFiles/xarm_msgs__rosidl_generator_c.dir/rosidl_generator_c/xarm_msgs/srv/detail/set_int16_by_id__functions.c.o[0m
[54.577s] [ 17%] [32mBuilding C object CMakeFiles/xarm_msgs__rosidl_generator_c.dir/rosidl_generator_c/xarm_msgs/srv/detail/set_int16_by_id__type_support.c.o[0m
[54.684s] [ 17%] [32mBuilding C object CMakeFiles/xarm_msgs__rosidl_generator_c.dir/rosidl_generator_c/xarm_msgs/srv/detail/set_int16_list__functions.c.o[0m
[54.690s] [ 17%] [32mBuilding C object CMakeFiles/xarm_msgs__rosidl_generator_c.dir/rosidl_generator_c/xarm_msgs/srv/detail/set_int32__description.c.o[0m
[54.691s] [ 17%] [32mBuilding C object CMakeFiles/xarm_msgs__rosidl_generator_c.dir/rosidl_generator_c/xarm_msgs/srv/detail/set_int16_list__description.c.o[0m
[54.705s] [ 17%] [32mBuilding C object CMakeFiles/xarm_msgs__rosidl_generator_c.dir/rosidl_generator_c/xarm_msgs/srv/detail/set_int16_list__type_support.c.o[0m
[54.736s] [ 18%] [32mBuilding C object CMakeFiles/xarm_msgs__rosidl_generator_c.dir/rosidl_generator_c/xarm_msgs/srv/detail/set_int32__functions.c.o[0m
[54.754s] [ 18%] [32mBuilding C object CMakeFiles/xarm_msgs__rosidl_generator_c.dir/rosidl_generator_c/xarm_msgs/srv/detail/set_int32__type_support.c.o[0m
[54.803s] [ 18%] [32mBuilding C object CMakeFiles/xarm_msgs__rosidl_generator_c.dir/rosidl_generator_c/xarm_msgs/srv/detail/set_int32_by_type__description.c.o[0m
[54.850s] [ 18%] [32mBuilding C object CMakeFiles/xarm_msgs__rosidl_generator_c.dir/rosidl_generator_c/xarm_msgs/srv/detail/set_int32_by_type__functions.c.o[0m
[54.854s] [ 18%] [32mBuilding C object CMakeFiles/xarm_msgs__rosidl_generator_c.dir/rosidl_generator_c/xarm_msgs/srv/detail/set_int32_by_type__type_support.c.o[0m
[54.914s] [ 18%] [32mBuilding C object CMakeFiles/xarm_msgs__rosidl_generator_c.dir/rosidl_generator_c/xarm_msgs/srv/detail/traj_ctrl__description.c.o[0m
[54.943s] [ 19%] [32mBuilding C object CMakeFiles/xarm_msgs__rosidl_generator_c.dir/rosidl_generator_c/xarm_msgs/srv/detail/traj_ctrl__functions.c.o[0m
[54.948s] [ 19%] [32mBuilding C object CMakeFiles/xarm_msgs__rosidl_generator_c.dir/rosidl_generator_c/xarm_msgs/srv/detail/traj_ctrl__type_support.c.o[0m
[54.980s] [ 19%] [32mBuilding C object CMakeFiles/xarm_msgs__rosidl_generator_c.dir/rosidl_generator_c/xarm_msgs/srv/detail/traj_play__description.c.o[0m
[55.011s] [ 19%] [32mBuilding C object CMakeFiles/xarm_msgs__rosidl_generator_c.dir/rosidl_generator_c/xarm_msgs/srv/detail/traj_play__type_support.c.o[0m
[55.053s] [ 20%] [32mBuilding C object CMakeFiles/xarm_msgs__rosidl_generator_c.dir/rosidl_generator_c/xarm_msgs/srv/detail/vacuum_gripper_ctrl__description.c.o[0m
[55.071s] [ 20%] [32mBuilding C object CMakeFiles/xarm_msgs__rosidl_generator_c.dir/rosidl_generator_c/xarm_msgs/srv/detail/traj_play__functions.c.o[0m
[55.116s] [ 20%] [32mBuilding C object CMakeFiles/xarm_msgs__rosidl_generator_c.dir/rosidl_generator_c/xarm_msgs/srv/detail/vacuum_gripper_ctrl__type_support.c.o[0m
[55.125s] [ 20%] [32mBuilding C object CMakeFiles/xarm_msgs__rosidl_generator_c.dir/rosidl_generator_c/xarm_msgs/srv/detail/vacuum_gripper_ctrl__functions.c.o[0m
[55.135s] [ 20%] [32mBuilding C object CMakeFiles/xarm_msgs__rosidl_generator_c.dir/rosidl_generator_c/xarm_msgs/srv/detail/set_tcp_load__functions.c.o[0m
[55.142s] [ 20%] [32mBuilding C object CMakeFiles/xarm_msgs__rosidl_generator_c.dir/rosidl_generator_c/xarm_msgs/srv/detail/set_tcp_load__type_support.c.o[0m
[55.154s] [ 20%] [32mBuilding C object CMakeFiles/xarm_msgs__rosidl_generator_c.dir/rosidl_generator_c/xarm_msgs/srv/detail/set_tcp_load__description.c.o[0m
[55.229s] [ 21%] [32mBuilding C object CMakeFiles/xarm_msgs__rosidl_generator_c.dir/rosidl_generator_c/xarm_msgs/srv/detail/set_modbus_timeout__description.c.o[0m
[55.243s] [ 21%] [32mBuilding C object CMakeFiles/xarm_msgs__rosidl_generator_c.dir/rosidl_generator_c/xarm_msgs/srv/detail/set_modbus_timeout__functions.c.o[0m
[55.281s] [ 21%] [32mBuilding C object CMakeFiles/xarm_msgs__rosidl_generator_c.dir/rosidl_generator_c/xarm_msgs/srv/detail/set_modbus_timeout__type_support.c.o[0m
[55.349s] [ 21%] [32mBuilding C object CMakeFiles/xarm_msgs__rosidl_generator_c.dir/rosidl_generator_c/xarm_msgs/srv/detail/iden_load__description.c.o[0m
[55.380s] [ 21%] [32mBuilding C object CMakeFiles/xarm_msgs__rosidl_generator_c.dir/rosidl_generator_c/xarm_msgs/srv/detail/iden_load__type_support.c.o[0m
[55.381s] [ 21%] [32mBuilding C object CMakeFiles/xarm_msgs__rosidl_generator_c.dir/rosidl_generator_c/xarm_msgs/srv/detail/iden_load__functions.c.o[0m
[55.395s] [ 22%] [32mBuilding C object CMakeFiles/xarm_msgs__rosidl_generator_c.dir/rosidl_generator_c/xarm_msgs/srv/detail/ft_cali_load__description.c.o[0m
[55.428s] [ 22%] [32mBuilding C object CMakeFiles/xarm_msgs__rosidl_generator_c.dir/rosidl_generator_c/xarm_msgs/srv/detail/ft_cali_load__functions.c.o[0m
[55.449s] [ 22%] [32mBuilding C object CMakeFiles/xarm_msgs__rosidl_generator_c.dir/rosidl_generator_c/xarm_msgs/srv/detail/ft_cali_load__type_support.c.o[0m
[55.457s] [ 22%] [32mBuilding C object CMakeFiles/xarm_msgs__rosidl_generator_c.dir/rosidl_generator_c/xarm_msgs/srv/detail/ft_force_params__description.c.o[0m
[55.484s] [ 22%] [32mBuilding C object CMakeFiles/xarm_msgs__rosidl_generator_c.dir/rosidl_generator_c/xarm_msgs/srv/detail/ft_force_params__functions.c.o[0m
[55.511s] [ 22%] [32mBuilding C object CMakeFiles/xarm_msgs__rosidl_generator_c.dir/rosidl_generator_c/xarm_msgs/srv/detail/ft_force_params__type_support.c.o[0m
[55.609s] [ 23%] [32mBuilding C object CMakeFiles/xarm_msgs__rosidl_generator_c.dir/rosidl_generator_c/xarm_msgs/srv/detail/ft_admittance_params__description.c.o[0m
[55.623s] [ 23%] [32mBuilding C object CMakeFiles/xarm_msgs__rosidl_generator_c.dir/rosidl_generator_c/xarm_msgs/srv/detail/ft_admittance_params__functions.c.o[0m
[55.641s] [ 23%] [32mBuilding C object CMakeFiles/xarm_msgs__rosidl_generator_c.dir/rosidl_generator_c/xarm_msgs/srv/detail/linear_motor_back_origin__functions.c.o[0m
[55.649s] [ 23%] [32mBuilding C object CMakeFiles/xarm_msgs__rosidl_generator_c.dir/rosidl_generator_c/xarm_msgs/srv/detail/ft_admittance_params__type_support.c.o[0m
[55.651s] [ 23%] [32mBuilding C object CMakeFiles/xarm_msgs__rosidl_generator_c.dir/rosidl_generator_c/xarm_msgs/srv/detail/linear_motor_back_origin__description.c.o[0m
[55.717s] [ 24%] [32mBuilding C object CMakeFiles/xarm_msgs__rosidl_generator_c.dir/rosidl_generator_c/xarm_msgs/srv/detail/linear_motor_back_origin__type_support.c.o[0m
[55.755s] [ 24%] [32mBuilding C object CMakeFiles/xarm_msgs__rosidl_generator_c.dir/rosidl_generator_c/xarm_msgs/srv/detail/linear_motor_set_pos__description.c.o[0m
[55.771s] [ 24%] [32mBuilding C object CMakeFiles/xarm_msgs__rosidl_generator_c.dir/rosidl_generator_c/xarm_msgs/srv/detail/linear_motor_set_pos__type_support.c.o[0m
[55.798s] [ 24%] [32mBuilding C object CMakeFiles/xarm_msgs__rosidl_generator_c.dir/rosidl_generator_c/xarm_msgs/srv/detail/linear_motor_set_pos__functions.c.o[0m
[55.842s] [ 24%] [32mBuilding C object CMakeFiles/xarm_msgs__rosidl_generator_c.dir/rosidl_generator_c/xarm_msgs/srv/detail/plan_exec__description.c.o[0m
[55.891s] [ 24%] [32mBuilding C object CMakeFiles/xarm_msgs__rosidl_generator_c.dir/rosidl_generator_c/xarm_msgs/srv/detail/plan_exec__functions.c.o[0m
[55.898s] [ 24%] [32mBuilding C object CMakeFiles/xarm_msgs__rosidl_generator_c.dir/rosidl_generator_c/xarm_msgs/srv/detail/plan_joint__description.c.o[0m
[55.904s] [ 24%] [32mBuilding C object CMakeFiles/xarm_msgs__rosidl_generator_c.dir/rosidl_generator_c/xarm_msgs/srv/detail/plan_joint__functions.c.o[0m
[55.912s] [ 25%] [32mBuilding C object CMakeFiles/xarm_msgs__rosidl_generator_c.dir/rosidl_generator_c/xarm_msgs/srv/detail/plan_exec__type_support.c.o[0m
[55.941s] [ 25%] [32mBuilding C object CMakeFiles/xarm_msgs__rosidl_generator_c.dir/rosidl_generator_c/xarm_msgs/srv/detail/plan_joint__type_support.c.o[0m
[55.990s] [ 25%] [32mBuilding C object CMakeFiles/xarm_msgs__rosidl_generator_c.dir/rosidl_generator_c/xarm_msgs/srv/detail/plan_pose__description.c.o[0m
[56.057s] [ 26%] [32mBuilding C object CMakeFiles/xarm_msgs__rosidl_generator_c.dir/rosidl_generator_c/xarm_msgs/srv/detail/plan_pose__type_support.c.o[0m
[56.071s] [ 26%] [32mBuilding C object CMakeFiles/xarm_msgs__rosidl_generator_c.dir/rosidl_generator_c/xarm_msgs/srv/detail/plan_single_straight__description.c.o[0m
[56.073s] [ 26%] [32mBuilding C object CMakeFiles/xarm_msgs__rosidl_generator_c.dir/rosidl_generator_c/xarm_msgs/srv/detail/plan_pose__functions.c.o[0m
[56.155s] [ 26%] [32mBuilding C object CMakeFiles/xarm_msgs__rosidl_generator_c.dir/rosidl_generator_c/xarm_msgs/srv/detail/plan_single_straight__functions.c.o[0m
[56.164s] [ 26%] [32mBuilding C object CMakeFiles/xarm_msgs__rosidl_generator_c.dir/rosidl_generator_c/xarm_msgs/srv/detail/plan_single_straight__type_support.c.o[0m
[56.191s] [ 26%] [32mBuilding C object CMakeFiles/xarm_msgs__rosidl_generator_c.dir/rosidl_generator_c/xarm_msgs/srv/detail/ft_force_config__description.c.o[0m
[56.206s] [ 27%] [32mBuilding C object CMakeFiles/xarm_msgs__rosidl_generator_c.dir/rosidl_generator_c/xarm_msgs/srv/detail/ft_force_config__functions.c.o[0m
[56.224s] [ 27%] [32mBuilding C object CMakeFiles/xarm_msgs__rosidl_generator_c.dir/rosidl_generator_c/xarm_msgs/srv/detail/ft_force_pid__description.c.o[0m
[56.264s] [ 27%] [32mBuilding C object CMakeFiles/xarm_msgs__rosidl_generator_c.dir/rosidl_generator_c/xarm_msgs/srv/detail/ft_force_config__type_support.c.o[0m
[56.288s] [ 27%] [32mBuilding C object CMakeFiles/xarm_msgs__rosidl_generator_c.dir/rosidl_generator_c/xarm_msgs/srv/detail/ft_force_pid__type_support.c.o[0m
[56.291s] [ 27%] [32mBuilding C object CMakeFiles/xarm_msgs__rosidl_generator_c.dir/rosidl_generator_c/xarm_msgs/srv/detail/ft_force_pid__functions.c.o[0m
[56.386s] [ 27%] [32mBuilding C object CMakeFiles/xarm_msgs__rosidl_generator_c.dir/rosidl_generator_c/xarm_msgs/srv/detail/ft_impedance__description.c.o[0m
[56.416s] [ 28%] [32mBuilding C object CMakeFiles/xarm_msgs__rosidl_generator_c.dir/rosidl_generator_c/xarm_msgs/srv/detail/ft_impedance__functions.c.o[0m
[56.458s] [ 28%] [32mBuilding C object CMakeFiles/xarm_msgs__rosidl_generator_c.dir/rosidl_generator_c/xarm_msgs/srv/detail/ft_impedance__type_support.c.o[0m
[56.468s] [ 28%] [32mBuilding C object CMakeFiles/xarm_msgs__rosidl_generator_c.dir/rosidl_generator_c/xarm_msgs/srv/detail/linear_track_back_origin__description.c.o[0m
[56.478s] [ 28%] [32mBuilding C object CMakeFiles/xarm_msgs__rosidl_generator_c.dir/rosidl_generator_c/xarm_msgs/srv/detail/linear_track_back_origin__functions.c.o[0m
[56.524s] [ 28%] [32mBuilding C object CMakeFiles/xarm_msgs__rosidl_generator_c.dir/rosidl_generator_c/xarm_msgs/srv/detail/linear_track_back_origin__type_support.c.o[0m
[56.525s] [ 28%] [32mBuilding C object CMakeFiles/xarm_msgs__rosidl_generator_c.dir/rosidl_generator_c/xarm_msgs/srv/detail/linear_track_set_pos__description.c.o[0m
[56.565s] [ 28%] [32mBuilding C object CMakeFiles/xarm_msgs__rosidl_generator_c.dir/rosidl_generator_c/xarm_msgs/srv/detail/linear_track_set_pos__type_support.c.o[0m
[56.582s] [ 29%] [32mBuilding C object CMakeFiles/xarm_msgs__rosidl_generator_c.dir/rosidl_generator_c/xarm_msgs/srv/detail/linear_track_set_pos__functions.c.o[0m
[56.831s] [ 29%] [32m[1mLinking C shared library libxarm_msgs__rosidl_generator_c.so[0m
[57.105s] [ 29%] Built target xarm_msgs__rosidl_generator_c
[57.146s] [ 29%] [34m[1mGenerating C++ type support dispatch for ROS interfaces[0m
[57.147s] [ 29%] [34m[1mGenerating C type support dispatch for ROS interfaces[0m
[57.147s] [ 29%] [34m[1mGenerating C type support for eProsima Fast-RTPS[0m
[57.147s] [ 29%] [34m[1mGenerating C introspection for ROS interfaces[0m
[57.147s] [ 29%] [34m[1mGenerating C++ type support for eProsima Fast-RTPS[0m
[57.147s] [ 29%] [34m[1mGenerating C++ introspection for ROS interfaces[0m
[67.861s] [ 29%] [32mBuilding CXX object CMakeFiles/xarm_msgs__rosidl_typesupport_cpp.dir/rosidl_typesupport_cpp/xarm_msgs/msg/io_state__type_support.cpp.o[0m
[67.873s] [ 30%] [32mBuilding CXX object CMakeFiles/xarm_msgs__rosidl_typesupport_cpp.dir/rosidl_typesupport_cpp/xarm_msgs/msg/cio_state__type_support.cpp.o[0m
[67.893s] [ 30%] [32mBuilding CXX object CMakeFiles/xarm_msgs__rosidl_typesupport_cpp.dir/rosidl_typesupport_cpp/xarm_msgs/msg/robot_msg__type_support.cpp.o[0m
[68.937s] [ 30%] [32mBuilding CXX object CMakeFiles/xarm_msgs__rosidl_typesupport_cpp.dir/rosidl_typesupport_cpp/xarm_msgs/msg/move_velocity__type_support.cpp.o[0m
[69.095s] [ 30%] [32mBuilding CXX object CMakeFiles/xarm_msgs__rosidl_typesupport_cpp.dir/rosidl_typesupport_cpp/xarm_msgs/srv/bio_gripper_ctrl__type_support.cpp.o[0m
[69.351s] [ 30%] [32mBuilding CXX object CMakeFiles/xarm_msgs__rosidl_typesupport_cpp.dir/rosidl_typesupport_cpp/xarm_msgs/srv/bio_gripper_enable__type_support.cpp.o[0m
[70.318s] [ 30%] [32mBuilding CXX object CMakeFiles/xarm_msgs__rosidl_typesupport_cpp.dir/rosidl_typesupport_cpp/xarm_msgs/srv/call__type_support.cpp.o[0m
[70.805s] [ 30%] [32mBuilding CXX object CMakeFiles/xarm_msgs__rosidl_typesupport_cpp.dir/rosidl_typesupport_cpp/xarm_msgs/srv/get_analog_io__type_support.cpp.o[0m
[70.857s] [ 31%] [32mBuilding CXX object CMakeFiles/xarm_msgs__rosidl_typesupport_cpp.dir/rosidl_typesupport_cpp/xarm_msgs/srv/get_digital_io__type_support.cpp.o[0m
[71.877s] [ 31%] [32mBuilding CXX object CMakeFiles/xarm_msgs__rosidl_typesupport_cpp.dir/rosidl_typesupport_cpp/xarm_msgs/srv/get_float32__type_support.cpp.o[0m
[72.142s] [ 31%] [32mBuilding CXX object CMakeFiles/xarm_msgs__rosidl_typesupport_cpp.dir/rosidl_typesupport_cpp/xarm_msgs/srv/get_float32_list__type_support.cpp.o[0m
[72.455s] [ 31%] [32mBuilding CXX object CMakeFiles/xarm_msgs__rosidl_typesupport_c.dir/rosidl_typesupport_c/xarm_msgs/msg/robot_msg__type_support.cpp.o[0m
[72.469s] [ 31%] [32mBuilding CXX object CMakeFiles/xarm_msgs__rosidl_typesupport_cpp.dir/rosidl_typesupport_cpp/xarm_msgs/srv/get_int16__type_support.cpp.o[0m
[72.675s] [ 31%] [32mBuilding CXX object CMakeFiles/xarm_msgs__rosidl_typesupport_c.dir/rosidl_typesupport_c/xarm_msgs/msg/io_state__type_support.cpp.o[0m
[72.803s] [ 32%] [32mBuilding CXX object CMakeFiles/xarm_msgs__rosidl_typesupport_c.dir/rosidl_typesupport_c/xarm_msgs/msg/cio_state__type_support.cpp.o[0m
[72.967s] [ 32%] [32mBuilding CXX object CMakeFiles/xarm_msgs__rosidl_typesupport_c.dir/rosidl_typesupport_c/xarm_msgs/msg/move_velocity__type_support.cpp.o[0m
[73.131s] [ 32%] [32mBuilding CXX object CMakeFiles/xarm_msgs__rosidl_typesupport_c.dir/rosidl_typesupport_c/xarm_msgs/srv/bio_gripper_ctrl__type_support.cpp.o[0m
[73.144s] [ 32%] [32mBuilding CXX object CMakeFiles/xarm_msgs__rosidl_typesupport_c.dir/rosidl_typesupport_c/xarm_msgs/srv/bio_gripper_enable__type_support.cpp.o[0m
[73.296s] [ 32%] [32mBuilding CXX object CMakeFiles/xarm_msgs__rosidl_typesupport_cpp.dir/rosidl_typesupport_cpp/xarm_msgs/srv/get_int16_list__type_support.cpp.o[0m
[73.302s] [ 32%] [32mBuilding CXX object CMakeFiles/xarm_msgs__rosidl_typesupport_c.dir/rosidl_typesupport_c/xarm_msgs/srv/call__type_support.cpp.o[0m
[73.462s] [ 32%] [32mBuilding CXX object CMakeFiles/xarm_msgs__rosidl_typesupport_c.dir/rosidl_typesupport_c/xarm_msgs/srv/get_analog_io__type_support.cpp.o[0m
[73.613s] [ 33%] [32mBuilding CXX object CMakeFiles/xarm_msgs__rosidl_typesupport_c.dir/rosidl_typesupport_c/xarm_msgs/srv/get_digital_io__type_support.cpp.o[0m
[73.677s] [ 33%] [32mBuilding CXX object CMakeFiles/xarm_msgs__rosidl_typesupport_cpp.dir/rosidl_typesupport_cpp/xarm_msgs/srv/get_int32__type_support.cpp.o[0m
[73.699s] [ 34%] [32mBuilding CXX object CMakeFiles/xarm_msgs__rosidl_typesupport_cpp.dir/rosidl_typesupport_cpp/xarm_msgs/srv/get_int32_by_type__type_support.cpp.o[0m
[73.777s] [ 34%] [32mBuilding CXX object CMakeFiles/xarm_msgs__rosidl_typesupport_c.dir/rosidl_typesupport_c/xarm_msgs/srv/get_float32__type_support.cpp.o[0m
[73.954s] [ 34%] [32mBuilding CXX object CMakeFiles/xarm_msgs__rosidl_typesupport_c.dir/rosidl_typesupport_c/xarm_msgs/srv/get_float32_list__type_support.cpp.o[0m
[74.130s] [ 34%] [32mBuilding CXX object CMakeFiles/xarm_msgs__rosidl_typesupport_c.dir/rosidl_typesupport_c/xarm_msgs/srv/get_int16__type_support.cpp.o[0m
[74.282s] [ 34%] [32mBuilding CXX object CMakeFiles/xarm_msgs__rosidl_typesupport_c.dir/rosidl_typesupport_c/xarm_msgs/srv/get_int16_list__type_support.cpp.o[0m
[74.428s] [ 34%] [32mBuilding CXX object CMakeFiles/xarm_msgs__rosidl_typesupport_c.dir/rosidl_typesupport_c/xarm_msgs/srv/get_int32__type_support.cpp.o[0m
[74.595s] [ 35%] [32mBuilding CXX object CMakeFiles/xarm_msgs__rosidl_typesupport_c.dir/rosidl_typesupport_c/xarm_msgs/srv/get_int32_by_type__type_support.cpp.o[0m
[74.716s] [ 35%] [32mBuilding CXX object CMakeFiles/xarm_msgs__rosidl_typesupport_c.dir/rosidl_typesupport_c/xarm_msgs/srv/get_set_modbus_data__type_support.cpp.o[0m
[74.749s] [ 35%] [32mBuilding CXX object CMakeFiles/xarm_msgs__rosidl_typesupport_cpp.dir/rosidl_typesupport_cpp/xarm_msgs/srv/get_set_modbus_data__type_support.cpp.o[0m
[74.858s] [ 35%] [32mBuilding CXX object CMakeFiles/xarm_msgs__rosidl_typesupport_c.dir/rosidl_typesupport_c/xarm_msgs/srv/gripper_move__type_support.cpp.o[0m
[74.952s] [ 35%] [32mBuilding CXX object CMakeFiles/xarm_msgs__rosidl_typesupport_c.dir/rosidl_typesupport_c/xarm_msgs/srv/move_cartesian__type_support.cpp.o[0m
[74.975s] [ 35%] [32mBuilding CXX object CMakeFiles/xarm_msgs__rosidl_typesupport_c.dir/rosidl_typesupport_c/xarm_msgs/srv/move_circle__type_support.cpp.o[0m
[75.028s] [ 35%] [32mBuilding CXX object CMakeFiles/xarm_msgs__rosidl_typesupport_cpp.dir/rosidl_typesupport_cpp/xarm_msgs/srv/gripper_move__type_support.cpp.o[0m
[75.122s] [ 36%] [32mBuilding CXX object CMakeFiles/xarm_msgs__rosidl_typesupport_c.dir/rosidl_typesupport_c/xarm_msgs/srv/move_home__type_support.cpp.o[0m
[75.174s] [ 36%] [32mBuilding CXX object CMakeFiles/xarm_msgs__rosidl_typesupport_cpp.dir/rosidl_typesupport_cpp/xarm_msgs/srv/move_cartesian__type_support.cpp.o[0m
[75.262s] [ 36%] [32mBuilding CXX object CMakeFiles/xarm_msgs__rosidl_typesupport_c.dir/rosidl_typesupport_c/xarm_msgs/srv/move_joint__type_support.cpp.o[0m
[75.426s] [ 36%] [32mBuilding CXX object CMakeFiles/xarm_msgs__rosidl_typesupport_c.dir/rosidl_typesupport_c/xarm_msgs/srv/move_velocity__type_support.cpp.o[0m
[75.621s] [ 36%] [32mBuilding CXX object CMakeFiles/xarm_msgs__rosidl_typesupport_c.dir/rosidl_typesupport_c/xarm_msgs/srv/robotiq_activate__type_support.cpp.o[0m
[75.795s] [ 36%] [32mBuilding CXX object CMakeFiles/xarm_msgs__rosidl_typesupport_c.dir/rosidl_typesupport_c/xarm_msgs/srv/robotiq_get_status__type_support.cpp.o[0m
[75.931s] [ 36%] [32mBuilding CXX object CMakeFiles/xarm_msgs__rosidl_typesupport_c.dir/rosidl_typesupport_c/xarm_msgs/srv/robotiq_move__type_support.cpp.o[0m
[76.152s] [ 37%] [32mBuilding CXX object CMakeFiles/xarm_msgs__rosidl_typesupport_c.dir/rosidl_typesupport_c/xarm_msgs/srv/robotiq_reset__type_support.cpp.o[0m
[76.266s] [ 37%] [32mBuilding CXX object CMakeFiles/xarm_msgs__rosidl_typesupport_c.dir/rosidl_typesupport_c/xarm_msgs/srv/set_analog_io__type_support.cpp.o[0m
[76.329s] [ 37%] [32mBuilding CXX object CMakeFiles/xarm_msgs__rosidl_typesupport_cpp.dir/rosidl_typesupport_cpp/xarm_msgs/srv/move_circle__type_support.cpp.o[0m
[76.347s] [ 37%] [32mBuilding CXX object CMakeFiles/xarm_msgs__rosidl_typesupport_introspection_cpp.dir/rosidl_typesupport_introspection_cpp/xarm_msgs/msg/detail/robot_msg__type_support.cpp.o[0m
[76.368s] [ 37%] [32mBuilding CXX object CMakeFiles/xarm_msgs__rosidl_typesupport_introspection_cpp.dir/rosidl_typesupport_introspection_cpp/xarm_msgs/msg/detail/io_state__type_support.cpp.o[0m
[76.403s] [ 37%] [32mBuilding CXX object CMakeFiles/xarm_msgs__rosidl_typesupport_c.dir/rosidl_typesupport_c/xarm_msgs/srv/set_digital_io__type_support.cpp.o[0m
[76.536s] [ 37%] [32mBuilding CXX object CMakeFiles/xarm_msgs__rosidl_typesupport_c.dir/rosidl_typesupport_c/xarm_msgs/srv/set_float32__type_support.cpp.o[0m
[76.541s] [ 37%] [32mBuilding CXX object CMakeFiles/xarm_msgs__rosidl_typesupport_introspection_cpp.dir/rosidl_typesupport_introspection_cpp/xarm_msgs/msg/detail/cio_state__type_support.cpp.o[0m
[76.747s] [ 37%] [32mBuilding CXX object CMakeFiles/xarm_msgs__rosidl_typesupport_c.dir/rosidl_typesupport_c/xarm_msgs/srv/set_float32_list__type_support.cpp.o[0m
[76.891s] [ 37%] [32mBuilding CXX object CMakeFiles/xarm_msgs__rosidl_typesupport_c.dir/rosidl_typesupport_c/xarm_msgs/srv/set_int16__type_support.cpp.o[0m
[77.027s] [ 37%] [32mBuilding C object CMakeFiles/xarm_msgs__rosidl_typesupport_introspection_c.dir/rosidl_typesupport_introspection_c/xarm_msgs/msg/detail/robot_msg__type_support.c.o[0m
[77.112s] [ 38%] [32mBuilding CXX object CMakeFiles/xarm_msgs__rosidl_typesupport_c.dir/rosidl_typesupport_c/xarm_msgs/srv/set_int16_by_id__type_support.cpp.o[0m
[77.229s] [ 38%] [32mBuilding C object CMakeFiles/xarm_msgs__rosidl_typesupport_introspection_c.dir/rosidl_typesupport_introspection_c/xarm_msgs/msg/detail/io_state__type_support.c.o[0m
[77.290s] [ 38%] [32mBuilding CXX object CMakeFiles/xarm_msgs__rosidl_typesupport_c.dir/rosidl_typesupport_c/xarm_msgs/srv/set_int16_list__type_support.cpp.o[0m
[77.355s] [ 38%] [32mBuilding CXX object CMakeFiles/xarm_msgs__rosidl_typesupport_cpp.dir/rosidl_typesupport_cpp/xarm_msgs/srv/move_home__type_support.cpp.o[0m
[77.424s] [ 39%] [32mBuilding CXX object CMakeFiles/xarm_msgs__rosidl_typesupport_cpp.dir/rosidl_typesupport_cpp/xarm_msgs/srv/move_joint__type_support.cpp.o[0m
[77.427s] [ 39%] [32mBuilding CXX object CMakeFiles/xarm_msgs__rosidl_typesupport_c.dir/rosidl_typesupport_c/xarm_msgs/srv/set_int32__type_support.cpp.o[0m
[77.440s] [ 39%] [32mBuilding C object CMakeFiles/xarm_msgs__rosidl_typesupport_introspection_c.dir/rosidl_typesupport_introspection_c/xarm_msgs/msg/detail/cio_state__type_support.c.o[0m
[77.622s] [ 39%] [32mBuilding CXX object CMakeFiles/xarm_msgs__rosidl_typesupport_c.dir/rosidl_typesupport_c/xarm_msgs/srv/set_int32_by_type__type_support.cpp.o[0m
[77.632s] [ 39%] [32mBuilding C object CMakeFiles/xarm_msgs__rosidl_typesupport_introspection_c.dir/rosidl_typesupport_introspection_c/xarm_msgs/msg/detail/move_velocity__type_support.c.o[0m
[77.691s] [ 39%] [32mBuilding CXX object CMakeFiles/xarm_msgs__rosidl_typesupport_introspection_cpp.dir/rosidl_typesupport_introspection_cpp/xarm_msgs/msg/detail/move_velocity__type_support.cpp.o[0m
[77.719s] [ 40%] [32mBuilding C object CMakeFiles/xarm_msgs__rosidl_typesupport_introspection_c.dir/rosidl_typesupport_introspection_c/xarm_msgs/srv/detail/bio_gripper_ctrl__type_support.c.o[0m
[77.769s] [ 40%] [32mBuilding CXX object CMakeFiles/xarm_msgs__rosidl_typesupport_c.dir/rosidl_typesupport_c/xarm_msgs/srv/traj_ctrl__type_support.cpp.o[0m
[77.793s] [ 40%] [32mBuilding CXX object CMakeFiles/xarm_msgs__rosidl_typesupport_cpp.dir/rosidl_typesupport_cpp/xarm_msgs/srv/move_velocity__type_support.cpp.o[0m
[77.870s] [ 40%] [32mBuilding C object CMakeFiles/xarm_msgs__rosidl_typesupport_introspection_c.dir/rosidl_typesupport_introspection_c/xarm_msgs/srv/detail/bio_gripper_enable__type_support.c.o[0m
[77.957s] [ 40%] [32mBuilding CXX object CMakeFiles/xarm_msgs__rosidl_typesupport_c.dir/rosidl_typesupport_c/xarm_msgs/srv/traj_play__type_support.cpp.o[0m
[78.046s] [ 40%] [32mBuilding C object CMakeFiles/xarm_msgs__rosidl_typesupport_introspection_c.dir/rosidl_typesupport_introspection_c/xarm_msgs/srv/detail/call__type_support.c.o[0m
[78.168s] [ 41%] [32mBuilding CXX object CMakeFiles/xarm_msgs__rosidl_typesupport_c.dir/rosidl_typesupport_c/xarm_msgs/srv/vacuum_gripper_ctrl__type_support.cpp.o[0m
[78.236s] [ 41%] [32mBuilding C object CMakeFiles/xarm_msgs__rosidl_typesupport_introspection_c.dir/rosidl_typesupport_introspection_c/xarm_msgs/srv/detail/get_analog_io__type_support.c.o[0m
[78.322s] [ 41%] [32mBuilding CXX object CMakeFiles/xarm_msgs__rosidl_typesupport_c.dir/rosidl_typesupport_c/xarm_msgs/srv/set_tcp_load__type_support.cpp.o[0m
[78.441s] [ 41%] [32mBuilding C object CMakeFiles/xarm_msgs__rosidl_typesupport_introspection_c.dir/rosidl_typesupport_introspection_c/xarm_msgs/srv/detail/get_digital_io__type_support.c.o[0m
[78.476s] [ 41%] [32mBuilding CXX object CMakeFiles/xarm_msgs__rosidl_typesupport_c.dir/rosidl_typesupport_c/xarm_msgs/srv/set_modbus_timeout__type_support.cpp.o[0m
[78.567s] [ 42%] [32mBuilding CXX object CMakeFiles/xarm_msgs__rosidl_typesupport_introspection_cpp.dir/rosidl_typesupport_introspection_cpp/xarm_msgs/srv/detail/bio_gripper_ctrl__type_support.cpp.o[0m
[78.618s] [ 43%] [32mBuilding C object CMakeFiles/xarm_msgs__rosidl_typesupport_introspection_c.dir/rosidl_typesupport_introspection_c/xarm_msgs/srv/detail/get_float32__type_support.c.o[0m
[78.655s] [ 43%] [32mBuilding CXX object CMakeFiles/xarm_msgs__rosidl_typesupport_c.dir/rosidl_typesupport_c/xarm_msgs/srv/iden_load__type_support.cpp.o[0m
[78.708s] [ 43%] [32mBuilding CXX object CMakeFiles/xarm_msgs__rosidl_typesupport_cpp.dir/rosidl_typesupport_cpp/xarm_msgs/srv/robotiq_activate__type_support.cpp.o[0m
[78.783s] [ 43%] [32mBuilding CXX object CMakeFiles/xarm_msgs__rosidl_typesupport_c.dir/rosidl_typesupport_c/xarm_msgs/srv/ft_cali_load__type_support.cpp.o[0m
[78.784s] [ 43%] [32mBuilding C object CMakeFiles/xarm_msgs__rosidl_typesupport_introspection_c.dir/rosidl_typesupport_introspection_c/xarm_msgs/srv/detail/get_float32_list__type_support.c.o[0m
[78.851s] [ 43%] [32mBuilding CXX object CMakeFiles/xarm_msgs__rosidl_typesupport_introspection_cpp.dir/rosidl_typesupport_introspection_cpp/xarm_msgs/srv/detail/bio_gripper_enable__type_support.cpp.o[0m
[78.950s] [ 44%] [32mBuilding CXX object CMakeFiles/xarm_msgs__rosidl_typesupport_c.dir/rosidl_typesupport_c/xarm_msgs/srv/ft_force_params__type_support.cpp.o[0m
[78.956s] [ 44%] [32mBuilding C object CMakeFiles/xarm_msgs__rosidl_typesupport_introspection_c.dir/rosidl_typesupport_introspection_c/xarm_msgs/srv/detail/get_int16__type_support.c.o[0m
[79.094s] [ 44%] [32mBuilding CXX object CMakeFiles/xarm_msgs__rosidl_typesupport_c.dir/rosidl_typesupport_c/xarm_msgs/srv/ft_admittance_params__type_support.cpp.o[0m
[79.108s] [ 44%] [32mBuilding C object CMakeFiles/xarm_msgs__rosidl_typesupport_introspection_c.dir/rosidl_typesupport_introspection_c/xarm_msgs/srv/detail/get_int16_list__type_support.c.o[0m
[79.253s] [ 44%] [32mBuilding CXX object CMakeFiles/xarm_msgs__rosidl_typesupport_c.dir/rosidl_typesupport_c/xarm_msgs/srv/linear_motor_back_origin__type_support.cpp.o[0m
[79.287s] [ 44%] [32mBuilding C object CMakeFiles/xarm_msgs__rosidl_typesupport_introspection_c.dir/rosidl_typesupport_introspection_c/xarm_msgs/srv/detail/get_int32__type_support.c.o[0m
[79.338s] [ 44%] [32mBuilding CXX object CMakeFiles/xarm_msgs__rosidl_typesupport_introspection_cpp.dir/rosidl_typesupport_introspection_cpp/xarm_msgs/srv/detail/call__type_support.cpp.o[0m
[79.381s] [ 44%] [32mBuilding CXX object CMakeFiles/xarm_msgs__rosidl_typesupport_c.dir/rosidl_typesupport_c/xarm_msgs/srv/linear_motor_set_pos__type_support.cpp.o[0m
[79.501s] [ 44%] [32mBuilding C object CMakeFiles/xarm_msgs__rosidl_typesupport_introspection_c.dir/rosidl_typesupport_introspection_c/xarm_msgs/srv/detail/get_int32_by_type__type_support.c.o[0m
[79.524s] [ 44%] [32mBuilding CXX object CMakeFiles/xarm_msgs__rosidl_typesupport_c.dir/rosidl_typesupport_c/xarm_msgs/srv/plan_exec__type_support.cpp.o[0m
[79.675s] [ 45%] [32mBuilding C object CMakeFiles/xarm_msgs__rosidl_typesupport_introspection_c.dir/rosidl_typesupport_introspection_c/xarm_msgs/srv/detail/get_set_modbus_data__type_support.c.o[0m
[79.747s] [ 45%] [32mBuilding CXX object CMakeFiles/xarm_msgs__rosidl_typesupport_c.dir/rosidl_typesupport_c/xarm_msgs/srv/plan_joint__type_support.cpp.o[0m
[79.884s] [ 46%] [32mBuilding CXX object CMakeFiles/xarm_msgs__rosidl_typesupport_c.dir/rosidl_typesupport_c/xarm_msgs/srv/plan_pose__type_support.cpp.o[0m
[79.896s] [ 46%] [32mBuilding C object CMakeFiles/xarm_msgs__rosidl_typesupport_introspection_c.dir/rosidl_typesupport_introspection_c/xarm_msgs/srv/detail/move_cartesian__type_support.c.o[0m
[79.898s] [ 46%] [32mBuilding C object CMakeFiles/xarm_msgs__rosidl_typesupport_introspection_c.dir/rosidl_typesupport_introspection_c/xarm_msgs/srv/detail/gripper_move__type_support.c.o[0m
[80.048s] [ 46%] [32mBuilding CXX object CMakeFiles/xarm_msgs__rosidl_typesupport_c.dir/rosidl_typesupport_c/xarm_msgs/srv/plan_single_straight__type_support.cpp.o[0m
[80.064s] [ 46%] [32mBuilding CXX object CMakeFiles/xarm_msgs__rosidl_typesupport_cpp.dir/rosidl_typesupport_cpp/xarm_msgs/srv/robotiq_get_status__type_support.cpp.o[0m
[80.112s] [ 46%] [32mBuilding C object CMakeFiles/xarm_msgs__rosidl_typesupport_introspection_c.dir/rosidl_typesupport_introspection_c/xarm_msgs/srv/detail/move_circle__type_support.c.o[0m
[80.204s] [ 46%] [32mBuilding CXX object CMakeFiles/xarm_msgs__rosidl_typesupport_introspection_cpp.dir/rosidl_typesupport_introspection_cpp/xarm_msgs/srv/detail/get_analog_io__type_support.cpp.o[0m
[80.204s] [ 46%] [32mBuilding CXX object CMakeFiles/xarm_msgs__rosidl_typesupport_c.dir/rosidl_typesupport_c/xarm_msgs/srv/ft_force_config__type_support.cpp.o[0m
[80.294s] [ 46%] [32mBuilding C object CMakeFiles/xarm_msgs__rosidl_typesupport_introspection_c.dir/rosidl_typesupport_introspection_c/xarm_msgs/srv/detail/move_home__type_support.c.o[0m
[80.392s] [ 46%] [32mBuilding CXX object CMakeFiles/xarm_msgs__rosidl_typesupport_c.dir/rosidl_typesupport_c/xarm_msgs/srv/ft_force_pid__type_support.cpp.o[0m
[80.456s] [ 46%] [32mBuilding CXX object CMakeFiles/xarm_msgs__rosidl_typesupport_cpp.dir/rosidl_typesupport_cpp/xarm_msgs/srv/robotiq_move__type_support.cpp.o[0m
[80.487s] [ 46%] [32mBuilding C object CMakeFiles/xarm_msgs__rosidl_typesupport_introspection_c.dir/rosidl_typesupport_introspection_c/xarm_msgs/srv/detail/move_joint__type_support.c.o[0m
[80.537s] [ 46%] [32mBuilding CXX object CMakeFiles/xarm_msgs__rosidl_typesupport_c.dir/rosidl_typesupport_c/xarm_msgs/srv/ft_impedance__type_support.cpp.o[0m
[80.648s] [ 46%] [32mBuilding CXX object CMakeFiles/xarm_msgs__rosidl_typesupport_c.dir/rosidl_typesupport_c/xarm_msgs/srv/linear_track_back_origin__type_support.cpp.o[0m
[80.702s] [ 47%] [32mBuilding C object CMakeFiles/xarm_msgs__rosidl_typesupport_introspection_c.dir/rosidl_typesupport_introspection_c/xarm_msgs/srv/detail/move_velocity__type_support.c.o[0m
[80.736s] [ 47%] [32mBuilding C object CMakeFiles/xarm_msgs__rosidl_typesupport_introspection_c.dir/rosidl_typesupport_introspection_c/xarm_msgs/srv/detail/robotiq_activate__type_support.c.o[0m
[80.796s] [ 48%] [32mBuilding CXX object CMakeFiles/xarm_msgs__rosidl_typesupport_c.dir/rosidl_typesupport_c/xarm_msgs/srv/linear_track_set_pos__type_support.cpp.o[0m
[80.926s] [ 48%] [32mBuilding C object CMakeFiles/xarm_msgs__rosidl_typesupport_introspection_c.dir/rosidl_typesupport_introspection_c/xarm_msgs/srv/detail/robotiq_get_status__type_support.c.o[0m
[80.927s] [ 49%] [32mBuilding CXX object CMakeFiles/xarm_msgs__rosidl_typesupport_cpp.dir/rosidl_typesupport_cpp/xarm_msgs/srv/robotiq_reset__type_support.cpp.o[0m
[80.967s] [ 49%] [32m[1mLinking CXX shared library libxarm_msgs__rosidl_typesupport_c.so[0m
[81.128s] [ 49%] [32mBuilding C object CMakeFiles/xarm_msgs__rosidl_typesupport_introspection_c.dir/rosidl_typesupport_introspection_c/xarm_msgs/srv/detail/robotiq_move__type_support.c.o[0m
[81.318s] [ 49%] Built target xarm_msgs__rosidl_typesupport_c
[81.353s] [ 49%] [32mBuilding CXX object CMakeFiles/xarm_msgs__rosidl_typesupport_cpp.dir/rosidl_typesupport_cpp/xarm_msgs/srv/set_analog_io__type_support.cpp.o[0m
[81.384s] [ 49%] [32mBuilding C object CMakeFiles/xarm_msgs__rosidl_typesupport_introspection_c.dir/rosidl_typesupport_introspection_c/xarm_msgs/srv/detail/robotiq_reset__type_support.c.o[0m
[81.498s] [ 49%] [32mBuilding CXX object CMakeFiles/xarm_msgs__rosidl_typesupport_introspection_cpp.dir/rosidl_typesupport_introspection_cpp/xarm_msgs/srv/detail/get_digital_io__type_support.cpp.o[0m
[81.607s] [ 49%] [32mBuilding CXX object CMakeFiles/xarm_msgs__rosidl_typesupport_fastrtps_cpp.dir/rosidl_typesupport_fastrtps_cpp/xarm_msgs/msg/detail/dds_fastrtps/robot_msg__type_support.cpp.o[0m
[81.612s] [ 49%] [32mBuilding C object CMakeFiles/xarm_msgs__rosidl_typesupport_introspection_c.dir/rosidl_typesupport_introspection_c/xarm_msgs/srv/detail/set_analog_io__type_support.c.o[0m
[81.643s] [ 49%] [32mBuilding CXX object CMakeFiles/xarm_msgs__rosidl_typesupport_cpp.dir/rosidl_typesupport_cpp/xarm_msgs/srv/set_digital_io__type_support.cpp.o[0m
[81.813s] [ 49%] [32mBuilding CXX object CMakeFiles/xarm_msgs__rosidl_typesupport_fastrtps_cpp.dir/rosidl_typesupport_fastrtps_cpp/xarm_msgs/msg/detail/dds_fastrtps/io_state__type_support.cpp.o[0m
[81.824s] [ 50%] [32mBuilding C object CMakeFiles/xarm_msgs__rosidl_typesupport_introspection_c.dir/rosidl_typesupport_introspection_c/xarm_msgs/srv/detail/set_digital_io__type_support.c.o[0m
[82.026s] [ 50%] [32mBuilding C object CMakeFiles/xarm_msgs__rosidl_typesupport_introspection_c.dir/rosidl_typesupport_introspection_c/xarm_msgs/srv/detail/set_float32__type_support.c.o[0m
[82.201s] [ 50%] [32mBuilding C object CMakeFiles/xarm_msgs__rosidl_typesupport_introspection_c.dir/rosidl_typesupport_introspection_c/xarm_msgs/srv/detail/set_float32_list__type_support.c.o[0m
[82.373s] [ 50%] [32mBuilding CXX object CMakeFiles/xarm_msgs__rosidl_typesupport_introspection_cpp.dir/rosidl_typesupport_introspection_cpp/xarm_msgs/srv/detail/get_float32__type_support.cpp.o[0m
[82.448s] [ 50%] [32mBuilding C object CMakeFiles/xarm_msgs__rosidl_typesupport_introspection_c.dir/rosidl_typesupport_introspection_c/xarm_msgs/srv/detail/set_int16__type_support.c.o[0m
[82.623s] [ 50%] [32mBuilding C object CMakeFiles/xarm_msgs__rosidl_typesupport_introspection_c.dir/rosidl_typesupport_introspection_c/xarm_msgs/srv/detail/set_int16_by_id__type_support.c.o[0m
[82.886s] [ 51%] [32mBuilding C object CMakeFiles/xarm_msgs__rosidl_typesupport_introspection_c.dir/rosidl_typesupport_introspection_c/xarm_msgs/srv/detail/set_int16_list__type_support.c.o[0m
[82.926s] [ 51%] [32mBuilding CXX object CMakeFiles/xarm_msgs__rosidl_typesupport_fastrtps_cpp.dir/rosidl_typesupport_fastrtps_cpp/xarm_msgs/msg/detail/dds_fastrtps/cio_state__type_support.cpp.o[0m
[82.938s] [ 51%] [32mBuilding CXX object CMakeFiles/xarm_msgs__rosidl_typesupport_cpp.dir/rosidl_typesupport_cpp/xarm_msgs/srv/set_float32__type_support.cpp.o[0m
[83.058s] [ 51%] [32mBuilding C object CMakeFiles/xarm_msgs__rosidl_typesupport_introspection_c.dir/rosidl_typesupport_introspection_c/xarm_msgs/srv/detail/set_int32__type_support.c.o[0m
[83.231s] [ 52%] [32mBuilding CXX object CMakeFiles/xarm_msgs__rosidl_typesupport_fastrtps_cpp.dir/rosidl_typesupport_fastrtps_cpp/xarm_msgs/msg/detail/dds_fastrtps/move_velocity__type_support.cpp.o[0m
[83.283s] [ 52%] [32mBuilding C object CMakeFiles/xarm_msgs__rosidl_typesupport_introspection_c.dir/rosidl_typesupport_introspection_c/xarm_msgs/srv/detail/set_int32_by_type__type_support.c.o[0m
[83.378s] [ 53%] [32mBuilding CXX object CMakeFiles/xarm_msgs__rosidl_typesupport_introspection_cpp.dir/rosidl_typesupport_introspection_cpp/xarm_msgs/srv/detail/get_float32_list__type_support.cpp.o[0m
[83.426s] [ 53%] [32mBuilding C object CMakeFiles/xarm_msgs__rosidl_typesupport_introspection_c.dir/rosidl_typesupport_introspection_c/xarm_msgs/srv/detail/traj_ctrl__type_support.c.o[0m
[83.438s] [ 53%] [32mBuilding CXX object CMakeFiles/xarm_msgs__rosidl_typesupport_cpp.dir/rosidl_typesupport_cpp/xarm_msgs/srv/set_float32_list__type_support.cpp.o[0m
[83.614s] [ 53%] [32mBuilding C object CMakeFiles/xarm_msgs__rosidl_typesupport_introspection_c.dir/rosidl_typesupport_introspection_c/xarm_msgs/srv/detail/traj_play__type_support.c.o[0m
[83.837s] [ 53%] [32mBuilding C object CMakeFiles/xarm_msgs__rosidl_typesupport_introspection_c.dir/rosidl_typesupport_introspection_c/xarm_msgs/srv/detail/vacuum_gripper_ctrl__type_support.c.o[0m
[83.973s] [ 54%] [32mBuilding C object CMakeFiles/xarm_msgs__rosidl_typesupport_introspection_c.dir/rosidl_typesupport_introspection_c/xarm_msgs/srv/detail/set_tcp_load__type_support.c.o[0m
[84.067s] [ 54%] [32mBuilding CXX object CMakeFiles/xarm_msgs__rosidl_typesupport_fastrtps_cpp.dir/rosidl_typesupport_fastrtps_cpp/xarm_msgs/srv/detail/dds_fastrtps/bio_gripper_ctrl__type_support.cpp.o[0m
[84.201s] [ 54%] [32mBuilding C object CMakeFiles/xarm_msgs__rosidl_typesupport_introspection_c.dir/rosidl_typesupport_introspection_c/xarm_msgs/srv/detail/set_modbus_timeout__type_support.c.o[0m
[84.382s] [ 54%] [32mBuilding CXX object CMakeFiles/xarm_msgs__rosidl_typesupport_cpp.dir/rosidl_typesupport_cpp/xarm_msgs/srv/set_int16__type_support.cpp.o[0m
[84.389s] [ 54%] [32mBuilding C object CMakeFiles/xarm_msgs__rosidl_typesupport_introspection_c.dir/rosidl_typesupport_introspection_c/xarm_msgs/srv/detail/iden_load__type_support.c.o[0m
[84.592s] [ 54%] [32mBuilding C object CMakeFiles/xarm_msgs__rosidl_typesupport_introspection_c.dir/rosidl_typesupport_introspection_c/xarm_msgs/srv/detail/ft_cali_load__type_support.c.o[0m
[84.669s] [ 54%] [32mBuilding CXX object CMakeFiles/xarm_msgs__rosidl_typesupport_introspection_cpp.dir/rosidl_typesupport_introspection_cpp/xarm_msgs/srv/detail/get_int16__type_support.cpp.o[0m
[84.832s] [ 54%] [32mBuilding C object CMakeFiles/xarm_msgs__rosidl_typesupport_introspection_c.dir/rosidl_typesupport_introspection_c/xarm_msgs/srv/detail/ft_force_params__type_support.c.o[0m
[84.865s] [ 54%] [32mBuilding CXX object CMakeFiles/xarm_msgs__rosidl_typesupport_fastrtps_cpp.dir/rosidl_typesupport_fastrtps_cpp/xarm_msgs/srv/detail/dds_fastrtps/bio_gripper_enable__type_support.cpp.o[0m
[84.884s] [ 54%] [32mBuilding CXX object CMakeFiles/xarm_msgs__rosidl_typesupport_introspection_cpp.dir/rosidl_typesupport_introspection_cpp/xarm_msgs/srv/detail/get_int16_list__type_support.cpp.o[0m
[85.043s] [ 55%] [32mBuilding C object CMakeFiles/xarm_msgs__rosidl_typesupport_introspection_c.dir/rosidl_typesupport_introspection_c/xarm_msgs/srv/detail/linear_motor_back_origin__type_support.c.o[0m
[85.063s] [ 55%] [32mBuilding C object CMakeFiles/xarm_msgs__rosidl_typesupport_introspection_c.dir/rosidl_typesupport_introspection_c/xarm_msgs/srv/detail/ft_admittance_params__type_support.c.o[0m
[85.219s] [ 56%] [32mBuilding CXX object CMakeFiles/xarm_msgs__rosidl_typesupport_cpp.dir/rosidl_typesupport_cpp/xarm_msgs/srv/set_int16_by_id__type_support.cpp.o[0m
[85.314s] [ 56%] [32mBuilding C object CMakeFiles/xarm_msgs__rosidl_typesupport_introspection_c.dir/rosidl_typesupport_introspection_c/xarm_msgs/srv/detail/linear_motor_set_pos__type_support.c.o[0m
[85.536s] [ 56%] [32mBuilding C object CMakeFiles/xarm_msgs__rosidl_typesupport_introspection_c.dir/rosidl_typesupport_introspection_c/xarm_msgs/srv/detail/plan_exec__type_support.c.o[0m
[85.725s] [ 56%] [32mBuilding C object CMakeFiles/xarm_msgs__rosidl_typesupport_introspection_c.dir/rosidl_typesupport_introspection_c/xarm_msgs/srv/detail/plan_joint__type_support.c.o[0m
[85.833s] [ 56%] [32mBuilding CXX object CMakeFiles/xarm_msgs__rosidl_typesupport_introspection_cpp.dir/rosidl_typesupport_introspection_cpp/xarm_msgs/srv/detail/get_int32__type_support.cpp.o[0m
[85.939s] [ 56%] [32mBuilding CXX object CMakeFiles/xarm_msgs__rosidl_typesupport_fastrtps_c.dir/rosidl_typesupport_fastrtps_c/xarm_msgs/msg/detail/robot_msg__type_support_c.cpp.o[0m
[85.956s] [ 56%] [32mBuilding C object CMakeFiles/xarm_msgs__rosidl_typesupport_introspection_c.dir/rosidl_typesupport_introspection_c/xarm_msgs/srv/detail/plan_pose__type_support.c.o[0m
[86.010s] [ 56%] [32mBuilding CXX object CMakeFiles/xarm_msgs__rosidl_typesupport_fastrtps_cpp.dir/rosidl_typesupport_fastrtps_cpp/xarm_msgs/srv/detail/dds_fastrtps/call__type_support.cpp.o[0m
[86.195s] [ 56%] [32mBuilding C object CMakeFiles/xarm_msgs__rosidl_typesupport_introspection_c.dir/rosidl_typesupport_introspection_c/xarm_msgs/srv/detail/plan_single_straight__type_support.c.o[0m
[86.265s] [ 56%] [32mBuilding CXX object CMakeFiles/xarm_msgs__rosidl_typesupport_fastrtps_cpp.dir/rosidl_typesupport_fastrtps_cpp/xarm_msgs/srv/detail/dds_fastrtps/get_analog_io__type_support.cpp.o[0m
[86.372s] [ 56%] [32mBuilding CXX object CMakeFiles/xarm_msgs__rosidl_typesupport_cpp.dir/rosidl_typesupport_cpp/xarm_msgs/srv/set_int16_list__type_support.cpp.o[0m
[86.384s] [ 57%] [32mBuilding C object CMakeFiles/xarm_msgs__rosidl_typesupport_introspection_c.dir/rosidl_typesupport_introspection_c/xarm_msgs/srv/detail/ft_force_config__type_support.c.o[0m
[86.694s] [ 57%] [32mBuilding C object CMakeFiles/xarm_msgs__rosidl_typesupport_introspection_c.dir/rosidl_typesupport_introspection_c/xarm_msgs/srv/detail/ft_force_pid__type_support.c.o[0m
[86.802s] [ 57%] [32mBuilding CXX object CMakeFiles/xarm_msgs__rosidl_typesupport_fastrtps_c.dir/rosidl_typesupport_fastrtps_c/xarm_msgs/msg/detail/io_state__type_support_c.cpp.o[0m
[87.013s] [ 57%] [32mBuilding C object CMakeFiles/xarm_msgs__rosidl_typesupport_introspection_c.dir/rosidl_typesupport_introspection_c/xarm_msgs/srv/detail/ft_impedance__type_support.c.o[0m
[87.160s] [ 57%] [32mBuilding CXX object CMakeFiles/xarm_msgs__rosidl_typesupport_introspection_cpp.dir/rosidl_typesupport_introspection_cpp/xarm_msgs/srv/detail/get_int32_by_type__type_support.cpp.o[0m
[87.203s] [ 57%] [32mBuilding C object CMakeFiles/xarm_msgs__rosidl_typesupport_introspection_c.dir/rosidl_typesupport_introspection_c/xarm_msgs/srv/detail/linear_track_back_origin__type_support.c.o[0m
[87.284s] [ 57%] [32mBuilding CXX object CMakeFiles/xarm_msgs__rosidl_typesupport_cpp.dir/rosidl_typesupport_cpp/xarm_msgs/srv/set_int32__type_support.cpp.o[0m
[87.354s] [ 57%] [32mBuilding C object CMakeFiles/xarm_msgs__rosidl_typesupport_introspection_c.dir/rosidl_typesupport_introspection_c/xarm_msgs/srv/detail/linear_track_set_pos__type_support.c.o[0m
[87.455s] [ 57%] [32mBuilding CXX object CMakeFiles/xarm_msgs__rosidl_typesupport_fastrtps_cpp.dir/rosidl_typesupport_fastrtps_cpp/xarm_msgs/srv/detail/dds_fastrtps/get_digital_io__type_support.cpp.o[0m
[87.511s] [ 58%] [32m[1mLinking C shared library libxarm_msgs__rosidl_typesupport_introspection_c.so[0m
[87.791s] [ 58%] [32mBuilding CXX object CMakeFiles/xarm_msgs__rosidl_typesupport_introspection_cpp.dir/rosidl_typesupport_introspection_cpp/xarm_msgs/srv/detail/get_set_modbus_data__type_support.cpp.o[0m
[87.864s] [ 58%] Built target xarm_msgs__rosidl_typesupport_introspection_c
[87.906s] [ 58%] [32mBuilding CXX object CMakeFiles/xarm_msgs__rosidl_typesupport_fastrtps_c.dir/rosidl_typesupport_fastrtps_c/xarm_msgs/msg/detail/cio_state__type_support_c.cpp.o[0m
[88.269s] [ 58%] [32mBuilding CXX object CMakeFiles/xarm_msgs__rosidl_typesupport_cpp.dir/rosidl_typesupport_cpp/xarm_msgs/srv/set_int32_by_type__type_support.cpp.o[0m
[88.416s] [ 59%] [32mBuilding CXX object CMakeFiles/xarm_msgs__rosidl_typesupport_introspection_cpp.dir/rosidl_typesupport_introspection_cpp/xarm_msgs/srv/detail/gripper_move__type_support.cpp.o[0m
[88.462s] [ 60%] [32mBuilding CXX object CMakeFiles/xarm_msgs__rosidl_typesupport_fastrtps_c.dir/rosidl_typesupport_fastrtps_c/xarm_msgs/msg/detail/move_velocity__type_support_c.cpp.o[0m
[88.635s] [ 60%] [32mBuilding CXX object CMakeFiles/xarm_msgs__rosidl_typesupport_cpp.dir/rosidl_typesupport_cpp/xarm_msgs/srv/traj_ctrl__type_support.cpp.o[0m
[88.666s] [ 61%] [32mBuilding CXX object CMakeFiles/xarm_msgs__rosidl_typesupport_fastrtps_cpp.dir/rosidl_typesupport_fastrtps_cpp/xarm_msgs/srv/detail/dds_fastrtps/get_float32__type_support.cpp.o[0m
[89.548s] [ 61%] [32mBuilding CXX object CMakeFiles/xarm_msgs__rosidl_typesupport_introspection_cpp.dir/rosidl_typesupport_introspection_cpp/xarm_msgs/srv/detail/move_cartesian__type_support.cpp.o[0m
[89.652s] [ 61%] [32mBuilding CXX object CMakeFiles/xarm_msgs__rosidl_typesupport_fastrtps_cpp.dir/rosidl_typesupport_fastrtps_cpp/xarm_msgs/srv/detail/dds_fastrtps/get_float32_list__type_support.cpp.o[0m
[89.663s] [ 61%] [32mBuilding CXX object CMakeFiles/xarm_msgs__rosidl_typesupport_fastrtps_c.dir/rosidl_typesupport_fastrtps_c/xarm_msgs/srv/detail/bio_gripper_ctrl__type_support_c.cpp.o[0m
[89.929s] [ 61%] [32mBuilding CXX object CMakeFiles/xarm_msgs__rosidl_typesupport_cpp.dir/rosidl_typesupport_cpp/xarm_msgs/srv/traj_play__type_support.cpp.o[0m
[89.944s] [ 62%] [32mBuilding CXX object CMakeFiles/xarm_msgs__rosidl_typesupport_cpp.dir/rosidl_typesupport_cpp/xarm_msgs/srv/vacuum_gripper_ctrl__type_support.cpp.o[0m
[90.027s] [ 62%] [32mBuilding CXX object CMakeFiles/xarm_msgs__rosidl_typesupport_introspection_cpp.dir/rosidl_typesupport_introspection_cpp/xarm_msgs/srv/detail/move_circle__type_support.cpp.o[0m
[90.073s] [ 62%] [32mBuilding CXX object CMakeFiles/xarm_msgs__rosidl_typesupport_fastrtps_cpp.dir/rosidl_typesupport_fastrtps_cpp/xarm_msgs/srv/detail/dds_fastrtps/get_int16__type_support.cpp.o[0m
[90.844s] [ 62%] [32mBuilding CXX object CMakeFiles/xarm_msgs__rosidl_typesupport_introspection_cpp.dir/rosidl_typesupport_introspection_cpp/xarm_msgs/srv/detail/move_home__type_support.cpp.o[0m
[91.337s] [ 62%] [32mBuilding CXX object CMakeFiles/xarm_msgs__rosidl_typesupport_cpp.dir/rosidl_typesupport_cpp/xarm_msgs/srv/set_tcp_load__type_support.cpp.o[0m
[91.412s] [ 62%] [32mBuilding CXX object CMakeFiles/xarm_msgs__rosidl_typesupport_fastrtps_c.dir/rosidl_typesupport_fastrtps_c/xarm_msgs/srv/detail/bio_gripper_enable__type_support_c.cpp.o[0m
[91.556s] [ 62%] [32mBuilding CXX object CMakeFiles/xarm_msgs__rosidl_typesupport_fastrtps_cpp.dir/rosidl_typesupport_fastrtps_cpp/xarm_msgs/srv/detail/dds_fastrtps/get_int16_list__type_support.cpp.o[0m
[91.577s] [ 62%] [32mBuilding CXX object CMakeFiles/xarm_msgs__rosidl_typesupport_introspection_cpp.dir/rosidl_typesupport_introspection_cpp/xarm_msgs/srv/detail/move_joint__type_support.cpp.o[0m
[91.715s] [ 62%] [32mBuilding CXX object CMakeFiles/xarm_msgs__rosidl_typesupport_fastrtps_c.dir/rosidl_typesupport_fastrtps_c/xarm_msgs/srv/detail/call__type_support_c.cpp.o[0m
[92.103s] [ 62%] [32mBuilding CXX object CMakeFiles/xarm_msgs__rosidl_typesupport_cpp.dir/rosidl_typesupport_cpp/xarm_msgs/srv/set_modbus_timeout__type_support.cpp.o[0m
[92.223s] [ 63%] [32mBuilding CXX object CMakeFiles/xarm_msgs__rosidl_typesupport_introspection_cpp.dir/rosidl_typesupport_introspection_cpp/xarm_msgs/srv/detail/move_velocity__type_support.cpp.o[0m
[92.291s] [ 63%] [32mBuilding CXX object CMakeFiles/xarm_msgs__rosidl_typesupport_introspection_cpp.dir/rosidl_typesupport_introspection_cpp/xarm_msgs/srv/detail/robotiq_activate__type_support.cpp.o[0m
[93.048s] [ 63%] [32mBuilding CXX object CMakeFiles/xarm_msgs__rosidl_typesupport_fastrtps_c.dir/rosidl_typesupport_fastrtps_c/xarm_msgs/srv/detail/get_analog_io__type_support_c.cpp.o[0m
[93.196s] [ 63%] [32mBuilding CXX object CMakeFiles/xarm_msgs__rosidl_typesupport_introspection_cpp.dir/rosidl_typesupport_introspection_cpp/xarm_msgs/srv/detail/robotiq_get_status__type_support.cpp.o[0m
[93.376s] [ 63%] [32mBuilding CXX object CMakeFiles/xarm_msgs__rosidl_typesupport_cpp.dir/rosidl_typesupport_cpp/xarm_msgs/srv/iden_load__type_support.cpp.o[0m
[93.379s] [ 63%] [32mBuilding CXX object CMakeFiles/xarm_msgs__rosidl_typesupport_fastrtps_cpp.dir/rosidl_typesupport_fastrtps_cpp/xarm_msgs/srv/detail/dds_fastrtps/get_int32__type_support.cpp.o[0m
[93.530s] [ 63%] [32mBuilding CXX object CMakeFiles/xarm_msgs__rosidl_typesupport_fastrtps_c.dir/rosidl_typesupport_fastrtps_c/xarm_msgs/srv/detail/get_digital_io__type_support_c.cpp.o[0m
[93.716s] [ 63%] [32mBuilding CXX object CMakeFiles/xarm_msgs__rosidl_typesupport_introspection_cpp.dir/rosidl_typesupport_introspection_cpp/xarm_msgs/srv/detail/robotiq_move__type_support.cpp.o[0m
[93.935s] [ 63%] [32mBuilding CXX object CMakeFiles/xarm_msgs__rosidl_typesupport_cpp.dir/rosidl_typesupport_cpp/xarm_msgs/srv/ft_cali_load__type_support.cpp.o[0m
[94.287s] [ 64%] [32mBuilding CXX object CMakeFiles/xarm_msgs__rosidl_typesupport_fastrtps_c.dir/rosidl_typesupport_fastrtps_c/xarm_msgs/srv/detail/get_float32__type_support_c.cpp.o[0m
[94.851s] [ 64%] [32mBuilding CXX object CMakeFiles/xarm_msgs__rosidl_typesupport_cpp.dir/rosidl_typesupport_cpp/xarm_msgs/srv/ft_force_params__type_support.cpp.o[0m
[94.927s] [ 64%] [32mBuilding CXX object CMakeFiles/xarm_msgs__rosidl_typesupport_fastrtps_cpp.dir/rosidl_typesupport_fastrtps_cpp/xarm_msgs/srv/detail/dds_fastrtps/get_int32_by_type__type_support.cpp.o[0m
[94.977s] [ 64%] [32mBuilding CXX object CMakeFiles/xarm_msgs__rosidl_typesupport_introspection_cpp.dir/rosidl_typesupport_introspection_cpp/xarm_msgs/srv/detail/robotiq_reset__type_support.cpp.o[0m
[95.318s] [ 65%] [32mBuilding CXX object CMakeFiles/xarm_msgs__rosidl_typesupport_cpp.dir/rosidl_typesupport_cpp/xarm_msgs/srv/ft_admittance_params__type_support.cpp.o[0m
[95.417s] [ 66%] [32mBuilding CXX object CMakeFiles/xarm_msgs__rosidl_typesupport_fastrtps_cpp.dir/rosidl_typesupport_fastrtps_cpp/xarm_msgs/srv/detail/dds_fastrtps/get_set_modbus_data__type_support.cpp.o[0m
[95.585s] [ 66%] [32mBuilding CXX object CMakeFiles/xarm_msgs__rosidl_typesupport_fastrtps_c.dir/rosidl_typesupport_fastrtps_c/xarm_msgs/srv/detail/get_float32_list__type_support_c.cpp.o[0m
[95.628s] [ 66%] [32mBuilding CXX object CMakeFiles/xarm_msgs__rosidl_typesupport_introspection_cpp.dir/rosidl_typesupport_introspection_cpp/xarm_msgs/srv/detail/set_analog_io__type_support.cpp.o[0m
[95.999s] [ 66%] [32mBuilding CXX object CMakeFiles/xarm_msgs__rosidl_typesupport_fastrtps_c.dir/rosidl_typesupport_fastrtps_c/xarm_msgs/srv/detail/get_int16__type_support_c.cpp.o[0m
[96.581s] [ 66%] [32mBuilding CXX object CMakeFiles/xarm_msgs__rosidl_typesupport_fastrtps_cpp.dir/rosidl_typesupport_fastrtps_cpp/xarm_msgs/srv/detail/dds_fastrtps/gripper_move__type_support.cpp.o[0m
[96.802s] [ 66%] [32mBuilding CXX object CMakeFiles/xarm_msgs__rosidl_typesupport_fastrtps_c.dir/rosidl_typesupport_fastrtps_c/xarm_msgs/srv/detail/get_int16_list__type_support_c.cpp.o[0m
[96.828s] [ 66%] [32mBuilding CXX object CMakeFiles/xarm_msgs__rosidl_typesupport_cpp.dir/rosidl_typesupport_cpp/xarm_msgs/srv/linear_motor_back_origin__type_support.cpp.o[0m
[96.978s] [ 66%] [32mBuilding CXX object CMakeFiles/xarm_msgs__rosidl_typesupport_cpp.dir/rosidl_typesupport_cpp/xarm_msgs/srv/linear_motor_set_pos__type_support.cpp.o[0m
[97.266s] [ 67%] [32mBuilding CXX object CMakeFiles/xarm_msgs__rosidl_typesupport_introspection_cpp.dir/rosidl_typesupport_introspection_cpp/xarm_msgs/srv/detail/set_digital_io__type_support.cpp.o[0m
[97.483s] [ 67%] [32mBuilding CXX object CMakeFiles/xarm_msgs__rosidl_typesupport_fastrtps_cpp.dir/rosidl_typesupport_fastrtps_cpp/xarm_msgs/srv/detail/dds_fastrtps/move_cartesian__type_support.cpp.o[0m
[97.913s] [ 67%] [32mBuilding CXX object CMakeFiles/xarm_msgs__rosidl_typesupport_introspection_cpp.dir/rosidl_typesupport_introspection_cpp/xarm_msgs/srv/detail/set_float32__type_support.cpp.o[0m
[97.983s] [ 67%] [32mBuilding CXX object CMakeFiles/xarm_msgs__rosidl_typesupport_cpp.dir/rosidl_typesupport_cpp/xarm_msgs/srv/plan_exec__type_support.cpp.o[0m
[98.273s] [ 67%] [32mBuilding CXX object CMakeFiles/xarm_msgs__rosidl_typesupport_fastrtps_c.dir/rosidl_typesupport_fastrtps_c/xarm_msgs/srv/detail/get_int32__type_support_c.cpp.o[0m
[98.428s] [ 67%] [32mBuilding CXX object CMakeFiles/xarm_msgs__rosidl_typesupport_introspection_cpp.dir/rosidl_typesupport_introspection_cpp/xarm_msgs/srv/detail/set_float32_list__type_support.cpp.o[0m
[98.441s] [ 67%] [32mBuilding CXX object CMakeFiles/xarm_msgs__rosidl_typesupport_fastrtps_cpp.dir/rosidl_typesupport_fastrtps_cpp/xarm_msgs/srv/detail/dds_fastrtps/move_circle__type_support.cpp.o[0m
[98.660s] [ 67%] [32mBuilding CXX object CMakeFiles/xarm_msgs__rosidl_typesupport_cpp.dir/rosidl_typesupport_cpp/xarm_msgs/srv/plan_joint__type_support.cpp.o[0m
[99.181s] [ 67%] [32mBuilding CXX object CMakeFiles/xarm_msgs__rosidl_typesupport_fastrtps_cpp.dir/rosidl_typesupport_fastrtps_cpp/xarm_msgs/srv/detail/dds_fastrtps/move_home__type_support.cpp.o[0m
[99.222s] [ 68%] [32mBuilding CXX object CMakeFiles/xarm_msgs__rosidl_typesupport_fastrtps_c.dir/rosidl_typesupport_fastrtps_c/xarm_msgs/srv/detail/get_int32_by_type__type_support_c.cpp.o[0m
[99.436s] [ 68%] [32mBuilding CXX object CMakeFiles/xarm_msgs__rosidl_typesupport_fastrtps_cpp.dir/rosidl_typesupport_fastrtps_cpp/xarm_msgs/srv/detail/dds_fastrtps/move_joint__type_support.cpp.o[0m
[99.975s] [ 69%] [32mBuilding CXX object CMakeFiles/xarm_msgs__rosidl_typesupport_cpp.dir/rosidl_typesupport_cpp/xarm_msgs/srv/plan_pose__type_support.cpp.o[0m
[100.120s] [ 69%] [32mBuilding CXX object CMakeFiles/xarm_msgs__rosidl_typesupport_introspection_cpp.dir/rosidl_typesupport_introspection_cpp/xarm_msgs/srv/detail/set_int16__type_support.cpp.o[0m
[100.196s] [ 70%] [32mBuilding CXX object CMakeFiles/xarm_msgs__rosidl_typesupport_fastrtps_cpp.dir/rosidl_typesupport_fastrtps_cpp/xarm_msgs/srv/detail/dds_fastrtps/move_velocity__type_support.cpp.o[0m
[100.465s] [ 70%] [32mBuilding CXX object CMakeFiles/xarm_msgs__rosidl_typesupport_cpp.dir/rosidl_typesupport_cpp/xarm_msgs/srv/plan_single_straight__type_support.cpp.o[0m
[100.795s] [ 70%] [32mBuilding CXX object CMakeFiles/xarm_msgs__rosidl_typesupport_fastrtps_c.dir/rosidl_typesupport_fastrtps_c/xarm_msgs/srv/detail/get_set_modbus_data__type_support_c.cpp.o[0m
[100.934s] [ 70%] [32mBuilding CXX object CMakeFiles/xarm_msgs__rosidl_typesupport_introspection_cpp.dir/rosidl_typesupport_introspection_cpp/xarm_msgs/srv/detail/set_int16_by_id__type_support.cpp.o[0m
[101.458s] [ 70%] [32mBuilding CXX object CMakeFiles/xarm_msgs__rosidl_typesupport_cpp.dir/rosidl_typesupport_cpp/xarm_msgs/srv/ft_force_config__type_support.cpp.o[0m
[101.486s] [ 70%] [32mBuilding CXX object CMakeFiles/xarm_msgs__rosidl_typesupport_fastrtps_c.dir/rosidl_typesupport_fastrtps_c/xarm_msgs/srv/detail/gripper_move__type_support_c.cpp.o[0m
[101.644s] [ 70%] [32mBuilding CXX object CMakeFiles/xarm_msgs__rosidl_typesupport_cpp.dir/rosidl_typesupport_cpp/xarm_msgs/srv/ft_force_pid__type_support.cpp.o[0m
[101.723s] [ 70%] [32mBuilding CXX object CMakeFiles/xarm_msgs__rosidl_typesupport_fastrtps_c.dir/rosidl_typesupport_fastrtps_c/xarm_msgs/srv/detail/move_cartesian__type_support_c.cpp.o[0m
[101.841s] [ 70%] [32mBuilding CXX object CMakeFiles/xarm_msgs__rosidl_typesupport_cpp.dir/rosidl_typesupport_cpp/xarm_msgs/srv/ft_impedance__type_support.cpp.o[0m
[102.499s] [ 70%] [32mBuilding CXX object CMakeFiles/xarm_msgs__rosidl_typesupport_introspection_cpp.dir/rosidl_typesupport_introspection_cpp/xarm_msgs/srv/detail/set_int16_list__type_support.cpp.o[0m
[102.561s] [ 70%] [32mBuilding CXX object CMakeFiles/xarm_msgs__rosidl_typesupport_fastrtps_cpp.dir/rosidl_typesupport_fastrtps_cpp/xarm_msgs/srv/detail/dds_fastrtps/robotiq_activate__type_support.cpp.o[0m
[102.829s] [ 70%] [32mBuilding CXX object CMakeFiles/xarm_msgs__rosidl_typesupport_cpp.dir/rosidl_typesupport_cpp/xarm_msgs/srv/linear_track_back_origin__type_support.cpp.o[0m
[103.092s] [ 70%] [32mBuilding CXX object CMakeFiles/xarm_msgs__rosidl_typesupport_fastrtps_c.dir/rosidl_typesupport_fastrtps_c/xarm_msgs/srv/detail/move_circle__type_support_c.cpp.o[0m
[103.237s] [ 71%] [32mBuilding CXX object CMakeFiles/xarm_msgs__rosidl_typesupport_introspection_cpp.dir/rosidl_typesupport_introspection_cpp/xarm_msgs/srv/detail/set_int32__type_support.cpp.o[0m
[103.291s] [ 71%] [32mBuilding CXX object CMakeFiles/xarm_msgs__rosidl_typesupport_fastrtps_cpp.dir/rosidl_typesupport_fastrtps_cpp/xarm_msgs/srv/detail/dds_fastrtps/robotiq_get_status__type_support.cpp.o[0m
[103.559s] [ 72%] [32mBuilding CXX object CMakeFiles/xarm_msgs__rosidl_typesupport_cpp.dir/rosidl_typesupport_cpp/xarm_msgs/srv/linear_track_set_pos__type_support.cpp.o[0m
[103.750s] [ 72%] [32mBuilding CXX object CMakeFiles/xarm_msgs__rosidl_typesupport_introspection_cpp.dir/rosidl_typesupport_introspection_cpp/xarm_msgs/srv/detail/set_int32_by_type__type_support.cpp.o[0m
[104.189s] [ 72%] [32mBuilding CXX object CMakeFiles/xarm_msgs__rosidl_typesupport_fastrtps_cpp.dir/rosidl_typesupport_fastrtps_cpp/xarm_msgs/srv/detail/dds_fastrtps/robotiq_move__type_support.cpp.o[0m
[104.277s] [ 72%] [32mBuilding CXX object CMakeFiles/xarm_msgs__rosidl_typesupport_introspection_cpp.dir/rosidl_typesupport_introspection_cpp/xarm_msgs/srv/detail/traj_ctrl__type_support.cpp.o[0m
[104.660s] [ 72%] [32mBuilding CXX object CMakeFiles/xarm_msgs__rosidl_typesupport_fastrtps_cpp.dir/rosidl_typesupport_fastrtps_cpp/xarm_msgs/srv/detail/dds_fastrtps/robotiq_reset__type_support.cpp.o[0m
[104.754s] [ 72%] [32mBuilding CXX object CMakeFiles/xarm_msgs__rosidl_typesupport_fastrtps_c.dir/rosidl_typesupport_fastrtps_c/xarm_msgs/srv/detail/move_home__type_support_c.cpp.o[0m
[105.034s] [ 72%] [32mBuilding CXX object CMakeFiles/xarm_msgs__rosidl_typesupport_introspection_cpp.dir/rosidl_typesupport_introspection_cpp/xarm_msgs/srv/detail/traj_play__type_support.cpp.o[0m
[105.140s] [ 72%] [32m[1mLinking CXX shared library libxarm_msgs__rosidl_typesupport_cpp.so[0m
[105.405s] [ 73%] [32mBuilding CXX object CMakeFiles/xarm_msgs__rosidl_typesupport_fastrtps_c.dir/rosidl_typesupport_fastrtps_c/xarm_msgs/srv/detail/move_joint__type_support_c.cpp.o[0m
[105.696s] [ 74%] [32mBuilding CXX object CMakeFiles/xarm_msgs__rosidl_typesupport_fastrtps_cpp.dir/rosidl_typesupport_fastrtps_cpp/xarm_msgs/srv/detail/dds_fastrtps/set_analog_io__type_support.cpp.o[0m
[105.935s] [ 74%] [32mBuilding CXX object CMakeFiles/xarm_msgs__rosidl_typesupport_fastrtps_c.dir/rosidl_typesupport_fastrtps_c/xarm_msgs/srv/detail/move_velocity__type_support_c.cpp.o[0m
[106.085s] [ 74%] Built target xarm_msgs__rosidl_typesupport_cpp
[106.118s] [ 74%] [32mBuilding CXX object CMakeFiles/xarm_msgs__rosidl_typesupport_fastrtps_cpp.dir/rosidl_typesupport_fastrtps_cpp/xarm_msgs/srv/detail/dds_fastrtps/set_digital_io__type_support.cpp.o[0m
[106.512s] [ 74%] [32mBuilding CXX object CMakeFiles/xarm_msgs__rosidl_typesupport_introspection_cpp.dir/rosidl_typesupport_introspection_cpp/xarm_msgs/srv/detail/vacuum_gripper_ctrl__type_support.cpp.o[0m
[106.844s] [ 74%] [32mBuilding CXX object CMakeFiles/xarm_msgs__rosidl_typesupport_introspection_cpp.dir/rosidl_typesupport_introspection_cpp/xarm_msgs/srv/detail/set_tcp_load__type_support.cpp.o[0m
[106.899s] [ 74%] [32mBuilding CXX object CMakeFiles/xarm_msgs__rosidl_typesupport_fastrtps_c.dir/rosidl_typesupport_fastrtps_c/xarm_msgs/srv/detail/robotiq_activate__type_support_c.cpp.o[0m
[106.953s] [ 75%] [32mBuilding CXX object CMakeFiles/xarm_msgs__rosidl_typesupport_introspection_cpp.dir/rosidl_typesupport_introspection_cpp/xarm_msgs/srv/detail/set_modbus_timeout__type_support.cpp.o[0m
[107.017s] [ 75%] [32mBuilding CXX object CMakeFiles/xarm_msgs__rosidl_typesupport_fastrtps_cpp.dir/rosidl_typesupport_fastrtps_cpp/xarm_msgs/srv/detail/dds_fastrtps/set_float32__type_support.cpp.o[0m
[107.907s] [ 75%] [32mBuilding CXX object CMakeFiles/xarm_msgs__rosidl_typesupport_introspection_cpp.dir/rosidl_typesupport_introspection_cpp/xarm_msgs/srv/detail/iden_load__type_support.cpp.o[0m
[107.939s] [ 75%] [32mBuilding CXX object CMakeFiles/xarm_msgs__rosidl_typesupport_fastrtps_cpp.dir/rosidl_typesupport_fastrtps_cpp/xarm_msgs/srv/detail/dds_fastrtps/set_float32_list__type_support.cpp.o[0m
[108.157s] [ 75%] [32mBuilding CXX object CMakeFiles/xarm_msgs__rosidl_typesupport_fastrtps_c.dir/rosidl_typesupport_fastrtps_c/xarm_msgs/srv/detail/robotiq_get_status__type_support_c.cpp.o[0m
[108.472s] [ 75%] [32mBuilding CXX object CMakeFiles/xarm_msgs__rosidl_typesupport_introspection_cpp.dir/rosidl_typesupport_introspection_cpp/xarm_msgs/srv/detail/ft_cali_load__type_support.cpp.o[0m
[108.607s] [ 75%] [32mBuilding CXX object CMakeFiles/xarm_msgs__rosidl_typesupport_fastrtps_c.dir/rosidl_typesupport_fastrtps_c/xarm_msgs/srv/detail/robotiq_move__type_support_c.cpp.o[0m
[108.744s] [ 75%] [32mBuilding CXX object CMakeFiles/xarm_msgs__rosidl_typesupport_introspection_cpp.dir/rosidl_typesupport_introspection_cpp/xarm_msgs/srv/detail/ft_force_params__type_support.cpp.o[0m
[108.766s] [ 75%] [32mBuilding CXX object CMakeFiles/xarm_msgs__rosidl_typesupport_fastrtps_cpp.dir/rosidl_typesupport_fastrtps_cpp/xarm_msgs/srv/detail/dds_fastrtps/set_int16__type_support.cpp.o[0m
[109.263s] [ 75%] [32mBuilding CXX object CMakeFiles/xarm_msgs__rosidl_typesupport_fastrtps_c.dir/rosidl_typesupport_fastrtps_c/xarm_msgs/srv/detail/robotiq_reset__type_support_c.cpp.o[0m
[109.566s] [ 75%] [32mBuilding CXX object CMakeFiles/xarm_msgs__rosidl_typesupport_introspection_cpp.dir/rosidl_typesupport_introspection_cpp/xarm_msgs/srv/detail/ft_admittance_params__type_support.cpp.o[0m
[109.851s] [ 76%] [32mBuilding CXX object CMakeFiles/xarm_msgs__rosidl_typesupport_introspection_cpp.dir/rosidl_typesupport_introspection_cpp/xarm_msgs/srv/detail/linear_motor_back_origin__type_support.cpp.o[0m
[110.501s] [ 76%] [32mBuilding CXX object CMakeFiles/xarm_msgs__rosidl_typesupport_fastrtps_cpp.dir/rosidl_typesupport_fastrtps_cpp/xarm_msgs/srv/detail/dds_fastrtps/set_int16_by_id__type_support.cpp.o[0m
[110.502s] [ 77%] [32mBuilding CXX object CMakeFiles/xarm_msgs__rosidl_typesupport_fastrtps_c.dir/rosidl_typesupport_fastrtps_c/xarm_msgs/srv/detail/set_analog_io__type_support_c.cpp.o[0m
[110.541s] [ 77%] [32mBuilding CXX object CMakeFiles/xarm_msgs__rosidl_typesupport_introspection_cpp.dir/rosidl_typesupport_introspection_cpp/xarm_msgs/srv/detail/linear_motor_set_pos__type_support.cpp.o[0m
[110.562s] [ 77%] [32mBuilding CXX object CMakeFiles/xarm_msgs__rosidl_typesupport_fastrtps_c.dir/rosidl_typesupport_fastrtps_c/xarm_msgs/srv/detail/set_digital_io__type_support_c.cpp.o[0m
[111.053s] [ 77%] [32mBuilding CXX object CMakeFiles/xarm_msgs__rosidl_typesupport_introspection_cpp.dir/rosidl_typesupport_introspection_cpp/xarm_msgs/srv/detail/plan_exec__type_support.cpp.o[0m
[111.189s] [ 78%] [32mBuilding CXX object CMakeFiles/xarm_msgs__rosidl_typesupport_fastrtps_cpp.dir/rosidl_typesupport_fastrtps_cpp/xarm_msgs/srv/detail/dds_fastrtps/set_int16_list__type_support.cpp.o[0m
[111.423s] [ 78%] [32mBuilding CXX object CMakeFiles/xarm_msgs__rosidl_typesupport_fastrtps_c.dir/rosidl_typesupport_fastrtps_c/xarm_msgs/srv/detail/set_float32__type_support_c.cpp.o[0m
[111.813s] [ 78%] [32mBuilding CXX object CMakeFiles/xarm_msgs__rosidl_typesupport_fastrtps_cpp.dir/rosidl_typesupport_fastrtps_cpp/xarm_msgs/srv/detail/dds_fastrtps/set_int32__type_support.cpp.o[0m
[112.007s] [ 78%] [32mBuilding CXX object CMakeFiles/xarm_msgs__rosidl_typesupport_fastrtps_c.dir/rosidl_typesupport_fastrtps_c/xarm_msgs/srv/detail/set_float32_list__type_support_c.cpp.o[0m
[112.230s] [ 78%] [32mBuilding CXX object CMakeFiles/xarm_msgs__rosidl_typesupport_fastrtps_cpp.dir/rosidl_typesupport_fastrtps_cpp/xarm_msgs/srv/detail/dds_fastrtps/set_int32_by_type__type_support.cpp.o[0m
[112.258s] [ 78%] [32mBuilding CXX object CMakeFiles/xarm_msgs__rosidl_typesupport_introspection_cpp.dir/rosidl_typesupport_introspection_cpp/xarm_msgs/srv/detail/plan_joint__type_support.cpp.o[0m
[112.507s] [ 78%] [32mBuilding CXX object CMakeFiles/xarm_msgs__rosidl_typesupport_introspection_cpp.dir/rosidl_typesupport_introspection_cpp/xarm_msgs/srv/detail/plan_pose__type_support.cpp.o[0m
[112.800s] [ 78%] [32mBuilding CXX object CMakeFiles/xarm_msgs__rosidl_typesupport_introspection_cpp.dir/rosidl_typesupport_introspection_cpp/xarm_msgs/srv/detail/plan_single_straight__type_support.cpp.o[0m
[113.236s] [ 78%] [32mBuilding CXX object CMakeFiles/xarm_msgs__rosidl_typesupport_fastrtps_cpp.dir/rosidl_typesupport_fastrtps_cpp/xarm_msgs/srv/detail/dds_fastrtps/traj_ctrl__type_support.cpp.o[0m
[113.832s] [ 79%] [32mBuilding CXX object CMakeFiles/xarm_msgs__rosidl_typesupport_introspection_cpp.dir/rosidl_typesupport_introspection_cpp/xarm_msgs/srv/detail/ft_force_config__type_support.cpp.o[0m
[113.863s] [ 79%] [32mBuilding CXX object CMakeFiles/xarm_msgs__rosidl_typesupport_fastrtps_c.dir/rosidl_typesupport_fastrtps_c/xarm_msgs/srv/detail/set_int16__type_support_c.cpp.o[0m
[114.015s] [ 79%] [32mBuilding CXX object CMakeFiles/xarm_msgs__rosidl_typesupport_fastrtps_c.dir/rosidl_typesupport_fastrtps_c/xarm_msgs/srv/detail/set_int16_by_id__type_support_c.cpp.o[0m
[114.036s] [ 79%] [32mBuilding CXX object CMakeFiles/xarm_msgs__rosidl_typesupport_introspection_cpp.dir/rosidl_typesupport_introspection_cpp/xarm_msgs/srv/detail/ft_force_pid__type_support.cpp.o[0m
[114.079s] [ 80%] [32mBuilding CXX object CMakeFiles/xarm_msgs__rosidl_typesupport_fastrtps_c.dir/rosidl_typesupport_fastrtps_c/xarm_msgs/srv/detail/set_int16_list__type_support_c.cpp.o[0m
[114.115s] [ 80%] [32mBuilding CXX object CMakeFiles/xarm_msgs__rosidl_typesupport_introspection_cpp.dir/rosidl_typesupport_introspection_cpp/xarm_msgs/srv/detail/ft_impedance__type_support.cpp.o[0m
[115.279s] [ 80%] [32mBuilding CXX object CMakeFiles/xarm_msgs__rosidl_typesupport_fastrtps_c.dir/rosidl_typesupport_fastrtps_c/xarm_msgs/srv/detail/set_int32__type_support_c.cpp.o[0m
[115.387s] [ 80%] [32mBuilding CXX object CMakeFiles/xarm_msgs__rosidl_typesupport_fastrtps_cpp.dir/rosidl_typesupport_fastrtps_cpp/xarm_msgs/srv/detail/dds_fastrtps/traj_play__type_support.cpp.o[0m
[115.467s] [ 80%] [32mBuilding CXX object CMakeFiles/xarm_msgs__rosidl_typesupport_introspection_cpp.dir/rosidl_typesupport_introspection_cpp/xarm_msgs/srv/detail/linear_track_back_origin__type_support.cpp.o[0m
[115.557s] [ 80%] [32mBuilding CXX object CMakeFiles/xarm_msgs__rosidl_typesupport_fastrtps_cpp.dir/rosidl_typesupport_fastrtps_cpp/xarm_msgs/srv/detail/dds_fastrtps/vacuum_gripper_ctrl__type_support.cpp.o[0m
[115.579s] [ 80%] [32mBuilding CXX object CMakeFiles/xarm_msgs__rosidl_typesupport_introspection_cpp.dir/rosidl_typesupport_introspection_cpp/xarm_msgs/srv/detail/linear_track_set_pos__type_support.cpp.o[0m
[115.658s] [ 80%] [32mBuilding CXX object CMakeFiles/xarm_msgs__rosidl_typesupport_fastrtps_c.dir/rosidl_typesupport_fastrtps_c/xarm_msgs/srv/detail/set_int32_by_type__type_support_c.cpp.o[0m
[115.711s] [ 81%] [32mBuilding CXX object CMakeFiles/xarm_msgs__rosidl_typesupport_fastrtps_cpp.dir/rosidl_typesupport_fastrtps_cpp/xarm_msgs/srv/detail/dds_fastrtps/set_tcp_load__type_support.cpp.o[0m
[116.006s] [ 81%] [32mBuilding CXX object CMakeFiles/xarm_msgs__rosidl_typesupport_fastrtps_c.dir/rosidl_typesupport_fastrtps_c/xarm_msgs/srv/detail/traj_ctrl__type_support_c.cpp.o[0m
[117.017s] [ 81%] [32mBuilding CXX object CMakeFiles/xarm_msgs__rosidl_typesupport_fastrtps_cpp.dir/rosidl_typesupport_fastrtps_cpp/xarm_msgs/srv/detail/dds_fastrtps/set_modbus_timeout__type_support.cpp.o[0m
[117.041s] [ 81%] [32mBuilding CXX object CMakeFiles/xarm_msgs__rosidl_typesupport_fastrtps_c.dir/rosidl_typesupport_fastrtps_c/xarm_msgs/srv/detail/traj_play__type_support_c.cpp.o[0m
[117.062s] [ 81%] [32m[1mLinking CXX shared library libxarm_msgs__rosidl_typesupport_introspection_cpp.so[0m
[117.394s] [ 81%] [32mBuilding CXX object CMakeFiles/xarm_msgs__rosidl_typesupport_fastrtps_cpp.dir/rosidl_typesupport_fastrtps_cpp/xarm_msgs/srv/detail/dds_fastrtps/iden_load__type_support.cpp.o[0m
[117.540s] [ 82%] [32mBuilding CXX object CMakeFiles/xarm_msgs__rosidl_typesupport_fastrtps_c.dir/rosidl_typesupport_fastrtps_c/xarm_msgs/srv/detail/vacuum_gripper_ctrl__type_support_c.cpp.o[0m
[117.887s] [ 82%] [32mBuilding CXX object CMakeFiles/xarm_msgs__rosidl_typesupport_fastrtps_c.dir/rosidl_typesupport_fastrtps_c/xarm_msgs/srv/detail/set_tcp_load__type_support_c.cpp.o[0m
[117.986s] [ 82%] [32mBuilding CXX object CMakeFiles/xarm_msgs__rosidl_typesupport_fastrtps_cpp.dir/rosidl_typesupport_fastrtps_cpp/xarm_msgs/srv/detail/dds_fastrtps/ft_cali_load__type_support.cpp.o[0m
[118.251s] [ 82%] [32mBuilding CXX object CMakeFiles/xarm_msgs__rosidl_typesupport_fastrtps_c.dir/rosidl_typesupport_fastrtps_c/xarm_msgs/srv/detail/set_modbus_timeout__type_support_c.cpp.o[0m
[118.380s] [ 82%] Built target xarm_msgs__rosidl_typesupport_introspection_cpp
[118.416s] [ 82%] [32mBuilding CXX object CMakeFiles/xarm_msgs__rosidl_typesupport_fastrtps_cpp.dir/rosidl_typesupport_fastrtps_cpp/xarm_msgs/srv/detail/dds_fastrtps/ft_force_params__type_support.cpp.o[0m
[118.844s] [ 82%] [32mBuilding CXX object CMakeFiles/xarm_msgs__rosidl_typesupport_fastrtps_c.dir/rosidl_typesupport_fastrtps_c/xarm_msgs/srv/detail/iden_load__type_support_c.cpp.o[0m
[119.344s] [ 83%] [32mBuilding CXX object CMakeFiles/xarm_msgs__rosidl_typesupport_fastrtps_cpp.dir/rosidl_typesupport_fastrtps_cpp/xarm_msgs/srv/detail/dds_fastrtps/ft_admittance_params__type_support.cpp.o[0m
[119.472s] [ 83%] [32mBuilding CXX object CMakeFiles/xarm_msgs__rosidl_typesupport_fastrtps_c.dir/rosidl_typesupport_fastrtps_c/xarm_msgs/srv/detail/ft_cali_load__type_support_c.cpp.o[0m
[119.705s] [ 83%] [32mBuilding CXX object CMakeFiles/xarm_msgs__rosidl_typesupport_fastrtps_cpp.dir/rosidl_typesupport_fastrtps_cpp/xarm_msgs/srv/detail/dds_fastrtps/linear_motor_back_origin__type_support.cpp.o[0m
[119.764s] [ 83%] [32mBuilding CXX object CMakeFiles/xarm_msgs__rosidl_typesupport_fastrtps_c.dir/rosidl_typesupport_fastrtps_c/xarm_msgs/srv/detail/ft_force_params__type_support_c.cpp.o[0m
[120.172s] [ 83%] [32mBuilding CXX object CMakeFiles/xarm_msgs__rosidl_typesupport_fastrtps_c.dir/rosidl_typesupport_fastrtps_c/xarm_msgs/srv/detail/linear_motor_back_origin__type_support_c.cpp.o[0m
[120.184s] [ 84%] [32mBuilding CXX object CMakeFiles/xarm_msgs__rosidl_typesupport_fastrtps_c.dir/rosidl_typesupport_fastrtps_c/xarm_msgs/srv/detail/ft_admittance_params__type_support_c.cpp.o[0m
[120.843s] [ 84%] [32mBuilding CXX object CMakeFiles/xarm_msgs__rosidl_typesupport_fastrtps_cpp.dir/rosidl_typesupport_fastrtps_cpp/xarm_msgs/srv/detail/dds_fastrtps/linear_motor_set_pos__type_support.cpp.o[0m
[121.187s] [ 84%] [32mBuilding CXX object CMakeFiles/xarm_msgs__rosidl_typesupport_fastrtps_c.dir/rosidl_typesupport_fastrtps_c/xarm_msgs/srv/detail/linear_motor_set_pos__type_support_c.cpp.o[0m
[121.292s] [ 84%] [32mBuilding CXX object CMakeFiles/xarm_msgs__rosidl_typesupport_fastrtps_c.dir/rosidl_typesupport_fastrtps_c/xarm_msgs/srv/detail/plan_exec__type_support_c.cpp.o[0m
[121.527s] [ 84%] [32mBuilding CXX object CMakeFiles/xarm_msgs__rosidl_typesupport_fastrtps_cpp.dir/rosidl_typesupport_fastrtps_cpp/xarm_msgs/srv/detail/dds_fastrtps/plan_exec__type_support.cpp.o[0m
[121.762s] [ 84%] [32mBuilding CXX object CMakeFiles/xarm_msgs__rosidl_typesupport_fastrtps_c.dir/rosidl_typesupport_fastrtps_c/xarm_msgs/srv/detail/plan_joint__type_support_c.cpp.o[0m
[121.884s] [ 84%] [32mBuilding CXX object CMakeFiles/xarm_msgs__rosidl_typesupport_fastrtps_c.dir/rosidl_typesupport_fastrtps_c/xarm_msgs/srv/detail/plan_pose__type_support_c.cpp.o[0m
[121.905s] [ 84%] [32mBuilding CXX object CMakeFiles/xarm_msgs__rosidl_typesupport_fastrtps_cpp.dir/rosidl_typesupport_fastrtps_cpp/xarm_msgs/srv/detail/dds_fastrtps/plan_joint__type_support.cpp.o[0m
[122.129s] [ 85%] [32mBuilding CXX object CMakeFiles/xarm_msgs__rosidl_typesupport_fastrtps_c.dir/rosidl_typesupport_fastrtps_c/xarm_msgs/srv/detail/plan_single_straight__type_support_c.cpp.o[0m
[122.934s] [ 85%] [32mBuilding CXX object CMakeFiles/xarm_msgs__rosidl_typesupport_fastrtps_c.dir/rosidl_typesupport_fastrtps_c/xarm_msgs/srv/detail/ft_force_config__type_support_c.cpp.o[0m
[123.121s] [ 85%] [32mBuilding CXX object CMakeFiles/xarm_msgs__rosidl_typesupport_fastrtps_cpp.dir/rosidl_typesupport_fastrtps_cpp/xarm_msgs/srv/detail/dds_fastrtps/plan_pose__type_support.cpp.o[0m
[123.258s] [ 86%] [32mBuilding CXX object CMakeFiles/xarm_msgs__rosidl_typesupport_fastrtps_cpp.dir/rosidl_typesupport_fastrtps_cpp/xarm_msgs/srv/detail/dds_fastrtps/plan_single_straight__type_support.cpp.o[0m
[123.399s] [ 86%] [32mBuilding CXX object CMakeFiles/xarm_msgs__rosidl_typesupport_fastrtps_cpp.dir/rosidl_typesupport_fastrtps_cpp/xarm_msgs/srv/detail/dds_fastrtps/ft_force_config__type_support.cpp.o[0m
[123.746s] [ 86%] [32mBuilding CXX object CMakeFiles/xarm_msgs__rosidl_typesupport_fastrtps_c.dir/rosidl_typesupport_fastrtps_c/xarm_msgs/srv/detail/ft_force_pid__type_support_c.cpp.o[0m
[123.758s] [ 86%] [32mBuilding CXX object CMakeFiles/xarm_msgs__rosidl_typesupport_fastrtps_cpp.dir/rosidl_typesupport_fastrtps_cpp/xarm_msgs/srv/detail/dds_fastrtps/ft_force_pid__type_support.cpp.o[0m
[123.833s] [ 86%] [32mBuilding CXX object CMakeFiles/xarm_msgs__rosidl_typesupport_fastrtps_c.dir/rosidl_typesupport_fastrtps_c/xarm_msgs/srv/detail/ft_impedance__type_support_c.cpp.o[0m
[124.544s] [ 86%] [32mBuilding CXX object CMakeFiles/xarm_msgs__rosidl_typesupport_fastrtps_c.dir/rosidl_typesupport_fastrtps_c/xarm_msgs/srv/detail/linear_track_back_origin__type_support_c.cpp.o[0m
[124.583s] [ 86%] [32mBuilding CXX object CMakeFiles/xarm_msgs__rosidl_typesupport_fastrtps_c.dir/rosidl_typesupport_fastrtps_c/xarm_msgs/srv/detail/linear_track_set_pos__type_support_c.cpp.o[0m
[125.173s] [ 86%] [32mBuilding CXX object CMakeFiles/xarm_msgs__rosidl_typesupport_fastrtps_cpp.dir/rosidl_typesupport_fastrtps_cpp/xarm_msgs/srv/detail/dds_fastrtps/ft_impedance__type_support.cpp.o[0m
[125.470s] [ 86%] [32mBuilding CXX object CMakeFiles/xarm_msgs__rosidl_typesupport_fastrtps_cpp.dir/rosidl_typesupport_fastrtps_cpp/xarm_msgs/srv/detail/dds_fastrtps/linear_track_back_origin__type_support.cpp.o[0m
[125.620s] [ 86%] [32mBuilding CXX object CMakeFiles/xarm_msgs__rosidl_typesupport_fastrtps_cpp.dir/rosidl_typesupport_fastrtps_cpp/xarm_msgs/srv/detail/dds_fastrtps/linear_track_set_pos__type_support.cpp.o[0m
[126.273s] [ 87%] [32m[1mLinking CXX shared library libxarm_msgs__rosidl_typesupport_fastrtps_c.so[0m
[126.628s] [ 87%] Built target xarm_msgs__rosidl_typesupport_fastrtps_c
[127.071s] [ 88%] [32m[1mLinking CXX shared library libxarm_msgs__rosidl_typesupport_fastrtps_cpp.so[0m
[127.567s] [ 88%] Built target xarm_msgs__rosidl_typesupport_fastrtps_cpp
[127.624s] [ 88%] Built target xarm_msgs
[127.701s] [ 88%] [34m[1mGenerating Python code for ROS interfaces[0m
[150.302s] [ 88%] Built target xarm_msgs__py
[150.374s] [ 88%] [32mBuilding C object CMakeFiles/xarm_msgs__rosidl_generator_py.dir/rosidl_generator_py/xarm_msgs/srv/_bio_gripper_ctrl_s.c.o[0m
[150.375s] [ 88%] [32mBuilding C object CMakeFiles/xarm_msgs__rosidl_generator_py.dir/rosidl_generator_py/xarm_msgs/srv/_call_s.c.o[0m
[150.376s] [ 88%] [32mBuilding C object CMakeFiles/xarm_msgs__rosidl_generator_py.dir/rosidl_generator_py/xarm_msgs/msg/_robot_msg_s.c.o[0m
[150.376s] [ 88%] [32mBuilding C object CMakeFiles/xarm_msgs__rosidl_generator_py.dir/rosidl_generator_py/xarm_msgs/msg/_io_state_s.c.o[0m
[150.377s] [ 88%] [32mBuilding C object CMakeFiles/xarm_msgs__rosidl_generator_py.dir/rosidl_generator_py/xarm_msgs/msg/_cio_state_s.c.o[0m
[150.378s] [ 89%] [32mBuilding C object CMakeFiles/xarm_msgs__rosidl_generator_py.dir/rosidl_generator_py/xarm_msgs/msg/_move_velocity_s.c.o[0m
[150.379s] [ 89%] [32mBuilding C object CMakeFiles/xarm_msgs__rosidl_generator_py.dir/rosidl_generator_py/xarm_msgs/srv/_bio_gripper_enable_s.c.o[0m
[150.382s] [ 89%] [32mBuilding C object CMakeFiles/xarm_msgs__rosidl_generator_py.dir/rosidl_generator_py/xarm_msgs/srv/_get_analog_io_s.c.o[0m
[150.857s] [ 90%] [32mBuilding C object CMakeFiles/xarm_msgs__rosidl_generator_py.dir/rosidl_generator_py/xarm_msgs/srv/_get_digital_io_s.c.o[0m
[150.907s] [ 90%] [32mBuilding C object CMakeFiles/xarm_msgs__rosidl_generator_py.dir/rosidl_generator_py/xarm_msgs/srv/_get_float32_s.c.o[0m
[150.947s] [ 90%] [32mBuilding C object CMakeFiles/xarm_msgs__rosidl_generator_py.dir/rosidl_generator_py/xarm_msgs/srv/_get_float32_list_s.c.o[0m
[150.957s] [ 90%] [32mBuilding C object CMakeFiles/xarm_msgs__rosidl_generator_py.dir/rosidl_generator_py/xarm_msgs/srv/_get_int16_s.c.o[0m
[150.961s] [ 90%] [32mBuilding C object CMakeFiles/xarm_msgs__rosidl_generator_py.dir/rosidl_generator_py/xarm_msgs/srv/_get_int16_list_s.c.o[0m
[150.976s] [ 90%] [32mBuilding C object CMakeFiles/xarm_msgs__rosidl_generator_py.dir/rosidl_generator_py/xarm_msgs/srv/_get_int32_s.c.o[0m
[150.983s] [ 91%] [32mBuilding C object CMakeFiles/xarm_msgs__rosidl_generator_py.dir/rosidl_generator_py/xarm_msgs/srv/_get_int32_by_type_s.c.o[0m
[150.992s] [ 91%] [32mBuilding C object CMakeFiles/xarm_msgs__rosidl_generator_py.dir/rosidl_generator_py/xarm_msgs/srv/_get_set_modbus_data_s.c.o[0m
[151.416s] [ 91%] [32mBuilding C object CMakeFiles/xarm_msgs__rosidl_generator_py.dir/rosidl_generator_py/xarm_msgs/srv/_gripper_move_s.c.o[0m
[151.455s] [ 91%] [32mBuilding C object CMakeFiles/xarm_msgs__rosidl_generator_py.dir/rosidl_generator_py/xarm_msgs/srv/_move_cartesian_s.c.o[0m
[151.483s] [ 91%] [32mBuilding C object CMakeFiles/xarm_msgs__rosidl_generator_py.dir/rosidl_generator_py/xarm_msgs/srv/_move_home_s.c.o[0m
[151.484s] [ 91%] [32mBuilding C object CMakeFiles/xarm_msgs__rosidl_generator_py.dir/rosidl_generator_py/xarm_msgs/srv/_move_circle_s.c.o[0m
[151.498s] [ 92%] [32mBuilding C object CMakeFiles/xarm_msgs__rosidl_generator_py.dir/rosidl_generator_py/xarm_msgs/srv/_move_joint_s.c.o[0m
[151.511s] [ 92%] [32mBuilding C object CMakeFiles/xarm_msgs__rosidl_generator_py.dir/rosidl_generator_py/xarm_msgs/srv/_move_velocity_s.c.o[0m
[151.521s] [ 92%] [32mBuilding C object CMakeFiles/xarm_msgs__rosidl_generator_py.dir/rosidl_generator_py/xarm_msgs/srv/_robotiq_activate_s.c.o[0m
[151.607s] [ 92%] [32mBuilding C object CMakeFiles/xarm_msgs__rosidl_generator_py.dir/rosidl_generator_py/xarm_msgs/srv/_robotiq_get_status_s.c.o[0m
[151.970s] [ 92%] [32mBuilding C object CMakeFiles/xarm_msgs__rosidl_generator_py.dir/rosidl_generator_py/xarm_msgs/srv/_robotiq_move_s.c.o[0m
[152.031s] [ 92%] [32mBuilding C object CMakeFiles/xarm_msgs__rosidl_generator_py.dir/rosidl_generator_py/xarm_msgs/srv/_robotiq_reset_s.c.o[0m
[152.061s] [ 93%] [32mBuilding C object CMakeFiles/xarm_msgs__rosidl_generator_py.dir/rosidl_generator_py/xarm_msgs/srv/_set_analog_io_s.c.o[0m
[152.069s] [ 93%] [32mBuilding C object CMakeFiles/xarm_msgs__rosidl_generator_py.dir/rosidl_generator_py/xarm_msgs/srv/_set_digital_io_s.c.o[0m
[152.071s] [ 93%] [32mBuilding C object CMakeFiles/xarm_msgs__rosidl_generator_py.dir/rosidl_generator_py/xarm_msgs/srv/_set_float32_s.c.o[0m
[152.109s] [ 93%] [32mBuilding C object CMakeFiles/xarm_msgs__rosidl_generator_py.dir/rosidl_generator_py/xarm_msgs/srv/_set_float32_list_s.c.o[0m
[152.230s] [ 93%] [32mBuilding C object CMakeFiles/xarm_msgs__rosidl_generator_py.dir/rosidl_generator_py/xarm_msgs/srv/_set_int16_s.c.o[0m
[152.256s] [ 94%] [32mBuilding C object CMakeFiles/xarm_msgs__rosidl_generator_py.dir/rosidl_generator_py/xarm_msgs/srv/_set_int16_by_id_s.c.o[0m
[152.600s] [ 94%] [32mBuilding C object CMakeFiles/xarm_msgs__rosidl_generator_py.dir/rosidl_generator_py/xarm_msgs/srv/_set_int16_list_s.c.o[0m
[152.613s] [ 94%] [32mBuilding C object CMakeFiles/xarm_msgs__rosidl_generator_py.dir/rosidl_generator_py/xarm_msgs/srv/_set_int32_by_type_s.c.o[0m
[152.616s] [ 94%] [32mBuilding C object CMakeFiles/xarm_msgs__rosidl_generator_py.dir/rosidl_generator_py/xarm_msgs/srv/_set_int32_s.c.o[0m
[152.629s] [ 94%] [32mBuilding C object CMakeFiles/xarm_msgs__rosidl_generator_py.dir/rosidl_generator_py/xarm_msgs/srv/_traj_ctrl_s.c.o[0m
[152.638s] [ 94%] [32mBuilding C object CMakeFiles/xarm_msgs__rosidl_generator_py.dir/rosidl_generator_py/xarm_msgs/srv/_traj_play_s.c.o[0m
[152.651s] [ 95%] [32mBuilding C object CMakeFiles/xarm_msgs__rosidl_generator_py.dir/rosidl_generator_py/xarm_msgs/srv/_vacuum_gripper_ctrl_s.c.o[0m
[152.661s] [ 95%] [32mBuilding C object CMakeFiles/xarm_msgs__rosidl_generator_py.dir/rosidl_generator_py/xarm_msgs/srv/_set_tcp_load_s.c.o[0m
[152.787s] [ 95%] [32mBuilding C object CMakeFiles/xarm_msgs__rosidl_generator_py.dir/rosidl_generator_py/xarm_msgs/srv/_set_modbus_timeout_s.c.o[0m
[153.007s] [ 95%] [32mBuilding C object CMakeFiles/xarm_msgs__rosidl_generator_py.dir/rosidl_generator_py/xarm_msgs/srv/_iden_load_s.c.o[0m
[153.041s] [ 95%] [32mBuilding C object CMakeFiles/xarm_msgs__rosidl_generator_py.dir/rosidl_generator_py/xarm_msgs/srv/_ft_cali_load_s.c.o[0m
[153.147s] [ 96%] [32mBuilding C object CMakeFiles/xarm_msgs__rosidl_generator_py.dir/rosidl_generator_py/xarm_msgs/srv/_ft_admittance_params_s.c.o[0m
[153.176s] [ 96%] [32mBuilding C object CMakeFiles/xarm_msgs__rosidl_generator_py.dir/rosidl_generator_py/xarm_msgs/srv/_ft_force_params_s.c.o[0m
[153.186s] [ 96%] [32mBuilding C object CMakeFiles/xarm_msgs__rosidl_generator_py.dir/rosidl_generator_py/xarm_msgs/srv/_linear_motor_back_origin_s.c.o[0m
[153.238s] [ 96%] [32mBuilding C object CMakeFiles/xarm_msgs__rosidl_generator_py.dir/rosidl_generator_py/xarm_msgs/srv/_linear_motor_set_pos_s.c.o[0m
[153.305s] [ 96%] [32mBuilding C object CMakeFiles/xarm_msgs__rosidl_generator_py.dir/rosidl_generator_py/xarm_msgs/srv/_plan_exec_s.c.o[0m
[153.320s] [ 96%] [32mBuilding C object CMakeFiles/xarm_msgs__rosidl_generator_py.dir/rosidl_generator_py/xarm_msgs/srv/_plan_joint_s.c.o[0m
[153.432s] [ 96%] [32mBuilding C object CMakeFiles/xarm_msgs__rosidl_generator_py.dir/rosidl_generator_py/xarm_msgs/srv/_plan_pose_s.c.o[0m
[153.676s] [ 97%] [32mBuilding C object CMakeFiles/xarm_msgs__rosidl_generator_py.dir/rosidl_generator_py/xarm_msgs/srv/_plan_single_straight_s.c.o[0m
[153.705s] [ 97%] [32mBuilding C object CMakeFiles/xarm_msgs__rosidl_generator_py.dir/rosidl_generator_py/xarm_msgs/srv/_ft_force_config_s.c.o[0m
[153.796s] [ 97%] [32mBuilding C object CMakeFiles/xarm_msgs__rosidl_generator_py.dir/rosidl_generator_py/xarm_msgs/srv/_ft_impedance_s.c.o[0m
[153.799s] [ 97%] [32mBuilding C object CMakeFiles/xarm_msgs__rosidl_generator_py.dir/rosidl_generator_py/xarm_msgs/srv/_ft_force_pid_s.c.o[0m
[153.897s] [ 97%] [32mBuilding C object CMakeFiles/xarm_msgs__rosidl_generator_py.dir/rosidl_generator_py/xarm_msgs/srv/_linear_track_back_origin_s.c.o[0m
[153.901s] [ 98%] [32mBuilding C object CMakeFiles/xarm_msgs__rosidl_generator_py.dir/rosidl_generator_py/xarm_msgs/srv/_linear_track_set_pos_s.c.o[0m
[154.389s] [ 98%] [32m[1mLinking C shared library libxarm_msgs__rosidl_generator_py.so[0m
[154.567s] [ 98%] Built target xarm_msgs__rosidl_generator_py
[154.611s] [ 98%] [32mBuilding C object CMakeFiles/xarm_msgs_s__rosidl_typesupport_fastrtps_c.dir/rosidl_generator_py/xarm_msgs/_xarm_msgs_s.ep.rosidl_typesupport_fastrtps_c.c.o[0m
[154.628s] [ 98%] [32mBuilding C object CMakeFiles/xarm_msgs_s__rosidl_typesupport_introspection_c.dir/rosidl_generator_py/xarm_msgs/_xarm_msgs_s.ep.rosidl_typesupport_introspection_c.c.o[0m
[154.629s] [ 99%] [32mBuilding C object CMakeFiles/xarm_msgs_s__rosidl_typesupport_c.dir/rosidl_generator_py/xarm_msgs/_xarm_msgs_s.ep.rosidl_typesupport_c.c.o[0m
[155.558s] [ 99%] [32m[1mLinking C shared module rosidl_generator_py/xarm_msgs/xarm_msgs_s__rosidl_typesupport_fastrtps_c.so[0m
[155.657s] [ 99%] Built target xarm_msgs_s__rosidl_typesupport_fastrtps_c
[155.874s] [100%] [32m[1mLinking C shared module rosidl_generator_py/xarm_msgs/xarm_msgs_s__rosidl_typesupport_introspection_c.so[0m
[155.886s] [100%] [32m[1mLinking C shared module rosidl_generator_py/xarm_msgs/xarm_msgs_s__rosidl_typesupport_c.so[0m
[155.974s] [100%] Built target xarm_msgs_s__rosidl_typesupport_c
[155.986s] [100%] Built target xarm_msgs_s__rosidl_typesupport_introspection_c
[156.023s] Invoked command in '/home/catcyber02/Mobile-Robots-2026-1/build/xarm_msgs' returned '0': CMAKE_PREFIX_PATH=${CMAKE_PREFIX_PATH}:/home/catcyber02/Mobile-Robots-2026-1/ros2_ws/install/uf_ros_lib:/home/catcyber02/Mobile-Robots-2026-1/ros2_ws/install/simple_move:/opt/ros/jazzy DEBUGINFOD_URLS=https://debuginfod.ubuntu.com /usr/bin/cmake --build /home/catcyber02/Mobile-Robots-2026-1/build/xarm_msgs -- -j8 -l8
[156.026s] Invoking command in '/home/catcyber02/Mobile-Robots-2026-1/build/xarm_msgs': CMAKE_PREFIX_PATH=${CMAKE_PREFIX_PATH}:/home/catcyber02/Mobile-Robots-2026-1/ros2_ws/install/uf_ros_lib:/home/catcyber02/Mobile-Robots-2026-1/ros2_ws/install/simple_move:/opt/ros/jazzy DEBUGINFOD_URLS=https://debuginfod.ubuntu.com /usr/bin/cmake --install /home/catcyber02/Mobile-Robots-2026-1/build/xarm_msgs
[156.048s] -- Install configuration: ""
[156.048s] -- Installing: /home/catcyber02/Mobile-Robots-2026-1/install/xarm_msgs/share/ament_index/resource_index/rosidl_interfaces/xarm_msgs
[156.049s] -- Installing: /home/catcyber02/Mobile-Robots-2026-1/install/xarm_msgs/share/xarm_msgs/msg/RobotMsg.json
[156.049s] -- Installing: /home/catcyber02/Mobile-Robots-2026-1/install/xarm_msgs/share/xarm_msgs/msg/IOState.json
[156.050s] -- Installing: /home/catcyber02/Mobile-Robots-2026-1/install/xarm_msgs/share/xarm_msgs/msg/CIOState.json
[156.050s] -- Installing: /home/catcyber02/Mobile-Robots-2026-1/install/xarm_msgs/share/xarm_msgs/msg/MoveVelocity.json
[156.050s] -- Installing: /home/catcyber02/Mobile-Robots-2026-1/install/xarm_msgs/share/xarm_msgs/srv/BioGripperCtrl.json
[156.051s] -- Installing: /home/catcyber02/Mobile-Robots-2026-1/install/xarm_msgs/share/xarm_msgs/srv/BioGripperEnable.json
[156.051s] -- Installing: /home/catcyber02/Mobile-Robots-2026-1/install/xarm_msgs/share/xarm_msgs/srv/Call.json
[156.051s] -- Installing: /home/catcyber02/Mobile-Robots-2026-1/install/xarm_msgs/share/xarm_msgs/srv/GetAnalogIO.json
[156.052s] -- Installing: /home/catcyber02/Mobile-Robots-2026-1/install/xarm_msgs/share/xarm_msgs/srv/GetDigitalIO.json
[156.052s] -- Installing: /home/catcyber02/Mobile-Robots-2026-1/install/xarm_msgs/share/xarm_msgs/srv/GetFloat32.json
[156.052s] -- Installing: /home/catcyber02/Mobile-Robots-2026-1/install/xarm_msgs/share/xarm_msgs/srv/GetFloat32List.json
[156.053s] -- Installing: /home/catcyber02/Mobile-Robots-2026-1/install/xarm_msgs/share/xarm_msgs/srv/GetInt16.json
[156.053s] -- Installing: /home/catcyber02/Mobile-Robots-2026-1/install/xarm_msgs/share/xarm_msgs/srv/GetInt16List.json
[156.053s] -- Installing: /home/catcyber02/Mobile-Robots-2026-1/install/xarm_msgs/share/xarm_msgs/srv/GetInt32.json
[156.054s] -- Installing: /home/catcyber02/Mobile-Robots-2026-1/install/xarm_msgs/share/xarm_msgs/srv/GetInt32ByType.json
[156.054s] -- Installing: /home/catcyber02/Mobile-Robots-2026-1/install/xarm_msgs/share/xarm_msgs/srv/GetSetModbusData.json
[156.054s] -- Installing: /home/catcyber02/Mobile-Robots-2026-1/install/xarm_msgs/share/xarm_msgs/srv/GripperMove.json
[156.055s] -- Installing: /home/catcyber02/Mobile-Robots-2026-1/install/xarm_msgs/share/xarm_msgs/srv/MoveCartesian.json
[156.055s] -- Installing: /home/catcyber02/Mobile-Robots-2026-1/install/xarm_msgs/share/xarm_msgs/srv/MoveCircle.json
[156.055s] -- Installing: /home/catcyber02/Mobile-Robots-2026-1/install/xarm_msgs/share/xarm_msgs/srv/MoveHome.json
[156.056s] -- Installing: /home/catcyber02/Mobile-Robots-2026-1/install/xarm_msgs/share/xarm_msgs/srv/MoveJoint.json
[156.056s] -- Installing: /home/catcyber02/Mobile-Robots-2026-1/install/xarm_msgs/share/xarm_msgs/srv/MoveVelocity.json
[156.056s] -- Installing: /home/catcyber02/Mobile-Robots-2026-1/install/xarm_msgs/share/xarm_msgs/srv/RobotiqActivate.json
[156.057s] -- Installing: /home/catcyber02/Mobile-Robots-2026-1/install/xarm_msgs/share/xarm_msgs/srv/RobotiqGetStatus.json
[156.057s] -- Installing: /home/catcyber02/Mobile-Robots-2026-1/install/xarm_msgs/share/xarm_msgs/srv/RobotiqMove.json
[156.057s] -- Installing: /home/catcyber02/Mobile-Robots-2026-1/install/xarm_msgs/share/xarm_msgs/srv/RobotiqReset.json
[156.058s] -- Installing: /home/catcyber02/Mobile-Robots-2026-1/install/xarm_msgs/share/xarm_msgs/srv/SetAnalogIO.json
[156.058s] -- Installing: /home/catcyber02/Mobile-Robots-2026-1/install/xarm_msgs/share/xarm_msgs/srv/SetDigitalIO.json
[156.059s] -- Installing: /home/catcyber02/Mobile-Robots-2026-1/install/xarm_msgs/share/xarm_msgs/srv/SetFloat32.json
[156.059s] -- Installing: /home/catcyber02/Mobile-Robots-2026-1/install/xarm_msgs/share/xarm_msgs/srv/SetFloat32List.json
[156.060s] -- Installing: /home/catcyber02/Mobile-Robots-2026-1/install/xarm_msgs/share/xarm_msgs/srv/SetInt16.json
[156.060s] -- Installing: /home/catcyber02/Mobile-Robots-2026-1/install/xarm_msgs/share/xarm_msgs/srv/SetInt16ById.json
[156.060s] -- Installing: /home/catcyber02/Mobile-Robots-2026-1/install/xarm_msgs/share/xarm_msgs/srv/SetInt16List.json
[156.061s] -- Installing: /home/catcyber02/Mobile-Robots-2026-1/install/xarm_msgs/share/xarm_msgs/srv/SetInt32.json
[156.061s] -- Installing: /home/catcyber02/Mobile-Robots-2026-1/install/xarm_msgs/share/xarm_msgs/srv/SetInt32ByType.json
[156.062s] -- Installing: /home/catcyber02/Mobile-Robots-2026-1/install/xarm_msgs/share/xarm_msgs/srv/TrajCtrl.json
[156.063s] -- Installing: /home/catcyber02/Mobile-Robots-2026-1/install/xarm_msgs/share/xarm_msgs/srv/TrajPlay.json
[156.063s] -- Installing: /home/catcyber02/Mobile-Robots-2026-1/install/xarm_msgs/share/xarm_msgs/srv/VacuumGripperCtrl.json
[156.063s] -- Installing: /home/catcyber02/Mobile-Robots-2026-1/install/xarm_msgs/share/xarm_msgs/srv/SetTcpLoad.json
[156.064s] -- Installing: /home/catcyber02/Mobile-Robots-2026-1/install/xarm_msgs/share/xarm_msgs/srv/SetModbusTimeout.json
[156.064s] -- Installing: /home/catcyber02/Mobile-Robots-2026-1/install/xarm_msgs/share/xarm_msgs/srv/IdenLoad.json
[156.065s] -- Installing: /home/catcyber02/Mobile-Robots-2026-1/install/xarm_msgs/share/xarm_msgs/srv/FtCaliLoad.json
[156.065s] -- Installing: /home/catcyber02/Mobile-Robots-2026-1/install/xarm_msgs/share/xarm_msgs/srv/FtForceParams.json
[156.066s] -- Installing: /home/catcyber02/Mobile-Robots-2026-1/install/xarm_msgs/share/xarm_msgs/srv/FtAdmittanceParams.json
[156.066s] -- Installing: /home/catcyber02/Mobile-Robots-2026-1/install/xarm_msgs/share/xarm_msgs/srv/LinearMotorBackOrigin.json
[156.067s] -- Installing: /home/catcyber02/Mobile-Robots-2026-1/install/xarm_msgs/share/xarm_msgs/srv/LinearMotorSetPos.json
[156.067s] -- Installing: /home/catcyber02/Mobile-Robots-2026-1/install/xarm_msgs/share/xarm_msgs/srv/PlanExec.json
[156.067s] -- Installing: /home/catcyber02/Mobile-Robots-2026-1/install/xarm_msgs/share/xarm_msgs/srv/PlanJoint.json
[156.068s] -- Installing: /home/catcyber02/Mobile-Robots-2026-1/install/xarm_msgs/share/xarm_msgs/srv/PlanPose.json
[156.068s] -- Installing: /home/catcyber02/Mobile-Robots-2026-1/install/xarm_msgs/share/xarm_msgs/srv/PlanSingleStraight.json
[156.069s] -- Installing: /home/catcyber02/Mobile-Robots-2026-1/install/xarm_msgs/share/xarm_msgs/srv/FtForceConfig.json
[156.069s] -- Installing: /home/catcyber02/Mobile-Robots-2026-1/install/xarm_msgs/share/xarm_msgs/srv/FtForcePid.json
[156.069s] -- Installing: /home/catcyber02/Mobile-Robots-2026-1/install/xarm_msgs/share/xarm_msgs/srv/FtImpedance.json
[156.070s] -- Installing: /home/catcyber02/Mobile-Robots-2026-1/install/xarm_msgs/share/xarm_msgs/srv/LinearTrackBackOrigin.json
[156.071s] -- Installing: /home/catcyber02/Mobile-Robots-2026-1/install/xarm_msgs/share/xarm_msgs/srv/LinearTrackSetPos.json
[156.071s] -- Installing: /home/catcyber02/Mobile-Robots-2026-1/install/xarm_msgs/include/xarm_msgs/xarm_msgs
[156.071s] -- Installing: /home/catcyber02/Mobile-Robots-2026-1/install/xarm_msgs/include/xarm_msgs/xarm_msgs/srv
[156.072s] -- Installing: /home/catcyber02/Mobile-Robots-2026-1/install/xarm_msgs/include/xarm_msgs/xarm_msgs/srv/ft_force_params.h
[156.072s] -- Installing: /home/catcyber02/Mobile-Robots-2026-1/install/xarm_msgs/include/xarm_msgs/xarm_msgs/srv/linear_track_back_origin.h
[156.073s] -- Installing: /home/catcyber02/Mobile-Robots-2026-1/install/xarm_msgs/include/xarm_msgs/xarm_msgs/srv/bio_gripper_enable.h
[156.073s] -- Installing: /home/catcyber02/Mobile-Robots-2026-1/install/xarm_msgs/include/xarm_msgs/xarm_msgs/srv/plan_joint.h
[156.073s] -- Installing: /home/catcyber02/Mobile-Robots-2026-1/install/xarm_msgs/include/xarm_msgs/xarm_msgs/srv/plan_single_straight.h
[156.074s] -- Installing: /home/catcyber02/Mobile-Robots-2026-1/install/xarm_msgs/include/xarm_msgs/xarm_msgs/srv/get_digital_io.h
[156.074s] -- Installing: /home/catcyber02/Mobile-Robots-2026-1/install/xarm_msgs/include/xarm_msgs/xarm_msgs/srv/robotiq_reset.h
[156.075s] -- Installing: /home/catcyber02/Mobile-Robots-2026-1/install/xarm_msgs/include/xarm_msgs/xarm_msgs/srv/iden_load.h
[156.075s] -- Installing: /home/catcyber02/Mobile-Robots-2026-1/install/xarm_msgs/include/xarm_msgs/xarm_msgs/srv/ft_cali_load.h
[156.075s] -- Installing: /home/catcyber02/Mobile-Robots-2026-1/install/xarm_msgs/include/xarm_msgs/xarm_msgs/srv/linear_motor_back_origin.h
[156.076s] -- Installing: /home/catcyber02/Mobile-Robots-2026-1/install/xarm_msgs/include/xarm_msgs/xarm_msgs/srv/move_home.h
[156.076s] -- Installing: /home/catcyber02/Mobile-Robots-2026-1/install/xarm_msgs/include/xarm_msgs/xarm_msgs/srv/get_float32_list.h
[156.076s] -- Installing: /home/catcyber02/Mobile-Robots-2026-1/install/xarm_msgs/include/xarm_msgs/xarm_msgs/srv/set_digital_io.h
[156.077s] -- Installing: /home/catcyber02/Mobile-Robots-2026-1/install/xarm_msgs/include/xarm_msgs/xarm_msgs/srv/traj_ctrl.h
[156.077s] -- Installing: /home/catcyber02/Mobile-Robots-2026-1/install/xarm_msgs/include/xarm_msgs/xarm_msgs/srv/plan_pose.h
[156.078s] -- Installing: /home/catcyber02/Mobile-Robots-2026-1/install/xarm_msgs/include/xarm_msgs/xarm_msgs/srv/move_cartesian.h
[156.078s] -- Installing: /home/catcyber02/Mobile-Robots-2026-1/install/xarm_msgs/include/xarm_msgs/xarm_msgs/srv/set_int16_by_id.h
[156.079s] -- Installing: /home/catcyber02/Mobile-Robots-2026-1/install/xarm_msgs/include/xarm_msgs/xarm_msgs/srv/detail
[156.079s] -- Installing: /home/catcyber02/Mobile-Robots-2026-1/install/xarm_msgs/include/xarm_msgs/xarm_msgs/srv/detail/set_int16_by_id__struct.h
[156.080s] -- Installing: /home/catcyber02/Mobile-Robots-2026-1/install/xarm_msgs/include/xarm_msgs/xarm_msgs/srv/detail/linear_motor_back_origin__type_support.c
[156.080s] -- Installing: /home/catcyber02/Mobile-Robots-2026-1/install/xarm_msgs/include/xarm_msgs/xarm_msgs/srv/detail/get_int16_list__functions.c
[156.081s] -- Installing: /home/catcyber02/Mobile-Robots-2026-1/install/xarm_msgs/include/xarm_msgs/xarm_msgs/srv/detail/move_cartesian__functions.c
[156.081s] -- Installing: /home/catcyber02/Mobile-Robots-2026-1/install/xarm_msgs/include/xarm_msgs/xarm_msgs/srv/detail/get_float32__struct.h
[156.081s] -- Installing: /home/catcyber02/Mobile-Robots-2026-1/install/xarm_msgs/include/xarm_msgs/xarm_msgs/srv/detail/move_home__functions.c
[156.082s] -- Installing: /home/catcyber02/Mobile-Robots-2026-1/install/xarm_msgs/include/xarm_msgs/xarm_msgs/srv/detail/gripper_move__struct.h
[156.082s] -- Installing: /home/catcyber02/Mobile-Robots-2026-1/install/xarm_msgs/include/xarm_msgs/xarm_msgs/srv/detail/get_set_modbus_data__struct.h
[156.083s] -- Installing: /home/catcyber02/Mobile-Robots-2026-1/install/xarm_msgs/include/xarm_msgs/xarm_msgs/srv/detail/get_int32_by_type__functions.c
[156.083s] -- Installing: /home/catcyber02/Mobile-Robots-2026-1/install/xarm_msgs/include/xarm_msgs/xarm_msgs/srv/detail/plan_pose__type_support.h
[156.084s] -- Installing: /home/catcyber02/Mobile-Robots-2026-1/install/xarm_msgs/include/xarm_msgs/xarm_msgs/srv/detail/robotiq_get_status__struct.h
[156.084s] -- Installing: /home/catcyber02/Mobile-Robots-2026-1/install/xarm_msgs/include/xarm_msgs/xarm_msgs/srv/detail/get_set_modbus_data__functions.h
[156.085s] -- Installing: /home/catcyber02/Mobile-Robots-2026-1/install/xarm_msgs/include/xarm_msgs/xarm_msgs/srv/detail/get_digital_io__functions.h
[156.085s] -- Installing: /home/catcyber02/Mobile-Robots-2026-1/install/xarm_msgs/include/xarm_msgs/xarm_msgs/srv/detail/move_velocity__functions.h
[156.086s] -- Installing: /home/catcyber02/Mobile-Robots-2026-1/install/xarm_msgs/include/xarm_msgs/xarm_msgs/srv/detail/get_float32_list__description.c
[156.086s] -- Installing: /home/catcyber02/Mobile-Robots-2026-1/install/xarm_msgs/include/xarm_msgs/xarm_msgs/srv/detail/get_set_modbus_data__type_support.c
[156.086s] -- Installing: /home/catcyber02/Mobile-Robots-2026-1/install/xarm_msgs/include/xarm_msgs/xarm_msgs/srv/detail/ft_force_config__struct.h
[156.087s] -- Installing: /home/catcyber02/Mobile-Robots-2026-1/install/xarm_msgs/include/xarm_msgs/xarm_msgs/srv/detail/vacuum_gripper_ctrl__functions.h
[156.087s] -- Installing: /home/catcyber02/Mobile-Robots-2026-1/install/xarm_msgs/include/xarm_msgs/xarm_msgs/srv/detail/ft_cali_load__functions.c
[156.088s] -- Installing: /home/catcyber02/Mobile-Robots-2026-1/install/xarm_msgs/include/xarm_msgs/xarm_msgs/srv/detail/plan_pose__type_support.c
[156.088s] -- Installing: /home/catcyber02/Mobile-Robots-2026-1/install/xarm_msgs/include/xarm_msgs/xarm_msgs/srv/detail/linear_track_back_origin__description.c
[156.088s] -- Installing: /home/catcyber02/Mobile-Robots-2026-1/install/xarm_msgs/include/xarm_msgs/xarm_msgs/srv/detail/iden_load__functions.c
[156.089s] -- Installing: /home/catcyber02/Mobile-Robots-2026-1/install/xarm_msgs/include/xarm_msgs/xarm_msgs/srv/detail/get_int32__struct.h
[156.089s] -- Installing: /home/catcyber02/Mobile-Robots-2026-1/install/xarm_msgs/include/xarm_msgs/xarm_msgs/srv/detail/move_cartesian__description.c
[156.090s] -- Installing: /home/catcyber02/Mobile-Robots-2026-1/install/xarm_msgs/include/xarm_msgs/xarm_msgs/srv/detail/plan_joint__functions.c
[156.090s] -- Installing: /home/catcyber02/Mobile-Robots-2026-1/install/xarm_msgs/include/xarm_msgs/xarm_msgs/srv/detail/bio_gripper_ctrl__type_support.c
[156.090s] -- Installing: /home/catcyber02/Mobile-Robots-2026-1/install/xarm_msgs/include/xarm_msgs/xarm_msgs/srv/detail/set_modbus_timeout__type_support.h
[156.091s] -- Installing: /home/catcyber02/Mobile-Robots-2026-1/install/xarm_msgs/include/xarm_msgs/xarm_msgs/srv/detail/plan_single_straight__type_support.h
[156.091s] -- Installing: /home/catcyber02/Mobile-Robots-2026-1/install/xarm_msgs/include/xarm_msgs/xarm_msgs/srv/detail/get_int32_by_type__type_support.c
[156.092s] -- Installing: /home/catcyber02/Mobile-Robots-2026-1/install/xarm_msgs/include/xarm_msgs/xarm_msgs/srv/detail/robotiq_activate__functions.c
[156.092s] -- Installing: /home/catcyber02/Mobile-Robots-2026-1/install/xarm_msgs/include/xarm_msgs/xarm_msgs/srv/detail/ft_admittance_params__description.c
[156.092s] -- Installing: /home/catcyber02/Mobile-Robots-2026-1/install/xarm_msgs/include/xarm_msgs/xarm_msgs/srv/detail/get_int16_list__type_support.h
[156.093s] -- Installing: /home/catcyber02/Mobile-Robots-2026-1/install/xarm_msgs/include/xarm_msgs/xarm_msgs/srv/detail/plan_exec__functions.h
[156.093s] -- Installing: /home/catcyber02/Mobile-Robots-2026-1/install/xarm_msgs/include/xarm_msgs/xarm_msgs/srv/detail/get_digital_io__struct.h
[156.094s] -- Installing: /home/catcyber02/Mobile-Robots-2026-1/install/xarm_msgs/include/xarm_msgs/xarm_msgs/srv/detail/get_digital_io__type_support.h
[156.094s] -- Installing: /home/catcyber02/Mobile-Robots-2026-1/install/xarm_msgs/include/xarm_msgs/xarm_msgs/srv/detail/robotiq_move__type_support.h
[156.094s] -- Installing: /home/catcyber02/Mobile-Robots-2026-1/install/xarm_msgs/include/xarm_msgs/xarm_msgs/srv/detail/set_digital_io__functions.c
[156.095s] -- Installing: /home/catcyber02/Mobile-Robots-2026-1/install/xarm_msgs/include/xarm_msgs/xarm_msgs/srv/detail/set_tcp_load__functions.h
[156.095s] -- Installing: /home/catcyber02/Mobile-Robots-2026-1/install/xarm_msgs/include/xarm_msgs/xarm_msgs/srv/detail/robotiq_reset__type_support.c
[156.096s] -- Installing: /home/catcyber02/Mobile-Robots-2026-1/install/xarm_msgs/include/xarm_msgs/xarm_msgs/srv/detail/bio_gripper_enable__description.c
[156.096s] -- Installing: /home/catcyber02/Mobile-Robots-2026-1/install/xarm_msgs/include/xarm_msgs/xarm_msgs/srv/detail/set_analog_io__description.c
[156.098s] -- Installing: /home/catcyber02/Mobile-Robots-2026-1/install/xarm_msgs/include/xarm_msgs/xarm_msgs/srv/detail/get_int32_by_type__functions.h
[156.098s] -- Installing: /home/catcyber02/Mobile-Robots-2026-1/install/xarm_msgs/include/xarm_msgs/xarm_msgs/srv/detail/set_int32__struct.h
[156.099s] -- Installing: /home/catcyber02/Mobile-Robots-2026-1/install/xarm_msgs/include/xarm_msgs/xarm_msgs/srv/detail/set_analog_io__struct.h
[156.099s] -- Installing: /home/catcyber02/Mobile-Robots-2026-1/install/xarm_msgs/include/xarm_msgs/xarm_msgs/srv/detail/ft_impedance__functions.c
[156.100s] -- Installing: /home/catcyber02/Mobile-Robots-2026-1/install/xarm_msgs/include/xarm_msgs/xarm_msgs/srv/detail/ft_force_config__functions.c
[156.100s] -- Installing: /home/catcyber02/Mobile-Robots-2026-1/install/xarm_msgs/include/xarm_msgs/xarm_msgs/srv/detail/get_float32_list__type_support.c
[156.101s] -- Installing: /home/catcyber02/Mobile-Robots-2026-1/install/xarm_msgs/include/xarm_msgs/xarm_msgs/srv/detail/plan_joint__type_support.c
[156.101s] -- Installing: /home/catcyber02/Mobile-Robots-2026-1/install/xarm_msgs/include/xarm_msgs/xarm_msgs/srv/detail/linear_motor_back_origin__description.c
[156.101s] -- Installing: /home/catcyber02/Mobile-Robots-2026-1/install/xarm_msgs/include/xarm_msgs/xarm_msgs/srv/detail/bio_gripper_ctrl__struct.h
[156.102s] -- Installing: /home/catcyber02/Mobile-Robots-2026-1/install/xarm_msgs/include/xarm_msgs/xarm_msgs/srv/detail/call__type_support.c
[156.102s] -- Installing: /home/catcyber02/Mobile-Robots-2026-1/install/xarm_msgs/include/xarm_msgs/xarm_msgs/srv/detail/ft_admittance_params__functions.h
[156.102s] -- Installing: /home/catcyber02/Mobile-Robots-2026-1/install/xarm_msgs/include/xarm_msgs/xarm_msgs/srv/detail/robotiq_move__functions.h
[156.103s] -- Installing: /home/catcyber02/Mobile-Robots-2026-1/install/xarm_msgs/include/xarm_msgs/xarm_msgs/srv/detail/set_int32__type_support.h
[156.103s] -- Installing: /home/catcyber02/Mobile-Robots-2026-1/install/xarm_msgs/include/xarm_msgs/xarm_msgs/srv/detail/move_circle__type_support.h
[156.103s] -- Installing: /home/catcyber02/Mobile-Robots-2026-1/install/xarm_msgs/include/xarm_msgs/xarm_msgs/srv/detail/bio_gripper_ctrl__functions.c
[156.103s] -- Installing: /home/catcyber02/Mobile-Robots-2026-1/install/xarm_msgs/include/xarm_msgs/xarm_msgs/srv/detail/linear_motor_back_origin__functions.h
[156.103s] -- Installing: /home/catcyber02/Mobile-Robots-2026-1/install/xarm_msgs/include/xarm_msgs/xarm_msgs/srv/detail/plan_single_straight__struct.h
[156.103s] -- Installing: /home/catcyber02/Mobile-Robots-2026-1/install/xarm_msgs/include/xarm_msgs/xarm_msgs/srv/detail/bio_gripper_enable__functions.c
[156.104s] -- Installing: /home/catcyber02/Mobile-Robots-2026-1/install/xarm_msgs/include/xarm_msgs/xarm_msgs/srv/detail/set_int32_by_type__description.c
[156.104s] -- Installing: /home/catcyber02/Mobile-Robots-2026-1/install/xarm_msgs/include/xarm_msgs/xarm_msgs/srv/detail/set_int32__functions.h
[156.104s] -- Installing: /home/catcyber02/Mobile-Robots-2026-1/install/xarm_msgs/include/xarm_msgs/xarm_msgs/srv/detail/get_analog_io__functions.c
[156.104s] -- Installing: /home/catcyber02/Mobile-Robots-2026-1/install/xarm_msgs/include/xarm_msgs/xarm_msgs/srv/detail/move_home__description.c
[156.104s] -- Installing: /home/catcyber02/Mobile-Robots-2026-1/install/xarm_msgs/include/xarm_msgs/xarm_msgs/srv/detail/get_digital_io__functions.c
[156.105s] -- Installing: /home/catcyber02/Mobile-Robots-2026-1/install/xarm_msgs/include/xarm_msgs/xarm_msgs/srv/detail/ft_force_config__description.c
[156.105s] -- Installing: /home/catcyber02/Mobile-Robots-2026-1/install/xarm_msgs/include/xarm_msgs/xarm_msgs/srv/detail/move_joint__functions.h
[156.105s] -- Installing: /home/catcyber02/Mobile-Robots-2026-1/install/xarm_msgs/include/xarm_msgs/xarm_msgs/srv/detail/set_tcp_load__functions.c
[156.105s] -- Installing: /home/catcyber02/Mobile-Robots-2026-1/install/xarm_msgs/include/xarm_msgs/xarm_msgs/srv/detail/get_analog_io__type_support.h
[156.105s] -- Installing: /home/catcyber02/Mobile-Robots-2026-1/install/xarm_msgs/include/xarm_msgs/xarm_msgs/srv/detail/robotiq_move__description.c
[156.106s] -- Installing: /home/catcyber02/Mobile-Robots-2026-1/install/xarm_msgs/include/xarm_msgs/xarm_msgs/srv/detail/traj_ctrl__type_support.c
[156.106s] -- Installing: /home/catcyber02/Mobile-Robots-2026-1/install/xarm_msgs/include/xarm_msgs/xarm_msgs/srv/detail/linear_motor_back_origin__type_support.h
[156.106s] -- Installing: /home/catcyber02/Mobile-Robots-2026-1/install/xarm_msgs/include/xarm_msgs/xarm_msgs/srv/detail/set_int16_list__struct.h
[156.106s] -- Installing: /home/catcyber02/Mobile-Robots-2026-1/install/xarm_msgs/include/xarm_msgs/xarm_msgs/srv/detail/bio_gripper_ctrl__type_support.h
[156.106s] -- Installing: /home/catcyber02/Mobile-Robots-2026-1/install/xarm_msgs/include/xarm_msgs/xarm_msgs/srv/detail/move_cartesian__type_support.h
[156.107s] -- Installing: /home/catcyber02/Mobile-Robots-2026-1/install/xarm_msgs/include/xarm_msgs/xarm_msgs/srv/detail/ft_force_config__type_support.h
[156.107s] -- Installing: /home/catcyber02/Mobile-Robots-2026-1/install/xarm_msgs/include/xarm_msgs/xarm_msgs/srv/detail/traj_ctrl__type_support.h
[156.107s] -- Installing: /home/catcyber02/Mobile-Robots-2026-1/install/xarm_msgs/include/xarm_msgs/xarm_msgs/srv/detail/get_int16__description.c
[156.107s] -- Installing: /home/catcyber02/Mobile-Robots-2026-1/install/xarm_msgs/include/xarm_msgs/xarm_msgs/srv/detail/gripper_move__type_support.c
[156.107s] -- Installing: /home/catcyber02/Mobile-Robots-2026-1/install/xarm_msgs/include/xarm_msgs/xarm_msgs/srv/detail/linear_motor_set_pos__type_support.h
[156.108s] -- Installing: /home/catcyber02/Mobile-Robots-2026-1/install/xarm_msgs/include/xarm_msgs/xarm_msgs/srv/detail/traj_play__description.c
[156.108s] -- Installing: /home/catcyber02/Mobile-Robots-2026-1/install/xarm_msgs/include/xarm_msgs/xarm_msgs/srv/detail/linear_track_back_origin__functions.h
[156.108s] -- Installing: /home/catcyber02/Mobile-Robots-2026-1/install/xarm_msgs/include/xarm_msgs/xarm_msgs/srv/detail/plan_pose__description.c
[156.108s] -- Installing: /home/catcyber02/Mobile-Robots-2026-1/install/xarm_msgs/include/xarm_msgs/xarm_msgs/srv/detail/get_digital_io__description.c
[156.108s] -- Installing: /home/catcyber02/Mobile-Robots-2026-1/install/xarm_msgs/include/xarm_msgs/xarm_msgs/srv/detail/traj_play__type_support.h
[156.108s] -- Installing: /home/catcyber02/Mobile-Robots-2026-1/install/xarm_msgs/include/xarm_msgs/xarm_msgs/srv/detail/ft_cali_load__type_support.c
[156.109s] -- Installing: /home/catcyber02/Mobile-Robots-2026-1/install/xarm_msgs/include/xarm_msgs/xarm_msgs/srv/detail/set_int16_list__description.c
[156.109s] -- Installing: /home/catcyber02/Mobile-Robots-2026-1/install/xarm_msgs/include/xarm_msgs/xarm_msgs/srv/detail/set_int32__functions.c
[156.109s] -- Installing: /home/catcyber02/Mobile-Robots-2026-1/install/xarm_msgs/include/xarm_msgs/xarm_msgs/srv/detail/ft_force_params__type_support.h
[156.109s] -- Installing: /home/catcyber02/Mobile-Robots-2026-1/install/xarm_msgs/include/xarm_msgs/xarm_msgs/srv/detail/move_velocity__type_support.h
[156.109s] -- Installing: /home/catcyber02/Mobile-Robots-2026-1/install/xarm_msgs/include/xarm_msgs/xarm_msgs/srv/detail/ft_force_params__type_support.c
[156.110s] -- Installing: /home/catcyber02/Mobile-Robots-2026-1/install/xarm_msgs/include/xarm_msgs/xarm_msgs/srv/detail/get_int16__functions.c
[156.110s] -- Installing: /home/catcyber02/Mobile-Robots-2026-1/install/xarm_msgs/include/xarm_msgs/xarm_msgs/srv/detail/set_int16_by_id__functions.c
[156.110s] -- Installing: /home/catcyber02/Mobile-Robots-2026-1/install/xarm_msgs/include/xarm_msgs/xarm_msgs/srv/detail/get_int16_list__type_support.c
[156.110s] -- Installing: /home/catcyber02/Mobile-Robots-2026-1/install/xarm_msgs/include/xarm_msgs/xarm_msgs/srv/detail/set_float32_list__struct.h
[156.110s] -- Installing: /home/catcyber02/Mobile-Robots-2026-1/install/xarm_msgs/include/xarm_msgs/xarm_msgs/srv/detail/plan_pose__functions.h
[156.111s] -- Installing: /home/catcyber02/Mobile-Robots-2026-1/install/xarm_msgs/include/xarm_msgs/xarm_msgs/srv/detail/move_cartesian__functions.h
[156.111s] -- Installing: /home/catcyber02/Mobile-Robots-2026-1/install/xarm_msgs/include/xarm_msgs/xarm_msgs/srv/detail/linear_motor_back_origin__functions.c
[156.111s] -- Installing: /home/catcyber02/Mobile-Robots-2026-1/install/xarm_msgs/include/xarm_msgs/xarm_msgs/srv/detail/move_joint__description.c
[156.111s] -- Installing: /home/catcyber02/Mobile-Robots-2026-1/install/xarm_msgs/include/xarm_msgs/xarm_msgs/srv/detail/ft_cali_load__description.c
[156.111s] -- Installing: /home/catcyber02/Mobile-Robots-2026-1/install/xarm_msgs/include/xarm_msgs/xarm_msgs/srv/detail/plan_single_straight__functions.c
[156.112s] -- Installing: /home/catcyber02/Mobile-Robots-2026-1/install/xarm_msgs/include/xarm_msgs/xarm_msgs/srv/detail/ft_impedance__struct.h
[156.112s] -- Installing: /home/catcyber02/Mobile-Robots-2026-1/install/xarm_msgs/include/xarm_msgs/xarm_msgs/srv/detail/ft_impedance__type_support.c
[156.112s] -- Installing: /home/catcyber02/Mobile-Robots-2026-1/install/xarm_msgs/include/xarm_msgs/xarm_msgs/srv/detail/call__functions.h
[156.112s] -- Installing: /home/catcyber02/Mobile-Robots-2026-1/install/xarm_msgs/include/xarm_msgs/xarm_msgs/srv/detail/set_float32_list__type_support.h
[156.112s] -- Installing: /home/catcyber02/Mobile-Robots-2026-1/install/xarm_msgs/include/xarm_msgs/xarm_msgs/srv/detail/plan_exec__type_support.h
[156.113s] -- Installing: /home/catcyber02/Mobile-Robots-2026-1/install/xarm_msgs/include/xarm_msgs/xarm_msgs/srv/detail/linear_motor_back_origin__struct.h
[156.113s] -- Installing: /home/catcyber02/Mobile-Robots-2026-1/install/xarm_msgs/include/xarm_msgs/xarm_msgs/srv/detail/get_int32__type_support.h
[156.113s] -- Installing: /home/catcyber02/Mobile-Robots-2026-1/install/xarm_msgs/include/xarm_msgs/xarm_msgs/srv/detail/set_digital_io__functions.h
[156.113s] -- Installing: /home/catcyber02/Mobile-Robots-2026-1/install/xarm_msgs/include/xarm_msgs/xarm_msgs/srv/detail/set_int16_list__functions.h
[156.113s] -- Installing: /home/catcyber02/Mobile-Robots-2026-1/install/xarm_msgs/include/xarm_msgs/xarm_msgs/srv/detail/move_cartesian__type_support.c
[156.114s] -- Installing: /home/catcyber02/Mobile-Robots-2026-1/install/xarm_msgs/include/xarm_msgs/xarm_msgs/srv/detail/set_float32__functions.h
[156.114s] -- Installing: /home/catcyber02/Mobile-Robots-2026-1/install/xarm_msgs/include/xarm_msgs/xarm_msgs/srv/detail/set_int16_by_id__functions.h
[156.114s] -- Installing: /home/catcyber02/Mobile-Robots-2026-1/install/xarm_msgs/include/xarm_msgs/xarm_msgs/srv/detail/ft_force_pid__functions.h
[156.114s] -- Installing: /home/catcyber02/Mobile-Robots-2026-1/install/xarm_msgs/include/xarm_msgs/xarm_msgs/srv/detail/get_float32__description.c
[156.115s] -- Installing: /home/catcyber02/Mobile-Robots-2026-1/install/xarm_msgs/include/xarm_msgs/xarm_msgs/srv/detail/linear_track_back_origin__functions.c
[156.115s] -- Installing: /home/catcyber02/Mobile-Robots-2026-1/install/xarm_msgs/include/xarm_msgs/xarm_msgs/srv/detail/vacuum_gripper_ctrl__struct.h
[156.115s] -- Installing: /home/catcyber02/Mobile-Robots-2026-1/install/xarm_msgs/include/xarm_msgs/xarm_msgs/srv/detail/plan_pose__struct.h
[156.115s] -- Installing: /home/catcyber02/Mobile-Robots-2026-1/install/xarm_msgs/include/xarm_msgs/xarm_msgs/srv/detail/bio_gripper_enable__struct.h
[156.115s] -- Installing: /home/catcyber02/Mobile-Robots-2026-1/install/xarm_msgs/include/xarm_msgs/xarm_msgs/srv/detail/robotiq_get_status__type_support.h
[156.115s] -- Installing: /home/catcyber02/Mobile-Robots-2026-1/install/xarm_msgs/include/xarm_msgs/xarm_msgs/srv/detail/plan_single_straight__type_support.c
[156.116s] -- Installing: /home/catcyber02/Mobile-Robots-2026-1/install/xarm_msgs/include/xarm_msgs/xarm_msgs/srv/detail/set_tcp_load__struct.h
[156.116s] -- Installing: /home/catcyber02/Mobile-Robots-2026-1/install/xarm_msgs/include/xarm_msgs/xarm_msgs/srv/detail/robotiq_reset__description.c
[156.116s] -- Installing: /home/catcyber02/Mobile-Robots-2026-1/install/xarm_msgs/include/xarm_msgs/xarm_msgs/srv/detail/ft_force_pid__description.c
[156.116s] -- Installing: /home/catcyber02/Mobile-Robots-2026-1/install/xarm_msgs/include/xarm_msgs/xarm_msgs/srv/detail/set_analog_io__type_support.c
[156.116s] -- Installing: /home/catcyber02/Mobile-Robots-2026-1/install/xarm_msgs/include/xarm_msgs/xarm_msgs/srv/detail/iden_load__struct.h
[156.117s] -- Installing: /home/catcyber02/Mobile-Robots-2026-1/install/xarm_msgs/include/xarm_msgs/xarm_msgs/srv/detail/ft_cali_load__type_support.h
[156.117s] -- Installing: /home/catcyber02/Mobile-Robots-2026-1/install/xarm_msgs/include/xarm_msgs/xarm_msgs/srv/detail/set_tcp_load__type_support.c
[156.117s] -- Installing: /home/catcyber02/Mobile-Robots-2026-1/install/xarm_msgs/include/xarm_msgs/xarm_msgs/srv/detail/plan_joint__struct.h
[156.117s] -- Installing: /home/catcyber02/Mobile-Robots-2026-1/install/xarm_msgs/include/xarm_msgs/xarm_msgs/srv/detail/iden_load__description.c
[156.117s] -- Installing: /home/catcyber02/Mobile-Robots-2026-1/install/xarm_msgs/include/xarm_msgs/xarm_msgs/srv/detail/ft_force_pid__type_support.h
[156.117s] -- Installing: /home/catcyber02/Mobile-Robots-2026-1/install/xarm_msgs/include/xarm_msgs/xarm_msgs/srv/detail/robotiq_get_status__functions.c
[156.118s] -- Installing: /home/catcyber02/Mobile-Robots-2026-1/install/xarm_msgs/include/xarm_msgs/xarm_msgs/srv/detail/set_digital_io__type_support.c
[156.118s] -- Installing: /home/catcyber02/Mobile-Robots-2026-1/install/xarm_msgs/include/xarm_msgs/xarm_msgs/srv/detail/get_set_modbus_data__description.c
[156.118s] -- Installing: /home/catcyber02/Mobile-Robots-2026-1/install/xarm_msgs/include/xarm_msgs/xarm_msgs/srv/detail/set_digital_io__type_support.h
[156.118s] -- Installing: /home/catcyber02/Mobile-Robots-2026-1/install/xarm_msgs/include/xarm_msgs/xarm_msgs/srv/detail/set_int16_list__type_support.c
[156.119s] -- Installing: /home/catcyber02/Mobile-Robots-2026-1/install/xarm_msgs/include/xarm_msgs/xarm_msgs/srv/detail/ft_admittance_params__functions.c
[156.119s] -- Installing: /home/catcyber02/Mobile-Robots-2026-1/install/xarm_msgs/include/xarm_msgs/xarm_msgs/srv/detail/move_joint__struct.h
[156.119s] -- Installing: /home/catcyber02/Mobile-Robots-2026-1/install/xarm_msgs/include/xarm_msgs/xarm_msgs/srv/detail/call__type_support.h
[156.119s] -- Installing: /home/catcyber02/Mobile-Robots-2026-1/install/xarm_msgs/include/xarm_msgs/xarm_msgs/srv/detail/ft_force_params__functions.c
[156.119s] -- Installing: /home/catcyber02/Mobile-Robots-2026-1/install/xarm_msgs/include/xarm_msgs/xarm_msgs/srv/detail/get_int16__type_support.c
[156.120s] -- Installing: /home/catcyber02/Mobile-Robots-2026-1/install/xarm_msgs/include/xarm_msgs/xarm_msgs/srv/detail/set_int16__functions.c
[156.120s] -- Installing: /home/catcyber02/Mobile-Robots-2026-1/install/xarm_msgs/include/xarm_msgs/xarm_msgs/srv/detail/set_tcp_load__description.c
[156.120s] -- Installing: /home/catcyber02/Mobile-Robots-2026-1/install/xarm_msgs/include/xarm_msgs/xarm_msgs/srv/detail/get_int32__functions.h
[156.120s] -- Installing: /home/catcyber02/Mobile-Robots-2026-1/install/xarm_msgs/include/xarm_msgs/xarm_msgs/srv/detail/set_tcp_load__type_support.h
[156.121s] -- Installing: /home/catcyber02/Mobile-Robots-2026-1/install/xarm_msgs/include/xarm_msgs/xarm_msgs/srv/detail/gripper_move__type_support.h
[156.121s] -- Installing: /home/catcyber02/Mobile-Robots-2026-1/install/xarm_msgs/include/xarm_msgs/xarm_msgs/srv/detail/set_int16_by_id__description.c
[156.121s] -- Installing: /home/catcyber02/Mobile-Robots-2026-1/install/xarm_msgs/include/xarm_msgs/xarm_msgs/srv/detail/linear_track_back_origin__type_support.h
[156.121s] -- Installing: /home/catcyber02/Mobile-Robots-2026-1/install/xarm_msgs/include/xarm_msgs/xarm_msgs/srv/detail/gripper_move__functions.h
[156.122s] -- Installing: /home/catcyber02/Mobile-Robots-2026-1/install/xarm_msgs/include/xarm_msgs/xarm_msgs/srv/detail/bio_gripper_enable__type_support.h
[156.122s] -- Installing: /home/catcyber02/Mobile-Robots-2026-1/install/xarm_msgs/include/xarm_msgs/xarm_msgs/srv/detail/traj_play__struct.h
[156.122s] -- Installing: /home/catcyber02/Mobile-Robots-2026-1/install/xarm_msgs/include/xarm_msgs/xarm_msgs/srv/detail/move_home__struct.h
[156.122s] -- Installing: /home/catcyber02/Mobile-Robots-2026-1/install/xarm_msgs/include/xarm_msgs/xarm_msgs/srv/detail/linear_track_set_pos__type_support.h
[156.122s] -- Installing: /home/catcyber02/Mobile-Robots-2026-1/install/xarm_msgs/include/xarm_msgs/xarm_msgs/srv/detail/set_int32_by_type__functions.h
[156.123s] -- Installing: /home/catcyber02/Mobile-Robots-2026-1/install/xarm_msgs/include/xarm_msgs/xarm_msgs/srv/detail/get_float32__functions.c
[156.123s] -- Installing: /home/catcyber02/Mobile-Robots-2026-1/install/xarm_msgs/include/xarm_msgs/xarm_msgs/srv/detail/set_int16_by_id__type_support.h
[156.123s] -- Installing: /home/catcyber02/Mobile-Robots-2026-1/install/xarm_msgs/include/xarm_msgs/xarm_msgs/srv/detail/get_int16_list__description.c
[156.123s] -- Installing: /home/catcyber02/Mobile-Robots-2026-1/install/xarm_msgs/include/xarm_msgs/xarm_msgs/srv/detail/get_int16__struct.h
[156.124s] -- Installing: /home/catcyber02/Mobile-Robots-2026-1/install/xarm_msgs/include/xarm_msgs/xarm_msgs/srv/detail/robotiq_activate__type_support.c
[156.124s] -- Installing: /home/catcyber02/Mobile-Robots-2026-1/install/xarm_msgs/include/xarm_msgs/xarm_msgs/srv/detail/robotiq_reset__functions.c
[156.124s] -- Installing: /home/catcyber02/Mobile-Robots-2026-1/install/xarm_msgs/include/xarm_msgs/xarm_msgs/srv/detail/linear_motor_set_pos__description.c
[156.124s] -- Installing: /home/catcyber02/Mobile-Robots-2026-1/install/xarm_msgs/include/xarm_msgs/xarm_msgs/srv/detail/vacuum_gripper_ctrl__description.c
[156.125s] -- Installing: /home/catcyber02/Mobile-Robots-2026-1/install/xarm_msgs/include/xarm_msgs/xarm_msgs/srv/detail/linear_track_set_pos__functions.h
[156.125s] -- Installing: /home/catcyber02/Mobile-Robots-2026-1/install/xarm_msgs/include/xarm_msgs/xarm_msgs/srv/detail/set_int32__description.c
[156.125s] -- Installing: /home/catcyber02/Mobile-Robots-2026-1/install/xarm_msgs/include/xarm_msgs/xarm_msgs/srv/detail/gripper_move__functions.c
[156.125s] -- Installing: /home/catcyber02/Mobile-Robots-2026-1/install/xarm_msgs/include/xarm_msgs/xarm_msgs/srv/detail/set_modbus_timeout__struct.h
[156.125s] -- Installing: /home/catcyber02/Mobile-Robots-2026-1/install/xarm_msgs/include/xarm_msgs/xarm_msgs/srv/detail/set_digital_io__description.c
[156.126s] -- Installing: /home/catcyber02/Mobile-Robots-2026-1/install/xarm_msgs/include/xarm_msgs/xarm_msgs/srv/detail/robotiq_move__type_support.c
[156.126s] -- Installing: /home/catcyber02/Mobile-Robots-2026-1/install/xarm_msgs/include/xarm_msgs/xarm_msgs/srv/detail/traj_ctrl__struct.h
[156.126s] -- Installing: /home/catcyber02/Mobile-Robots-2026-1/install/xarm_msgs/include/xarm_msgs/xarm_msgs/srv/detail/call__description.c
[156.126s] -- Installing: /home/catcyber02/Mobile-Robots-2026-1/install/xarm_msgs/include/xarm_msgs/xarm_msgs/srv/detail/set_float32_list__type_support.c
[156.127s] -- Installing: /home/catcyber02/Mobile-Robots-2026-1/install/xarm_msgs/include/xarm_msgs/xarm_msgs/srv/detail/set_float32__functions.c
[156.127s] -- Installing: /home/catcyber02/Mobile-Robots-2026-1/install/xarm_msgs/include/xarm_msgs/xarm_msgs/srv/detail/set_int32__type_support.c
[156.127s] -- Installing: /home/catcyber02/Mobile-Robots-2026-1/install/xarm_msgs/include/xarm_msgs/xarm_msgs/srv/detail/traj_play__functions.h
[156.127s] -- Installing: /home/catcyber02/Mobile-Robots-2026-1/install/xarm_msgs/include/xarm_msgs/xarm_msgs/srv/detail/linear_track_set_pos__functions.c
[156.128s] -- Installing: /home/catcyber02/Mobile-Robots-2026-1/install/xarm_msgs/include/xarm_msgs/xarm_msgs/srv/detail/set_int16__type_support.h
[156.128s] -- Installing: /home/catcyber02/Mobile-Robots-2026-1/install/xarm_msgs/include/xarm_msgs/xarm_msgs/srv/detail/set_analog_io__functions.h
[156.128s] -- Installing: /home/catcyber02/Mobile-Robots-2026-1/install/xarm_msgs/include/xarm_msgs/xarm_msgs/srv/detail/get_int32__type_support.c
[156.128s] -- Installing: /home/catcyber02/Mobile-Robots-2026-1/install/xarm_msgs/include/xarm_msgs/xarm_msgs/srv/detail/get_analog_io__struct.h
[156.129s] -- Installing: /home/catcyber02/Mobile-Robots-2026-1/install/xarm_msgs/include/xarm_msgs/xarm_msgs/srv/detail/set_analog_io__type_support.h
[156.129s] -- Installing: /home/catcyber02/Mobile-Robots-2026-1/install/xarm_msgs/include/xarm_msgs/xarm_msgs/srv/detail/ft_admittance_params__type_support.h
[156.129s] -- Installing: /home/catcyber02/Mobile-Robots-2026-1/install/xarm_msgs/include/xarm_msgs/xarm_msgs/srv/detail/ft_cali_load__functions.h
[156.129s] -- Installing: /home/catcyber02/Mobile-Robots-2026-1/install/xarm_msgs/include/xarm_msgs/xarm_msgs/srv/detail/robotiq_get_status__description.c
[156.130s] -- Installing: /home/catcyber02/Mobile-Robots-2026-1/install/xarm_msgs/include/xarm_msgs/xarm_msgs/srv/detail/get_int32_by_type__struct.h
[156.130s] -- Installing: /home/catcyber02/Mobile-Robots-2026-1/install/xarm_msgs/include/xarm_msgs/xarm_msgs/srv/detail/plan_single_straight__functions.h
[156.130s] -- Installing: /home/catcyber02/Mobile-Robots-2026-1/install/xarm_msgs/include/xarm_msgs/xarm_msgs/srv/detail/set_digital_io__struct.h
[156.130s] -- Installing: /home/catcyber02/Mobile-Robots-2026-1/install/xarm_msgs/include/xarm_msgs/xarm_msgs/srv/detail/linear_motor_set_pos__functions.h
[156.130s] -- Installing: /home/catcyber02/Mobile-Robots-2026-1/install/xarm_msgs/include/xarm_msgs/xarm_msgs/srv/detail/ft_admittance_params__struct.h
[156.131s] -- Installing: /home/catcyber02/Mobile-Robots-2026-1/install/xarm_msgs/include/xarm_msgs/xarm_msgs/srv/detail/get_set_modbus_data__type_support.h
[156.131s] -- Installing: /home/catcyber02/Mobile-Robots-2026-1/install/xarm_msgs/include/xarm_msgs/xarm_msgs/srv/detail/get_set_modbus_data__functions.c
[156.131s] -- Installing: /home/catcyber02/Mobile-Robots-2026-1/install/xarm_msgs/include/xarm_msgs/xarm_msgs/srv/detail/ft_force_params__struct.h
[156.131s] -- Installing: /home/catcyber02/Mobile-Robots-2026-1/install/xarm_msgs/include/xarm_msgs/xarm_msgs/srv/detail/bio_gripper_enable__functions.h
[156.132s] -- Installing: /home/catcyber02/Mobile-Robots-2026-1/install/xarm_msgs/include/xarm_msgs/xarm_msgs/srv/detail/vacuum_gripper_ctrl__functions.c
[156.132s] -- Installing: /home/catcyber02/Mobile-Robots-2026-1/install/xarm_msgs/include/xarm_msgs/xarm_msgs/srv/detail/move_circle__type_support.c
[156.132s] -- Installing: /home/catcyber02/Mobile-Robots-2026-1/install/xarm_msgs/include/xarm_msgs/xarm_msgs/srv/detail/plan_joint__functions.h
[156.132s] -- Installing: /home/catcyber02/Mobile-Robots-2026-1/install/xarm_msgs/include/xarm_msgs/xarm_msgs/srv/detail/traj_ctrl__functions.c
[156.133s] -- Installing: /home/catcyber02/Mobile-Robots-2026-1/install/xarm_msgs/include/xarm_msgs/xarm_msgs/srv/detail/set_float32__struct.h
[156.133s] -- Installing: /home/catcyber02/Mobile-Robots-2026-1/install/xarm_msgs/include/xarm_msgs/xarm_msgs/srv/detail/robotiq_get_status__type_support.c
[156.133s] -- Installing: /home/catcyber02/Mobile-Robots-2026-1/install/xarm_msgs/include/xarm_msgs/xarm_msgs/srv/detail/set_float32__type_support.c
[156.133s] -- Installing: /home/catcyber02/Mobile-Robots-2026-1/install/xarm_msgs/include/xarm_msgs/xarm_msgs/srv/detail/plan_pose__functions.c
[156.134s] -- Installing: /home/catcyber02/Mobile-Robots-2026-1/install/xarm_msgs/include/xarm_msgs/xarm_msgs/srv/detail/get_int32_by_type__description.c
[156.134s] -- Installing: /home/catcyber02/Mobile-Robots-2026-1/install/xarm_msgs/include/xarm_msgs/xarm_msgs/srv/detail/get_int32_by_type__type_support.h
[156.134s] -- Installing: /home/catcyber02/Mobile-Robots-2026-1/install/xarm_msgs/include/xarm_msgs/xarm_msgs/srv/detail/get_float32_list__struct.h
[156.134s] -- Installing: /home/catcyber02/Mobile-Robots-2026-1/install/xarm_msgs/include/xarm_msgs/xarm_msgs/srv/detail/ft_impedance__functions.h
[156.135s] -- Installing: /home/catcyber02/Mobile-Robots-2026-1/install/xarm_msgs/include/xarm_msgs/xarm_msgs/srv/detail/ft_impedance__description.c
[156.135s] -- Installing: /home/catcyber02/Mobile-Robots-2026-1/install/xarm_msgs/include/xarm_msgs/xarm_msgs/srv/detail/ft_impedance__type_support.h
[156.135s] -- Installing: /home/catcyber02/Mobile-Robots-2026-1/install/xarm_msgs/include/xarm_msgs/xarm_msgs/srv/detail/get_float32__type_support.h
[156.135s] -- Installing: /home/catcyber02/Mobile-Robots-2026-1/install/xarm_msgs/include/xarm_msgs/xarm_msgs/srv/detail/ft_force_pid__type_support.c
[156.136s] -- Installing: /home/catcyber02/Mobile-Robots-2026-1/install/xarm_msgs/include/xarm_msgs/xarm_msgs/srv/detail/set_float32__description.c
[156.136s] -- Installing: /home/catcyber02/Mobile-Robots-2026-1/install/xarm_msgs/include/xarm_msgs/xarm_msgs/srv/detail/get_analog_io__functions.h
[156.136s] -- Installing: /home/catcyber02/Mobile-Robots-2026-1/install/xarm_msgs/include/xarm_msgs/xarm_msgs/srv/detail/move_joint__type_support.c
[156.136s] -- Installing: /home/catcyber02/Mobile-Robots-2026-1/install/xarm_msgs/include/xarm_msgs/xarm_msgs/srv/detail/set_int16_list__functions.c
[156.137s] -- Installing: /home/catcyber02/Mobile-Robots-2026-1/install/xarm_msgs/include/xarm_msgs/xarm_msgs/srv/detail/vacuum_gripper_ctrl__type_support.c
[156.137s] -- Installing: /home/catcyber02/Mobile-Robots-2026-1/install/xarm_msgs/include/xarm_msgs/xarm_msgs/srv/detail/plan_joint__type_support.h
[156.137s] -- Installing: /home/catcyber02/Mobile-Robots-2026-1/install/xarm_msgs/include/xarm_msgs/xarm_msgs/srv/detail/set_float32__type_support.h
[156.137s] -- Installing: /home/catcyber02/Mobile-Robots-2026-1/install/xarm_msgs/include/xarm_msgs/xarm_msgs/srv/detail/set_modbus_timeout__type_support.c
[156.137s] -- Installing: /home/catcyber02/Mobile-Robots-2026-1/install/xarm_msgs/include/xarm_msgs/xarm_msgs/srv/detail/iden_load__type_support.c
[156.138s] -- Installing: /home/catcyber02/Mobile-Robots-2026-1/install/xarm_msgs/include/xarm_msgs/xarm_msgs/srv/detail/linear_track_back_origin__struct.h
[156.138s] -- Installing: /home/catcyber02/Mobile-Robots-2026-1/install/xarm_msgs/include/xarm_msgs/xarm_msgs/srv/detail/get_float32_list__functions.c
[156.138s] -- Installing: /home/catcyber02/Mobile-Robots-2026-1/install/xarm_msgs/include/xarm_msgs/xarm_msgs/srv/detail/get_int32__description.c
[156.139s] -- Installing: /home/catcyber02/Mobile-Robots-2026-1/install/xarm_msgs/include/xarm_msgs/xarm_msgs/srv/detail/traj_ctrl__description.c
[156.139s] -- Installing: /home/catcyber02/Mobile-Robots-2026-1/install/xarm_msgs/include/xarm_msgs/xarm_msgs/srv/detail/robotiq_activate__struct.h
[156.139s] -- Installing: /home/catcyber02/Mobile-Robots-2026-1/install/xarm_msgs/include/xarm_msgs/xarm_msgs/srv/detail/ft_force_params__functions.h
[156.139s] -- Installing: /home/catcyber02/Mobile-Robots-2026-1/install/xarm_msgs/include/xarm_msgs/xarm_msgs/srv/detail/set_int16__type_support.c
[156.139s] -- Installing: /home/catcyber02/Mobile-Robots-2026-1/install/xarm_msgs/include/xarm_msgs/xarm_msgs/srv/detail/get_analog_io__type_support.c
[156.140s] -- Installing: /home/catcyber02/Mobile-Robots-2026-1/install/xarm_msgs/include/xarm_msgs/xarm_msgs/srv/detail/robotiq_get_status__functions.h
[156.140s] -- Installing: /home/catcyber02/Mobile-Robots-2026-1/install/xarm_msgs/include/xarm_msgs/xarm_msgs/srv/detail/set_float32_list__functions.c
[156.140s] -- Installing: /home/catcyber02/Mobile-Robots-2026-1/install/xarm_msgs/include/xarm_msgs/xarm_msgs/srv/detail/set_int32_by_type__struct.h
[156.140s] -- Installing: /home/catcyber02/Mobile-Robots-2026-1/install/xarm_msgs/include/xarm_msgs/xarm_msgs/srv/detail/move_home__functions.h
[156.140s] -- Installing: /home/catcyber02/Mobile-Robots-2026-1/install/xarm_msgs/include/xarm_msgs/xarm_msgs/srv/detail/get_int32__functions.c
[156.141s] -- Installing: /home/catcyber02/Mobile-Robots-2026-1/install/xarm_msgs/include/xarm_msgs/xarm_msgs/srv/detail/set_modbus_timeout__functions.c
[156.141s] -- Installing: /home/catcyber02/Mobile-Robots-2026-1/install/xarm_msgs/include/xarm_msgs/xarm_msgs/srv/detail/get_digital_io__type_support.c
[156.141s] -- Installing: /home/catcyber02/Mobile-Robots-2026-1/install/xarm_msgs/include/xarm_msgs/xarm_msgs/srv/detail/set_int32_by_type__type_support.c
[156.141s] -- Installing: /home/catcyber02/Mobile-Robots-2026-1/install/xarm_msgs/include/xarm_msgs/xarm_msgs/srv/detail/get_int16_list__functions.h
[156.142s] -- Installing: /home/catcyber02/Mobile-Robots-2026-1/install/xarm_msgs/include/xarm_msgs/xarm_msgs/srv/detail/ft_force_pid__struct.h
[156.142s] -- Installing: /home/catcyber02/Mobile-Robots-2026-1/install/xarm_msgs/include/xarm_msgs/xarm_msgs/srv/detail/set_int32_by_type__type_support.h
[156.142s] -- Installing: /home/catcyber02/Mobile-Robots-2026-1/install/xarm_msgs/include/xarm_msgs/xarm_msgs/srv/detail/set_modbus_timeout__description.c
[156.142s] -- Installing: /home/catcyber02/Mobile-Robots-2026-1/install/xarm_msgs/include/xarm_msgs/xarm_msgs/srv/detail/get_float32_list__type_support.h
[156.143s] -- Installing: /home/catcyber02/Mobile-Robots-2026-1/install/xarm_msgs/include/xarm_msgs/xarm_msgs/srv/detail/linear_track_back_origin__type_support.c
[156.143s] -- Installing: /home/catcyber02/Mobile-Robots-2026-1/install/xarm_msgs/include/xarm_msgs/xarm_msgs/srv/detail/move_cartesian__struct.h
[156.143s] -- Installing: /home/catcyber02/Mobile-Robots-2026-1/install/xarm_msgs/include/xarm_msgs/xarm_msgs/srv/detail/get_int16_list__struct.h
[156.143s] -- Installing: /home/catcyber02/Mobile-Robots-2026-1/install/xarm_msgs/include/xarm_msgs/xarm_msgs/srv/detail/call__struct.h
[156.144s] -- Installing: /home/catcyber02/Mobile-Robots-2026-1/install/xarm_msgs/include/xarm_msgs/xarm_msgs/srv/detail/plan_joint__description.c
[156.144s] -- Installing: /home/catcyber02/Mobile-Robots-2026-1/install/xarm_msgs/include/xarm_msgs/xarm_msgs/srv/detail/bio_gripper_ctrl__functions.h
[156.144s] -- Installing: /home/catcyber02/Mobile-Robots-2026-1/install/xarm_msgs/include/xarm_msgs/xarm_msgs/srv/detail/linear_track_set_pos__description.c
[156.144s] -- Installing: /home/catcyber02/Mobile-Robots-2026-1/install/xarm_msgs/include/xarm_msgs/xarm_msgs/srv/detail/move_circle__functions.c
[156.145s] -- Installing: /home/catcyber02/Mobile-Robots-2026-1/install/xarm_msgs/include/xarm_msgs/xarm_msgs/srv/detail/plan_single_straight__description.c
[156.145s] -- Installing: /home/catcyber02/Mobile-Robots-2026-1/install/xarm_msgs/include/xarm_msgs/xarm_msgs/srv/detail/robotiq_move__struct.h
[156.145s] -- Installing: /home/catcyber02/Mobile-Robots-2026-1/install/xarm_msgs/include/xarm_msgs/xarm_msgs/srv/detail/ft_force_params__description.c
[156.145s] -- Installing: /home/catcyber02/Mobile-Robots-2026-1/install/xarm_msgs/include/xarm_msgs/xarm_msgs/srv/detail/plan_exec__description.c
[156.146s] -- Installing: /home/catcyber02/Mobile-Robots-2026-1/install/xarm_msgs/include/xarm_msgs/xarm_msgs/srv/detail/set_int16__description.c
[156.146s] -- Installing: /home/catcyber02/Mobile-Robots-2026-1/install/xarm_msgs/include/xarm_msgs/xarm_msgs/srv/detail/robotiq_reset__functions.h
[156.146s] -- Installing: /home/catcyber02/Mobile-Robots-2026-1/install/xarm_msgs/include/xarm_msgs/xarm_msgs/srv/detail/move_joint__type_support.h
[156.146s] -- Installing: /home/catcyber02/Mobile-Robots-2026-1/install/xarm_msgs/include/xarm_msgs/xarm_msgs/srv/detail/set_int16_by_id__type_support.c
[156.147s] -- Installing: /home/catcyber02/Mobile-Robots-2026-1/install/xarm_msgs/include/xarm_msgs/xarm_msgs/srv/detail/get_int16__functions.h
[156.147s] -- Installing: /home/catcyber02/Mobile-Robots-2026-1/install/xarm_msgs/include/xarm_msgs/xarm_msgs/srv/detail/linear_motor_set_pos__type_support.c
[156.147s] -- Installing: /home/catcyber02/Mobile-Robots-2026-1/install/xarm_msgs/include/xarm_msgs/xarm_msgs/srv/detail/robotiq_activate__type_support.h
[156.147s] -- Installing: /home/catcyber02/Mobile-Robots-2026-1/install/xarm_msgs/include/xarm_msgs/xarm_msgs/srv/detail/move_circle__description.c
[156.148s] -- Installing: /home/catcyber02/Mobile-Robots-2026-1/install/xarm_msgs/include/xarm_msgs/xarm_msgs/srv/detail/set_int32_by_type__functions.c
[156.148s] -- Installing: /home/catcyber02/Mobile-Robots-2026-1/install/xarm_msgs/include/xarm_msgs/xarm_msgs/srv/detail/gripper_move__description.c
[156.148s] -- Installing: /home/catcyber02/Mobile-Robots-2026-1/install/xarm_msgs/include/xarm_msgs/xarm_msgs/srv/detail/set_float32_list__functions.h
[156.148s] -- Installing: /home/catcyber02/Mobile-Robots-2026-1/install/xarm_msgs/include/xarm_msgs/xarm_msgs/srv/detail/get_float32__type_support.c
[156.149s] -- Installing: /home/catcyber02/Mobile-Robots-2026-1/install/xarm_msgs/include/xarm_msgs/xarm_msgs/srv/detail/move_velocity__functions.c
[156.149s] -- Installing: /home/catcyber02/Mobile-Robots-2026-1/install/xarm_msgs/include/xarm_msgs/xarm_msgs/srv/detail/call__functions.c
[156.149s] -- Installing: /home/catcyber02/Mobile-Robots-2026-1/install/xarm_msgs/include/xarm_msgs/xarm_msgs/srv/detail/plan_exec__type_support.c
[156.150s] -- Installing: /home/catcyber02/Mobile-Robots-2026-1/install/xarm_msgs/include/xarm_msgs/xarm_msgs/srv/detail/move_velocity__description.c
[156.150s] -- Installing: /home/catcyber02/Mobile-Robots-2026-1/install/xarm_msgs/include/xarm_msgs/xarm_msgs/srv/detail/set_int16__functions.h
[156.151s] -- Installing: /home/catcyber02/Mobile-Robots-2026-1/install/xarm_msgs/include/xarm_msgs/xarm_msgs/srv/detail/move_circle__struct.h
[156.151s] -- Installing: /home/catcyber02/Mobile-Robots-2026-1/install/xarm_msgs/include/xarm_msgs/xarm_msgs/srv/detail/robotiq_activate__description.c
[156.151s] -- Installing: /home/catcyber02/Mobile-Robots-2026-1/install/xarm_msgs/include/xarm_msgs/xarm_msgs/srv/detail/plan_exec__struct.h
[156.151s] -- Installing: /home/catcyber02/Mobile-Robots-2026-1/install/xarm_msgs/include/xarm_msgs/xarm_msgs/srv/detail/robotiq_reset__type_support.h
[156.152s] -- Installing: /home/catcyber02/Mobile-Robots-2026-1/install/xarm_msgs/include/xarm_msgs/xarm_msgs/srv/detail/get_float32_list__functions.h
[156.152s] -- Installing: /home/catcyber02/Mobile-Robots-2026-1/install/xarm_msgs/include/xarm_msgs/xarm_msgs/srv/detail/set_int16_list__type_support.h
[156.152s] -- Installing: /home/catcyber02/Mobile-Robots-2026-1/install/xarm_msgs/include/xarm_msgs/xarm_msgs/srv/detail/robotiq_activate__functions.h
[156.152s] -- Installing: /home/catcyber02/Mobile-Robots-2026-1/install/xarm_msgs/include/xarm_msgs/xarm_msgs/srv/detail/ft_force_config__functions.h
[156.153s] -- Installing: /home/catcyber02/Mobile-Robots-2026-1/install/xarm_msgs/include/xarm_msgs/xarm_msgs/srv/detail/move_joint__functions.c
[156.153s] -- Installing: /home/catcyber02/Mobile-Robots-2026-1/install/xarm_msgs/include/xarm_msgs/xarm_msgs/srv/detail/linear_motor_set_pos__struct.h
[156.153s] -- Installing: /home/catcyber02/Mobile-Robots-2026-1/install/xarm_msgs/include/xarm_msgs/xarm_msgs/srv/detail/ft_cali_load__struct.h
[156.154s] -- Installing: /home/catcyber02/Mobile-Robots-2026-1/install/xarm_msgs/include/xarm_msgs/xarm_msgs/srv/detail/set_int16__struct.h
[156.154s] -- Installing: /home/catcyber02/Mobile-Robots-2026-1/install/xarm_msgs/include/xarm_msgs/xarm_msgs/srv/detail/set_analog_io__functions.c
[156.154s] -- Installing: /home/catcyber02/Mobile-Robots-2026-1/install/xarm_msgs/include/xarm_msgs/xarm_msgs/srv/detail/move_velocity__struct.h
[156.155s] -- Installing: /home/catcyber02/Mobile-Robots-2026-1/install/xarm_msgs/include/xarm_msgs/xarm_msgs/srv/detail/bio_gripper_ctrl__description.c
[156.155s] -- Installing: /home/catcyber02/Mobile-Robots-2026-1/install/xarm_msgs/include/xarm_msgs/xarm_msgs/srv/detail/move_velocity__type_support.c
[156.155s] -- Installing: /home/catcyber02/Mobile-Robots-2026-1/install/xarm_msgs/include/xarm_msgs/xarm_msgs/srv/detail/iden_load__functions.h
[156.155s] -- Installing: /home/catcyber02/Mobile-Robots-2026-1/install/xarm_msgs/include/xarm_msgs/xarm_msgs/srv/detail/move_circle__functions.h
[156.156s] -- Installing: /home/catcyber02/Mobile-Robots-2026-1/install/xarm_msgs/include/xarm_msgs/xarm_msgs/srv/detail/get_int16__type_support.h
[156.156s] -- Installing: /home/catcyber02/Mobile-Robots-2026-1/install/xarm_msgs/include/xarm_msgs/xarm_msgs/srv/detail/traj_ctrl__functions.h
[156.156s] -- Installing: /home/catcyber02/Mobile-Robots-2026-1/install/xarm_msgs/include/xarm_msgs/xarm_msgs/srv/detail/traj_play__type_support.c
[156.157s] -- Installing: /home/catcyber02/Mobile-Robots-2026-1/install/xarm_msgs/include/xarm_msgs/xarm_msgs/srv/detail/move_home__type_support.c
[156.157s] -- Installing: /home/catcyber02/Mobile-Robots-2026-1/install/xarm_msgs/include/xarm_msgs/xarm_msgs/srv/detail/ft_admittance_params__type_support.c
[156.157s] -- Installing: /home/catcyber02/Mobile-Robots-2026-1/install/xarm_msgs/include/xarm_msgs/xarm_msgs/srv/detail/linear_track_set_pos__struct.h
[156.157s] -- Installing: /home/catcyber02/Mobile-Robots-2026-1/install/xarm_msgs/include/xarm_msgs/xarm_msgs/srv/detail/vacuum_gripper_ctrl__type_support.h
[156.158s] -- Installing: /home/catcyber02/Mobile-Robots-2026-1/install/xarm_msgs/include/xarm_msgs/xarm_msgs/srv/detail/traj_play__functions.c
[156.158s] -- Installing: /home/catcyber02/Mobile-Robots-2026-1/install/xarm_msgs/include/xarm_msgs/xarm_msgs/srv/detail/bio_gripper_enable__type_support.c
[156.158s] -- Installing: /home/catcyber02/Mobile-Robots-2026-1/install/xarm_msgs/include/xarm_msgs/xarm_msgs/srv/detail/ft_force_config__type_support.c
[156.158s] -- Installing: /home/catcyber02/Mobile-Robots-2026-1/install/xarm_msgs/include/xarm_msgs/xarm_msgs/srv/detail/iden_load__type_support.h
[156.159s] -- Installing: /home/catcyber02/Mobile-Robots-2026-1/install/xarm_msgs/include/xarm_msgs/xarm_msgs/srv/detail/move_home__type_support.h
[156.159s] -- Installing: /home/catcyber02/Mobile-Robots-2026-1/install/xarm_msgs/include/xarm_msgs/xarm_msgs/srv/detail/get_float32__functions.h
[156.159s] -- Installing: /home/catcyber02/Mobile-Robots-2026-1/install/xarm_msgs/include/xarm_msgs/xarm_msgs/srv/detail/ft_force_pid__functions.c
[156.159s] -- Installing: /home/catcyber02/Mobile-Robots-2026-1/install/xarm_msgs/include/xarm_msgs/xarm_msgs/srv/detail/get_analog_io__description.c
[156.160s] -- Installing: /home/catcyber02/Mobile-Robots-2026-1/install/xarm_msgs/include/xarm_msgs/xarm_msgs/srv/detail/set_float32_list__description.c
[156.160s] -- Installing: /home/catcyber02/Mobile-Robots-2026-1/install/xarm_msgs/include/xarm_msgs/xarm_msgs/srv/detail/robotiq_move__functions.c
[156.160s] -- Installing: /home/catcyber02/Mobile-Robots-2026-1/install/xarm_msgs/include/xarm_msgs/xarm_msgs/srv/detail/set_modbus_timeout__functions.h
[156.161s] -- Installing: /home/catcyber02/Mobile-Robots-2026-1/install/xarm_msgs/include/xarm_msgs/xarm_msgs/srv/detail/linear_track_set_pos__type_support.c
[156.161s] -- Installing: /home/catcyber02/Mobile-Robots-2026-1/install/xarm_msgs/include/xarm_msgs/xarm_msgs/srv/detail/plan_exec__functions.c
[156.161s] -- Installing: /home/catcyber02/Mobile-Robots-2026-1/install/xarm_msgs/include/xarm_msgs/xarm_msgs/srv/detail/linear_motor_set_pos__functions.c
[156.161s] -- Installing: /home/catcyber02/Mobile-Robots-2026-1/install/xarm_msgs/include/xarm_msgs/xarm_msgs/srv/detail/robotiq_reset__struct.h
[156.162s] -- Installing: /home/catcyber02/Mobile-Robots-2026-1/install/xarm_msgs/include/xarm_msgs/xarm_msgs/srv/robotiq_activate.h
[156.162s] -- Installing: /home/catcyber02/Mobile-Robots-2026-1/install/xarm_msgs/include/xarm_msgs/xarm_msgs/srv/set_analog_io.h
[156.162s] -- Installing: /home/catcyber02/Mobile-Robots-2026-1/install/xarm_msgs/include/xarm_msgs/xarm_msgs/srv/get_int16_list.h
[156.163s] -- Installing: /home/catcyber02/Mobile-Robots-2026-1/install/xarm_msgs/include/xarm_msgs/xarm_msgs/srv/set_float32.h
[156.163s] -- Installing: /home/catcyber02/Mobile-Robots-2026-1/install/xarm_msgs/include/xarm_msgs/xarm_msgs/srv/set_float32_list.h
[156.163s] -- Installing: /home/catcyber02/Mobile-Robots-2026-1/install/xarm_msgs/include/xarm_msgs/xarm_msgs/srv/set_tcp_load.h
[156.163s] -- Installing: /home/catcyber02/Mobile-Robots-2026-1/install/xarm_msgs/include/xarm_msgs/xarm_msgs/srv/plan_exec.h
[156.164s] -- Installing: /home/catcyber02/Mobile-Robots-2026-1/install/xarm_msgs/include/xarm_msgs/xarm_msgs/srv/gripper_move.h
[156.164s] -- Installing: /home/catcyber02/Mobile-Robots-2026-1/install/xarm_msgs/include/xarm_msgs/xarm_msgs/srv/get_float32.h
[156.164s] -- Installing: /home/catcyber02/Mobile-Robots-2026-1/install/xarm_msgs/include/xarm_msgs/xarm_msgs/srv/move_velocity.h
[156.164s] -- Installing: /home/catcyber02/Mobile-Robots-2026-1/install/xarm_msgs/include/xarm_msgs/xarm_msgs/srv/linear_motor_set_pos.h
[156.164s] -- Installing: /home/catcyber02/Mobile-Robots-2026-1/install/xarm_msgs/include/xarm_msgs/xarm_msgs/srv/ft_force_pid.h
[156.165s] -- Installing: /home/catcyber02/Mobile-Robots-2026-1/install/xarm_msgs/include/xarm_msgs/xarm_msgs/srv/set_int32.h
[156.165s] -- Installing: /home/catcyber02/Mobile-Robots-2026-1/install/xarm_msgs/include/xarm_msgs/xarm_msgs/srv/set_modbus_timeout.h
[156.165s] -- Installing: /home/catcyber02/Mobile-Robots-2026-1/install/xarm_msgs/include/xarm_msgs/xarm_msgs/srv/get_set_modbus_data.h
[156.165s] -- Installing: /home/catcyber02/Mobile-Robots-2026-1/install/xarm_msgs/include/xarm_msgs/xarm_msgs/srv/ft_force_config.h
[156.166s] -- Installing: /home/catcyber02/Mobile-Robots-2026-1/install/xarm_msgs/include/xarm_msgs/xarm_msgs/srv/call.h
[156.166s] -- Installing: /home/catcyber02/Mobile-Robots-2026-1/install/xarm_msgs/include/xarm_msgs/xarm_msgs/srv/get_int16.h
[156.166s] -- Installing: /home/catcyber02/Mobile-Robots-2026-1/install/xarm_msgs/include/xarm_msgs/xarm_msgs/srv/move_joint.h
[156.166s] -- Installing: /home/catcyber02/Mobile-Robots-2026-1/install/xarm_msgs/include/xarm_msgs/xarm_msgs/srv/set_int16_list.h
[156.166s] -- Installing: /home/catcyber02/Mobile-Robots-2026-1/install/xarm_msgs/include/xarm_msgs/xarm_msgs/srv/robotiq_move.h
[156.167s] -- Installing: /home/catcyber02/Mobile-Robots-2026-1/install/xarm_msgs/include/xarm_msgs/xarm_msgs/srv/vacuum_gripper_ctrl.h
[156.167s] -- Installing: /home/catcyber02/Mobile-Robots-2026-1/install/xarm_msgs/include/xarm_msgs/xarm_msgs/srv/robotiq_get_status.h
[156.167s] -- Installing: /home/catcyber02/Mobile-Robots-2026-1/install/xarm_msgs/include/xarm_msgs/xarm_msgs/srv/get_int32_by_type.h
[156.168s] -- Installing: /home/catcyber02/Mobile-Robots-2026-1/install/xarm_msgs/include/xarm_msgs/xarm_msgs/srv/linear_track_set_pos.h
[156.168s] -- Installing: /home/catcyber02/Mobile-Robots-2026-1/install/xarm_msgs/include/xarm_msgs/xarm_msgs/srv/ft_admittance_params.h
[156.168s] -- Installing: /home/catcyber02/Mobile-Robots-2026-1/install/xarm_msgs/include/xarm_msgs/xarm_msgs/srv/move_circle.h
[156.168s] -- Installing: /home/catcyber02/Mobile-Robots-2026-1/install/xarm_msgs/include/xarm_msgs/xarm_msgs/srv/get_int32.h
[156.169s] -- Installing: /home/catcyber02/Mobile-Robots-2026-1/install/xarm_msgs/include/xarm_msgs/xarm_msgs/srv/bio_gripper_ctrl.h
[156.169s] -- Installing: /home/catcyber02/Mobile-Robots-2026-1/install/xarm_msgs/include/xarm_msgs/xarm_msgs/srv/ft_impedance.h
[156.169s] -- Installing: /home/catcyber02/Mobile-Robots-2026-1/install/xarm_msgs/include/xarm_msgs/xarm_msgs/srv/set_int16.h
[156.169s] -- Installing: /home/catcyber02/Mobile-Robots-2026-1/install/xarm_msgs/include/xarm_msgs/xarm_msgs/srv/get_analog_io.h
[156.170s] -- Installing: /home/catcyber02/Mobile-Robots-2026-1/install/xarm_msgs/include/xarm_msgs/xarm_msgs/srv/set_int32_by_type.h
[156.170s] -- Installing: /home/catcyber02/Mobile-Robots-2026-1/install/xarm_msgs/include/xarm_msgs/xarm_msgs/srv/traj_play.h
[156.170s] -- Installing: /home/catcyber02/Mobile-Robots-2026-1/install/xarm_msgs/include/xarm_msgs/xarm_msgs/msg
[156.171s] -- Installing: /home/catcyber02/Mobile-Robots-2026-1/install/xarm_msgs/include/xarm_msgs/xarm_msgs/msg/rosidl_generator_c__visibility_control.h
[156.171s] -- Installing: /home/catcyber02/Mobile-Robots-2026-1/install/xarm_msgs/include/xarm_msgs/xarm_msgs/msg/detail
[156.171s] -- Installing: /home/catcyber02/Mobile-Robots-2026-1/install/xarm_msgs/include/xarm_msgs/xarm_msgs/msg/detail/move_velocity__functions.h
[156.171s] -- Installing: /home/catcyber02/Mobile-Robots-2026-1/install/xarm_msgs/include/xarm_msgs/xarm_msgs/msg/detail/robot_msg__struct.h
[156.171s] -- Installing: /home/catcyber02/Mobile-Robots-2026-1/install/xarm_msgs/include/xarm_msgs/xarm_msgs/msg/detail/cio_state__functions.c
[156.172s] -- Installing: /home/catcyber02/Mobile-Robots-2026-1/install/xarm_msgs/include/xarm_msgs/xarm_msgs/msg/detail/robot_msg__functions.h
[156.172s] -- Installing: /home/catcyber02/Mobile-Robots-2026-1/install/xarm_msgs/include/xarm_msgs/xarm_msgs/msg/detail/cio_state__functions.h
[156.172s] -- Installing: /home/catcyber02/Mobile-Robots-2026-1/install/xarm_msgs/include/xarm_msgs/xarm_msgs/msg/detail/move_velocity__type_support.h
[156.173s] -- Installing: /home/catcyber02/Mobile-Robots-2026-1/install/xarm_msgs/include/xarm_msgs/xarm_msgs/msg/detail/cio_state__struct.h
[156.173s] -- Installing: /home/catcyber02/Mobile-Robots-2026-1/install/xarm_msgs/include/xarm_msgs/xarm_msgs/msg/detail/io_state__type_support.h
[156.173s] -- Installing: /home/catcyber02/Mobile-Robots-2026-1/install/xarm_msgs/include/xarm_msgs/xarm_msgs/msg/detail/robot_msg__type_support.h
[156.173s] -- Installing: /home/catcyber02/Mobile-Robots-2026-1/install/xarm_msgs/include/xarm_msgs/xarm_msgs/msg/detail/robot_msg__type_support.c
[156.174s] -- Installing: /home/catcyber02/Mobile-Robots-2026-1/install/xarm_msgs/include/xarm_msgs/xarm_msgs/msg/detail/cio_state__type_support.h
[156.174s] -- Installing: /home/catcyber02/Mobile-Robots-2026-1/install/xarm_msgs/include/xarm_msgs/xarm_msgs/msg/detail/robot_msg__description.c
[156.174s] -- Installing: /home/catcyber02/Mobile-Robots-2026-1/install/xarm_msgs/include/xarm_msgs/xarm_msgs/msg/detail/io_state__type_support.c
[156.174s] -- Installing: /home/catcyber02/Mobile-Robots-2026-1/install/xarm_msgs/include/xarm_msgs/xarm_msgs/msg/detail/io_state__functions.c
[156.175s] -- Installing: /home/catcyber02/Mobile-Robots-2026-1/install/xarm_msgs/include/xarm_msgs/xarm_msgs/msg/detail/io_state__functions.h
[156.175s] -- Installing: /home/catcyber02/Mobile-Robots-2026-1/install/xarm_msgs/include/xarm_msgs/xarm_msgs/msg/detail/cio_state__description.c
[156.175s] -- Installing: /home/catcyber02/Mobile-Robots-2026-1/install/xarm_msgs/include/xarm_msgs/xarm_msgs/msg/detail/move_velocity__functions.c
[156.175s] -- Installing: /home/catcyber02/Mobile-Robots-2026-1/install/xarm_msgs/include/xarm_msgs/xarm_msgs/msg/detail/move_velocity__description.c
[156.176s] -- Installing: /home/catcyber02/Mobile-Robots-2026-1/install/xarm_msgs/include/xarm_msgs/xarm_msgs/msg/detail/move_velocity__struct.h
[156.176s] -- Installing: /home/catcyber02/Mobile-Robots-2026-1/install/xarm_msgs/include/xarm_msgs/xarm_msgs/msg/detail/move_velocity__type_support.c
[156.176s] -- Installing: /home/catcyber02/Mobile-Robots-2026-1/install/xarm_msgs/include/xarm_msgs/xarm_msgs/msg/detail/robot_msg__functions.c
[156.176s] -- Installing: /home/catcyber02/Mobile-Robots-2026-1/install/xarm_msgs/include/xarm_msgs/xarm_msgs/msg/detail/io_state__struct.h
[156.177s] -- Installing: /home/catcyber02/Mobile-Robots-2026-1/install/xarm_msgs/include/xarm_msgs/xarm_msgs/msg/detail/io_state__description.c
[156.177s] -- Installing: /home/catcyber02/Mobile-Robots-2026-1/install/xarm_msgs/include/xarm_msgs/xarm_msgs/msg/detail/cio_state__type_support.c
[156.177s] -- Installing: /home/catcyber02/Mobile-Robots-2026-1/install/xarm_msgs/include/xarm_msgs/xarm_msgs/msg/robot_msg.h
[156.177s] -- Installing: /home/catcyber02/Mobile-Robots-2026-1/install/xarm_msgs/include/xarm_msgs/xarm_msgs/msg/move_velocity.h
[156.178s] -- Installing: /home/catcyber02/Mobile-Robots-2026-1/install/xarm_msgs/include/xarm_msgs/xarm_msgs/msg/io_state.h
[156.178s] -- Installing: /home/catcyber02/Mobile-Robots-2026-1/install/xarm_msgs/include/xarm_msgs/xarm_msgs/msg/cio_state.h
[156.179s] -- Installing: /home/catcyber02/Mobile-Robots-2026-1/install/xarm_msgs/share/xarm_msgs/environment/library_path.sh
[156.179s] -- Installing: /home/catcyber02/Mobile-Robots-2026-1/install/xarm_msgs/share/xarm_msgs/environment/library_path.dsv
[156.179s] -- Installing: /home/catcyber02/Mobile-Robots-2026-1/install/xarm_msgs/lib/libxarm_msgs__rosidl_generator_c.so
[156.186s] -- Set non-toolchain portion of runtime path of "/home/catcyber02/Mobile-Robots-2026-1/install/xarm_msgs/lib/libxarm_msgs__rosidl_generator_c.so" to ""
[156.186s] -- Up-to-date: /home/catcyber02/Mobile-Robots-2026-1/install/xarm_msgs/include/xarm_msgs/xarm_msgs
[156.186s] -- Up-to-date: /home/catcyber02/Mobile-Robots-2026-1/install/xarm_msgs/include/xarm_msgs/xarm_msgs/srv
[156.186s] -- Up-to-date: /home/catcyber02/Mobile-Robots-2026-1/install/xarm_msgs/include/xarm_msgs/xarm_msgs/srv/detail
[156.186s] -- Installing: /home/catcyber02/Mobile-Robots-2026-1/install/xarm_msgs/include/xarm_msgs/xarm_msgs/srv/detail/plan_pose__rosidl_typesupport_fastrtps_c.h
[156.187s] -- Installing: /home/catcyber02/Mobile-Robots-2026-1/install/xarm_msgs/include/xarm_msgs/xarm_msgs/srv/detail/set_modbus_timeout__rosidl_typesupport_fastrtps_c.h
[156.187s] -- Installing: /home/catcyber02/Mobile-Robots-2026-1/install/xarm_msgs/include/xarm_msgs/xarm_msgs/srv/detail/get_int32_by_type__rosidl_typesupport_fastrtps_c.h
[156.187s] -- Installing: /home/catcyber02/Mobile-Robots-2026-1/install/xarm_msgs/include/xarm_msgs/xarm_msgs/srv/detail/robotiq_activate__rosidl_typesupport_fastrtps_c.h
[156.187s] -- Installing: /home/catcyber02/Mobile-Robots-2026-1/install/xarm_msgs/include/xarm_msgs/xarm_msgs/srv/detail/ft_cali_load__rosidl_typesupport_fastrtps_c.h
[156.188s] -- Installing: /home/catcyber02/Mobile-Robots-2026-1/install/xarm_msgs/include/xarm_msgs/xarm_msgs/srv/detail/vacuum_gripper_ctrl__rosidl_typesupport_fastrtps_c.h
[156.188s] -- Installing: /home/catcyber02/Mobile-Robots-2026-1/install/xarm_msgs/include/xarm_msgs/xarm_msgs/srv/detail/linear_track_set_pos__rosidl_typesupport_fastrtps_c.h
[156.188s] -- Installing: /home/catcyber02/Mobile-Robots-2026-1/install/xarm_msgs/include/xarm_msgs/xarm_msgs/srv/detail/ft_force_pid__rosidl_typesupport_fastrtps_c.h
[156.188s] -- Installing: /home/catcyber02/Mobile-Robots-2026-1/install/xarm_msgs/include/xarm_msgs/xarm_msgs/srv/detail/set_int32__rosidl_typesupport_fastrtps_c.h
[156.188s] -- Installing: /home/catcyber02/Mobile-Robots-2026-1/install/xarm_msgs/include/xarm_msgs/xarm_msgs/srv/detail/move_joint__rosidl_typesupport_fastrtps_c.h
[156.189s] -- Installing: /home/catcyber02/Mobile-Robots-2026-1/install/xarm_msgs/include/xarm_msgs/xarm_msgs/srv/detail/ft_force_config__rosidl_typesupport_fastrtps_c.h
[156.189s] -- Installing: /home/catcyber02/Mobile-Robots-2026-1/install/xarm_msgs/include/xarm_msgs/xarm_msgs/srv/detail/set_int32_by_type__rosidl_typesupport_fastrtps_c.h
[156.189s] -- Installing: /home/catcyber02/Mobile-Robots-2026-1/install/xarm_msgs/include/xarm_msgs/xarm_msgs/srv/detail/set_tcp_load__rosidl_typesupport_fastrtps_c.h
[156.190s] -- Installing: /home/catcyber02/Mobile-Robots-2026-1/install/xarm_msgs/include/xarm_msgs/xarm_msgs/srv/detail/gripper_move__rosidl_typesupport_fastrtps_c.h
[156.190s] -- Installing: /home/catcyber02/Mobile-Robots-2026-1/install/xarm_msgs/include/xarm_msgs/xarm_msgs/srv/detail/set_analog_io__rosidl_typesupport_fastrtps_c.h
[156.190s] -- Installing: /home/catcyber02/Mobile-Robots-2026-1/install/xarm_msgs/include/xarm_msgs/xarm_msgs/srv/detail/traj_play__rosidl_typesupport_fastrtps_c.h
[156.191s] -- Installing: /home/catcyber02/Mobile-Robots-2026-1/install/xarm_msgs/include/xarm_msgs/xarm_msgs/srv/detail/get_float32_list__rosidl_typesupport_fastrtps_c.h
[156.191s] -- Installing: /home/catcyber02/Mobile-Robots-2026-1/install/xarm_msgs/include/xarm_msgs/xarm_msgs/srv/detail/get_set_modbus_data__rosidl_typesupport_fastrtps_c.h
[156.191s] -- Installing: /home/catcyber02/Mobile-Robots-2026-1/install/xarm_msgs/include/xarm_msgs/xarm_msgs/srv/detail/robotiq_reset__rosidl_typesupport_fastrtps_c.h
[156.191s] -- Installing: /home/catcyber02/Mobile-Robots-2026-1/install/xarm_msgs/include/xarm_msgs/xarm_msgs/srv/detail/set_float32_list__rosidl_typesupport_fastrtps_c.h
[156.192s] -- Installing: /home/catcyber02/Mobile-Robots-2026-1/install/xarm_msgs/include/xarm_msgs/xarm_msgs/srv/detail/set_int16_list__rosidl_typesupport_fastrtps_c.h
[156.192s] -- Installing: /home/catcyber02/Mobile-Robots-2026-1/install/xarm_msgs/include/xarm_msgs/xarm_msgs/srv/detail/get_digital_io__rosidl_typesupport_fastrtps_c.h
[156.193s] -- Installing: /home/catcyber02/Mobile-Robots-2026-1/install/xarm_msgs/include/xarm_msgs/xarm_msgs/srv/detail/call__rosidl_typesupport_fastrtps_c.h
[156.193s] -- Installing: /home/catcyber02/Mobile-Robots-2026-1/install/xarm_msgs/include/xarm_msgs/xarm_msgs/srv/detail/move_circle__rosidl_typesupport_fastrtps_c.h
[156.193s] -- Installing: /home/catcyber02/Mobile-Robots-2026-1/install/xarm_msgs/include/xarm_msgs/xarm_msgs/srv/detail/linear_motor_set_pos__rosidl_typesupport_fastrtps_c.h
[156.194s] -- Installing: /home/catcyber02/Mobile-Robots-2026-1/install/xarm_msgs/include/xarm_msgs/xarm_msgs/srv/detail/plan_single_straight__rosidl_typesupport_fastrtps_c.h
[156.194s] -- Installing: /home/catcyber02/Mobile-Robots-2026-1/install/xarm_msgs/include/xarm_msgs/xarm_msgs/srv/detail/get_int16_list__rosidl_typesupport_fastrtps_c.h
[156.194s] -- Installing: /home/catcyber02/Mobile-Robots-2026-1/install/xarm_msgs/include/xarm_msgs/xarm_msgs/srv/detail/get_analog_io__rosidl_typesupport_fastrtps_c.h
[156.195s] -- Installing: /home/catcyber02/Mobile-Robots-2026-1/install/xarm_msgs/include/xarm_msgs/xarm_msgs/srv/detail/linear_motor_back_origin__rosidl_typesupport_fastrtps_c.h
[156.195s] -- Installing: /home/catcyber02/Mobile-Robots-2026-1/install/xarm_msgs/include/xarm_msgs/xarm_msgs/srv/detail/move_cartesian__rosidl_typesupport_fastrtps_c.h
[156.195s] -- Installing: /home/catcyber02/Mobile-Robots-2026-1/install/xarm_msgs/include/xarm_msgs/xarm_msgs/srv/detail/ft_impedance__rosidl_typesupport_fastrtps_c.h
[156.195s] -- Installing: /home/catcyber02/Mobile-Robots-2026-1/install/xarm_msgs/include/xarm_msgs/xarm_msgs/srv/detail/set_int16__rosidl_typesupport_fastrtps_c.h
[156.196s] -- Installing: /home/catcyber02/Mobile-Robots-2026-1/install/xarm_msgs/include/xarm_msgs/xarm_msgs/srv/detail/traj_ctrl__rosidl_typesupport_fastrtps_c.h
[156.196s] -- Installing: /home/catcyber02/Mobile-Robots-2026-1/install/xarm_msgs/include/xarm_msgs/xarm_msgs/srv/detail/ft_force_params__rosidl_typesupport_fastrtps_c.h
[156.196s] -- Installing: /home/catcyber02/Mobile-Robots-2026-1/install/xarm_msgs/include/xarm_msgs/xarm_msgs/srv/detail/bio_gripper_enable__rosidl_typesupport_fastrtps_c.h
[156.197s] -- Installing: /home/catcyber02/Mobile-Robots-2026-1/install/xarm_msgs/include/xarm_msgs/xarm_msgs/srv/detail/move_home__rosidl_typesupport_fastrtps_c.h
[156.197s] -- Installing: /home/catcyber02/Mobile-Robots-2026-1/install/xarm_msgs/include/xarm_msgs/xarm_msgs/srv/detail/robotiq_move__rosidl_typesupport_fastrtps_c.h
[156.197s] -- Installing: /home/catcyber02/Mobile-Robots-2026-1/install/xarm_msgs/include/xarm_msgs/xarm_msgs/srv/detail/iden_load__rosidl_typesupport_fastrtps_c.h
[156.198s] -- Installing: /home/catcyber02/Mobile-Robots-2026-1/install/xarm_msgs/include/xarm_msgs/xarm_msgs/srv/detail/get_float32__rosidl_typesupport_fastrtps_c.h
[156.198s] -- Installing: /home/catcyber02/Mobile-Robots-2026-1/install/xarm_msgs/include/xarm_msgs/xarm_msgs/srv/detail/ft_admittance_params__rosidl_typesupport_fastrtps_c.h
[156.198s] -- Installing: /home/catcyber02/Mobile-Robots-2026-1/install/xarm_msgs/include/xarm_msgs/xarm_msgs/srv/detail/get_int32__rosidl_typesupport_fastrtps_c.h
[156.198s] -- Installing: /home/catcyber02/Mobile-Robots-2026-1/install/xarm_msgs/include/xarm_msgs/xarm_msgs/srv/detail/set_float32__rosidl_typesupport_fastrtps_c.h
[156.199s] -- Installing: /home/catcyber02/Mobile-Robots-2026-1/install/xarm_msgs/include/xarm_msgs/xarm_msgs/srv/detail/plan_joint__rosidl_typesupport_fastrtps_c.h
[156.199s] -- Installing: /home/catcyber02/Mobile-Robots-2026-1/install/xarm_msgs/include/xarm_msgs/xarm_msgs/srv/detail/move_velocity__rosidl_typesupport_fastrtps_c.h
[156.199s] -- Installing: /home/catcyber02/Mobile-Robots-2026-1/install/xarm_msgs/include/xarm_msgs/xarm_msgs/srv/detail/bio_gripper_ctrl__rosidl_typesupport_fastrtps_c.h
[156.200s] -- Installing: /home/catcyber02/Mobile-Robots-2026-1/install/xarm_msgs/include/xarm_msgs/xarm_msgs/srv/detail/plan_exec__rosidl_typesupport_fastrtps_c.h
[156.200s] -- Installing: /home/catcyber02/Mobile-Robots-2026-1/install/xarm_msgs/include/xarm_msgs/xarm_msgs/srv/detail/linear_track_back_origin__rosidl_typesupport_fastrtps_c.h
[156.200s] -- Installing: /home/catcyber02/Mobile-Robots-2026-1/install/xarm_msgs/include/xarm_msgs/xarm_msgs/srv/detail/set_int16_by_id__rosidl_typesupport_fastrtps_c.h
[156.201s] -- Installing: /home/catcyber02/Mobile-Robots-2026-1/install/xarm_msgs/include/xarm_msgs/xarm_msgs/srv/detail/robotiq_get_status__rosidl_typesupport_fastrtps_c.h
[156.201s] -- Installing: /home/catcyber02/Mobile-Robots-2026-1/install/xarm_msgs/include/xarm_msgs/xarm_msgs/srv/detail/set_digital_io__rosidl_typesupport_fastrtps_c.h
[156.201s] -- Installing: /home/catcyber02/Mobile-Robots-2026-1/install/xarm_msgs/include/xarm_msgs/xarm_msgs/srv/detail/get_int16__rosidl_typesupport_fastrtps_c.h
[156.202s] -- Up-to-date: /home/catcyber02/Mobile-Robots-2026-1/install/xarm_msgs/include/xarm_msgs/xarm_msgs/msg
[156.202s] -- Installing: /home/catcyber02/Mobile-Robots-2026-1/install/xarm_msgs/include/xarm_msgs/xarm_msgs/msg/rosidl_typesupport_fastrtps_c__visibility_control.h
[156.202s] -- Up-to-date: /home/catcyber02/Mobile-Robots-2026-1/install/xarm_msgs/include/xarm_msgs/xarm_msgs/msg/detail
[156.202s] -- Installing: /home/catcyber02/Mobile-Robots-2026-1/install/xarm_msgs/include/xarm_msgs/xarm_msgs/msg/detail/io_state__rosidl_typesupport_fastrtps_c.h
[156.203s] -- Installing: /home/catcyber02/Mobile-Robots-2026-1/install/xarm_msgs/include/xarm_msgs/xarm_msgs/msg/detail/robot_msg__rosidl_typesupport_fastrtps_c.h
[156.203s] -- Installing: /home/catcyber02/Mobile-Robots-2026-1/install/xarm_msgs/include/xarm_msgs/xarm_msgs/msg/detail/cio_state__rosidl_typesupport_fastrtps_c.h
[156.203s] -- Installing: /home/catcyber02/Mobile-Robots-2026-1/install/xarm_msgs/include/xarm_msgs/xarm_msgs/msg/detail/move_velocity__rosidl_typesupport_fastrtps_c.h
[156.203s] -- Installing: /home/catcyber02/Mobile-Robots-2026-1/install/xarm_msgs/lib/libxarm_msgs__rosidl_typesupport_fastrtps_c.so
[156.207s] -- Set non-toolchain portion of runtime path of "/home/catcyber02/Mobile-Robots-2026-1/install/xarm_msgs/lib/libxarm_msgs__rosidl_typesupport_fastrtps_c.so" to ""
[156.207s] -- Up-to-date: /home/catcyber02/Mobile-Robots-2026-1/install/xarm_msgs/include/xarm_msgs/xarm_msgs
[156.207s] -- Up-to-date: /home/catcyber02/Mobile-Robots-2026-1/install/xarm_msgs/include/xarm_msgs/xarm_msgs/srv
[156.207s] -- Installing: /home/catcyber02/Mobile-Robots-2026-1/install/xarm_msgs/include/xarm_msgs/xarm_msgs/srv/move_joint.hpp
[156.207s] -- Installing: /home/catcyber02/Mobile-Robots-2026-1/install/xarm_msgs/include/xarm_msgs/xarm_msgs/srv/set_float32.hpp
[156.207s] -- Installing: /home/catcyber02/Mobile-Robots-2026-1/install/xarm_msgs/include/xarm_msgs/xarm_msgs/srv/ft_admittance_params.hpp
[156.208s] -- Installing: /home/catcyber02/Mobile-Robots-2026-1/install/xarm_msgs/include/xarm_msgs/xarm_msgs/srv/get_set_modbus_data.hpp
[156.208s] -- Installing: /home/catcyber02/Mobile-Robots-2026-1/install/xarm_msgs/include/xarm_msgs/xarm_msgs/srv/get_int16_list.hpp
[156.208s] -- Installing: /home/catcyber02/Mobile-Robots-2026-1/install/xarm_msgs/include/xarm_msgs/xarm_msgs/srv/move_velocity.hpp
[156.208s] -- Installing: /home/catcyber02/Mobile-Robots-2026-1/install/xarm_msgs/include/xarm_msgs/xarm_msgs/srv/call.hpp
[156.209s] -- Up-to-date: /home/catcyber02/Mobile-Robots-2026-1/install/xarm_msgs/include/xarm_msgs/xarm_msgs/srv/detail
[156.209s] -- Installing: /home/catcyber02/Mobile-Robots-2026-1/install/xarm_msgs/include/xarm_msgs/xarm_msgs/srv/detail/ft_admittance_params__struct.hpp
[156.209s] -- Installing: /home/catcyber02/Mobile-Robots-2026-1/install/xarm_msgs/include/xarm_msgs/xarm_msgs/srv/detail/set_digital_io__type_support.hpp
[156.209s] -- Installing: /home/catcyber02/Mobile-Robots-2026-1/install/xarm_msgs/include/xarm_msgs/xarm_msgs/srv/detail/set_int16_list__builder.hpp
[156.210s] -- Installing: /home/catcyber02/Mobile-Robots-2026-1/install/xarm_msgs/include/xarm_msgs/xarm_msgs/srv/detail/set_int32_by_type__type_support.hpp
[156.210s] -- Installing: /home/catcyber02/Mobile-Robots-2026-1/install/xarm_msgs/include/xarm_msgs/xarm_msgs/srv/detail/robotiq_activate__type_support.hpp
[156.210s] -- Installing: /home/catcyber02/Mobile-Robots-2026-1/install/xarm_msgs/include/xarm_msgs/xarm_msgs/srv/detail/gripper_move__builder.hpp
[156.211s] -- Installing: /home/catcyber02/Mobile-Robots-2026-1/install/xarm_msgs/include/xarm_msgs/xarm_msgs/srv/detail/traj_play__traits.hpp
[156.211s] -- Installing: /home/catcyber02/Mobile-Robots-2026-1/install/xarm_msgs/include/xarm_msgs/xarm_msgs/srv/detail/get_set_modbus_data__type_support.hpp
[156.211s] -- Installing: /home/catcyber02/Mobile-Robots-2026-1/install/xarm_msgs/include/xarm_msgs/xarm_msgs/srv/detail/get_int32_by_type__type_support.hpp
[156.212s] -- Installing: /home/catcyber02/Mobile-Robots-2026-1/install/xarm_msgs/include/xarm_msgs/xarm_msgs/srv/detail/gripper_move__struct.hpp
[156.212s] -- Installing: /home/catcyber02/Mobile-Robots-2026-1/install/xarm_msgs/include/xarm_msgs/xarm_msgs/srv/detail/linear_track_set_pos__traits.hpp
[156.212s] -- Installing: /home/catcyber02/Mobile-Robots-2026-1/install/xarm_msgs/include/xarm_msgs/xarm_msgs/srv/detail/robotiq_move__builder.hpp
[156.212s] -- Installing: /home/catcyber02/Mobile-Robots-2026-1/install/xarm_msgs/include/xarm_msgs/xarm_msgs/srv/detail/iden_load__struct.hpp
[156.213s] -- Installing: /home/catcyber02/Mobile-Robots-2026-1/install/xarm_msgs/include/xarm_msgs/xarm_msgs/srv/detail/call__struct.hpp
[156.213s] -- Installing: /home/catcyber02/Mobile-Robots-2026-1/install/xarm_msgs/include/xarm_msgs/xarm_msgs/srv/detail/traj_ctrl__builder.hpp
[156.213s] -- Installing: /home/catcyber02/Mobile-Robots-2026-1/install/xarm_msgs/include/xarm_msgs/xarm_msgs/srv/detail/get_int16__traits.hpp
[156.214s] -- Installing: /home/catcyber02/Mobile-Robots-2026-1/install/xarm_msgs/include/xarm_msgs/xarm_msgs/srv/detail/plan_joint__struct.hpp
[156.214s] -- Installing: /home/catcyber02/Mobile-Robots-2026-1/install/xarm_msgs/include/xarm_msgs/xarm_msgs/srv/detail/set_int32__type_support.hpp
[156.214s] -- Installing: /home/catcyber02/Mobile-Robots-2026-1/install/xarm_msgs/include/xarm_msgs/xarm_msgs/srv/detail/get_int16_list__type_support.hpp
[156.215s] -- Installing: /home/catcyber02/Mobile-Robots-2026-1/install/xarm_msgs/include/xarm_msgs/xarm_msgs/srv/detail/linear_motor_back_origin__type_support.hpp
[156.215s] -- Installing: /home/catcyber02/Mobile-Robots-2026-1/install/xarm_msgs/include/xarm_msgs/xarm_msgs/srv/detail/move_joint__builder.hpp
[156.215s] -- Installing: /home/catcyber02/Mobile-Robots-2026-1/install/xarm_msgs/include/xarm_msgs/xarm_msgs/srv/detail/robotiq_move__type_support.hpp
[156.215s] -- Installing: /home/catcyber02/Mobile-Robots-2026-1/install/xarm_msgs/include/xarm_msgs/xarm_msgs/srv/detail/set_analog_io__type_support.hpp
[156.216s] -- Installing: /home/catcyber02/Mobile-Robots-2026-1/install/xarm_msgs/include/xarm_msgs/xarm_msgs/srv/detail/set_float32_list__traits.hpp
[156.216s] -- Installing: /home/catcyber02/Mobile-Robots-2026-1/install/xarm_msgs/include/xarm_msgs/xarm_msgs/srv/detail/get_float32_list__type_support.hpp
[156.216s] -- Installing: /home/catcyber02/Mobile-Robots-2026-1/install/xarm_msgs/include/xarm_msgs/xarm_msgs/srv/detail/iden_load__builder.hpp
[156.217s] -- Installing: /home/catcyber02/Mobile-Robots-2026-1/install/xarm_msgs/include/xarm_msgs/xarm_msgs/srv/detail/ft_force_config__struct.hpp
[156.217s] -- Installing: /home/catcyber02/Mobile-Robots-2026-1/install/xarm_msgs/include/xarm_msgs/xarm_msgs/srv/detail/move_circle__type_support.hpp
[156.217s] -- Installing: /home/catcyber02/Mobile-Robots-2026-1/install/xarm_msgs/include/xarm_msgs/xarm_msgs/srv/detail/plan_exec__builder.hpp
[156.218s] -- Installing: /home/catcyber02/Mobile-Robots-2026-1/install/xarm_msgs/include/xarm_msgs/xarm_msgs/srv/detail/set_modbus_timeout__builder.hpp
[156.218s] -- Installing: /home/catcyber02/Mobile-Robots-2026-1/install/xarm_msgs/include/xarm_msgs/xarm_msgs/srv/detail/set_tcp_load__traits.hpp
[156.218s] -- Installing: /home/catcyber02/Mobile-Robots-2026-1/install/xarm_msgs/include/xarm_msgs/xarm_msgs/srv/detail/plan_exec__traits.hpp
[156.219s] -- Installing: /home/catcyber02/Mobile-Robots-2026-1/install/xarm_msgs/include/xarm_msgs/xarm_msgs/srv/detail/ft_force_pid__traits.hpp
[156.219s] -- Installing: /home/catcyber02/Mobile-Robots-2026-1/install/xarm_msgs/include/xarm_msgs/xarm_msgs/srv/detail/traj_play__struct.hpp
[156.219s] -- Installing: /home/catcyber02/Mobile-Robots-2026-1/install/xarm_msgs/include/xarm_msgs/xarm_msgs/srv/detail/robotiq_move__traits.hpp
[156.220s] -- Installing: /home/catcyber02/Mobile-Robots-2026-1/install/xarm_msgs/include/xarm_msgs/xarm_msgs/srv/detail/set_int32__traits.hpp
[156.220s] -- Installing: /home/catcyber02/Mobile-Robots-2026-1/install/xarm_msgs/include/xarm_msgs/xarm_msgs/srv/detail/robotiq_reset__struct.hpp
[156.220s] -- Installing: /home/catcyber02/Mobile-Robots-2026-1/install/xarm_msgs/include/xarm_msgs/xarm_msgs/srv/detail/plan_exec__struct.hpp
[156.221s] -- Installing: /home/catcyber02/Mobile-Robots-2026-1/install/xarm_msgs/include/xarm_msgs/xarm_msgs/srv/detail/linear_motor_back_origin__struct.hpp
[156.221s] -- Installing: /home/catcyber02/Mobile-Robots-2026-1/install/xarm_msgs/include/xarm_msgs/xarm_msgs/srv/detail/linear_track_back_origin__struct.hpp
[156.221s] -- Installing: /home/catcyber02/Mobile-Robots-2026-1/install/xarm_msgs/include/xarm_msgs/xarm_msgs/srv/detail/robotiq_move__struct.hpp
[156.222s] -- Installing: /home/catcyber02/Mobile-Robots-2026-1/install/xarm_msgs/include/xarm_msgs/xarm_msgs/srv/detail/set_float32_list__builder.hpp
[156.222s] -- Installing: /home/catcyber02/Mobile-Robots-2026-1/install/xarm_msgs/include/xarm_msgs/xarm_msgs/srv/detail/set_analog_io__builder.hpp
[156.222s] -- Installing: /home/catcyber02/Mobile-Robots-2026-1/install/xarm_msgs/include/xarm_msgs/xarm_msgs/srv/detail/ft_cali_load__builder.hpp
[156.222s] -- Installing: /home/catcyber02/Mobile-Robots-2026-1/install/xarm_msgs/include/xarm_msgs/xarm_msgs/srv/detail/robotiq_get_status__traits.hpp
[156.223s] -- Installing: /home/catcyber02/Mobile-Robots-2026-1/install/xarm_msgs/include/xarm_msgs/xarm_msgs/srv/detail/move_velocity__traits.hpp
[156.223s] -- Installing: /home/catcyber02/Mobile-Robots-2026-1/install/xarm_msgs/include/xarm_msgs/xarm_msgs/srv/detail/get_int32__builder.hpp
[156.223s] -- Installing: /home/catcyber02/Mobile-Robots-2026-1/install/xarm_msgs/include/xarm_msgs/xarm_msgs/srv/detail/ft_cali_load__traits.hpp
[156.224s] -- Installing: /home/catcyber02/Mobile-Robots-2026-1/install/xarm_msgs/include/xarm_msgs/xarm_msgs/srv/detail/set_int32__builder.hpp
[156.224s] -- Installing: /home/catcyber02/Mobile-Robots-2026-1/install/xarm_msgs/include/xarm_msgs/xarm_msgs/srv/detail/ft_force_pid__struct.hpp
[156.224s] -- Installing: /home/catcyber02/Mobile-Robots-2026-1/install/xarm_msgs/include/xarm_msgs/xarm_msgs/srv/detail/set_int16_list__struct.hpp
[156.225s] -- Installing: /home/catcyber02/Mobile-Robots-2026-1/install/xarm_msgs/include/xarm_msgs/xarm_msgs/srv/detail/get_float32_list__builder.hpp
[156.225s] -- Installing: /home/catcyber02/Mobile-Robots-2026-1/install/xarm_msgs/include/xarm_msgs/xarm_msgs/srv/detail/call__builder.hpp
[156.225s] -- Installing: /home/catcyber02/Mobile-Robots-2026-1/install/xarm_msgs/include/xarm_msgs/xarm_msgs/srv/detail/bio_gripper_ctrl__struct.hpp
[156.225s] -- Installing: /home/catcyber02/Mobile-Robots-2026-1/install/xarm_msgs/include/xarm_msgs/xarm_msgs/srv/detail/get_float32__type_support.hpp
[156.226s] -- Installing: /home/catcyber02/Mobile-Robots-2026-1/install/xarm_msgs/include/xarm_msgs/xarm_msgs/srv/detail/get_set_modbus_data__traits.hpp
[156.226s] -- Installing: /home/catcyber02/Mobile-Robots-2026-1/install/xarm_msgs/include/xarm_msgs/xarm_msgs/srv/detail/set_int16_by_id__type_support.hpp
[156.226s] -- Installing: /home/catcyber02/Mobile-Robots-2026-1/install/xarm_msgs/include/xarm_msgs/xarm_msgs/srv/detail/move_circle__struct.hpp
[156.227s] -- Installing: /home/catcyber02/Mobile-Robots-2026-1/install/xarm_msgs/include/xarm_msgs/xarm_msgs/srv/detail/linear_motor_back_origin__traits.hpp
[156.227s] -- Installing: /home/catcyber02/Mobile-Robots-2026-1/install/xarm_msgs/include/xarm_msgs/xarm_msgs/srv/detail/plan_joint__builder.hpp
[156.227s] -- Installing: /home/catcyber02/Mobile-Robots-2026-1/install/xarm_msgs/include/xarm_msgs/xarm_msgs/srv/detail/get_int32__struct.hpp
[156.228s] -- Installing: /home/catcyber02/Mobile-Robots-2026-1/install/xarm_msgs/include/xarm_msgs/xarm_msgs/srv/detail/get_analog_io__builder.hpp
[156.228s] -- Installing: /home/catcyber02/Mobile-Robots-2026-1/install/xarm_msgs/include/xarm_msgs/xarm_msgs/srv/detail/set_int16_by_id__builder.hpp
[156.228s] -- Installing: /home/catcyber02/Mobile-Robots-2026-1/install/xarm_msgs/include/xarm_msgs/xarm_msgs/srv/detail/set_float32__struct.hpp
[156.228s] -- Installing: /home/catcyber02/Mobile-Robots-2026-1/install/xarm_msgs/include/xarm_msgs/xarm_msgs/srv/detail/get_set_modbus_data__builder.hpp
[156.229s] -- Installing: /home/catcyber02/Mobile-Robots-2026-1/install/xarm_msgs/include/xarm_msgs/xarm_msgs/srv/detail/get_int16_list__traits.hpp
[156.229s] -- Installing: /home/catcyber02/Mobile-Robots-2026-1/install/xarm_msgs/include/xarm_msgs/xarm_msgs/srv/detail/set_digital_io__traits.hpp
[156.229s] -- Installing: /home/catcyber02/Mobile-Robots-2026-1/install/xarm_msgs/include/xarm_msgs/xarm_msgs/srv/detail/set_int16__struct.hpp
[156.230s] -- Installing: /home/catcyber02/Mobile-Robots-2026-1/install/xarm_msgs/include/xarm_msgs/xarm_msgs/srv/detail/linear_motor_set_pos__builder.hpp
[156.230s] -- Installing: /home/catcyber02/Mobile-Robots-2026-1/install/xarm_msgs/include/xarm_msgs/xarm_msgs/srv/detail/gripper_move__type_support.hpp
[156.230s] -- Installing: /home/catcyber02/Mobile-Robots-2026-1/install/xarm_msgs/include/xarm_msgs/xarm_msgs/srv/detail/ft_force_params__struct.hpp
[156.231s] -- Installing: /home/catcyber02/Mobile-Robots-2026-1/install/xarm_msgs/include/xarm_msgs/xarm_msgs/srv/detail/robotiq_get_status__type_support.hpp
[156.231s] -- Installing: /home/catcyber02/Mobile-Robots-2026-1/install/xarm_msgs/include/xarm_msgs/xarm_msgs/srv/detail/bio_gripper_ctrl__builder.hpp
[156.231s] -- Installing: /home/catcyber02/Mobile-Robots-2026-1/install/xarm_msgs/include/xarm_msgs/xarm_msgs/srv/detail/get_int32_by_type__traits.hpp
[156.232s] -- Installing: /home/catcyber02/Mobile-Robots-2026-1/install/xarm_msgs/include/xarm_msgs/xarm_msgs/srv/detail/set_int16_list__traits.hpp
[156.232s] -- Installing: /home/catcyber02/Mobile-Robots-2026-1/install/xarm_msgs/include/xarm_msgs/xarm_msgs/srv/detail/get_int32_by_type__struct.hpp
[156.232s] -- Installing: /home/catcyber02/Mobile-Robots-2026-1/install/xarm_msgs/include/xarm_msgs/xarm_msgs/srv/detail/ft_impedance__struct.hpp
[156.232s] -- Installing: /home/catcyber02/Mobile-Robots-2026-1/install/xarm_msgs/include/xarm_msgs/xarm_msgs/srv/detail/vacuum_gripper_ctrl__builder.hpp
[156.233s] -- Installing: /home/catcyber02/Mobile-Robots-2026-1/install/xarm_msgs/include/xarm_msgs/xarm_msgs/srv/detail/plan_single_straight__traits.hpp
[156.233s] -- Installing: /home/catcyber02/Mobile-Robots-2026-1/install/xarm_msgs/include/xarm_msgs/xarm_msgs/srv/detail/get_digital_io__traits.hpp
[156.233s] -- Installing: /home/catcyber02/Mobile-Robots-2026-1/install/xarm_msgs/include/xarm_msgs/xarm_msgs/srv/detail/ft_force_params__builder.hpp
[156.234s] -- Installing: /home/catcyber02/Mobile-Robots-2026-1/install/xarm_msgs/include/xarm_msgs/xarm_msgs/srv/detail/move_circle__traits.hpp
[156.234s] -- Installing: /home/catcyber02/Mobile-Robots-2026-1/install/xarm_msgs/include/xarm_msgs/xarm_msgs/srv/detail/robotiq_activate__builder.hpp
[156.234s] -- Installing: /home/catcyber02/Mobile-Robots-2026-1/install/xarm_msgs/include/xarm_msgs/xarm_msgs/srv/detail/plan_joint__traits.hpp
[156.235s] -- Installing: /home/catcyber02/Mobile-Robots-2026-1/install/xarm_msgs/include/xarm_msgs/xarm_msgs/srv/detail/bio_gripper_ctrl__traits.hpp
[156.235s] -- Installing: /home/catcyber02/Mobile-Robots-2026-1/install/xarm_msgs/include/xarm_msgs/xarm_msgs/srv/detail/move_velocity__type_support.hpp
[156.235s] -- Installing: /home/catcyber02/Mobile-Robots-2026-1/install/xarm_msgs/include/xarm_msgs/xarm_msgs/srv/detail/get_int32__type_support.hpp
[156.236s] -- Installing: /home/catcyber02/Mobile-Robots-2026-1/install/xarm_msgs/include/xarm_msgs/xarm_msgs/srv/detail/move_cartesian__struct.hpp
[156.236s] -- Installing: /home/catcyber02/Mobile-Robots-2026-1/install/xarm_msgs/include/xarm_msgs/xarm_msgs/srv/detail/ft_cali_load__type_support.hpp
[156.236s] -- Installing: /home/catcyber02/Mobile-Robots-2026-1/install/xarm_msgs/include/xarm_msgs/xarm_msgs/srv/detail/set_float32__type_support.hpp
[156.236s] -- Installing: /home/catcyber02/Mobile-Robots-2026-1/install/xarm_msgs/include/xarm_msgs/xarm_msgs/srv/detail/move_cartesian__traits.hpp
[156.237s] -- Installing: /home/catcyber02/Mobile-Robots-2026-1/install/xarm_msgs/include/xarm_msgs/xarm_msgs/srv/detail/ft_force_config__traits.hpp
[156.237s] -- Installing: /home/catcyber02/Mobile-Robots-2026-1/install/xarm_msgs/include/xarm_msgs/xarm_msgs/srv/detail/set_int16_list__type_support.hpp
[156.237s] -- Installing: /home/catcyber02/Mobile-Robots-2026-1/install/xarm_msgs/include/xarm_msgs/xarm_msgs/srv/detail/vacuum_gripper_ctrl__traits.hpp
[156.238s] -- Installing: /home/catcyber02/Mobile-Robots-2026-1/install/xarm_msgs/include/xarm_msgs/xarm_msgs/srv/detail/bio_gripper_enable__struct.hpp
[156.238s] -- Installing: /home/catcyber02/Mobile-Robots-2026-1/install/xarm_msgs/include/xarm_msgs/xarm_msgs/srv/detail/plan_single_straight__type_support.hpp
[156.238s] -- Installing: /home/catcyber02/Mobile-Robots-2026-1/install/xarm_msgs/include/xarm_msgs/xarm_msgs/srv/detail/set_tcp_load__struct.hpp
[156.239s] -- Installing: /home/catcyber02/Mobile-Robots-2026-1/install/xarm_msgs/include/xarm_msgs/xarm_msgs/srv/detail/linear_track_set_pos__type_support.hpp
[156.239s] -- Installing: /home/catcyber02/Mobile-Robots-2026-1/install/xarm_msgs/include/xarm_msgs/xarm_msgs/srv/detail/robotiq_reset__type_support.hpp
[156.239s] -- Installing: /home/catcyber02/Mobile-Robots-2026-1/install/xarm_msgs/include/xarm_msgs/xarm_msgs/srv/detail/move_joint__type_support.hpp
[156.240s] -- Installing: /home/catcyber02/Mobile-Robots-2026-1/install/xarm_msgs/include/xarm_msgs/xarm_msgs/srv/detail/ft_admittance_params__traits.hpp
[156.240s] -- Installing: /home/catcyber02/Mobile-Robots-2026-1/install/xarm_msgs/include/xarm_msgs/xarm_msgs/srv/detail/set_float32_list__struct.hpp
[156.240s] -- Installing: /home/catcyber02/Mobile-Robots-2026-1/install/xarm_msgs/include/xarm_msgs/xarm_msgs/srv/detail/bio_gripper_enable__traits.hpp
[156.241s] -- Installing: /home/catcyber02/Mobile-Robots-2026-1/install/xarm_msgs/include/xarm_msgs/xarm_msgs/srv/detail/iden_load__traits.hpp
[156.241s] -- Installing: /home/catcyber02/Mobile-Robots-2026-1/install/xarm_msgs/include/xarm_msgs/xarm_msgs/srv/detail/set_int32__struct.hpp
[156.241s] -- Installing: /home/catcyber02/Mobile-Robots-2026-1/install/xarm_msgs/include/xarm_msgs/xarm_msgs/srv/detail/get_digital_io__type_support.hpp
[156.241s] -- Installing: /home/catcyber02/Mobile-Robots-2026-1/install/xarm_msgs/include/xarm_msgs/xarm_msgs/srv/detail/set_modbus_timeout__struct.hpp
[156.242s] -- Installing: /home/catcyber02/Mobile-Robots-2026-1/install/xarm_msgs/include/xarm_msgs/xarm_msgs/srv/detail/move_cartesian__type_support.hpp
[156.242s] -- Installing: /home/catcyber02/Mobile-Robots-2026-1/install/xarm_msgs/include/xarm_msgs/xarm_msgs/srv/detail/ft_impedance__traits.hpp
[156.242s] -- Installing: /home/catcyber02/Mobile-Robots-2026-1/install/xarm_msgs/include/xarm_msgs/xarm_msgs/srv/detail/traj_ctrl__struct.hpp
[156.243s] -- Installing: /home/catcyber02/Mobile-Robots-2026-1/install/xarm_msgs/include/xarm_msgs/xarm_msgs/srv/detail/robotiq_reset__builder.hpp
[156.243s] -- Installing: /home/catcyber02/Mobile-Robots-2026-1/install/xarm_msgs/include/xarm_msgs/xarm_msgs/srv/detail/robotiq_activate__traits.hpp
[156.243s] -- Installing: /home/catcyber02/Mobile-Robots-2026-1/install/xarm_msgs/include/xarm_msgs/xarm_msgs/srv/detail/robotiq_activate__struct.hpp
[156.244s] -- Installing: /home/catcyber02/Mobile-Robots-2026-1/install/xarm_msgs/include/xarm_msgs/xarm_msgs/srv/detail/linear_motor_set_pos__traits.hpp
[156.244s] -- Installing: /home/catcyber02/Mobile-Robots-2026-1/install/xarm_msgs/include/xarm_msgs/xarm_msgs/srv/detail/get_int16_list__builder.hpp
[156.244s] -- Installing: /home/catcyber02/Mobile-Robots-2026-1/install/xarm_msgs/include/xarm_msgs/xarm_msgs/srv/detail/plan_joint__type_support.hpp
[156.244s] -- Installing: /home/catcyber02/Mobile-Robots-2026-1/install/xarm_msgs/include/xarm_msgs/xarm_msgs/srv/detail/robotiq_get_status__builder.hpp
[156.245s] -- Installing: /home/catcyber02/Mobile-Robots-2026-1/install/xarm_msgs/include/xarm_msgs/xarm_msgs/srv/detail/move_home__builder.hpp
[156.245s] -- Installing: /home/catcyber02/Mobile-Robots-2026-1/install/xarm_msgs/include/xarm_msgs/xarm_msgs/srv/detail/ft_impedance__type_support.hpp
[156.245s] -- Installing: /home/catcyber02/Mobile-Robots-2026-1/install/xarm_msgs/include/xarm_msgs/xarm_msgs/srv/detail/set_digital_io__struct.hpp
[156.246s] -- Installing: /home/catcyber02/Mobile-Robots-2026-1/install/xarm_msgs/include/xarm_msgs/xarm_msgs/srv/detail/ft_admittance_params__builder.hpp
[156.246s] -- Installing: /home/catcyber02/Mobile-Robots-2026-1/install/xarm_msgs/include/xarm_msgs/xarm_msgs/srv/detail/linear_track_back_origin__builder.hpp
[156.246s] -- Installing: /home/catcyber02/Mobile-Robots-2026-1/install/xarm_msgs/include/xarm_msgs/xarm_msgs/srv/detail/set_float32__builder.hpp
[156.247s] -- Installing: /home/catcyber02/Mobile-Robots-2026-1/install/xarm_msgs/include/xarm_msgs/xarm_msgs/srv/detail/set_float32_list__type_support.hpp
[156.247s] -- Installing: /home/catcyber02/Mobile-Robots-2026-1/install/xarm_msgs/include/xarm_msgs/xarm_msgs/srv/detail/get_digital_io__struct.hpp
[156.247s] -- Installing: /home/catcyber02/Mobile-Robots-2026-1/install/xarm_msgs/include/xarm_msgs/xarm_msgs/srv/detail/ft_force_params__type_support.hpp
[156.247s] -- Installing: /home/catcyber02/Mobile-Robots-2026-1/install/xarm_msgs/include/xarm_msgs/xarm_msgs/srv/detail/bio_gripper_enable__type_support.hpp
[156.248s] -- Installing: /home/catcyber02/Mobile-Robots-2026-1/install/xarm_msgs/include/xarm_msgs/xarm_msgs/srv/detail/set_digital_io__builder.hpp
[156.248s] -- Installing: /home/catcyber02/Mobile-Robots-2026-1/install/xarm_msgs/include/xarm_msgs/xarm_msgs/srv/detail/move_home__struct.hpp
[156.248s] -- Installing: /home/catcyber02/Mobile-Robots-2026-1/install/xarm_msgs/include/xarm_msgs/xarm_msgs/srv/detail/move_home__type_support.hpp
[156.249s] -- Installing: /home/catcyber02/Mobile-Robots-2026-1/install/xarm_msgs/include/xarm_msgs/xarm_msgs/srv/detail/ft_cali_load__struct.hpp
[156.249s] -- Installing: /home/catcyber02/Mobile-Robots-2026-1/install/xarm_msgs/include/xarm_msgs/xarm_msgs/srv/detail/set_modbus_timeout__traits.hpp
[156.249s] -- Installing: /home/catcyber02/Mobile-Robots-2026-1/install/xarm_msgs/include/xarm_msgs/xarm_msgs/srv/detail/get_int32__traits.hpp
[156.250s] -- Installing: /home/catcyber02/Mobile-Robots-2026-1/install/xarm_msgs/include/xarm_msgs/xarm_msgs/srv/detail/ft_force_config__type_support.hpp
[156.250s] -- Installing: /home/catcyber02/Mobile-Robots-2026-1/install/xarm_msgs/include/xarm_msgs/xarm_msgs/srv/detail/ft_force_params__traits.hpp
[156.250s] -- Installing: /home/catcyber02/Mobile-Robots-2026-1/install/xarm_msgs/include/xarm_msgs/xarm_msgs/srv/detail/linear_motor_set_pos__type_support.hpp
[156.251s] -- Installing: /home/catcyber02/Mobile-Robots-2026-1/install/xarm_msgs/include/xarm_msgs/xarm_msgs/srv/detail/move_circle__builder.hpp
[156.251s] -- Installing: /home/catcyber02/Mobile-Robots-2026-1/install/xarm_msgs/include/xarm_msgs/xarm_msgs/srv/detail/ft_admittance_params__type_support.hpp
[156.251s] -- Installing: /home/catcyber02/Mobile-Robots-2026-1/install/xarm_msgs/include/xarm_msgs/xarm_msgs/srv/detail/traj_ctrl__type_support.hpp
[156.251s] -- Installing: /home/catcyber02/Mobile-Robots-2026-1/install/xarm_msgs/include/xarm_msgs/xarm_msgs/srv/detail/set_tcp_load__builder.hpp
[156.252s] -- Installing: /home/catcyber02/Mobile-Robots-2026-1/install/xarm_msgs/include/xarm_msgs/xarm_msgs/srv/detail/set_int16_by_id__traits.hpp
[156.252s] -- Installing: /home/catcyber02/Mobile-Robots-2026-1/install/xarm_msgs/include/xarm_msgs/xarm_msgs/srv/detail/linear_track_set_pos__builder.hpp
[156.252s] -- Installing: /home/catcyber02/Mobile-Robots-2026-1/install/xarm_msgs/include/xarm_msgs/xarm_msgs/srv/detail/get_analog_io__type_support.hpp
[156.253s] -- Installing: /home/catcyber02/Mobile-Robots-2026-1/install/xarm_msgs/include/xarm_msgs/xarm_msgs/srv/detail/linear_motor_back_origin__builder.hpp
[156.253s] -- Installing: /home/catcyber02/Mobile-Robots-2026-1/install/xarm_msgs/include/xarm_msgs/xarm_msgs/srv/detail/set_float32__traits.hpp
[156.253s] -- Installing: /home/catcyber02/Mobile-Robots-2026-1/install/xarm_msgs/include/xarm_msgs/xarm_msgs/srv/detail/set_int16__traits.hpp
[156.254s] -- Installing: /home/catcyber02/Mobile-Robots-2026-1/install/xarm_msgs/include/xarm_msgs/xarm_msgs/srv/detail/traj_ctrl__traits.hpp
[156.254s] -- Installing: /home/catcyber02/Mobile-Robots-2026-1/install/xarm_msgs/include/xarm_msgs/xarm_msgs/srv/detail/ft_force_config__builder.hpp
[156.254s] -- Installing: /home/catcyber02/Mobile-Robots-2026-1/install/xarm_msgs/include/xarm_msgs/xarm_msgs/srv/detail/get_int16_list__struct.hpp
[156.255s] -- Installing: /home/catcyber02/Mobile-Robots-2026-1/install/xarm_msgs/include/xarm_msgs/xarm_msgs/srv/detail/plan_single_straight__builder.hpp
[156.255s] -- Installing: /home/catcyber02/Mobile-Robots-2026-1/install/xarm_msgs/include/xarm_msgs/xarm_msgs/srv/detail/ft_force_pid__builder.hpp
[156.255s] -- Installing: /home/catcyber02/Mobile-Robots-2026-1/install/xarm_msgs/include/xarm_msgs/xarm_msgs/srv/detail/set_int16_by_id__struct.hpp
[156.255s] -- Installing: /home/catcyber02/Mobile-Robots-2026-1/install/xarm_msgs/include/xarm_msgs/xarm_msgs/srv/detail/set_int32_by_type__builder.hpp
[156.256s] -- Installing: /home/catcyber02/Mobile-Robots-2026-1/install/xarm_msgs/include/xarm_msgs/xarm_msgs/srv/detail/get_set_modbus_data__struct.hpp
[156.256s] -- Installing: /home/catcyber02/Mobile-Robots-2026-1/install/xarm_msgs/include/xarm_msgs/xarm_msgs/srv/detail/ft_impedance__builder.hpp
[156.256s] -- Installing: /home/catcyber02/Mobile-Robots-2026-1/install/xarm_msgs/include/xarm_msgs/xarm_msgs/srv/detail/plan_pose__builder.hpp
[156.257s] -- Installing: /home/catcyber02/Mobile-Robots-2026-1/install/xarm_msgs/include/xarm_msgs/xarm_msgs/srv/detail/set_analog_io__traits.hpp
[156.257s] -- Installing: /home/catcyber02/Mobile-Robots-2026-1/install/xarm_msgs/include/xarm_msgs/xarm_msgs/srv/detail/vacuum_gripper_ctrl__type_support.hpp
[156.257s] -- Installing: /home/catcyber02/Mobile-Robots-2026-1/install/xarm_msgs/include/xarm_msgs/xarm_msgs/srv/detail/call__traits.hpp
[156.258s] -- Installing: /home/catcyber02/Mobile-Robots-2026-1/install/xarm_msgs/include/xarm_msgs/xarm_msgs/srv/detail/gripper_move__traits.hpp
[156.258s] -- Installing: /home/catcyber02/Mobile-Robots-2026-1/install/xarm_msgs/include/xarm_msgs/xarm_msgs/srv/detail/call__type_support.hpp
[156.258s] -- Installing: /home/catcyber02/Mobile-Robots-2026-1/install/xarm_msgs/include/xarm_msgs/xarm_msgs/srv/detail/vacuum_gripper_ctrl__struct.hpp
[156.258s] -- Installing: /home/catcyber02/Mobile-Robots-2026-1/install/xarm_msgs/include/xarm_msgs/xarm_msgs/srv/detail/robotiq_reset__traits.hpp
[156.259s] -- Installing: /home/catcyber02/Mobile-Robots-2026-1/install/xarm_msgs/include/xarm_msgs/xarm_msgs/srv/detail/get_float32__struct.hpp
[156.259s] -- Installing: /home/catcyber02/Mobile-Robots-2026-1/install/xarm_msgs/include/xarm_msgs/xarm_msgs/srv/detail/get_float32_list__traits.hpp
[156.259s] -- Installing: /home/catcyber02/Mobile-Robots-2026-1/install/xarm_msgs/include/xarm_msgs/xarm_msgs/srv/detail/move_cartesian__builder.hpp
[156.260s] -- Installing: /home/catcyber02/Mobile-Robots-2026-1/install/xarm_msgs/include/xarm_msgs/xarm_msgs/srv/detail/bio_gripper_ctrl__type_support.hpp
[156.260s] -- Installing: /home/catcyber02/Mobile-Robots-2026-1/install/xarm_msgs/include/xarm_msgs/xarm_msgs/srv/detail/traj_play__builder.hpp
[156.260s] -- Installing: /home/catcyber02/Mobile-Robots-2026-1/install/xarm_msgs/include/xarm_msgs/xarm_msgs/srv/detail/set_int32_by_type__struct.hpp
[156.261s] -- Installing: /home/catcyber02/Mobile-Robots-2026-1/install/xarm_msgs/include/xarm_msgs/xarm_msgs/srv/detail/move_joint__traits.hpp
[156.261s] -- Installing: /home/catcyber02/Mobile-Robots-2026-1/install/xarm_msgs/include/xarm_msgs/xarm_msgs/srv/detail/plan_exec__type_support.hpp
[156.261s] -- Installing: /home/catcyber02/Mobile-Robots-2026-1/install/xarm_msgs/include/xarm_msgs/xarm_msgs/srv/detail/plan_pose__type_support.hpp
[156.261s] -- Installing: /home/catcyber02/Mobile-Robots-2026-1/install/xarm_msgs/include/xarm_msgs/xarm_msgs/srv/detail/get_digital_io__builder.hpp
[156.262s] -- Installing: /home/catcyber02/Mobile-Robots-2026-1/install/xarm_msgs/include/xarm_msgs/xarm_msgs/srv/detail/iden_load__type_support.hpp
[156.262s] -- Installing: /home/catcyber02/Mobile-Robots-2026-1/install/xarm_msgs/include/xarm_msgs/xarm_msgs/srv/detail/set_int16__type_support.hpp
[156.262s] -- Installing: /home/catcyber02/Mobile-Robots-2026-1/install/xarm_msgs/include/xarm_msgs/xarm_msgs/srv/detail/linear_track_back_origin__type_support.hpp
[156.263s] -- Installing: /home/catcyber02/Mobile-Robots-2026-1/install/xarm_msgs/include/xarm_msgs/xarm_msgs/srv/detail/get_float32_list__struct.hpp
[156.263s] -- Installing: /home/catcyber02/Mobile-Robots-2026-1/install/xarm_msgs/include/xarm_msgs/xarm_msgs/srv/detail/set_int32_by_type__traits.hpp
[156.263s] -- Installing: /home/catcyber02/Mobile-Robots-2026-1/install/xarm_msgs/include/xarm_msgs/xarm_msgs/srv/detail/move_home__traits.hpp
[156.263s] -- Installing: /home/catcyber02/Mobile-Robots-2026-1/install/xarm_msgs/include/xarm_msgs/xarm_msgs/srv/detail/get_int16__struct.hpp
[156.264s] -- Installing: /home/catcyber02/Mobile-Robots-2026-1/install/xarm_msgs/include/xarm_msgs/xarm_msgs/srv/detail/plan_pose__struct.hpp
[156.264s] -- Installing: /home/catcyber02/Mobile-Robots-2026-1/install/xarm_msgs/include/xarm_msgs/xarm_msgs/srv/detail/set_int16__builder.hpp
[156.264s] -- Installing: /home/catcyber02/Mobile-Robots-2026-1/install/xarm_msgs/include/xarm_msgs/xarm_msgs/srv/detail/get_int32_by_type__builder.hpp
[156.265s] -- Installing: /home/catcyber02/Mobile-Robots-2026-1/install/xarm_msgs/include/xarm_msgs/xarm_msgs/srv/detail/linear_track_back_origin__traits.hpp
[156.265s] -- Installing: /home/catcyber02/Mobile-Robots-2026-1/install/xarm_msgs/include/xarm_msgs/xarm_msgs/srv/detail/get_int16__type_support.hpp
[156.265s] -- Installing: /home/catcyber02/Mobile-Robots-2026-1/install/xarm_msgs/include/xarm_msgs/xarm_msgs/srv/detail/set_analog_io__struct.hpp
[156.266s] -- Installing: /home/catcyber02/Mobile-Robots-2026-1/install/xarm_msgs/include/xarm_msgs/xarm_msgs/srv/detail/get_float32__traits.hpp
[156.266s] -- Installing: /home/catcyber02/Mobile-Robots-2026-1/install/xarm_msgs/include/xarm_msgs/xarm_msgs/srv/detail/set_modbus_timeout__type_support.hpp
[156.266s] -- Installing: /home/catcyber02/Mobile-Robots-2026-1/install/xarm_msgs/include/xarm_msgs/xarm_msgs/srv/detail/linear_motor_set_pos__struct.hpp
[156.267s] -- Installing: /home/catcyber02/Mobile-Robots-2026-1/install/xarm_msgs/include/xarm_msgs/xarm_msgs/srv/detail/move_velocity__struct.hpp
[156.267s] -- Installing: /home/catcyber02/Mobile-Robots-2026-1/install/xarm_msgs/include/xarm_msgs/xarm_msgs/srv/detail/get_int16__builder.hpp
[156.267s] -- Installing: /home/catcyber02/Mobile-Robots-2026-1/install/xarm_msgs/include/xarm_msgs/xarm_msgs/srv/detail/bio_gripper_enable__builder.hpp
[156.268s] -- Installing: /home/catcyber02/Mobile-Robots-2026-1/install/xarm_msgs/include/xarm_msgs/xarm_msgs/srv/detail/get_analog_io__struct.hpp
[156.268s] -- Installing: /home/catcyber02/Mobile-Robots-2026-1/install/xarm_msgs/include/xarm_msgs/xarm_msgs/srv/detail/move_joint__struct.hpp
[156.269s] -- Installing: /home/catcyber02/Mobile-Robots-2026-1/install/xarm_msgs/include/xarm_msgs/xarm_msgs/srv/detail/traj_play__type_support.hpp
[156.269s] -- Installing: /home/catcyber02/Mobile-Robots-2026-1/install/xarm_msgs/include/xarm_msgs/xarm_msgs/srv/detail/ft_force_pid__type_support.hpp
[156.269s] -- Installing: /home/catcyber02/Mobile-Robots-2026-1/install/xarm_msgs/include/xarm_msgs/xarm_msgs/srv/detail/move_velocity__builder.hpp
[156.269s] -- Installing: /home/catcyber02/Mobile-Robots-2026-1/install/xarm_msgs/include/xarm_msgs/xarm_msgs/srv/detail/robotiq_get_status__struct.hpp
[156.270s] -- Installing: /home/catcyber02/Mobile-Robots-2026-1/install/xarm_msgs/include/xarm_msgs/xarm_msgs/srv/detail/get_analog_io__traits.hpp
[156.270s] -- Installing: /home/catcyber02/Mobile-Robots-2026-1/install/xarm_msgs/include/xarm_msgs/xarm_msgs/srv/detail/set_tcp_load__type_support.hpp
[156.270s] -- Installing: /home/catcyber02/Mobile-Robots-2026-1/install/xarm_msgs/include/xarm_msgs/xarm_msgs/srv/detail/get_float32__builder.hpp
[156.271s] -- Installing: /home/catcyber02/Mobile-Robots-2026-1/install/xarm_msgs/include/xarm_msgs/xarm_msgs/srv/detail/plan_pose__traits.hpp
[156.271s] -- Installing: /home/catcyber02/Mobile-Robots-2026-1/install/xarm_msgs/include/xarm_msgs/xarm_msgs/srv/detail/plan_single_straight__struct.hpp
[156.272s] -- Installing: /home/catcyber02/Mobile-Robots-2026-1/install/xarm_msgs/include/xarm_msgs/xarm_msgs/srv/detail/linear_track_set_pos__struct.hpp
[156.272s] -- Installing: /home/catcyber02/Mobile-Robots-2026-1/install/xarm_msgs/include/xarm_msgs/xarm_msgs/srv/get_digital_io.hpp
[156.272s] -- Installing: /home/catcyber02/Mobile-Robots-2026-1/install/xarm_msgs/include/xarm_msgs/xarm_msgs/srv/robotiq_activate.hpp
[156.273s] -- Installing: /home/catcyber02/Mobile-Robots-2026-1/install/xarm_msgs/include/xarm_msgs/xarm_msgs/srv/set_analog_io.hpp
[156.273s] -- Installing: /home/catcyber02/Mobile-Robots-2026-1/install/xarm_msgs/include/xarm_msgs/xarm_msgs/srv/robotiq_move.hpp
[156.273s] -- Installing: /home/catcyber02/Mobile-Robots-2026-1/install/xarm_msgs/include/xarm_msgs/xarm_msgs/srv/iden_load.hpp
[156.274s] -- Installing: /home/catcyber02/Mobile-Robots-2026-1/install/xarm_msgs/include/xarm_msgs/xarm_msgs/srv/linear_track_back_origin.hpp
[156.274s] -- Installing: /home/catcyber02/Mobile-Robots-2026-1/install/xarm_msgs/include/xarm_msgs/xarm_msgs/srv/get_float32.hpp
[156.274s] -- Installing: /home/catcyber02/Mobile-Robots-2026-1/install/xarm_msgs/include/xarm_msgs/xarm_msgs/srv/move_home.hpp
[156.274s] -- Installing: /home/catcyber02/Mobile-Robots-2026-1/install/xarm_msgs/include/xarm_msgs/xarm_msgs/srv/get_int32_by_type.hpp
[156.274s] -- Installing: /home/catcyber02/Mobile-Robots-2026-1/install/xarm_msgs/include/xarm_msgs/xarm_msgs/srv/get_int16.hpp
[156.275s] -- Installing: /home/catcyber02/Mobile-Robots-2026-1/install/xarm_msgs/include/xarm_msgs/xarm_msgs/srv/traj_ctrl.hpp
[156.275s] -- Installing: /home/catcyber02/Mobile-Robots-2026-1/install/xarm_msgs/include/xarm_msgs/xarm_msgs/srv/robotiq_get_status.hpp
[156.275s] -- Installing: /home/catcyber02/Mobile-Robots-2026-1/install/xarm_msgs/include/xarm_msgs/xarm_msgs/srv/gripper_move.hpp
[156.275s] -- Installing: /home/catcyber02/Mobile-Robots-2026-1/install/xarm_msgs/include/xarm_msgs/xarm_msgs/srv/set_digital_io.hpp
[156.276s] -- Installing: /home/catcyber02/Mobile-Robots-2026-1/install/xarm_msgs/include/xarm_msgs/xarm_msgs/srv/ft_impedance.hpp
[156.276s] -- Installing: /home/catcyber02/Mobile-Robots-2026-1/install/xarm_msgs/include/xarm_msgs/xarm_msgs/srv/set_int16_by_id.hpp
[156.276s] -- Installing: /home/catcyber02/Mobile-Robots-2026-1/install/xarm_msgs/include/xarm_msgs/xarm_msgs/srv/ft_force_config.hpp
[156.276s] -- Installing: /home/catcyber02/Mobile-Robots-2026-1/install/xarm_msgs/include/xarm_msgs/xarm_msgs/srv/traj_play.hpp
[156.277s] -- Installing: /home/catcyber02/Mobile-Robots-2026-1/install/xarm_msgs/include/xarm_msgs/xarm_msgs/srv/set_modbus_timeout.hpp
[156.277s] -- Installing: /home/catcyber02/Mobile-Robots-2026-1/install/xarm_msgs/include/xarm_msgs/xarm_msgs/srv/set_int16_list.hpp
[156.277s] -- Installing: /home/catcyber02/Mobile-Robots-2026-1/install/xarm_msgs/include/xarm_msgs/xarm_msgs/srv/ft_cali_load.hpp
[156.278s] -- Installing: /home/catcyber02/Mobile-Robots-2026-1/install/xarm_msgs/include/xarm_msgs/xarm_msgs/srv/ft_force_pid.hpp
[156.278s] -- Installing: /home/catcyber02/Mobile-Robots-2026-1/install/xarm_msgs/include/xarm_msgs/xarm_msgs/srv/linear_track_set_pos.hpp
[156.278s] -- Installing: /home/catcyber02/Mobile-Robots-2026-1/install/xarm_msgs/include/xarm_msgs/xarm_msgs/srv/linear_motor_back_origin.hpp
[156.279s] -- Installing: /home/catcyber02/Mobile-Robots-2026-1/install/xarm_msgs/include/xarm_msgs/xarm_msgs/srv/robotiq_reset.hpp
[156.279s] -- Installing: /home/catcyber02/Mobile-Robots-2026-1/install/xarm_msgs/include/xarm_msgs/xarm_msgs/srv/bio_gripper_enable.hpp
[156.279s] -- Installing: /home/catcyber02/Mobile-Robots-2026-1/install/xarm_msgs/include/xarm_msgs/xarm_msgs/srv/plan_exec.hpp
[156.279s] -- Installing: /home/catcyber02/Mobile-Robots-2026-1/install/xarm_msgs/include/xarm_msgs/xarm_msgs/srv/move_circle.hpp
[156.279s] -- Installing: /home/catcyber02/Mobile-Robots-2026-1/install/xarm_msgs/include/xarm_msgs/xarm_msgs/srv/get_analog_io.hpp
[156.280s] -- Installing: /home/catcyber02/Mobile-Robots-2026-1/install/xarm_msgs/include/xarm_msgs/xarm_msgs/srv/get_float32_list.hpp
[156.280s] -- Installing: /home/catcyber02/Mobile-Robots-2026-1/install/xarm_msgs/include/xarm_msgs/xarm_msgs/srv/plan_single_straight.hpp
[156.280s] -- Installing: /home/catcyber02/Mobile-Robots-2026-1/install/xarm_msgs/include/xarm_msgs/xarm_msgs/srv/plan_pose.hpp
[156.281s] -- Installing: /home/catcyber02/Mobile-Robots-2026-1/install/xarm_msgs/include/xarm_msgs/xarm_msgs/srv/ft_force_params.hpp
[156.281s] -- Installing: /home/catcyber02/Mobile-Robots-2026-1/install/xarm_msgs/include/xarm_msgs/xarm_msgs/srv/set_int16.hpp
[156.281s] -- Installing: /home/catcyber02/Mobile-Robots-2026-1/install/xarm_msgs/include/xarm_msgs/xarm_msgs/srv/get_int32.hpp
[156.281s] -- Installing: /home/catcyber02/Mobile-Robots-2026-1/install/xarm_msgs/include/xarm_msgs/xarm_msgs/srv/set_float32_list.hpp
[156.282s] -- Installing: /home/catcyber02/Mobile-Robots-2026-1/install/xarm_msgs/include/xarm_msgs/xarm_msgs/srv/move_cartesian.hpp
[156.282s] -- Installing: /home/catcyber02/Mobile-Robots-2026-1/install/xarm_msgs/include/xarm_msgs/xarm_msgs/srv/plan_joint.hpp
[156.282s] -- Installing: /home/catcyber02/Mobile-Robots-2026-1/install/xarm_msgs/include/xarm_msgs/xarm_msgs/srv/set_tcp_load.hpp
[156.283s] -- Installing: /home/catcyber02/Mobile-Robots-2026-1/install/xarm_msgs/include/xarm_msgs/xarm_msgs/srv/bio_gripper_ctrl.hpp
[156.283s] -- Installing: /home/catcyber02/Mobile-Robots-2026-1/install/xarm_msgs/include/xarm_msgs/xarm_msgs/srv/set_int32.hpp
[156.283s] -- Installing: /home/catcyber02/Mobile-Robots-2026-1/install/xarm_msgs/include/xarm_msgs/xarm_msgs/srv/vacuum_gripper_ctrl.hpp
[156.284s] -- Installing: /home/catcyber02/Mobile-Robots-2026-1/install/xarm_msgs/include/xarm_msgs/xarm_msgs/srv/linear_motor_set_pos.hpp
[156.284s] -- Installing: /home/catcyber02/Mobile-Robots-2026-1/install/xarm_msgs/include/xarm_msgs/xarm_msgs/srv/set_int32_by_type.hpp
[156.284s] -- Up-to-date: /home/catcyber02/Mobile-Robots-2026-1/install/xarm_msgs/include/xarm_msgs/xarm_msgs/msg
[156.284s] -- Installing: /home/catcyber02/Mobile-Robots-2026-1/install/xarm_msgs/include/xarm_msgs/xarm_msgs/msg/robot_msg.hpp
[156.285s] -- Installing: /home/catcyber02/Mobile-Robots-2026-1/install/xarm_msgs/include/xarm_msgs/xarm_msgs/msg/move_velocity.hpp
[156.285s] -- Up-to-date: /home/catcyber02/Mobile-Robots-2026-1/install/xarm_msgs/include/xarm_msgs/xarm_msgs/msg/detail
[156.285s] -- Installing: /home/catcyber02/Mobile-Robots-2026-1/install/xarm_msgs/include/xarm_msgs/xarm_msgs/msg/detail/cio_state__traits.hpp
[156.285s] -- Installing: /home/catcyber02/Mobile-Robots-2026-1/install/xarm_msgs/include/xarm_msgs/xarm_msgs/msg/detail/robot_msg__traits.hpp
[156.285s] -- Installing: /home/catcyber02/Mobile-Robots-2026-1/install/xarm_msgs/include/xarm_msgs/xarm_msgs/msg/detail/move_velocity__traits.hpp
[156.286s] -- Installing: /home/catcyber02/Mobile-Robots-2026-1/install/xarm_msgs/include/xarm_msgs/xarm_msgs/msg/detail/robot_msg__type_support.hpp
[156.286s] -- Installing: /home/catcyber02/Mobile-Robots-2026-1/install/xarm_msgs/include/xarm_msgs/xarm_msgs/msg/detail/move_velocity__type_support.hpp
[156.286s] -- Installing: /home/catcyber02/Mobile-Robots-2026-1/install/xarm_msgs/include/xarm_msgs/xarm_msgs/msg/detail/io_state__traits.hpp
[156.286s] -- Installing: /home/catcyber02/Mobile-Robots-2026-1/install/xarm_msgs/include/xarm_msgs/xarm_msgs/msg/detail/robot_msg__builder.hpp
[156.286s] -- Installing: /home/catcyber02/Mobile-Robots-2026-1/install/xarm_msgs/include/xarm_msgs/xarm_msgs/msg/detail/io_state__struct.hpp
[156.287s] -- Installing: /home/catcyber02/Mobile-Robots-2026-1/install/xarm_msgs/include/xarm_msgs/xarm_msgs/msg/detail/robot_msg__struct.hpp
[156.287s] -- Installing: /home/catcyber02/Mobile-Robots-2026-1/install/xarm_msgs/include/xarm_msgs/xarm_msgs/msg/detail/io_state__type_support.hpp
[156.287s] -- Installing: /home/catcyber02/Mobile-Robots-2026-1/install/xarm_msgs/include/xarm_msgs/xarm_msgs/msg/detail/cio_state__type_support.hpp
[156.287s] -- Installing: /home/catcyber02/Mobile-Robots-2026-1/install/xarm_msgs/include/xarm_msgs/xarm_msgs/msg/detail/move_velocity__struct.hpp
[156.288s] -- Installing: /home/catcyber02/Mobile-Robots-2026-1/install/xarm_msgs/include/xarm_msgs/xarm_msgs/msg/detail/cio_state__builder.hpp
[156.288s] -- Installing: /home/catcyber02/Mobile-Robots-2026-1/install/xarm_msgs/include/xarm_msgs/xarm_msgs/msg/detail/move_velocity__builder.hpp
[156.288s] -- Installing: /home/catcyber02/Mobile-Robots-2026-1/install/xarm_msgs/include/xarm_msgs/xarm_msgs/msg/detail/io_state__builder.hpp
[156.288s] -- Installing: /home/catcyber02/Mobile-Robots-2026-1/install/xarm_msgs/include/xarm_msgs/xarm_msgs/msg/detail/cio_state__struct.hpp
[156.289s] -- Installing: /home/catcyber02/Mobile-Robots-2026-1/install/xarm_msgs/include/xarm_msgs/xarm_msgs/msg/rosidl_generator_cpp__visibility_control.hpp
[156.289s] -- Installing: /home/catcyber02/Mobile-Robots-2026-1/install/xarm_msgs/include/xarm_msgs/xarm_msgs/msg/cio_state.hpp
[156.289s] -- Installing: /home/catcyber02/Mobile-Robots-2026-1/install/xarm_msgs/include/xarm_msgs/xarm_msgs/msg/io_state.hpp
[156.290s] -- Up-to-date: /home/catcyber02/Mobile-Robots-2026-1/install/xarm_msgs/include/xarm_msgs/xarm_msgs
[156.290s] -- Up-to-date: /home/catcyber02/Mobile-Robots-2026-1/install/xarm_msgs/include/xarm_msgs/xarm_msgs/srv
[156.290s] -- Up-to-date: /home/catcyber02/Mobile-Robots-2026-1/install/xarm_msgs/include/xarm_msgs/xarm_msgs/srv/detail
[156.290s] -- Installing: /home/catcyber02/Mobile-Robots-2026-1/install/xarm_msgs/include/xarm_msgs/xarm_msgs/srv/detail/traj_ctrl__rosidl_typesupport_fastrtps_cpp.hpp
[156.291s] -- Installing: /home/catcyber02/Mobile-Robots-2026-1/install/xarm_msgs/include/xarm_msgs/xarm_msgs/srv/detail/traj_play__rosidl_typesupport_fastrtps_cpp.hpp
[156.291s] -- Installing: /home/catcyber02/Mobile-Robots-2026-1/install/xarm_msgs/include/xarm_msgs/xarm_msgs/srv/detail/get_set_modbus_data__rosidl_typesupport_fastrtps_cpp.hpp
[156.291s] -- Installing: /home/catcyber02/Mobile-Robots-2026-1/install/xarm_msgs/include/xarm_msgs/xarm_msgs/srv/detail/linear_track_set_pos__rosidl_typesupport_fastrtps_cpp.hpp
[156.291s] -- Installing: /home/catcyber02/Mobile-Robots-2026-1/install/xarm_msgs/include/xarm_msgs/xarm_msgs/srv/detail/bio_gripper_ctrl__rosidl_typesupport_fastrtps_cpp.hpp
[156.292s] -- Installing: /home/catcyber02/Mobile-Robots-2026-1/install/xarm_msgs/include/xarm_msgs/xarm_msgs/srv/detail/get_int16__rosidl_typesupport_fastrtps_cpp.hpp
[156.292s] -- Installing: /home/catcyber02/Mobile-Robots-2026-1/install/xarm_msgs/include/xarm_msgs/xarm_msgs/srv/detail/gripper_move__rosidl_typesupport_fastrtps_cpp.hpp
[156.292s] -- Installing: /home/catcyber02/Mobile-Robots-2026-1/install/xarm_msgs/include/xarm_msgs/xarm_msgs/srv/detail/ft_force_config__rosidl_typesupport_fastrtps_cpp.hpp
[156.292s] -- Installing: /home/catcyber02/Mobile-Robots-2026-1/install/xarm_msgs/include/xarm_msgs/xarm_msgs/srv/detail/move_circle__rosidl_typesupport_fastrtps_cpp.hpp
[156.293s] -- Installing: /home/catcyber02/Mobile-Robots-2026-1/install/xarm_msgs/include/xarm_msgs/xarm_msgs/srv/detail/set_modbus_timeout__rosidl_typesupport_fastrtps_cpp.hpp
[156.293s] -- Installing: /home/catcyber02/Mobile-Robots-2026-1/install/xarm_msgs/include/xarm_msgs/xarm_msgs/srv/detail/set_float32_list__rosidl_typesupport_fastrtps_cpp.hpp
[156.293s] -- Installing: /home/catcyber02/Mobile-Robots-2026-1/install/xarm_msgs/include/xarm_msgs/xarm_msgs/srv/detail/robotiq_get_status__rosidl_typesupport_fastrtps_cpp.hpp
[156.294s] -- Installing: /home/catcyber02/Mobile-Robots-2026-1/install/xarm_msgs/include/xarm_msgs/xarm_msgs/srv/detail/set_int16__rosidl_typesupport_fastrtps_cpp.hpp
[156.294s] -- Installing: /home/catcyber02/Mobile-Robots-2026-1/install/xarm_msgs/include/xarm_msgs/xarm_msgs/srv/detail/set_analog_io__rosidl_typesupport_fastrtps_cpp.hpp
[156.294s] -- Installing: /home/catcyber02/Mobile-Robots-2026-1/install/xarm_msgs/include/xarm_msgs/xarm_msgs/srv/detail/set_tcp_load__rosidl_typesupport_fastrtps_cpp.hpp
[156.295s] -- Installing: /home/catcyber02/Mobile-Robots-2026-1/install/xarm_msgs/include/xarm_msgs/xarm_msgs/srv/detail/robotiq_activate__rosidl_typesupport_fastrtps_cpp.hpp
[156.295s] -- Installing: /home/catcyber02/Mobile-Robots-2026-1/install/xarm_msgs/include/xarm_msgs/xarm_msgs/srv/detail/ft_impedance__rosidl_typesupport_fastrtps_cpp.hpp
[156.295s] -- Installing: /home/catcyber02/Mobile-Robots-2026-1/install/xarm_msgs/include/xarm_msgs/xarm_msgs/srv/detail/bio_gripper_enable__rosidl_typesupport_fastrtps_cpp.hpp
[156.295s] -- Installing: /home/catcyber02/Mobile-Robots-2026-1/install/xarm_msgs/include/xarm_msgs/xarm_msgs/srv/detail/iden_load__rosidl_typesupport_fastrtps_cpp.hpp
[156.296s] -- Installing: /home/catcyber02/Mobile-Robots-2026-1/install/xarm_msgs/include/xarm_msgs/xarm_msgs/srv/detail/plan_exec__rosidl_typesupport_fastrtps_cpp.hpp
[156.296s] -- Installing: /home/catcyber02/Mobile-Robots-2026-1/install/xarm_msgs/include/xarm_msgs/xarm_msgs/srv/detail/ft_cali_load__rosidl_typesupport_fastrtps_cpp.hpp
[156.296s] -- Installing: /home/catcyber02/Mobile-Robots-2026-1/install/xarm_msgs/include/xarm_msgs/xarm_msgs/srv/detail/move_joint__rosidl_typesupport_fastrtps_cpp.hpp
[156.297s] -- Installing: /home/catcyber02/Mobile-Robots-2026-1/install/xarm_msgs/include/xarm_msgs/xarm_msgs/srv/detail/get_analog_io__rosidl_typesupport_fastrtps_cpp.hpp
[156.297s] -- Installing: /home/catcyber02/Mobile-Robots-2026-1/install/xarm_msgs/include/xarm_msgs/xarm_msgs/srv/detail/ft_admittance_params__rosidl_typesupport_fastrtps_cpp.hpp
[156.297s] -- Installing: /home/catcyber02/Mobile-Robots-2026-1/install/xarm_msgs/include/xarm_msgs/xarm_msgs/srv/detail/get_int32_by_type__rosidl_typesupport_fastrtps_cpp.hpp
[156.298s] -- Installing: /home/catcyber02/Mobile-Robots-2026-1/install/xarm_msgs/include/xarm_msgs/xarm_msgs/srv/detail/get_int32__rosidl_typesupport_fastrtps_cpp.hpp
[156.298s] -- Installing: /home/catcyber02/Mobile-Robots-2026-1/install/xarm_msgs/include/xarm_msgs/xarm_msgs/srv/detail/get_digital_io__rosidl_typesupport_fastrtps_cpp.hpp
[156.298s] -- Installing: /home/catcyber02/Mobile-Robots-2026-1/install/xarm_msgs/include/xarm_msgs/xarm_msgs/srv/detail/get_float32_list__rosidl_typesupport_fastrtps_cpp.hpp
[156.298s] -- Installing: /home/catcyber02/Mobile-Robots-2026-1/install/xarm_msgs/include/xarm_msgs/xarm_msgs/srv/detail/set_digital_io__rosidl_typesupport_fastrtps_cpp.hpp
[156.299s] -- Installing: /home/catcyber02/Mobile-Robots-2026-1/install/xarm_msgs/include/xarm_msgs/xarm_msgs/srv/detail/linear_motor_back_origin__rosidl_typesupport_fastrtps_cpp.hpp
[156.299s] -- Installing: /home/catcyber02/Mobile-Robots-2026-1/install/xarm_msgs/include/xarm_msgs/xarm_msgs/srv/detail/call__rosidl_typesupport_fastrtps_cpp.hpp
[156.300s] -- Installing: /home/catcyber02/Mobile-Robots-2026-1/install/xarm_msgs/include/xarm_msgs/xarm_msgs/srv/detail/linear_track_back_origin__rosidl_typesupport_fastrtps_cpp.hpp
[156.300s] -- Installing: /home/catcyber02/Mobile-Robots-2026-1/install/xarm_msgs/include/xarm_msgs/xarm_msgs/srv/detail/robotiq_reset__rosidl_typesupport_fastrtps_cpp.hpp
[156.300s] -- Installing: /home/catcyber02/Mobile-Robots-2026-1/install/xarm_msgs/include/xarm_msgs/xarm_msgs/srv/detail/ft_force_params__rosidl_typesupport_fastrtps_cpp.hpp
[156.300s] -- Installing: /home/catcyber02/Mobile-Robots-2026-1/install/xarm_msgs/include/xarm_msgs/xarm_msgs/srv/detail/ft_force_pid__rosidl_typesupport_fastrtps_cpp.hpp
[156.301s] -- Installing: /home/catcyber02/Mobile-Robots-2026-1/install/xarm_msgs/include/xarm_msgs/xarm_msgs/srv/detail/set_float32__rosidl_typesupport_fastrtps_cpp.hpp
[156.301s] -- Installing: /home/catcyber02/Mobile-Robots-2026-1/install/xarm_msgs/include/xarm_msgs/xarm_msgs/srv/detail/plan_single_straight__rosidl_typesupport_fastrtps_cpp.hpp
[156.301s] -- Installing: /home/catcyber02/Mobile-Robots-2026-1/install/xarm_msgs/include/xarm_msgs/xarm_msgs/srv/detail/set_int16_by_id__rosidl_typesupport_fastrtps_cpp.hpp
[156.302s] -- Installing: /home/catcyber02/Mobile-Robots-2026-1/install/xarm_msgs/include/xarm_msgs/xarm_msgs/srv/detail/robotiq_move__rosidl_typesupport_fastrtps_cpp.hpp
[156.302s] -- Installing: /home/catcyber02/Mobile-Robots-2026-1/install/xarm_msgs/include/xarm_msgs/xarm_msgs/srv/detail/get_float32__rosidl_typesupport_fastrtps_cpp.hpp
[156.302s] -- Installing: /home/catcyber02/Mobile-Robots-2026-1/install/xarm_msgs/include/xarm_msgs/xarm_msgs/srv/detail/set_int32__rosidl_typesupport_fastrtps_cpp.hpp
[156.302s] -- Installing: /home/catcyber02/Mobile-Robots-2026-1/install/xarm_msgs/include/xarm_msgs/xarm_msgs/srv/detail/vacuum_gripper_ctrl__rosidl_typesupport_fastrtps_cpp.hpp
[156.303s] -- Installing: /home/catcyber02/Mobile-Robots-2026-1/install/xarm_msgs/include/xarm_msgs/xarm_msgs/srv/detail/move_velocity__rosidl_typesupport_fastrtps_cpp.hpp
[156.303s] -- Installing: /home/catcyber02/Mobile-Robots-2026-1/install/xarm_msgs/include/xarm_msgs/xarm_msgs/srv/detail/get_int16_list__rosidl_typesupport_fastrtps_cpp.hpp
[156.303s] -- Installing: /home/catcyber02/Mobile-Robots-2026-1/install/xarm_msgs/include/xarm_msgs/xarm_msgs/srv/detail/set_int32_by_type__rosidl_typesupport_fastrtps_cpp.hpp
[156.304s] -- Installing: /home/catcyber02/Mobile-Robots-2026-1/install/xarm_msgs/include/xarm_msgs/xarm_msgs/srv/detail/dds_fastrtps
[156.304s] -- Installing: /home/catcyber02/Mobile-Robots-2026-1/install/xarm_msgs/include/xarm_msgs/xarm_msgs/srv/detail/move_home__rosidl_typesupport_fastrtps_cpp.hpp
[156.304s] -- Installing: /home/catcyber02/Mobile-Robots-2026-1/install/xarm_msgs/include/xarm_msgs/xarm_msgs/srv/detail/move_cartesian__rosidl_typesupport_fastrtps_cpp.hpp
[156.305s] -- Installing: /home/catcyber02/Mobile-Robots-2026-1/install/xarm_msgs/include/xarm_msgs/xarm_msgs/srv/detail/plan_joint__rosidl_typesupport_fastrtps_cpp.hpp
[156.305s] -- Installing: /home/catcyber02/Mobile-Robots-2026-1/install/xarm_msgs/include/xarm_msgs/xarm_msgs/srv/detail/linear_motor_set_pos__rosidl_typesupport_fastrtps_cpp.hpp
[156.305s] -- Installing: /home/catcyber02/Mobile-Robots-2026-1/install/xarm_msgs/include/xarm_msgs/xarm_msgs/srv/detail/plan_pose__rosidl_typesupport_fastrtps_cpp.hpp
[156.305s] -- Installing: /home/catcyber02/Mobile-Robots-2026-1/install/xarm_msgs/include/xarm_msgs/xarm_msgs/srv/detail/set_int16_list__rosidl_typesupport_fastrtps_cpp.hpp
[156.306s] -- Up-to-date: /home/catcyber02/Mobile-Robots-2026-1/install/xarm_msgs/include/xarm_msgs/xarm_msgs/msg
[156.306s] -- Up-to-date: /home/catcyber02/Mobile-Robots-2026-1/install/xarm_msgs/include/xarm_msgs/xarm_msgs/msg/detail
[156.306s] -- Installing: /home/catcyber02/Mobile-Robots-2026-1/install/xarm_msgs/include/xarm_msgs/xarm_msgs/msg/detail/io_state__rosidl_typesupport_fastrtps_cpp.hpp
[156.306s] -- Installing: /home/catcyber02/Mobile-Robots-2026-1/install/xarm_msgs/include/xarm_msgs/xarm_msgs/msg/detail/cio_state__rosidl_typesupport_fastrtps_cpp.hpp
[156.307s] -- Installing: /home/catcyber02/Mobile-Robots-2026-1/install/xarm_msgs/include/xarm_msgs/xarm_msgs/msg/detail/robot_msg__rosidl_typesupport_fastrtps_cpp.hpp
[156.307s] -- Installing: /home/catcyber02/Mobile-Robots-2026-1/install/xarm_msgs/include/xarm_msgs/xarm_msgs/msg/detail/move_velocity__rosidl_typesupport_fastrtps_cpp.hpp
[156.307s] -- Installing: /home/catcyber02/Mobile-Robots-2026-1/install/xarm_msgs/include/xarm_msgs/xarm_msgs/msg/detail/dds_fastrtps
[156.307s] -- Installing: /home/catcyber02/Mobile-Robots-2026-1/install/xarm_msgs/include/xarm_msgs/xarm_msgs/msg/rosidl_typesupport_fastrtps_cpp__visibility_control.h
[156.308s] -- Installing: /home/catcyber02/Mobile-Robots-2026-1/install/xarm_msgs/lib/libxarm_msgs__rosidl_typesupport_fastrtps_cpp.so
[156.317s] -- Set non-toolchain portion of runtime path of "/home/catcyber02/Mobile-Robots-2026-1/install/xarm_msgs/lib/libxarm_msgs__rosidl_typesupport_fastrtps_cpp.so" to ""
[156.318s] -- Up-to-date: /home/catcyber02/Mobile-Robots-2026-1/install/xarm_msgs/include/xarm_msgs/xarm_msgs
[156.318s] -- Up-to-date: /home/catcyber02/Mobile-Robots-2026-1/install/xarm_msgs/include/xarm_msgs/xarm_msgs/srv
[156.318s] -- Up-to-date: /home/catcyber02/Mobile-Robots-2026-1/install/xarm_msgs/include/xarm_msgs/xarm_msgs/srv/detail
[156.319s] -- Installing: /home/catcyber02/Mobile-Robots-2026-1/install/xarm_msgs/include/xarm_msgs/xarm_msgs/srv/detail/linear_motor_back_origin__type_support.c
[156.319s] -- Installing: /home/catcyber02/Mobile-Robots-2026-1/install/xarm_msgs/include/xarm_msgs/xarm_msgs/srv/detail/plan_exec__rosidl_typesupport_introspection_c.h
[156.319s] -- Installing: /home/catcyber02/Mobile-Robots-2026-1/install/xarm_msgs/include/xarm_msgs/xarm_msgs/srv/detail/get_int32_by_type__rosidl_typesupport_introspection_c.h
[156.319s] -- Installing: /home/catcyber02/Mobile-Robots-2026-1/install/xarm_msgs/include/xarm_msgs/xarm_msgs/srv/detail/get_set_modbus_data__type_support.c
[156.320s] -- Installing: /home/catcyber02/Mobile-Robots-2026-1/install/xarm_msgs/include/xarm_msgs/xarm_msgs/srv/detail/plan_pose__type_support.c
[156.320s] -- Installing: /home/catcyber02/Mobile-Robots-2026-1/install/xarm_msgs/include/xarm_msgs/xarm_msgs/srv/detail/call__rosidl_typesupport_introspection_c.h
[156.320s] -- Installing: /home/catcyber02/Mobile-Robots-2026-1/install/xarm_msgs/include/xarm_msgs/xarm_msgs/srv/detail/bio_gripper_ctrl__type_support.c
[156.320s] -- Installing: /home/catcyber02/Mobile-Robots-2026-1/install/xarm_msgs/include/xarm_msgs/xarm_msgs/srv/detail/move_velocity__rosidl_typesupport_introspection_c.h
[156.320s] -- Installing: /home/catcyber02/Mobile-Robots-2026-1/install/xarm_msgs/include/xarm_msgs/xarm_msgs/srv/detail/get_int32_by_type__type_support.c
[156.321s] -- Installing: /home/catcyber02/Mobile-Robots-2026-1/install/xarm_msgs/include/xarm_msgs/xarm_msgs/srv/detail/set_int32__rosidl_typesupport_introspection_c.h
[156.321s] -- Installing: /home/catcyber02/Mobile-Robots-2026-1/install/xarm_msgs/include/xarm_msgs/xarm_msgs/srv/detail/get_digital_io__rosidl_typesupport_introspection_c.h
[156.321s] -- Installing: /home/catcyber02/Mobile-Robots-2026-1/install/xarm_msgs/include/xarm_msgs/xarm_msgs/srv/detail/plan_joint__rosidl_typesupport_introspection_c.h
[156.321s] -- Installing: /home/catcyber02/Mobile-Robots-2026-1/install/xarm_msgs/include/xarm_msgs/xarm_msgs/srv/detail/robotiq_reset__type_support.c
[156.322s] -- Installing: /home/catcyber02/Mobile-Robots-2026-1/install/xarm_msgs/include/xarm_msgs/xarm_msgs/srv/detail/set_int16_list__rosidl_typesupport_introspection_c.h
[156.322s] -- Installing: /home/catcyber02/Mobile-Robots-2026-1/install/xarm_msgs/include/xarm_msgs/xarm_msgs/srv/detail/get_float32_list__type_support.c
[156.322s] -- Installing: /home/catcyber02/Mobile-Robots-2026-1/install/xarm_msgs/include/xarm_msgs/xarm_msgs/srv/detail/plan_joint__type_support.c
[156.323s] -- Installing: /home/catcyber02/Mobile-Robots-2026-1/install/xarm_msgs/include/xarm_msgs/xarm_msgs/srv/detail/call__type_support.c
[156.323s] -- Installing: /home/catcyber02/Mobile-Robots-2026-1/install/xarm_msgs/include/xarm_msgs/xarm_msgs/srv/detail/ft_impedance__rosidl_typesupport_introspection_c.h
[156.323s] -- Installing: /home/catcyber02/Mobile-Robots-2026-1/install/xarm_msgs/include/xarm_msgs/xarm_msgs/srv/detail/traj_ctrl__type_support.c
[156.324s] -- Installing: /home/catcyber02/Mobile-Robots-2026-1/install/xarm_msgs/include/xarm_msgs/xarm_msgs/srv/detail/get_analog_io__rosidl_typesupport_introspection_c.h
[156.324s] -- Installing: /home/catcyber02/Mobile-Robots-2026-1/install/xarm_msgs/include/xarm_msgs/xarm_msgs/srv/detail/move_cartesian__rosidl_typesupport_introspection_c.h
[156.325s] -- Installing: /home/catcyber02/Mobile-Robots-2026-1/install/xarm_msgs/include/xarm_msgs/xarm_msgs/srv/detail/plan_pose__rosidl_typesupport_introspection_c.h
[156.325s] -- Installing: /home/catcyber02/Mobile-Robots-2026-1/install/xarm_msgs/include/xarm_msgs/xarm_msgs/srv/detail/gripper_move__type_support.c
[156.325s] -- Installing: /home/catcyber02/Mobile-Robots-2026-1/install/xarm_msgs/include/xarm_msgs/xarm_msgs/srv/detail/ft_cali_load__type_support.c
[156.326s] -- Installing: /home/catcyber02/Mobile-Robots-2026-1/install/xarm_msgs/include/xarm_msgs/xarm_msgs/srv/detail/set_float32__rosidl_typesupport_introspection_c.h
[156.326s] -- Installing: /home/catcyber02/Mobile-Robots-2026-1/install/xarm_msgs/include/xarm_msgs/xarm_msgs/srv/detail/ft_force_params__type_support.c
[156.326s] -- Installing: /home/catcyber02/Mobile-Robots-2026-1/install/xarm_msgs/include/xarm_msgs/xarm_msgs/srv/detail/get_int16_list__type_support.c
[156.327s] -- Installing: /home/catcyber02/Mobile-Robots-2026-1/install/xarm_msgs/include/xarm_msgs/xarm_msgs/srv/detail/ft_impedance__type_support.c
[156.327s] -- Installing: /home/catcyber02/Mobile-Robots-2026-1/install/xarm_msgs/include/xarm_msgs/xarm_msgs/srv/detail/move_cartesian__type_support.c
[156.327s] -- Installing: /home/catcyber02/Mobile-Robots-2026-1/install/xarm_msgs/include/xarm_msgs/xarm_msgs/srv/detail/vacuum_gripper_ctrl__rosidl_typesupport_introspection_c.h
[156.328s] -- Installing: /home/catcyber02/Mobile-Robots-2026-1/install/xarm_msgs/include/xarm_msgs/xarm_msgs/srv/detail/robotiq_move__rosidl_typesupport_introspection_c.h
[156.328s] -- Installing: /home/catcyber02/Mobile-Robots-2026-1/install/xarm_msgs/include/xarm_msgs/xarm_msgs/srv/detail/ft_force_params__rosidl_typesupport_introspection_c.h
[156.328s] -- Installing: /home/catcyber02/Mobile-Robots-2026-1/install/xarm_msgs/include/xarm_msgs/xarm_msgs/srv/detail/get_int32__rosidl_typesupport_introspection_c.h
[156.328s] -- Installing: /home/catcyber02/Mobile-Robots-2026-1/install/xarm_msgs/include/xarm_msgs/xarm_msgs/srv/detail/set_int16_by_id__rosidl_typesupport_introspection_c.h
[156.329s] -- Installing: /home/catcyber02/Mobile-Robots-2026-1/install/xarm_msgs/include/xarm_msgs/xarm_msgs/srv/detail/plan_single_straight__type_support.c
[156.329s] -- Installing: /home/catcyber02/Mobile-Robots-2026-1/install/xarm_msgs/include/xarm_msgs/xarm_msgs/srv/detail/set_analog_io__type_support.c
[156.330s] -- Installing: /home/catcyber02/Mobile-Robots-2026-1/install/xarm_msgs/include/xarm_msgs/xarm_msgs/srv/detail/set_tcp_load__type_support.c
[156.330s] -- Installing: /home/catcyber02/Mobile-Robots-2026-1/install/xarm_msgs/include/xarm_msgs/xarm_msgs/srv/detail/set_digital_io__type_support.c
[156.330s] -- Installing: /home/catcyber02/Mobile-Robots-2026-1/install/xarm_msgs/include/xarm_msgs/xarm_msgs/srv/detail/set_int32_by_type__rosidl_typesupport_introspection_c.h
[156.331s] -- Installing: /home/catcyber02/Mobile-Robots-2026-1/install/xarm_msgs/include/xarm_msgs/xarm_msgs/srv/detail/set_int16_list__type_support.c
[156.331s] -- Installing: /home/catcyber02/Mobile-Robots-2026-1/install/xarm_msgs/include/xarm_msgs/xarm_msgs/srv/detail/set_int16__rosidl_typesupport_introspection_c.h
[156.331s] -- Installing: /home/catcyber02/Mobile-Robots-2026-1/install/xarm_msgs/include/xarm_msgs/xarm_msgs/srv/detail/get_float32_list__rosidl_typesupport_introspection_c.h
[156.331s] -- Installing: /home/catcyber02/Mobile-Robots-2026-1/install/xarm_msgs/include/xarm_msgs/xarm_msgs/srv/detail/get_int16__type_support.c
[156.332s] -- Installing: /home/catcyber02/Mobile-Robots-2026-1/install/xarm_msgs/include/xarm_msgs/xarm_msgs/srv/detail/ft_admittance_params__rosidl_typesupport_introspection_c.h
[156.332s] -- Installing: /home/catcyber02/Mobile-Robots-2026-1/install/xarm_msgs/include/xarm_msgs/xarm_msgs/srv/detail/robotiq_activate__type_support.c
[156.333s] -- Installing: /home/catcyber02/Mobile-Robots-2026-1/install/xarm_msgs/include/xarm_msgs/xarm_msgs/srv/detail/bio_gripper_enable__rosidl_typesupport_introspection_c.h
[156.333s] -- Installing: /home/catcyber02/Mobile-Robots-2026-1/install/xarm_msgs/include/xarm_msgs/xarm_msgs/srv/detail/linear_motor_set_pos__rosidl_typesupport_introspection_c.h
[156.333s] -- Installing: /home/catcyber02/Mobile-Robots-2026-1/install/xarm_msgs/include/xarm_msgs/xarm_msgs/srv/detail/linear_motor_back_origin__rosidl_typesupport_introspection_c.h
[156.333s] -- Installing: /home/catcyber02/Mobile-Robots-2026-1/install/xarm_msgs/include/xarm_msgs/xarm_msgs/srv/detail/robotiq_get_status__rosidl_typesupport_introspection_c.h
[156.334s] -- Installing: /home/catcyber02/Mobile-Robots-2026-1/install/xarm_msgs/include/xarm_msgs/xarm_msgs/srv/detail/set_digital_io__rosidl_typesupport_introspection_c.h
[156.334s] -- Installing: /home/catcyber02/Mobile-Robots-2026-1/install/xarm_msgs/include/xarm_msgs/xarm_msgs/srv/detail/robotiq_move__type_support.c
[156.334s] -- Installing: /home/catcyber02/Mobile-Robots-2026-1/install/xarm_msgs/include/xarm_msgs/xarm_msgs/srv/detail/plan_single_straight__rosidl_typesupport_introspection_c.h
[156.335s] -- Installing: /home/catcyber02/Mobile-Robots-2026-1/install/xarm_msgs/include/xarm_msgs/xarm_msgs/srv/detail/ft_cali_load__rosidl_typesupport_introspection_c.h
[156.335s] -- Installing: /home/catcyber02/Mobile-Robots-2026-1/install/xarm_msgs/include/xarm_msgs/xarm_msgs/srv/detail/set_float32_list__type_support.c
[156.335s] -- Installing: /home/catcyber02/Mobile-Robots-2026-1/install/xarm_msgs/include/xarm_msgs/xarm_msgs/srv/detail/set_int32__type_support.c
[156.336s] -- Installing: /home/catcyber02/Mobile-Robots-2026-1/install/xarm_msgs/include/xarm_msgs/xarm_msgs/srv/detail/get_int32__type_support.c
[156.336s] -- Installing: /home/catcyber02/Mobile-Robots-2026-1/install/xarm_msgs/include/xarm_msgs/xarm_msgs/srv/detail/move_home__rosidl_typesupport_introspection_c.h
[156.336s] -- Installing: /home/catcyber02/Mobile-Robots-2026-1/install/xarm_msgs/include/xarm_msgs/xarm_msgs/srv/detail/set_float32_list__rosidl_typesupport_introspection_c.h
[156.337s] -- Installing: /home/catcyber02/Mobile-Robots-2026-1/install/xarm_msgs/include/xarm_msgs/xarm_msgs/srv/detail/linear_track_back_origin__rosidl_typesupport_introspection_c.h
[156.337s] -- Installing: /home/catcyber02/Mobile-Robots-2026-1/install/xarm_msgs/include/xarm_msgs/xarm_msgs/srv/detail/ft_force_pid__rosidl_typesupport_introspection_c.h
[156.337s] -- Installing: /home/catcyber02/Mobile-Robots-2026-1/install/xarm_msgs/include/xarm_msgs/xarm_msgs/srv/detail/move_circle__type_support.c
[156.338s] -- Installing: /home/catcyber02/Mobile-Robots-2026-1/install/xarm_msgs/include/xarm_msgs/xarm_msgs/srv/detail/robotiq_activate__rosidl_typesupport_introspection_c.h
[156.338s] -- Installing: /home/catcyber02/Mobile-Robots-2026-1/install/xarm_msgs/include/xarm_msgs/xarm_msgs/srv/detail/linear_track_set_pos__rosidl_typesupport_introspection_c.h
[156.338s] -- Installing: /home/catcyber02/Mobile-Robots-2026-1/install/xarm_msgs/include/xarm_msgs/xarm_msgs/srv/detail/robotiq_get_status__type_support.c
[156.338s] -- Installing: /home/catcyber02/Mobile-Robots-2026-1/install/xarm_msgs/include/xarm_msgs/xarm_msgs/srv/detail/robotiq_reset__rosidl_typesupport_introspection_c.h
[156.339s] -- Installing: /home/catcyber02/Mobile-Robots-2026-1/install/xarm_msgs/include/xarm_msgs/xarm_msgs/srv/detail/set_float32__type_support.c
[156.339s] -- Installing: /home/catcyber02/Mobile-Robots-2026-1/install/xarm_msgs/include/xarm_msgs/xarm_msgs/srv/detail/get_set_modbus_data__rosidl_typesupport_introspection_c.h
[156.339s] -- Installing: /home/catcyber02/Mobile-Robots-2026-1/install/xarm_msgs/include/xarm_msgs/xarm_msgs/srv/detail/ft_force_pid__type_support.c
[156.340s] -- Installing: /home/catcyber02/Mobile-Robots-2026-1/install/xarm_msgs/include/xarm_msgs/xarm_msgs/srv/detail/move_joint__type_support.c
[156.340s] -- Installing: /home/catcyber02/Mobile-Robots-2026-1/install/xarm_msgs/include/xarm_msgs/xarm_msgs/srv/detail/set_modbus_timeout__rosidl_typesupport_introspection_c.h
[156.341s] -- Installing: /home/catcyber02/Mobile-Robots-2026-1/install/xarm_msgs/include/xarm_msgs/xarm_msgs/srv/detail/vacuum_gripper_ctrl__type_support.c
[156.341s] -- Installing: /home/catcyber02/Mobile-Robots-2026-1/install/xarm_msgs/include/xarm_msgs/xarm_msgs/srv/detail/set_modbus_timeout__type_support.c
[156.341s] -- Installing: /home/catcyber02/Mobile-Robots-2026-1/install/xarm_msgs/include/xarm_msgs/xarm_msgs/srv/detail/set_analog_io__rosidl_typesupport_introspection_c.h
[156.342s] -- Installing: /home/catcyber02/Mobile-Robots-2026-1/install/xarm_msgs/include/xarm_msgs/xarm_msgs/srv/detail/iden_load__type_support.c
[156.342s] -- Installing: /home/catcyber02/Mobile-Robots-2026-1/install/xarm_msgs/include/xarm_msgs/xarm_msgs/srv/detail/traj_play__rosidl_typesupport_introspection_c.h
[156.342s] -- Installing: /home/catcyber02/Mobile-Robots-2026-1/install/xarm_msgs/include/xarm_msgs/xarm_msgs/srv/detail/iden_load__rosidl_typesupport_introspection_c.h
[156.343s] -- Installing: /home/catcyber02/Mobile-Robots-2026-1/install/xarm_msgs/include/xarm_msgs/xarm_msgs/srv/detail/get_int16_list__rosidl_typesupport_introspection_c.h
[156.343s] -- Installing: /home/catcyber02/Mobile-Robots-2026-1/install/xarm_msgs/include/xarm_msgs/xarm_msgs/srv/detail/set_int16__type_support.c
[156.343s] -- Installing: /home/catcyber02/Mobile-Robots-2026-1/install/xarm_msgs/include/xarm_msgs/xarm_msgs/srv/detail/get_analog_io__type_support.c
[156.344s] -- Installing: /home/catcyber02/Mobile-Robots-2026-1/install/xarm_msgs/include/xarm_msgs/xarm_msgs/srv/detail/get_digital_io__type_support.c
[156.344s] -- Installing: /home/catcyber02/Mobile-Robots-2026-1/install/xarm_msgs/include/xarm_msgs/xarm_msgs/srv/detail/set_int32_by_type__type_support.c
[156.344s] -- Installing: /home/catcyber02/Mobile-Robots-2026-1/install/xarm_msgs/include/xarm_msgs/xarm_msgs/srv/detail/linear_track_back_origin__type_support.c
[156.345s] -- Installing: /home/catcyber02/Mobile-Robots-2026-1/install/xarm_msgs/include/xarm_msgs/xarm_msgs/srv/detail/gripper_move__rosidl_typesupport_introspection_c.h
[156.345s] -- Installing: /home/catcyber02/Mobile-Robots-2026-1/install/xarm_msgs/include/xarm_msgs/xarm_msgs/srv/detail/get_int16__rosidl_typesupport_introspection_c.h
[156.346s] -- Installing: /home/catcyber02/Mobile-Robots-2026-1/install/xarm_msgs/include/xarm_msgs/xarm_msgs/srv/detail/get_float32__rosidl_typesupport_introspection_c.h
[156.346s] -- Installing: /home/catcyber02/Mobile-Robots-2026-1/install/xarm_msgs/include/xarm_msgs/xarm_msgs/srv/detail/set_int16_by_id__type_support.c
[156.346s] -- Installing: /home/catcyber02/Mobile-Robots-2026-1/install/xarm_msgs/include/xarm_msgs/xarm_msgs/srv/detail/linear_motor_set_pos__type_support.c
[156.347s] -- Installing: /home/catcyber02/Mobile-Robots-2026-1/install/xarm_msgs/include/xarm_msgs/xarm_msgs/srv/detail/set_tcp_load__rosidl_typesupport_introspection_c.h
[156.347s] -- Installing: /home/catcyber02/Mobile-Robots-2026-1/install/xarm_msgs/include/xarm_msgs/xarm_msgs/srv/detail/get_float32__type_support.c
[156.347s] -- Installing: /home/catcyber02/Mobile-Robots-2026-1/install/xarm_msgs/include/xarm_msgs/xarm_msgs/srv/detail/plan_exec__type_support.c
[156.348s] -- Installing: /home/catcyber02/Mobile-Robots-2026-1/install/xarm_msgs/include/xarm_msgs/xarm_msgs/srv/detail/ft_force_config__rosidl_typesupport_introspection_c.h
[156.348s] -- Installing: /home/catcyber02/Mobile-Robots-2026-1/install/xarm_msgs/include/xarm_msgs/xarm_msgs/srv/detail/move_joint__rosidl_typesupport_introspection_c.h
[156.348s] -- Installing: /home/catcyber02/Mobile-Robots-2026-1/install/xarm_msgs/include/xarm_msgs/xarm_msgs/srv/detail/move_velocity__type_support.c
[156.349s] -- Installing: /home/catcyber02/Mobile-Robots-2026-1/install/xarm_msgs/include/xarm_msgs/xarm_msgs/srv/detail/traj_ctrl__rosidl_typesupport_introspection_c.h
[156.349s] -- Installing: /home/catcyber02/Mobile-Robots-2026-1/install/xarm_msgs/include/xarm_msgs/xarm_msgs/srv/detail/traj_play__type_support.c
[156.349s] -- Installing: /home/catcyber02/Mobile-Robots-2026-1/install/xarm_msgs/include/xarm_msgs/xarm_msgs/srv/detail/move_home__type_support.c
[156.350s] -- Installing: /home/catcyber02/Mobile-Robots-2026-1/install/xarm_msgs/include/xarm_msgs/xarm_msgs/srv/detail/ft_admittance_params__type_support.c
[156.350s] -- Installing: /home/catcyber02/Mobile-Robots-2026-1/install/xarm_msgs/include/xarm_msgs/xarm_msgs/srv/detail/bio_gripper_enable__type_support.c
[156.351s] -- Installing: /home/catcyber02/Mobile-Robots-2026-1/install/xarm_msgs/include/xarm_msgs/xarm_msgs/srv/detail/ft_force_config__type_support.c
[156.351s] -- Installing: /home/catcyber02/Mobile-Robots-2026-1/install/xarm_msgs/include/xarm_msgs/xarm_msgs/srv/detail/move_circle__rosidl_typesupport_introspection_c.h
[156.351s] -- Installing: /home/catcyber02/Mobile-Robots-2026-1/install/xarm_msgs/include/xarm_msgs/xarm_msgs/srv/detail/bio_gripper_ctrl__rosidl_typesupport_introspection_c.h
[156.352s] -- Installing: /home/catcyber02/Mobile-Robots-2026-1/install/xarm_msgs/include/xarm_msgs/xarm_msgs/srv/detail/linear_track_set_pos__type_support.c
[156.352s] -- Up-to-date: /home/catcyber02/Mobile-Robots-2026-1/install/xarm_msgs/include/xarm_msgs/xarm_msgs/msg
[156.352s] -- Up-to-date: /home/catcyber02/Mobile-Robots-2026-1/install/xarm_msgs/include/xarm_msgs/xarm_msgs/msg/detail
[156.353s] -- Installing: /home/catcyber02/Mobile-Robots-2026-1/install/xarm_msgs/include/xarm_msgs/xarm_msgs/msg/detail/io_state__rosidl_typesupport_introspection_c.h
[156.353s] -- Installing: /home/catcyber02/Mobile-Robots-2026-1/install/xarm_msgs/include/xarm_msgs/xarm_msgs/msg/detail/move_velocity__rosidl_typesupport_introspection_c.h
[156.353s] -- Installing: /home/catcyber02/Mobile-Robots-2026-1/install/xarm_msgs/include/xarm_msgs/xarm_msgs/msg/detail/cio_state__rosidl_typesupport_introspection_c.h
[156.354s] -- Installing: /home/catcyber02/Mobile-Robots-2026-1/install/xarm_msgs/include/xarm_msgs/xarm_msgs/msg/detail/robot_msg__type_support.c
[156.354s] -- Installing: /home/catcyber02/Mobile-Robots-2026-1/install/xarm_msgs/include/xarm_msgs/xarm_msgs/msg/detail/io_state__type_support.c
[156.354s] -- Installing: /home/catcyber02/Mobile-Robots-2026-1/install/xarm_msgs/include/xarm_msgs/xarm_msgs/msg/detail/robot_msg__rosidl_typesupport_introspection_c.h
[156.354s] -- Installing: /home/catcyber02/Mobile-Robots-2026-1/install/xarm_msgs/include/xarm_msgs/xarm_msgs/msg/detail/move_velocity__type_support.c
[156.355s] -- Installing: /home/catcyber02/Mobile-Robots-2026-1/install/xarm_msgs/include/xarm_msgs/xarm_msgs/msg/detail/cio_state__type_support.c
[156.355s] -- Installing: /home/catcyber02/Mobile-Robots-2026-1/install/xarm_msgs/include/xarm_msgs/xarm_msgs/msg/rosidl_typesupport_introspection_c__visibility_control.h
[156.355s] -- Installing: /home/catcyber02/Mobile-Robots-2026-1/install/xarm_msgs/lib/libxarm_msgs__rosidl_typesupport_introspection_c.so
[156.358s] -- Set non-toolchain portion of runtime path of "/home/catcyber02/Mobile-Robots-2026-1/install/xarm_msgs/lib/libxarm_msgs__rosidl_typesupport_introspection_c.so" to ""
[156.359s] -- Installing: /home/catcyber02/Mobile-Robots-2026-1/install/xarm_msgs/lib/libxarm_msgs__rosidl_typesupport_c.so
[156.361s] -- Set non-toolchain portion of runtime path of "/home/catcyber02/Mobile-Robots-2026-1/install/xarm_msgs/lib/libxarm_msgs__rosidl_typesupport_c.so" to ""
[156.361s] -- Up-to-date: /home/catcyber02/Mobile-Robots-2026-1/install/xarm_msgs/include/xarm_msgs/xarm_msgs
[156.361s] -- Up-to-date: /home/catcyber02/Mobile-Robots-2026-1/install/xarm_msgs/include/xarm_msgs/xarm_msgs/srv
[156.361s] -- Up-to-date: /home/catcyber02/Mobile-Robots-2026-1/install/xarm_msgs/include/xarm_msgs/xarm_msgs/srv/detail
[156.362s] -- Installing: /home/catcyber02/Mobile-Robots-2026-1/install/xarm_msgs/include/xarm_msgs/xarm_msgs/srv/detail/set_float32__type_support.cpp
[156.362s] -- Installing: /home/catcyber02/Mobile-Robots-2026-1/install/xarm_msgs/include/xarm_msgs/xarm_msgs/srv/detail/get_analog_io__rosidl_typesupport_introspection_cpp.hpp
[156.362s] -- Installing: /home/catcyber02/Mobile-Robots-2026-1/install/xarm_msgs/include/xarm_msgs/xarm_msgs/srv/detail/linear_track_set_pos__type_support.cpp
[156.363s] -- Installing: /home/catcyber02/Mobile-Robots-2026-1/install/xarm_msgs/include/xarm_msgs/xarm_msgs/srv/detail/set_digital_io__rosidl_typesupport_introspection_cpp.hpp
[156.363s] -- Installing: /home/catcyber02/Mobile-Robots-2026-1/install/xarm_msgs/include/xarm_msgs/xarm_msgs/srv/detail/move_circle__type_support.cpp
[156.363s] -- Installing: /home/catcyber02/Mobile-Robots-2026-1/install/xarm_msgs/include/xarm_msgs/xarm_msgs/srv/detail/linear_motor_set_pos__rosidl_typesupport_introspection_cpp.hpp
[156.363s] -- Installing: /home/catcyber02/Mobile-Robots-2026-1/install/xarm_msgs/include/xarm_msgs/xarm_msgs/srv/detail/set_float32_list__type_support.cpp
[156.364s] -- Installing: /home/catcyber02/Mobile-Robots-2026-1/install/xarm_msgs/include/xarm_msgs/xarm_msgs/srv/detail/bio_gripper_ctrl__rosidl_typesupport_introspection_cpp.hpp
[156.364s] -- Installing: /home/catcyber02/Mobile-Robots-2026-1/install/xarm_msgs/include/xarm_msgs/xarm_msgs/srv/detail/call__rosidl_typesupport_introspection_cpp.hpp
[156.364s] -- Installing: /home/catcyber02/Mobile-Robots-2026-1/install/xarm_msgs/include/xarm_msgs/xarm_msgs/srv/detail/move_velocity__rosidl_typesupport_introspection_cpp.hpp
[156.365s] -- Installing: /home/catcyber02/Mobile-Robots-2026-1/install/xarm_msgs/include/xarm_msgs/xarm_msgs/srv/detail/set_int16_by_id__type_support.cpp
[156.365s] -- Installing: /home/catcyber02/Mobile-Robots-2026-1/install/xarm_msgs/include/xarm_msgs/xarm_msgs/srv/detail/get_int32_by_type__type_support.cpp
[156.365s] -- Installing: /home/catcyber02/Mobile-Robots-2026-1/install/xarm_msgs/include/xarm_msgs/xarm_msgs/srv/detail/traj_ctrl__type_support.cpp
[156.366s] -- Installing: /home/catcyber02/Mobile-Robots-2026-1/install/xarm_msgs/include/xarm_msgs/xarm_msgs/srv/detail/move_home__type_support.cpp
[156.366s] -- Installing: /home/catcyber02/Mobile-Robots-2026-1/install/xarm_msgs/include/xarm_msgs/xarm_msgs/srv/detail/robotiq_activate__rosidl_typesupport_introspection_cpp.hpp
[156.366s] -- Installing: /home/catcyber02/Mobile-Robots-2026-1/install/xarm_msgs/include/xarm_msgs/xarm_msgs/srv/detail/plan_exec__rosidl_typesupport_introspection_cpp.hpp
[156.366s] -- Installing: /home/catcyber02/Mobile-Robots-2026-1/install/xarm_msgs/include/xarm_msgs/xarm_msgs/srv/detail/robotiq_reset__type_support.cpp
[156.367s] -- Installing: /home/catcyber02/Mobile-Robots-2026-1/install/xarm_msgs/include/xarm_msgs/xarm_msgs/srv/detail/get_float32__type_support.cpp
[156.367s] -- Installing: /home/catcyber02/Mobile-Robots-2026-1/install/xarm_msgs/include/xarm_msgs/xarm_msgs/srv/detail/ft_impedance__type_support.cpp
[156.368s] -- Installing: /home/catcyber02/Mobile-Robots-2026-1/install/xarm_msgs/include/xarm_msgs/xarm_msgs/srv/detail/get_float32_list__type_support.cpp
[156.368s] -- Installing: /home/catcyber02/Mobile-Robots-2026-1/install/xarm_msgs/include/xarm_msgs/xarm_msgs/srv/detail/ft_cali_load__type_support.cpp
[156.368s] -- Installing: /home/catcyber02/Mobile-Robots-2026-1/install/xarm_msgs/include/xarm_msgs/xarm_msgs/srv/detail/call__type_support.cpp
[156.369s] -- Installing: /home/catcyber02/Mobile-Robots-2026-1/install/xarm_msgs/include/xarm_msgs/xarm_msgs/srv/detail/ft_admittance_params__type_support.cpp
[156.369s] -- Installing: /home/catcyber02/Mobile-Robots-2026-1/install/xarm_msgs/include/xarm_msgs/xarm_msgs/srv/detail/linear_track_back_origin__rosidl_typesupport_introspection_cpp.hpp
[156.369s] -- Installing: /home/catcyber02/Mobile-Robots-2026-1/install/xarm_msgs/include/xarm_msgs/xarm_msgs/srv/detail/bio_gripper_ctrl__type_support.cpp
[156.370s] -- Installing: /home/catcyber02/Mobile-Robots-2026-1/install/xarm_msgs/include/xarm_msgs/xarm_msgs/srv/detail/set_modbus_timeout__rosidl_typesupport_introspection_cpp.hpp
[156.370s] -- Installing: /home/catcyber02/Mobile-Robots-2026-1/install/xarm_msgs/include/xarm_msgs/xarm_msgs/srv/detail/move_circle__rosidl_typesupport_introspection_cpp.hpp
[156.371s] -- Installing: /home/catcyber02/Mobile-Robots-2026-1/install/xarm_msgs/include/xarm_msgs/xarm_msgs/srv/detail/traj_ctrl__rosidl_typesupport_introspection_cpp.hpp
[156.371s] -- Installing: /home/catcyber02/Mobile-Robots-2026-1/install/xarm_msgs/include/xarm_msgs/xarm_msgs/srv/detail/move_cartesian__rosidl_typesupport_introspection_cpp.hpp
[156.371s] -- Installing: /home/catcyber02/Mobile-Robots-2026-1/install/xarm_msgs/include/xarm_msgs/xarm_msgs/srv/detail/ft_force_config__rosidl_typesupport_introspection_cpp.hpp
[156.372s] -- Installing: /home/catcyber02/Mobile-Robots-2026-1/install/xarm_msgs/include/xarm_msgs/xarm_msgs/srv/detail/robotiq_get_status__type_support.cpp
[156.372s] -- Installing: /home/catcyber02/Mobile-Robots-2026-1/install/xarm_msgs/include/xarm_msgs/xarm_msgs/srv/detail/robotiq_move__rosidl_typesupport_introspection_cpp.hpp
[156.372s] -- Installing: /home/catcyber02/Mobile-Robots-2026-1/install/xarm_msgs/include/xarm_msgs/xarm_msgs/srv/detail/get_analog_io__type_support.cpp
[156.373s] -- Installing: /home/catcyber02/Mobile-Robots-2026-1/install/xarm_msgs/include/xarm_msgs/xarm_msgs/srv/detail/set_int16__type_support.cpp
[156.373s] -- Installing: /home/catcyber02/Mobile-Robots-2026-1/install/xarm_msgs/include/xarm_msgs/xarm_msgs/srv/detail/linear_motor_back_origin__type_support.cpp
[156.373s] -- Installing: /home/catcyber02/Mobile-Robots-2026-1/install/xarm_msgs/include/xarm_msgs/xarm_msgs/srv/detail/traj_play__rosidl_typesupport_introspection_cpp.hpp
[156.374s] -- Installing: /home/catcyber02/Mobile-Robots-2026-1/install/xarm_msgs/include/xarm_msgs/xarm_msgs/srv/detail/get_int32_by_type__rosidl_typesupport_introspection_cpp.hpp
[156.374s] -- Installing: /home/catcyber02/Mobile-Robots-2026-1/install/xarm_msgs/include/xarm_msgs/xarm_msgs/srv/detail/get_int32__rosidl_typesupport_introspection_cpp.hpp
[156.374s] -- Installing: /home/catcyber02/Mobile-Robots-2026-1/install/xarm_msgs/include/xarm_msgs/xarm_msgs/srv/detail/get_float32_list__rosidl_typesupport_introspection_cpp.hpp
[156.375s] -- Installing: /home/catcyber02/Mobile-Robots-2026-1/install/xarm_msgs/include/xarm_msgs/xarm_msgs/srv/detail/robotiq_activate__type_support.cpp
[156.375s] -- Installing: /home/catcyber02/Mobile-Robots-2026-1/install/xarm_msgs/include/xarm_msgs/xarm_msgs/srv/detail/plan_joint__rosidl_typesupport_introspection_cpp.hpp
[156.375s] -- Installing: /home/catcyber02/Mobile-Robots-2026-1/install/xarm_msgs/include/xarm_msgs/xarm_msgs/srv/detail/set_int16_by_id__rosidl_typesupport_introspection_cpp.hpp
[156.376s] -- Installing: /home/catcyber02/Mobile-Robots-2026-1/install/xarm_msgs/include/xarm_msgs/xarm_msgs/srv/detail/plan_single_straight__type_support.cpp
[156.376s] -- Installing: /home/catcyber02/Mobile-Robots-2026-1/install/xarm_msgs/include/xarm_msgs/xarm_msgs/srv/detail/move_home__rosidl_typesupport_introspection_cpp.hpp
[156.376s] -- Installing: /home/catcyber02/Mobile-Robots-2026-1/install/xarm_msgs/include/xarm_msgs/xarm_msgs/srv/detail/plan_pose__type_support.cpp
[156.377s] -- Installing: /home/catcyber02/Mobile-Robots-2026-1/install/xarm_msgs/include/xarm_msgs/xarm_msgs/srv/detail/set_int32__rosidl_typesupport_introspection_cpp.hpp
[156.377s] -- Installing: /home/catcyber02/Mobile-Robots-2026-1/install/xarm_msgs/include/xarm_msgs/xarm_msgs/srv/detail/set_analog_io__rosidl_typesupport_introspection_cpp.hpp
[156.377s] -- Installing: /home/catcyber02/Mobile-Robots-2026-1/install/xarm_msgs/include/xarm_msgs/xarm_msgs/srv/detail/robotiq_get_status__rosidl_typesupport_introspection_cpp.hpp
[156.377s] -- Installing: /home/catcyber02/Mobile-Robots-2026-1/install/xarm_msgs/include/xarm_msgs/xarm_msgs/srv/detail/get_digital_io__type_support.cpp
[156.378s] -- Installing: /home/catcyber02/Mobile-Robots-2026-1/install/xarm_msgs/include/xarm_msgs/xarm_msgs/srv/detail/set_int32_by_type__rosidl_typesupport_introspection_cpp.hpp
[156.378s] -- Installing: /home/catcyber02/Mobile-Robots-2026-1/install/xarm_msgs/include/xarm_msgs/xarm_msgs/srv/detail/move_joint__type_support.cpp
[156.379s] -- Installing: /home/catcyber02/Mobile-Robots-2026-1/install/xarm_msgs/include/xarm_msgs/xarm_msgs/srv/detail/set_int16_list__type_support.cpp
[156.379s] -- Installing: /home/catcyber02/Mobile-Robots-2026-1/install/xarm_msgs/include/xarm_msgs/xarm_msgs/srv/detail/vacuum_gripper_ctrl__type_support.cpp
[156.379s] -- Installing: /home/catcyber02/Mobile-Robots-2026-1/install/xarm_msgs/include/xarm_msgs/xarm_msgs/srv/detail/ft_impedance__rosidl_typesupport_introspection_cpp.hpp
[156.380s] -- Installing: /home/catcyber02/Mobile-Robots-2026-1/install/xarm_msgs/include/xarm_msgs/xarm_msgs/srv/detail/get_int16__type_support.cpp
[156.380s] -- Installing: /home/catcyber02/Mobile-Robots-2026-1/install/xarm_msgs/include/xarm_msgs/xarm_msgs/srv/detail/get_set_modbus_data__rosidl_typesupport_introspection_cpp.hpp
[156.380s] -- Installing: /home/catcyber02/Mobile-Robots-2026-1/install/xarm_msgs/include/xarm_msgs/xarm_msgs/srv/detail/set_tcp_load__type_support.cpp
[156.381s] -- Installing: /home/catcyber02/Mobile-Robots-2026-1/install/xarm_msgs/include/xarm_msgs/xarm_msgs/srv/detail/get_int32__type_support.cpp
[156.381s] -- Installing: /home/catcyber02/Mobile-Robots-2026-1/install/xarm_msgs/include/xarm_msgs/xarm_msgs/srv/detail/iden_load__type_support.cpp
[156.381s] -- Installing: /home/catcyber02/Mobile-Robots-2026-1/install/xarm_msgs/include/xarm_msgs/xarm_msgs/srv/detail/iden_load__rosidl_typesupport_introspection_cpp.hpp
[156.382s] -- Installing: /home/catcyber02/Mobile-Robots-2026-1/install/xarm_msgs/include/xarm_msgs/xarm_msgs/srv/detail/ft_force_pid__rosidl_typesupport_introspection_cpp.hpp
[156.382s] -- Installing: /home/catcyber02/Mobile-Robots-2026-1/install/xarm_msgs/include/xarm_msgs/xarm_msgs/srv/detail/set_float32_list__rosidl_typesupport_introspection_cpp.hpp
[156.382s] -- Installing: /home/catcyber02/Mobile-Robots-2026-1/install/xarm_msgs/include/xarm_msgs/xarm_msgs/srv/detail/get_int16__rosidl_typesupport_introspection_cpp.hpp
[156.383s] -- Installing: /home/catcyber02/Mobile-Robots-2026-1/install/xarm_msgs/include/xarm_msgs/xarm_msgs/srv/detail/set_int16_list__rosidl_typesupport_introspection_cpp.hpp
[156.383s] -- Installing: /home/catcyber02/Mobile-Robots-2026-1/install/xarm_msgs/include/xarm_msgs/xarm_msgs/srv/detail/gripper_move__rosidl_typesupport_introspection_cpp.hpp
[156.383s] -- Installing: /home/catcyber02/Mobile-Robots-2026-1/install/xarm_msgs/include/xarm_msgs/xarm_msgs/srv/detail/linear_track_set_pos__rosidl_typesupport_introspection_cpp.hpp
[156.384s] -- Installing: /home/catcyber02/Mobile-Robots-2026-1/install/xarm_msgs/include/xarm_msgs/xarm_msgs/srv/detail/linear_motor_set_pos__type_support.cpp
[156.384s] -- Installing: /home/catcyber02/Mobile-Robots-2026-1/install/xarm_msgs/include/xarm_msgs/xarm_msgs/srv/detail/move_cartesian__type_support.cpp
[156.384s] -- Installing: /home/catcyber02/Mobile-Robots-2026-1/install/xarm_msgs/include/xarm_msgs/xarm_msgs/srv/detail/move_joint__rosidl_typesupport_introspection_cpp.hpp
[156.385s] -- Installing: /home/catcyber02/Mobile-Robots-2026-1/install/xarm_msgs/include/xarm_msgs/xarm_msgs/srv/detail/bio_gripper_enable__rosidl_typesupport_introspection_cpp.hpp
[156.385s] -- Installing: /home/catcyber02/Mobile-Robots-2026-1/install/xarm_msgs/include/xarm_msgs/xarm_msgs/srv/detail/ft_cali_load__rosidl_typesupport_introspection_cpp.hpp
[156.385s] -- Installing: /home/catcyber02/Mobile-Robots-2026-1/install/xarm_msgs/include/xarm_msgs/xarm_msgs/srv/detail/ft_force_params__type_support.cpp
[156.385s] -- Installing: /home/catcyber02/Mobile-Robots-2026-1/install/xarm_msgs/include/xarm_msgs/xarm_msgs/srv/detail/get_float32__rosidl_typesupport_introspection_cpp.hpp
[156.386s] -- Installing: /home/catcyber02/Mobile-Robots-2026-1/install/xarm_msgs/include/xarm_msgs/xarm_msgs/srv/detail/linear_track_back_origin__type_support.cpp
[156.386s] -- Installing: /home/catcyber02/Mobile-Robots-2026-1/install/xarm_msgs/include/xarm_msgs/xarm_msgs/srv/detail/set_analog_io__type_support.cpp
[156.386s] -- Installing: /home/catcyber02/Mobile-Robots-2026-1/install/xarm_msgs/include/xarm_msgs/xarm_msgs/srv/detail/get_int16_list__rosidl_typesupport_introspection_cpp.hpp
[156.387s] -- Installing: /home/catcyber02/Mobile-Robots-2026-1/install/xarm_msgs/include/xarm_msgs/xarm_msgs/srv/detail/bio_gripper_enable__type_support.cpp
[156.387s] -- Installing: /home/catcyber02/Mobile-Robots-2026-1/install/xarm_msgs/include/xarm_msgs/xarm_msgs/srv/detail/vacuum_gripper_ctrl__rosidl_typesupport_introspection_cpp.hpp
[156.387s] -- Installing: /home/catcyber02/Mobile-Robots-2026-1/install/xarm_msgs/include/xarm_msgs/xarm_msgs/srv/detail/ft_force_pid__type_support.cpp
[156.388s] -- Installing: /home/catcyber02/Mobile-Robots-2026-1/install/xarm_msgs/include/xarm_msgs/xarm_msgs/srv/detail/ft_admittance_params__rosidl_typesupport_introspection_cpp.hpp
[156.388s] -- Installing: /home/catcyber02/Mobile-Robots-2026-1/install/xarm_msgs/include/xarm_msgs/xarm_msgs/srv/detail/set_float32__rosidl_typesupport_introspection_cpp.hpp
[156.388s] -- Installing: /home/catcyber02/Mobile-Robots-2026-1/install/xarm_msgs/include/xarm_msgs/xarm_msgs/srv/detail/move_velocity__type_support.cpp
[156.389s] -- Installing: /home/catcyber02/Mobile-Robots-2026-1/install/xarm_msgs/include/xarm_msgs/xarm_msgs/srv/detail/set_int16__rosidl_typesupport_introspection_cpp.hpp
[156.389s] -- Installing: /home/catcyber02/Mobile-Robots-2026-1/install/xarm_msgs/include/xarm_msgs/xarm_msgs/srv/detail/traj_play__type_support.cpp
[156.389s] -- Installing: /home/catcyber02/Mobile-Robots-2026-1/install/xarm_msgs/include/xarm_msgs/xarm_msgs/srv/detail/set_digital_io__type_support.cpp
[156.390s] -- Installing: /home/catcyber02/Mobile-Robots-2026-1/install/xarm_msgs/include/xarm_msgs/xarm_msgs/srv/detail/set_int32_by_type__type_support.cpp
[156.390s] -- Installing: /home/catcyber02/Mobile-Robots-2026-1/install/xarm_msgs/include/xarm_msgs/xarm_msgs/srv/detail/get_set_modbus_data__type_support.cpp
[156.390s] -- Installing: /home/catcyber02/Mobile-Robots-2026-1/install/xarm_msgs/include/xarm_msgs/xarm_msgs/srv/detail/plan_joint__type_support.cpp
[156.391s] -- Installing: /home/catcyber02/Mobile-Robots-2026-1/install/xarm_msgs/include/xarm_msgs/xarm_msgs/srv/detail/get_digital_io__rosidl_typesupport_introspection_cpp.hpp
[156.391s] -- Installing: /home/catcyber02/Mobile-Robots-2026-1/install/xarm_msgs/include/xarm_msgs/xarm_msgs/srv/detail/plan_exec__type_support.cpp
[156.392s] -- Installing: /home/catcyber02/Mobile-Robots-2026-1/install/xarm_msgs/include/xarm_msgs/xarm_msgs/srv/detail/set_modbus_timeout__type_support.cpp
[156.392s] -- Installing: /home/catcyber02/Mobile-Robots-2026-1/install/xarm_msgs/include/xarm_msgs/xarm_msgs/srv/detail/ft_force_params__rosidl_typesupport_introspection_cpp.hpp
[156.392s] -- Installing: /home/catcyber02/Mobile-Robots-2026-1/install/xarm_msgs/include/xarm_msgs/xarm_msgs/srv/detail/gripper_move__type_support.cpp
[156.393s] -- Installing: /home/catcyber02/Mobile-Robots-2026-1/install/xarm_msgs/include/xarm_msgs/xarm_msgs/srv/detail/linear_motor_back_origin__rosidl_typesupport_introspection_cpp.hpp
[156.393s] -- Installing: /home/catcyber02/Mobile-Robots-2026-1/install/xarm_msgs/include/xarm_msgs/xarm_msgs/srv/detail/plan_single_straight__rosidl_typesupport_introspection_cpp.hpp
[156.393s] -- Installing: /home/catcyber02/Mobile-Robots-2026-1/install/xarm_msgs/include/xarm_msgs/xarm_msgs/srv/detail/set_int32__type_support.cpp
[156.394s] -- Installing: /home/catcyber02/Mobile-Robots-2026-1/install/xarm_msgs/include/xarm_msgs/xarm_msgs/srv/detail/robotiq_move__type_support.cpp
[156.394s] -- Installing: /home/catcyber02/Mobile-Robots-2026-1/install/xarm_msgs/include/xarm_msgs/xarm_msgs/srv/detail/robotiq_reset__rosidl_typesupport_introspection_cpp.hpp
[156.394s] -- Installing: /home/catcyber02/Mobile-Robots-2026-1/install/xarm_msgs/include/xarm_msgs/xarm_msgs/srv/detail/get_int16_list__type_support.cpp
[156.395s] -- Installing: /home/catcyber02/Mobile-Robots-2026-1/install/xarm_msgs/include/xarm_msgs/xarm_msgs/srv/detail/plan_pose__rosidl_typesupport_introspection_cpp.hpp
[156.395s] -- Installing: /home/catcyber02/Mobile-Robots-2026-1/install/xarm_msgs/include/xarm_msgs/xarm_msgs/srv/detail/ft_force_config__type_support.cpp
[156.395s] -- Installing: /home/catcyber02/Mobile-Robots-2026-1/install/xarm_msgs/include/xarm_msgs/xarm_msgs/srv/detail/set_tcp_load__rosidl_typesupport_introspection_cpp.hpp
[156.396s] -- Up-to-date: /home/catcyber02/Mobile-Robots-2026-1/install/xarm_msgs/include/xarm_msgs/xarm_msgs/msg
[156.396s] -- Up-to-date: /home/catcyber02/Mobile-Robots-2026-1/install/xarm_msgs/include/xarm_msgs/xarm_msgs/msg/detail
[156.396s] -- Installing: /home/catcyber02/Mobile-Robots-2026-1/install/xarm_msgs/include/xarm_msgs/xarm_msgs/msg/detail/move_velocity__rosidl_typesupport_introspection_cpp.hpp
[156.396s] -- Installing: /home/catcyber02/Mobile-Robots-2026-1/install/xarm_msgs/include/xarm_msgs/xarm_msgs/msg/detail/cio_state__type_support.cpp
[156.397s] -- Installing: /home/catcyber02/Mobile-Robots-2026-1/install/xarm_msgs/include/xarm_msgs/xarm_msgs/msg/detail/io_state__rosidl_typesupport_introspection_cpp.hpp
[156.397s] -- Installing: /home/catcyber02/Mobile-Robots-2026-1/install/xarm_msgs/include/xarm_msgs/xarm_msgs/msg/detail/robot_msg__type_support.cpp
[156.397s] -- Installing: /home/catcyber02/Mobile-Robots-2026-1/install/xarm_msgs/include/xarm_msgs/xarm_msgs/msg/detail/robot_msg__rosidl_typesupport_introspection_cpp.hpp
[156.398s] -- Installing: /home/catcyber02/Mobile-Robots-2026-1/install/xarm_msgs/include/xarm_msgs/xarm_msgs/msg/detail/cio_state__rosidl_typesupport_introspection_cpp.hpp
[156.398s] -- Installing: /home/catcyber02/Mobile-Robots-2026-1/install/xarm_msgs/include/xarm_msgs/xarm_msgs/msg/detail/move_velocity__type_support.cpp
[156.398s] -- Installing: /home/catcyber02/Mobile-Robots-2026-1/install/xarm_msgs/include/xarm_msgs/xarm_msgs/msg/detail/io_state__type_support.cpp
[156.399s] -- Installing: /home/catcyber02/Mobile-Robots-2026-1/install/xarm_msgs/lib/libxarm_msgs__rosidl_typesupport_introspection_cpp.so
[156.410s] -- Set non-toolchain portion of runtime path of "/home/catcyber02/Mobile-Robots-2026-1/install/xarm_msgs/lib/libxarm_msgs__rosidl_typesupport_introspection_cpp.so" to ""
[156.410s] -- Installing: /home/catcyber02/Mobile-Robots-2026-1/install/xarm_msgs/lib/libxarm_msgs__rosidl_typesupport_cpp.so
[156.418s] -- Set non-toolchain portion of runtime path of "/home/catcyber02/Mobile-Robots-2026-1/install/xarm_msgs/lib/libxarm_msgs__rosidl_typesupport_cpp.so" to ""
[156.418s] -- Installing: /home/catcyber02/Mobile-Robots-2026-1/install/xarm_msgs/share/xarm_msgs/environment/pythonpath.sh
[156.419s] -- Installing: /home/catcyber02/Mobile-Robots-2026-1/install/xarm_msgs/share/xarm_msgs/environment/pythonpath.dsv
[156.419s] -- Installing: /home/catcyber02/Mobile-Robots-2026-1/install/xarm_msgs/lib/python3.12/site-packages/xarm_msgs-0.0.0-py3.12.egg-info
[156.419s] -- Installing: /home/catcyber02/Mobile-Robots-2026-1/install/xarm_msgs/lib/python3.12/site-packages/xarm_msgs-0.0.0-py3.12.egg-info/PKG-INFO
[156.419s] -- Installing: /home/catcyber02/Mobile-Robots-2026-1/install/xarm_msgs/lib/python3.12/site-packages/xarm_msgs-0.0.0-py3.12.egg-info/top_level.txt
[156.420s] -- Installing: /home/catcyber02/Mobile-Robots-2026-1/install/xarm_msgs/lib/python3.12/site-packages/xarm_msgs-0.0.0-py3.12.egg-info/SOURCES.txt
[156.420s] -- Installing: /home/catcyber02/Mobile-Robots-2026-1/install/xarm_msgs/lib/python3.12/site-packages/xarm_msgs-0.0.0-py3.12.egg-info/dependency_links.txt
[156.420s] -- Installing: /home/catcyber02/Mobile-Robots-2026-1/install/xarm_msgs/lib/python3.12/site-packages/xarm_msgs
[156.421s] -- Installing: /home/catcyber02/Mobile-Robots-2026-1/install/xarm_msgs/lib/python3.12/site-packages/xarm_msgs/_xarm_msgs_s.ep.rosidl_typesupport_introspection_c.c
[156.423s] -- Installing: /home/catcyber02/Mobile-Robots-2026-1/install/xarm_msgs/lib/python3.12/site-packages/xarm_msgs/xarm_msgs_s__rosidl_typesupport_fastrtps_c.so
[156.424s] -- Installing: /home/catcyber02/Mobile-Robots-2026-1/install/xarm_msgs/lib/python3.12/site-packages/xarm_msgs/xarm_msgs_s__rosidl_typesupport_c.so
[156.425s] -- Installing: /home/catcyber02/Mobile-Robots-2026-1/install/xarm_msgs/lib/python3.12/site-packages/xarm_msgs/_xarm_msgs_s.ep.rosidl_typesupport_fastrtps_c.c
[156.427s] -- Installing: /home/catcyber02/Mobile-Robots-2026-1/install/xarm_msgs/lib/python3.12/site-packages/xarm_msgs/xarm_msgs_s__rosidl_typesupport_introspection_c.so
[156.428s] -- Installing: /home/catcyber02/Mobile-Robots-2026-1/install/xarm_msgs/lib/python3.12/site-packages/xarm_msgs/srv
[156.428s] -- Installing: /home/catcyber02/Mobile-Robots-2026-1/install/xarm_msgs/lib/python3.12/site-packages/xarm_msgs/srv/_ft_cali_load.py
[156.429s] -- Installing: /home/catcyber02/Mobile-Robots-2026-1/install/xarm_msgs/lib/python3.12/site-packages/xarm_msgs/srv/_vacuum_gripper_ctrl.py
[156.429s] -- Installing: /home/catcyber02/Mobile-Robots-2026-1/install/xarm_msgs/lib/python3.12/site-packages/xarm_msgs/srv/_set_int32.py
[156.430s] -- Installing: /home/catcyber02/Mobile-Robots-2026-1/install/xarm_msgs/lib/python3.12/site-packages/xarm_msgs/srv/_set_tcp_load.py
[156.430s] -- Installing: /home/catcyber02/Mobile-Robots-2026-1/install/xarm_msgs/lib/python3.12/site-packages/xarm_msgs/srv/_move_circle_s.c
[156.431s] -- Installing: /home/catcyber02/Mobile-Robots-2026-1/install/xarm_msgs/lib/python3.12/site-packages/xarm_msgs/srv/_set_analog_io_s.c
[156.431s] -- Installing: /home/catcyber02/Mobile-Robots-2026-1/install/xarm_msgs/lib/python3.12/site-packages/xarm_msgs/srv/_set_modbus_timeout.py
[156.432s] -- Installing: /home/catcyber02/Mobile-Robots-2026-1/install/xarm_msgs/lib/python3.12/site-packages/xarm_msgs/srv/_set_int16_list_s.c
[156.432s] -- Installing: /home/catcyber02/Mobile-Robots-2026-1/install/xarm_msgs/lib/python3.12/site-packages/xarm_msgs/srv/_set_int32_by_type_s.c
[156.432s] -- Installing: /home/catcyber02/Mobile-Robots-2026-1/install/xarm_msgs/lib/python3.12/site-packages/xarm_msgs/srv/_get_analog_io.py
[156.433s] -- Installing: /home/catcyber02/Mobile-Robots-2026-1/install/xarm_msgs/lib/python3.12/site-packages/xarm_msgs/srv/_set_int16.py
[156.433s] -- Installing: /home/catcyber02/Mobile-Robots-2026-1/install/xarm_msgs/lib/python3.12/site-packages/xarm_msgs/srv/_get_int16.py
[156.434s] -- Installing: /home/catcyber02/Mobile-Robots-2026-1/install/xarm_msgs/lib/python3.12/site-packages/xarm_msgs/srv/_move_joint.py
[156.434s] -- Installing: /home/catcyber02/Mobile-Robots-2026-1/install/xarm_msgs/lib/python3.12/site-packages/xarm_msgs/srv/_linear_track_back_origin_s.c
[156.435s] -- Installing: /home/catcyber02/Mobile-Robots-2026-1/install/xarm_msgs/lib/python3.12/site-packages/xarm_msgs/srv/_get_float32.py
[156.435s] -- Installing: /home/catcyber02/Mobile-Robots-2026-1/install/xarm_msgs/lib/python3.12/site-packages/xarm_msgs/srv/_get_set_modbus_data_s.c
[156.436s] -- Installing: /home/catcyber02/Mobile-Robots-2026-1/install/xarm_msgs/lib/python3.12/site-packages/xarm_msgs/srv/_set_float32_s.c
[156.436s] -- Installing: /home/catcyber02/Mobile-Robots-2026-1/install/xarm_msgs/lib/python3.12/site-packages/xarm_msgs/srv/_get_digital_io_s.c
[156.436s] -- Installing: /home/catcyber02/Mobile-Robots-2026-1/install/xarm_msgs/lib/python3.12/site-packages/xarm_msgs/srv/_linear_motor_set_pos_s.c
[156.437s] -- Installing: /home/catcyber02/Mobile-Robots-2026-1/install/xarm_msgs/lib/python3.12/site-packages/xarm_msgs/srv/_call_s.c
[156.437s] -- Installing: /home/catcyber02/Mobile-Robots-2026-1/install/xarm_msgs/lib/python3.12/site-packages/xarm_msgs/srv/_ft_cali_load_s.c
[156.438s] -- Installing: /home/catcyber02/Mobile-Robots-2026-1/install/xarm_msgs/lib/python3.12/site-packages/xarm_msgs/srv/_set_float32_list.py
[156.438s] -- Installing: /home/catcyber02/Mobile-Robots-2026-1/install/xarm_msgs/lib/python3.12/site-packages/xarm_msgs/srv/_plan_exec_s.c
[156.439s] -- Installing: /home/catcyber02/Mobile-Robots-2026-1/install/xarm_msgs/lib/python3.12/site-packages/xarm_msgs/srv/_plan_joint_s.c
[156.439s] -- Installing: /home/catcyber02/Mobile-Robots-2026-1/install/xarm_msgs/lib/python3.12/site-packages/xarm_msgs/srv/_get_float32_list.py
[156.440s] -- Installing: /home/catcyber02/Mobile-Robots-2026-1/install/xarm_msgs/lib/python3.12/site-packages/xarm_msgs/srv/_get_float32_list_s.c
[156.440s] -- Installing: /home/catcyber02/Mobile-Robots-2026-1/install/xarm_msgs/lib/python3.12/site-packages/xarm_msgs/srv/_move_cartesian_s.c
[156.440s] -- Installing: /home/catcyber02/Mobile-Robots-2026-1/install/xarm_msgs/lib/python3.12/site-packages/xarm_msgs/srv/_set_int32_by_type.py
[156.441s] -- Installing: /home/catcyber02/Mobile-Robots-2026-1/install/xarm_msgs/lib/python3.12/site-packages/xarm_msgs/srv/_set_float32_list_s.c
[156.441s] -- Installing: /home/catcyber02/Mobile-Robots-2026-1/install/xarm_msgs/lib/python3.12/site-packages/xarm_msgs/srv/_move_joint_s.c
[156.442s] -- Installing: /home/catcyber02/Mobile-Robots-2026-1/install/xarm_msgs/lib/python3.12/site-packages/xarm_msgs/srv/_move_velocity.py
[156.442s] -- Installing: /home/catcyber02/Mobile-Robots-2026-1/install/xarm_msgs/lib/python3.12/site-packages/xarm_msgs/srv/_linear_track_back_origin.py
[156.442s] -- Installing: /home/catcyber02/Mobile-Robots-2026-1/install/xarm_msgs/lib/python3.12/site-packages/xarm_msgs/srv/_robotiq_activate.py
[156.443s] -- Installing: /home/catcyber02/Mobile-Robots-2026-1/install/xarm_msgs/lib/python3.12/site-packages/xarm_msgs/srv/_set_float32.py
[156.443s] -- Installing: /home/catcyber02/Mobile-Robots-2026-1/install/xarm_msgs/lib/python3.12/site-packages/xarm_msgs/srv/_ft_force_pid_s.c
[156.444s] -- Installing: /home/catcyber02/Mobile-Robots-2026-1/install/xarm_msgs/lib/python3.12/site-packages/xarm_msgs/srv/_traj_play_s.c
[156.444s] -- Installing: /home/catcyber02/Mobile-Robots-2026-1/install/xarm_msgs/lib/python3.12/site-packages/xarm_msgs/srv/_get_set_modbus_data.py
[156.445s] -- Installing: /home/catcyber02/Mobile-Robots-2026-1/install/xarm_msgs/lib/python3.12/site-packages/xarm_msgs/srv/_robotiq_move.py
[156.445s] -- Installing: /home/catcyber02/Mobile-Robots-2026-1/install/xarm_msgs/lib/python3.12/site-packages/xarm_msgs/srv/_set_modbus_timeout_s.c
[156.445s] -- Installing: /home/catcyber02/Mobile-Robots-2026-1/install/xarm_msgs/lib/python3.12/site-packages/xarm_msgs/srv/_linear_motor_set_pos.py
[156.446s] -- Installing: /home/catcyber02/Mobile-Robots-2026-1/install/xarm_msgs/lib/python3.12/site-packages/xarm_msgs/srv/_robotiq_get_status.py
[156.446s] -- Installing: /home/catcyber02/Mobile-Robots-2026-1/install/xarm_msgs/lib/python3.12/site-packages/xarm_msgs/srv/_plan_single_straight_s.c
[156.446s] -- Installing: /home/catcyber02/Mobile-Robots-2026-1/install/xarm_msgs/lib/python3.12/site-packages/xarm_msgs/srv/_linear_track_set_pos_s.c
[156.447s] -- Installing: /home/catcyber02/Mobile-Robots-2026-1/install/xarm_msgs/lib/python3.12/site-packages/xarm_msgs/srv/_move_velocity_s.c
[156.447s] -- Installing: /home/catcyber02/Mobile-Robots-2026-1/install/xarm_msgs/lib/python3.12/site-packages/xarm_msgs/srv/_set_digital_io_s.c
[156.448s] -- Installing: /home/catcyber02/Mobile-Robots-2026-1/install/xarm_msgs/lib/python3.12/site-packages/xarm_msgs/srv/_move_home.py
[156.448s] -- Installing: /home/catcyber02/Mobile-Robots-2026-1/install/xarm_msgs/lib/python3.12/site-packages/xarm_msgs/srv/_plan_single_straight.py
[156.449s] -- Installing: /home/catcyber02/Mobile-Robots-2026-1/install/xarm_msgs/lib/python3.12/site-packages/xarm_msgs/srv/_set_int32_s.c
[156.449s] -- Installing: /home/catcyber02/Mobile-Robots-2026-1/install/xarm_msgs/lib/python3.12/site-packages/xarm_msgs/srv/_linear_motor_back_origin_s.c
[156.449s] -- Installing: /home/catcyber02/Mobile-Robots-2026-1/install/xarm_msgs/lib/python3.12/site-packages/xarm_msgs/srv/_set_int16_s.c
[156.450s] -- Installing: /home/catcyber02/Mobile-Robots-2026-1/install/xarm_msgs/lib/python3.12/site-packages/xarm_msgs/srv/_get_int16_s.c
[156.450s] -- Installing: /home/catcyber02/Mobile-Robots-2026-1/install/xarm_msgs/lib/python3.12/site-packages/xarm_msgs/srv/_move_cartesian.py
[156.451s] -- Installing: /home/catcyber02/Mobile-Robots-2026-1/install/xarm_msgs/lib/python3.12/site-packages/xarm_msgs/srv/_ft_impedance.py
[156.451s] -- Installing: /home/catcyber02/Mobile-Robots-2026-1/install/xarm_msgs/lib/python3.12/site-packages/xarm_msgs/srv/_iden_load_s.c
[156.452s] -- Installing: /home/catcyber02/Mobile-Robots-2026-1/install/xarm_msgs/lib/python3.12/site-packages/xarm_msgs/srv/_plan_joint.py
[156.452s] -- Installing: /home/catcyber02/Mobile-Robots-2026-1/install/xarm_msgs/lib/python3.12/site-packages/xarm_msgs/srv/_bio_gripper_enable.py
[156.452s] -- Installing: /home/catcyber02/Mobile-Robots-2026-1/install/xarm_msgs/lib/python3.12/site-packages/xarm_msgs/srv/_get_float32_s.c
[156.452s] -- Installing: /home/catcyber02/Mobile-Robots-2026-1/install/xarm_msgs/lib/python3.12/site-packages/xarm_msgs/srv/_get_int32.py
[156.453s] -- Installing: /home/catcyber02/Mobile-Robots-2026-1/install/xarm_msgs/lib/python3.12/site-packages/xarm_msgs/srv/_bio_gripper_ctrl.py
[156.453s] -- Installing: /home/catcyber02/Mobile-Robots-2026-1/install/xarm_msgs/lib/python3.12/site-packages/xarm_msgs/srv/_get_analog_io_s.c
[156.453s] -- Installing: /home/catcyber02/Mobile-Robots-2026-1/install/xarm_msgs/lib/python3.12/site-packages/xarm_msgs/srv/_traj_ctrl_s.c
[156.453s] -- Installing: /home/catcyber02/Mobile-Robots-2026-1/install/xarm_msgs/lib/python3.12/site-packages/xarm_msgs/srv/_bio_gripper_ctrl_s.c
[156.454s] -- Installing: /home/catcyber02/Mobile-Robots-2026-1/install/xarm_msgs/lib/python3.12/site-packages/xarm_msgs/srv/_iden_load.py
[156.454s] -- Installing: /home/catcyber02/Mobile-Robots-2026-1/install/xarm_msgs/lib/python3.12/site-packages/xarm_msgs/srv/_robotiq_reset_s.c
[156.454s] -- Installing: /home/catcyber02/Mobile-Robots-2026-1/install/xarm_msgs/lib/python3.12/site-packages/xarm_msgs/srv/_traj_play.py
[156.454s] -- Installing: /home/catcyber02/Mobile-Robots-2026-1/install/xarm_msgs/lib/python3.12/site-packages/xarm_msgs/srv/__init__.py
[156.454s] -- Installing: /home/catcyber02/Mobile-Robots-2026-1/install/xarm_msgs/lib/python3.12/site-packages/xarm_msgs/srv/_ft_impedance_s.c
[156.454s] -- Installing: /home/catcyber02/Mobile-Robots-2026-1/install/xarm_msgs/lib/python3.12/site-packages/xarm_msgs/srv/_linear_track_set_pos.py
[156.455s] -- Installing: /home/catcyber02/Mobile-Robots-2026-1/install/xarm_msgs/lib/python3.12/site-packages/xarm_msgs/srv/_gripper_move.py
[156.455s] -- Installing: /home/catcyber02/Mobile-Robots-2026-1/install/xarm_msgs/lib/python3.12/site-packages/xarm_msgs/srv/_gripper_move_s.c
[156.455s] -- Installing: /home/catcyber02/Mobile-Robots-2026-1/install/xarm_msgs/lib/python3.12/site-packages/xarm_msgs/srv/_set_analog_io.py
[156.455s] -- Installing: /home/catcyber02/Mobile-Robots-2026-1/install/xarm_msgs/lib/python3.12/site-packages/xarm_msgs/srv/_call.py
[156.455s] -- Installing: /home/catcyber02/Mobile-Robots-2026-1/install/xarm_msgs/lib/python3.12/site-packages/xarm_msgs/srv/_get_digital_io.py
[156.456s] -- Installing: /home/catcyber02/Mobile-Robots-2026-1/install/xarm_msgs/lib/python3.12/site-packages/xarm_msgs/srv/_ft_force_params_s.c
[156.456s] -- Installing: /home/catcyber02/Mobile-Robots-2026-1/install/xarm_msgs/lib/python3.12/site-packages/xarm_msgs/srv/_set_digital_io.py
[156.456s] -- Installing: /home/catcyber02/Mobile-Robots-2026-1/install/xarm_msgs/lib/python3.12/site-packages/xarm_msgs/srv/_plan_exec.py
[156.456s] -- Installing: /home/catcyber02/Mobile-Robots-2026-1/install/xarm_msgs/lib/python3.12/site-packages/xarm_msgs/srv/_bio_gripper_enable_s.c
[156.456s] -- Installing: /home/catcyber02/Mobile-Robots-2026-1/install/xarm_msgs/lib/python3.12/site-packages/xarm_msgs/srv/_plan_pose.py
[156.457s] -- Installing: /home/catcyber02/Mobile-Robots-2026-1/install/xarm_msgs/lib/python3.12/site-packages/xarm_msgs/srv/_robotiq_move_s.c
[156.457s] -- Installing: /home/catcyber02/Mobile-Robots-2026-1/install/xarm_msgs/lib/python3.12/site-packages/xarm_msgs/srv/_ft_admittance_params_s.c
[156.457s] -- Installing: /home/catcyber02/Mobile-Robots-2026-1/install/xarm_msgs/lib/python3.12/site-packages/xarm_msgs/srv/_robotiq_get_status_s.c
[156.457s] -- Installing: /home/catcyber02/Mobile-Robots-2026-1/install/xarm_msgs/lib/python3.12/site-packages/xarm_msgs/srv/_traj_ctrl.py
[156.457s] -- Installing: /home/catcyber02/Mobile-Robots-2026-1/install/xarm_msgs/lib/python3.12/site-packages/xarm_msgs/srv/_get_int32_by_type_s.c
[156.458s] -- Installing: /home/catcyber02/Mobile-Robots-2026-1/install/xarm_msgs/lib/python3.12/site-packages/xarm_msgs/srv/_linear_motor_back_origin.py
[156.458s] -- Installing: /home/catcyber02/Mobile-Robots-2026-1/install/xarm_msgs/lib/python3.12/site-packages/xarm_msgs/srv/_ft_force_config.py
[156.458s] -- Installing: /home/catcyber02/Mobile-Robots-2026-1/install/xarm_msgs/lib/python3.12/site-packages/xarm_msgs/srv/_get_int32_by_type.py
[156.458s] -- Installing: /home/catcyber02/Mobile-Robots-2026-1/install/xarm_msgs/lib/python3.12/site-packages/xarm_msgs/srv/_get_int16_list_s.c
[156.458s] -- Installing: /home/catcyber02/Mobile-Robots-2026-1/install/xarm_msgs/lib/python3.12/site-packages/xarm_msgs/srv/_robotiq_reset.py
[156.459s] -- Installing: /home/catcyber02/Mobile-Robots-2026-1/install/xarm_msgs/lib/python3.12/site-packages/xarm_msgs/srv/_move_circle.py
[156.459s] -- Installing: /home/catcyber02/Mobile-Robots-2026-1/install/xarm_msgs/lib/python3.12/site-packages/xarm_msgs/srv/_vacuum_gripper_ctrl_s.c
[156.459s] -- Installing: /home/catcyber02/Mobile-Robots-2026-1/install/xarm_msgs/lib/python3.12/site-packages/xarm_msgs/srv/_robotiq_activate_s.c
[156.459s] -- Installing: /home/catcyber02/Mobile-Robots-2026-1/install/xarm_msgs/lib/python3.12/site-packages/xarm_msgs/srv/_set_int16_list.py
[156.459s] -- Installing: /home/catcyber02/Mobile-Robots-2026-1/install/xarm_msgs/lib/python3.12/site-packages/xarm_msgs/srv/_plan_pose_s.c
[156.460s] -- Installing: /home/catcyber02/Mobile-Robots-2026-1/install/xarm_msgs/lib/python3.12/site-packages/xarm_msgs/srv/_ft_force_pid.py
[156.460s] -- Installing: /home/catcyber02/Mobile-Robots-2026-1/install/xarm_msgs/lib/python3.12/site-packages/xarm_msgs/srv/_set_int16_by_id.py
[156.460s] -- Installing: /home/catcyber02/Mobile-Robots-2026-1/install/xarm_msgs/lib/python3.12/site-packages/xarm_msgs/srv/_get_int32_s.c
[156.460s] -- Installing: /home/catcyber02/Mobile-Robots-2026-1/install/xarm_msgs/lib/python3.12/site-packages/xarm_msgs/srv/_set_tcp_load_s.c
[156.460s] -- Installing: /home/catcyber02/Mobile-Robots-2026-1/install/xarm_msgs/lib/python3.12/site-packages/xarm_msgs/srv/_move_home_s.c
[156.460s] -- Installing: /home/catcyber02/Mobile-Robots-2026-1/install/xarm_msgs/lib/python3.12/site-packages/xarm_msgs/srv/_set_int16_by_id_s.c
[156.461s] -- Installing: /home/catcyber02/Mobile-Robots-2026-1/install/xarm_msgs/lib/python3.12/site-packages/xarm_msgs/srv/_ft_force_config_s.c
[156.461s] -- Installing: /home/catcyber02/Mobile-Robots-2026-1/install/xarm_msgs/lib/python3.12/site-packages/xarm_msgs/srv/_ft_admittance_params.py
[156.461s] -- Installing: /home/catcyber02/Mobile-Robots-2026-1/install/xarm_msgs/lib/python3.12/site-packages/xarm_msgs/srv/_ft_force_params.py
[156.461s] -- Installing: /home/catcyber02/Mobile-Robots-2026-1/install/xarm_msgs/lib/python3.12/site-packages/xarm_msgs/srv/_get_int16_list.py
[156.461s] -- Installing: /home/catcyber02/Mobile-Robots-2026-1/install/xarm_msgs/lib/python3.12/site-packages/xarm_msgs/__init__.py
[156.462s] -- Installing: /home/catcyber02/Mobile-Robots-2026-1/install/xarm_msgs/lib/python3.12/site-packages/xarm_msgs/msg
[156.462s] -- Installing: /home/catcyber02/Mobile-Robots-2026-1/install/xarm_msgs/lib/python3.12/site-packages/xarm_msgs/msg/_robot_msg.py
[156.462s] -- Installing: /home/catcyber02/Mobile-Robots-2026-1/install/xarm_msgs/lib/python3.12/site-packages/xarm_msgs/msg/_move_velocity.py
[156.462s] -- Installing: /home/catcyber02/Mobile-Robots-2026-1/install/xarm_msgs/lib/python3.12/site-packages/xarm_msgs/msg/_cio_state.py
[156.462s] -- Installing: /home/catcyber02/Mobile-Robots-2026-1/install/xarm_msgs/lib/python3.12/site-packages/xarm_msgs/msg/_cio_state_s.c
[156.462s] -- Installing: /home/catcyber02/Mobile-Robots-2026-1/install/xarm_msgs/lib/python3.12/site-packages/xarm_msgs/msg/_move_velocity_s.c
[156.463s] -- Installing: /home/catcyber02/Mobile-Robots-2026-1/install/xarm_msgs/lib/python3.12/site-packages/xarm_msgs/msg/_io_state.py
[156.463s] -- Installing: /home/catcyber02/Mobile-Robots-2026-1/install/xarm_msgs/lib/python3.12/site-packages/xarm_msgs/msg/__init__.py
[156.463s] -- Installing: /home/catcyber02/Mobile-Robots-2026-1/install/xarm_msgs/lib/python3.12/site-packages/xarm_msgs/msg/_io_state_s.c
[156.463s] -- Installing: /home/catcyber02/Mobile-Robots-2026-1/install/xarm_msgs/lib/python3.12/site-packages/xarm_msgs/msg/_robot_msg_s.c
[156.463s] -- Installing: /home/catcyber02/Mobile-Robots-2026-1/install/xarm_msgs/lib/python3.12/site-packages/xarm_msgs/_xarm_msgs_s.ep.rosidl_typesupport_c.c
[156.896s] Listing '/home/catcyber02/Mobile-Robots-2026-1/install/xarm_msgs/lib/python3.12/site-packages/xarm_msgs'...
[156.897s] Compiling '/home/catcyber02/Mobile-Robots-2026-1/install/xarm_msgs/lib/python3.12/site-packages/xarm_msgs/__init__.py'...
[156.897s] Listing '/home/catcyber02/Mobile-Robots-2026-1/install/xarm_msgs/lib/python3.12/site-packages/xarm_msgs/msg'...
[156.897s] Compiling '/home/catcyber02/Mobile-Robots-2026-1/install/xarm_msgs/lib/python3.12/site-packages/xarm_msgs/msg/__init__.py'...
[156.897s] Compiling '/home/catcyber02/Mobile-Robots-2026-1/install/xarm_msgs/lib/python3.12/site-packages/xarm_msgs/msg/_cio_state.py'...
[156.897s] Compiling '/home/catcyber02/Mobile-Robots-2026-1/install/xarm_msgs/lib/python3.12/site-packages/xarm_msgs/msg/_io_state.py'...
[156.897s] Compiling '/home/catcyber02/Mobile-Robots-2026-1/install/xarm_msgs/lib/python3.12/site-packages/xarm_msgs/msg/_move_velocity.py'...
[156.898s] Compiling '/home/catcyber02/Mobile-Robots-2026-1/install/xarm_msgs/lib/python3.12/site-packages/xarm_msgs/msg/_robot_msg.py'...
[156.898s] Listing '/home/catcyber02/Mobile-Robots-2026-1/install/xarm_msgs/lib/python3.12/site-packages/xarm_msgs/srv'...
[156.898s] Compiling '/home/catcyber02/Mobile-Robots-2026-1/install/xarm_msgs/lib/python3.12/site-packages/xarm_msgs/srv/__init__.py'...
[156.898s] Compiling '/home/catcyber02/Mobile-Robots-2026-1/install/xarm_msgs/lib/python3.12/site-packages/xarm_msgs/srv/_bio_gripper_ctrl.py'...
[156.898s] Compiling '/home/catcyber02/Mobile-Robots-2026-1/install/xarm_msgs/lib/python3.12/site-packages/xarm_msgs/srv/_bio_gripper_enable.py'...
[156.898s] Compiling '/home/catcyber02/Mobile-Robots-2026-1/install/xarm_msgs/lib/python3.12/site-packages/xarm_msgs/srv/_call.py'...
[156.898s] Compiling '/home/catcyber02/Mobile-Robots-2026-1/install/xarm_msgs/lib/python3.12/site-packages/xarm_msgs/srv/_ft_admittance_params.py'...
[156.898s] Compiling '/home/catcyber02/Mobile-Robots-2026-1/install/xarm_msgs/lib/python3.12/site-packages/xarm_msgs/srv/_ft_cali_load.py'...
[156.899s] Compiling '/home/catcyber02/Mobile-Robots-2026-1/install/xarm_msgs/lib/python3.12/site-packages/xarm_msgs/srv/_ft_force_config.py'...
[156.899s] Compiling '/home/catcyber02/Mobile-Robots-2026-1/install/xarm_msgs/lib/python3.12/site-packages/xarm_msgs/srv/_ft_force_params.py'...
[156.899s] Compiling '/home/catcyber02/Mobile-Robots-2026-1/install/xarm_msgs/lib/python3.12/site-packages/xarm_msgs/srv/_ft_force_pid.py'...
[156.899s] Compiling '/home/catcyber02/Mobile-Robots-2026-1/install/xarm_msgs/lib/python3.12/site-packages/xarm_msgs/srv/_ft_impedance.py'...
[156.899s] Compiling '/home/catcyber02/Mobile-Robots-2026-1/install/xarm_msgs/lib/python3.12/site-packages/xarm_msgs/srv/_get_analog_io.py'...
[156.899s] Compiling '/home/catcyber02/Mobile-Robots-2026-1/install/xarm_msgs/lib/python3.12/site-packages/xarm_msgs/srv/_get_digital_io.py'...
[156.899s] Compiling '/home/catcyber02/Mobile-Robots-2026-1/install/xarm_msgs/lib/python3.12/site-packages/xarm_msgs/srv/_get_float32.py'...
[156.900s] Compiling '/home/catcyber02/Mobile-Robots-2026-1/install/xarm_msgs/lib/python3.12/site-packages/xarm_msgs/srv/_get_float32_list.py'...
[156.900s] Compiling '/home/catcyber02/Mobile-Robots-2026-1/install/xarm_msgs/lib/python3.12/site-packages/xarm_msgs/srv/_get_int16.py'...
[156.900s] Compiling '/home/catcyber02/Mobile-Robots-2026-1/install/xarm_msgs/lib/python3.12/site-packages/xarm_msgs/srv/_get_int16_list.py'...
[156.900s] Compiling '/home/catcyber02/Mobile-Robots-2026-1/install/xarm_msgs/lib/python3.12/site-packages/xarm_msgs/srv/_get_int32.py'...
[156.900s] Compiling '/home/catcyber02/Mobile-Robots-2026-1/install/xarm_msgs/lib/python3.12/site-packages/xarm_msgs/srv/_get_int32_by_type.py'...
[156.900s] Compiling '/home/catcyber02/Mobile-Robots-2026-1/install/xarm_msgs/lib/python3.12/site-packages/xarm_msgs/srv/_get_set_modbus_data.py'...
[156.900s] Compiling '/home/catcyber02/Mobile-Robots-2026-1/install/xarm_msgs/lib/python3.12/site-packages/xarm_msgs/srv/_gripper_move.py'...
[156.901s] Compiling '/home/catcyber02/Mobile-Robots-2026-1/install/xarm_msgs/lib/python3.12/site-packages/xarm_msgs/srv/_iden_load.py'...
[156.901s] Compiling '/home/catcyber02/Mobile-Robots-2026-1/install/xarm_msgs/lib/python3.12/site-packages/xarm_msgs/srv/_linear_motor_back_origin.py'...
[156.901s] Compiling '/home/catcyber02/Mobile-Robots-2026-1/install/xarm_msgs/lib/python3.12/site-packages/xarm_msgs/srv/_linear_motor_set_pos.py'...
[156.901s] Compiling '/home/catcyber02/Mobile-Robots-2026-1/install/xarm_msgs/lib/python3.12/site-packages/xarm_msgs/srv/_linear_track_back_origin.py'...
[156.901s] Compiling '/home/catcyber02/Mobile-Robots-2026-1/install/xarm_msgs/lib/python3.12/site-packages/xarm_msgs/srv/_linear_track_set_pos.py'...
[156.901s] Compiling '/home/catcyber02/Mobile-Robots-2026-1/install/xarm_msgs/lib/python3.12/site-packages/xarm_msgs/srv/_move_cartesian.py'...
[156.901s] Compiling '/home/catcyber02/Mobile-Robots-2026-1/install/xarm_msgs/lib/python3.12/site-packages/xarm_msgs/srv/_move_circle.py'...
[156.902s] Compiling '/home/catcyber02/Mobile-Robots-2026-1/install/xarm_msgs/lib/python3.12/site-packages/xarm_msgs/srv/_move_home.py'...
[156.902s] Compiling '/home/catcyber02/Mobile-Robots-2026-1/install/xarm_msgs/lib/python3.12/site-packages/xarm_msgs/srv/_move_joint.py'...
[156.902s] Compiling '/home/catcyber02/Mobile-Robots-2026-1/install/xarm_msgs/lib/python3.12/site-packages/xarm_msgs/srv/_move_velocity.py'...
[156.902s] Compiling '/home/catcyber02/Mobile-Robots-2026-1/install/xarm_msgs/lib/python3.12/site-packages/xarm_msgs/srv/_plan_exec.py'...
[156.902s] Compiling '/home/catcyber02/Mobile-Robots-2026-1/install/xarm_msgs/lib/python3.12/site-packages/xarm_msgs/srv/_plan_joint.py'...
[156.902s] Compiling '/home/catcyber02/Mobile-Robots-2026-1/install/xarm_msgs/lib/python3.12/site-packages/xarm_msgs/srv/_plan_pose.py'...
[156.902s] Compiling '/home/catcyber02/Mobile-Robots-2026-1/install/xarm_msgs/lib/python3.12/site-packages/xarm_msgs/srv/_plan_single_straight.py'...
[156.903s] Compiling '/home/catcyber02/Mobile-Robots-2026-1/install/xarm_msgs/lib/python3.12/site-packages/xarm_msgs/srv/_robotiq_activate.py'...
[156.903s] Compiling '/home/catcyber02/Mobile-Robots-2026-1/install/xarm_msgs/lib/python3.12/site-packages/xarm_msgs/srv/_robotiq_get_status.py'...
[156.903s] Compiling '/home/catcyber02/Mobile-Robots-2026-1/install/xarm_msgs/lib/python3.12/site-packages/xarm_msgs/srv/_robotiq_move.py'...
[156.903s] Compiling '/home/catcyber02/Mobile-Robots-2026-1/install/xarm_msgs/lib/python3.12/site-packages/xarm_msgs/srv/_robotiq_reset.py'...
[156.903s] Compiling '/home/catcyber02/Mobile-Robots-2026-1/install/xarm_msgs/lib/python3.12/site-packages/xarm_msgs/srv/_set_analog_io.py'...
[156.903s] Compiling '/home/catcyber02/Mobile-Robots-2026-1/install/xarm_msgs/lib/python3.12/site-packages/xarm_msgs/srv/_set_digital_io.py'...
[156.903s] Compiling '/home/catcyber02/Mobile-Robots-2026-1/install/xarm_msgs/lib/python3.12/site-packages/xarm_msgs/srv/_set_float32.py'...
[156.904s] Compiling '/home/catcyber02/Mobile-Robots-2026-1/install/xarm_msgs/lib/python3.12/site-packages/xarm_msgs/srv/_set_float32_list.py'...
[156.904s] Compiling '/home/catcyber02/Mobile-Robots-2026-1/install/xarm_msgs/lib/python3.12/site-packages/xarm_msgs/srv/_set_int16.py'...
[156.904s] Compiling '/home/catcyber02/Mobile-Robots-2026-1/install/xarm_msgs/lib/python3.12/site-packages/xarm_msgs/srv/_set_int16_by_id.py'...
[156.904s] Compiling '/home/catcyber02/Mobile-Robots-2026-1/install/xarm_msgs/lib/python3.12/site-packages/xarm_msgs/srv/_set_int16_list.py'...
[156.904s] Compiling '/home/catcyber02/Mobile-Robots-2026-1/install/xarm_msgs/lib/python3.12/site-packages/xarm_msgs/srv/_set_int32.py'...
[156.904s] Compiling '/home/catcyber02/Mobile-Robots-2026-1/install/xarm_msgs/lib/python3.12/site-packages/xarm_msgs/srv/_set_int32_by_type.py'...
[156.904s] Compiling '/home/catcyber02/Mobile-Robots-2026-1/install/xarm_msgs/lib/python3.12/site-packages/xarm_msgs/srv/_set_modbus_timeout.py'...
[156.905s] Compiling '/home/catcyber02/Mobile-Robots-2026-1/install/xarm_msgs/lib/python3.12/site-packages/xarm_msgs/srv/_set_tcp_load.py'...
[156.905s] Compiling '/home/catcyber02/Mobile-Robots-2026-1/install/xarm_msgs/lib/python3.12/site-packages/xarm_msgs/srv/_traj_ctrl.py'...
[156.905s] Compiling '/home/catcyber02/Mobile-Robots-2026-1/install/xarm_msgs/lib/python3.12/site-packages/xarm_msgs/srv/_traj_play.py'...
[156.905s] Compiling '/home/catcyber02/Mobile-Robots-2026-1/install/xarm_msgs/lib/python3.12/site-packages/xarm_msgs/srv/_vacuum_gripper_ctrl.py'...
[156.912s] -- Installing: /home/catcyber02/Mobile-Robots-2026-1/install/xarm_msgs/lib/python3.12/site-packages/xarm_msgs/xarm_msgs_s__rosidl_typesupport_fastrtps_c.so
[156.915s] -- Set non-toolchain portion of runtime path of "/home/catcyber02/Mobile-Robots-2026-1/install/xarm_msgs/lib/python3.12/site-packages/xarm_msgs/xarm_msgs_s__rosidl_typesupport_fastrtps_c.so" to ""
[156.916s] -- Installing: /home/catcyber02/Mobile-Robots-2026-1/install/xarm_msgs/lib/python3.12/site-packages/xarm_msgs/xarm_msgs_s__rosidl_typesupport_introspection_c.so
[156.918s] -- Set non-toolchain portion of runtime path of "/home/catcyber02/Mobile-Robots-2026-1/install/xarm_msgs/lib/python3.12/site-packages/xarm_msgs/xarm_msgs_s__rosidl_typesupport_introspection_c.so" to ""
[156.919s] -- Installing: /home/catcyber02/Mobile-Robots-2026-1/install/xarm_msgs/lib/python3.12/site-packages/xarm_msgs/xarm_msgs_s__rosidl_typesupport_c.so
[156.922s] -- Set non-toolchain portion of runtime path of "/home/catcyber02/Mobile-Robots-2026-1/install/xarm_msgs/lib/python3.12/site-packages/xarm_msgs/xarm_msgs_s__rosidl_typesupport_c.so" to ""
[156.922s] -- Installing: /home/catcyber02/Mobile-Robots-2026-1/install/xarm_msgs/lib/libxarm_msgs__rosidl_generator_py.so
[156.927s] -- Set non-toolchain portion of runtime path of "/home/catcyber02/Mobile-Robots-2026-1/install/xarm_msgs/lib/libxarm_msgs__rosidl_generator_py.so" to ""
[156.928s] -- Installing: /home/catcyber02/Mobile-Robots-2026-1/install/xarm_msgs/share/xarm_msgs/msg/RobotMsg.idl
[156.928s] -- Installing: /home/catcyber02/Mobile-Robots-2026-1/install/xarm_msgs/share/xarm_msgs/msg/IOState.idl
[156.929s] -- Installing: /home/catcyber02/Mobile-Robots-2026-1/install/xarm_msgs/share/xarm_msgs/msg/CIOState.idl
[156.929s] -- Installing: /home/catcyber02/Mobile-Robots-2026-1/install/xarm_msgs/share/xarm_msgs/msg/MoveVelocity.idl
[156.930s] -- Installing: /home/catcyber02/Mobile-Robots-2026-1/install/xarm_msgs/share/xarm_msgs/srv/BioGripperCtrl.idl
[156.930s] -- Installing: /home/catcyber02/Mobile-Robots-2026-1/install/xarm_msgs/share/xarm_msgs/srv/BioGripperEnable.idl
[156.931s] -- Installing: /home/catcyber02/Mobile-Robots-2026-1/install/xarm_msgs/share/xarm_msgs/srv/Call.idl
[156.932s] -- Installing: /home/catcyber02/Mobile-Robots-2026-1/install/xarm_msgs/share/xarm_msgs/srv/GetAnalogIO.idl
[156.932s] -- Installing: /home/catcyber02/Mobile-Robots-2026-1/install/xarm_msgs/share/xarm_msgs/srv/GetDigitalIO.idl
[156.933s] -- Installing: /home/catcyber02/Mobile-Robots-2026-1/install/xarm_msgs/share/xarm_msgs/srv/GetFloat32.idl
[156.934s] -- Installing: /home/catcyber02/Mobile-Robots-2026-1/install/xarm_msgs/share/xarm_msgs/srv/GetFloat32List.idl
[156.935s] -- Installing: /home/catcyber02/Mobile-Robots-2026-1/install/xarm_msgs/share/xarm_msgs/srv/GetInt16.idl
[156.935s] -- Installing: /home/catcyber02/Mobile-Robots-2026-1/install/xarm_msgs/share/xarm_msgs/srv/GetInt16List.idl
[156.936s] -- Installing: /home/catcyber02/Mobile-Robots-2026-1/install/xarm_msgs/share/xarm_msgs/srv/GetInt32.idl
[156.936s] -- Installing: /home/catcyber02/Mobile-Robots-2026-1/install/xarm_msgs/share/xarm_msgs/srv/GetInt32ByType.idl
[156.937s] -- Installing: /home/catcyber02/Mobile-Robots-2026-1/install/xarm_msgs/share/xarm_msgs/srv/GetSetModbusData.idl
[156.939s] -- Installing: /home/catcyber02/Mobile-Robots-2026-1/install/xarm_msgs/share/xarm_msgs/srv/GripperMove.idl
[156.939s] -- Installing: /home/catcyber02/Mobile-Robots-2026-1/install/xarm_msgs/share/xarm_msgs/srv/MoveCartesian.idl
[156.939s] -- Installing: /home/catcyber02/Mobile-Robots-2026-1/install/xarm_msgs/share/xarm_msgs/srv/MoveCircle.idl
[156.940s] -- Installing: /home/catcyber02/Mobile-Robots-2026-1/install/xarm_msgs/share/xarm_msgs/srv/MoveHome.idl
[156.941s] -- Installing: /home/catcyber02/Mobile-Robots-2026-1/install/xarm_msgs/share/xarm_msgs/srv/MoveJoint.idl
[156.941s] -- Installing: /home/catcyber02/Mobile-Robots-2026-1/install/xarm_msgs/share/xarm_msgs/srv/MoveVelocity.idl
[156.941s] -- Installing: /home/catcyber02/Mobile-Robots-2026-1/install/xarm_msgs/share/xarm_msgs/srv/RobotiqActivate.idl
[156.942s] -- Installing: /home/catcyber02/Mobile-Robots-2026-1/install/xarm_msgs/share/xarm_msgs/srv/RobotiqGetStatus.idl
[156.942s] -- Installing: /home/catcyber02/Mobile-Robots-2026-1/install/xarm_msgs/share/xarm_msgs/srv/RobotiqMove.idl
[156.943s] -- Installing: /home/catcyber02/Mobile-Robots-2026-1/install/xarm_msgs/share/xarm_msgs/srv/RobotiqReset.idl
[156.943s] -- Installing: /home/catcyber02/Mobile-Robots-2026-1/install/xarm_msgs/share/xarm_msgs/srv/SetAnalogIO.idl
[156.944s] -- Installing: /home/catcyber02/Mobile-Robots-2026-1/install/xarm_msgs/share/xarm_msgs/srv/SetDigitalIO.idl
[156.945s] -- Installing: /home/catcyber02/Mobile-Robots-2026-1/install/xarm_msgs/share/xarm_msgs/srv/SetFloat32.idl
[156.945s] -- Installing: /home/catcyber02/Mobile-Robots-2026-1/install/xarm_msgs/share/xarm_msgs/srv/SetFloat32List.idl
[156.946s] -- Installing: /home/catcyber02/Mobile-Robots-2026-1/install/xarm_msgs/share/xarm_msgs/srv/SetInt16.idl
[156.946s] -- Installing: /home/catcyber02/Mobile-Robots-2026-1/install/xarm_msgs/share/xarm_msgs/srv/SetInt16ById.idl
[156.947s] -- Installing: /home/catcyber02/Mobile-Robots-2026-1/install/xarm_msgs/share/xarm_msgs/srv/SetInt16List.idl
[156.947s] -- Installing: /home/catcyber02/Mobile-Robots-2026-1/install/xarm_msgs/share/xarm_msgs/srv/SetInt32.idl
[156.948s] -- Installing: /home/catcyber02/Mobile-Robots-2026-1/install/xarm_msgs/share/xarm_msgs/srv/SetInt32ByType.idl
[156.949s] -- Installing: /home/catcyber02/Mobile-Robots-2026-1/install/xarm_msgs/share/xarm_msgs/srv/TrajCtrl.idl
[156.949s] -- Installing: /home/catcyber02/Mobile-Robots-2026-1/install/xarm_msgs/share/xarm_msgs/srv/TrajPlay.idl
[156.950s] -- Installing: /home/catcyber02/Mobile-Robots-2026-1/install/xarm_msgs/share/xarm_msgs/srv/VacuumGripperCtrl.idl
[156.950s] -- Installing: /home/catcyber02/Mobile-Robots-2026-1/install/xarm_msgs/share/xarm_msgs/srv/SetTcpLoad.idl
[156.951s] -- Installing: /home/catcyber02/Mobile-Robots-2026-1/install/xarm_msgs/share/xarm_msgs/srv/SetModbusTimeout.idl
[156.951s] -- Installing: /home/catcyber02/Mobile-Robots-2026-1/install/xarm_msgs/share/xarm_msgs/srv/IdenLoad.idl
[156.952s] -- Installing: /home/catcyber02/Mobile-Robots-2026-1/install/xarm_msgs/share/xarm_msgs/srv/FtCaliLoad.idl
[156.952s] -- Installing: /home/catcyber02/Mobile-Robots-2026-1/install/xarm_msgs/share/xarm_msgs/srv/FtForceParams.idl
[156.953s] -- Installing: /home/catcyber02/Mobile-Robots-2026-1/install/xarm_msgs/share/xarm_msgs/srv/FtAdmittanceParams.idl
[156.954s] -- Installing: /home/catcyber02/Mobile-Robots-2026-1/install/xarm_msgs/share/xarm_msgs/srv/LinearMotorBackOrigin.idl
[156.954s] -- Installing: /home/catcyber02/Mobile-Robots-2026-1/install/xarm_msgs/share/xarm_msgs/srv/LinearMotorSetPos.idl
[156.955s] -- Installing: /home/catcyber02/Mobile-Robots-2026-1/install/xarm_msgs/share/xarm_msgs/srv/PlanExec.idl
[156.956s] -- Installing: /home/catcyber02/Mobile-Robots-2026-1/install/xarm_msgs/share/xarm_msgs/srv/PlanJoint.idl
[156.956s] -- Installing: /home/catcyber02/Mobile-Robots-2026-1/install/xarm_msgs/share/xarm_msgs/srv/PlanPose.idl
[156.957s] -- Installing: /home/catcyber02/Mobile-Robots-2026-1/install/xarm_msgs/share/xarm_msgs/srv/PlanSingleStraight.idl
[156.957s] -- Installing: /home/catcyber02/Mobile-Robots-2026-1/install/xarm_msgs/share/xarm_msgs/srv/FtForceConfig.idl
[156.958s] -- Installing: /home/catcyber02/Mobile-Robots-2026-1/install/xarm_msgs/share/xarm_msgs/srv/FtForcePid.idl
[156.958s] -- Installing: /home/catcyber02/Mobile-Robots-2026-1/install/xarm_msgs/share/xarm_msgs/srv/FtImpedance.idl
[156.959s] -- Installing: /home/catcyber02/Mobile-Robots-2026-1/install/xarm_msgs/share/xarm_msgs/srv/LinearTrackBackOrigin.idl
[156.960s] -- Installing: /home/catcyber02/Mobile-Robots-2026-1/install/xarm_msgs/share/xarm_msgs/srv/LinearTrackSetPos.idl
[156.960s] -- Installing: /home/catcyber02/Mobile-Robots-2026-1/install/xarm_msgs/share/xarm_msgs/msg/RobotMsg.msg
[156.961s] -- Installing: /home/catcyber02/Mobile-Robots-2026-1/install/xarm_msgs/share/xarm_msgs/msg/IOState.msg
[156.961s] -- Installing: /home/catcyber02/Mobile-Robots-2026-1/install/xarm_msgs/share/xarm_msgs/msg/CIOState.msg
[156.962s] -- Installing: /home/catcyber02/Mobile-Robots-2026-1/install/xarm_msgs/share/xarm_msgs/msg/MoveVelocity.msg
[156.962s] -- Installing: /home/catcyber02/Mobile-Robots-2026-1/install/xarm_msgs/share/xarm_msgs/srv/BioGripperCtrl.srv
[156.963s] -- Installing: /home/catcyber02/Mobile-Robots-2026-1/install/xarm_msgs/share/xarm_msgs/srv/BioGripperEnable.srv
[156.963s] -- Installing: /home/catcyber02/Mobile-Robots-2026-1/install/xarm_msgs/share/xarm_msgs/srv/Call.srv
[156.964s] -- Installing: /home/catcyber02/Mobile-Robots-2026-1/install/xarm_msgs/share/xarm_msgs/srv/GetAnalogIO.srv
[156.965s] -- Installing: /home/catcyber02/Mobile-Robots-2026-1/install/xarm_msgs/share/xarm_msgs/srv/GetDigitalIO.srv
[156.966s] -- Installing: /home/catcyber02/Mobile-Robots-2026-1/install/xarm_msgs/share/xarm_msgs/srv/GetFloat32.srv
[156.966s] -- Installing: /home/catcyber02/Mobile-Robots-2026-1/install/xarm_msgs/share/xarm_msgs/srv/GetFloat32List.srv
[156.967s] -- Installing: /home/catcyber02/Mobile-Robots-2026-1/install/xarm_msgs/share/xarm_msgs/srv/GetInt16.srv
[156.968s] -- Installing: /home/catcyber02/Mobile-Robots-2026-1/install/xarm_msgs/share/xarm_msgs/srv/GetInt16List.srv
[156.969s] -- Installing: /home/catcyber02/Mobile-Robots-2026-1/install/xarm_msgs/share/xarm_msgs/srv/GetInt32.srv
[156.969s] -- Installing: /home/catcyber02/Mobile-Robots-2026-1/install/xarm_msgs/share/xarm_msgs/srv/GetInt32ByType.srv
[156.970s] -- Installing: /home/catcyber02/Mobile-Robots-2026-1/install/xarm_msgs/share/xarm_msgs/srv/GetSetModbusData.srv
[156.971s] -- Installing: /home/catcyber02/Mobile-Robots-2026-1/install/xarm_msgs/share/xarm_msgs/srv/GripperMove.srv
[156.972s] -- Installing: /home/catcyber02/Mobile-Robots-2026-1/install/xarm_msgs/share/xarm_msgs/srv/MoveCartesian.srv
[156.973s] -- Installing: /home/catcyber02/Mobile-Robots-2026-1/install/xarm_msgs/share/xarm_msgs/srv/MoveCircle.srv
[156.974s] -- Installing: /home/catcyber02/Mobile-Robots-2026-1/install/xarm_msgs/share/xarm_msgs/srv/MoveHome.srv
[156.974s] -- Installing: /home/catcyber02/Mobile-Robots-2026-1/install/xarm_msgs/share/xarm_msgs/srv/MoveJoint.srv
[156.975s] -- Installing: /home/catcyber02/Mobile-Robots-2026-1/install/xarm_msgs/share/xarm_msgs/srv/MoveVelocity.srv
[156.976s] -- Installing: /home/catcyber02/Mobile-Robots-2026-1/install/xarm_msgs/share/xarm_msgs/srv/RobotiqActivate.srv
[156.976s] -- Installing: /home/catcyber02/Mobile-Robots-2026-1/install/xarm_msgs/share/xarm_msgs/srv/RobotiqGetStatus.srv
[156.977s] -- Installing: /home/catcyber02/Mobile-Robots-2026-1/install/xarm_msgs/share/xarm_msgs/srv/RobotiqMove.srv
[156.977s] -- Installing: /home/catcyber02/Mobile-Robots-2026-1/install/xarm_msgs/share/xarm_msgs/srv/RobotiqReset.srv
[156.978s] -- Installing: /home/catcyber02/Mobile-Robots-2026-1/install/xarm_msgs/share/xarm_msgs/srv/SetAnalogIO.srv
[156.979s] -- Installing: /home/catcyber02/Mobile-Robots-2026-1/install/xarm_msgs/share/xarm_msgs/srv/SetDigitalIO.srv
[156.980s] -- Installing: /home/catcyber02/Mobile-Robots-2026-1/install/xarm_msgs/share/xarm_msgs/srv/SetFloat32.srv
[156.980s] -- Installing: /home/catcyber02/Mobile-Robots-2026-1/install/xarm_msgs/share/xarm_msgs/srv/SetFloat32List.srv
[156.981s] -- Installing: /home/catcyber02/Mobile-Robots-2026-1/install/xarm_msgs/share/xarm_msgs/srv/SetInt16.srv
[156.981s] -- Installing: /home/catcyber02/Mobile-Robots-2026-1/install/xarm_msgs/share/xarm_msgs/srv/SetInt16ById.srv
[156.982s] -- Installing: /home/catcyber02/Mobile-Robots-2026-1/install/xarm_msgs/share/xarm_msgs/srv/SetInt16List.srv
[156.983s] -- Installing: /home/catcyber02/Mobile-Robots-2026-1/install/xarm_msgs/share/xarm_msgs/srv/SetInt32.srv
[156.983s] -- Installing: /home/catcyber02/Mobile-Robots-2026-1/install/xarm_msgs/share/xarm_msgs/srv/SetInt32ByType.srv
[156.984s] -- Installing: /home/catcyber02/Mobile-Robots-2026-1/install/xarm_msgs/share/xarm_msgs/srv/TrajCtrl.srv
[156.984s] -- Installing: /home/catcyber02/Mobile-Robots-2026-1/install/xarm_msgs/share/xarm_msgs/srv/TrajPlay.srv
[156.985s] -- Installing: /home/catcyber02/Mobile-Robots-2026-1/install/xarm_msgs/share/xarm_msgs/srv/VacuumGripperCtrl.srv
[156.986s] -- Installing: /home/catcyber02/Mobile-Robots-2026-1/install/xarm_msgs/share/xarm_msgs/srv/SetTcpLoad.srv
[156.986s] -- Installing: /home/catcyber02/Mobile-Robots-2026-1/install/xarm_msgs/share/xarm_msgs/srv/SetModbusTimeout.srv
[156.987s] -- Installing: /home/catcyber02/Mobile-Robots-2026-1/install/xarm_msgs/share/xarm_msgs/srv/IdenLoad.srv
[156.987s] -- Installing: /home/catcyber02/Mobile-Robots-2026-1/install/xarm_msgs/share/xarm_msgs/srv/FtCaliLoad.srv
[156.988s] -- Installing: /home/catcyber02/Mobile-Robots-2026-1/install/xarm_msgs/share/xarm_msgs/srv/FtForceParams.srv
[156.988s] -- Installing: /home/catcyber02/Mobile-Robots-2026-1/install/xarm_msgs/share/xarm_msgs/srv/FtAdmittanceParams.srv
[156.989s] -- Installing: /home/catcyber02/Mobile-Robots-2026-1/install/xarm_msgs/share/xarm_msgs/srv/LinearMotorBackOrigin.srv
[156.990s] -- Installing: /home/catcyber02/Mobile-Robots-2026-1/install/xarm_msgs/share/xarm_msgs/srv/LinearMotorSetPos.srv
[156.990s] -- Installing: /home/catcyber02/Mobile-Robots-2026-1/install/xarm_msgs/share/xarm_msgs/srv/PlanExec.srv
[156.991s] -- Installing: /home/catcyber02/Mobile-Robots-2026-1/install/xarm_msgs/share/xarm_msgs/srv/PlanJoint.srv
[156.992s] -- Installing: /home/catcyber02/Mobile-Robots-2026-1/install/xarm_msgs/share/xarm_msgs/srv/PlanPose.srv
[156.992s] -- Installing: /home/catcyber02/Mobile-Robots-2026-1/install/xarm_msgs/share/xarm_msgs/srv/PlanSingleStraight.srv
[156.993s] -- Installing: /home/catcyber02/Mobile-Robots-2026-1/install/xarm_msgs/share/xarm_msgs/srv/FtForceConfig.srv
[156.994s] -- Installing: /home/catcyber02/Mobile-Robots-2026-1/install/xarm_msgs/share/xarm_msgs/srv/FtForcePid.srv
[156.994s] -- Installing: /home/catcyber02/Mobile-Robots-2026-1/install/xarm_msgs/share/xarm_msgs/srv/FtImpedance.srv
[156.995s] -- Installing: /home/catcyber02/Mobile-Robots-2026-1/install/xarm_msgs/share/xarm_msgs/srv/LinearTrackBackOrigin.srv
[156.996s] -- Installing: /home/catcyber02/Mobile-Robots-2026-1/install/xarm_msgs/share/xarm_msgs/srv/LinearTrackSetPos.srv
[156.996s] -- Installing: /home/catcyber02/Mobile-Robots-2026-1/install/xarm_msgs/share/ament_index/resource_index/package_run_dependencies/xarm_msgs
[156.997s] -- Installing: /home/catcyber02/Mobile-Robots-2026-1/install/xarm_msgs/share/ament_index/resource_index/parent_prefix_path/xarm_msgs
[156.998s] -- Installing: /home/catcyber02/Mobile-Robots-2026-1/install/xarm_msgs/share/xarm_msgs/environment/ament_prefix_path.sh
[156.998s] -- Installing: /home/catcyber02/Mobile-Robots-2026-1/install/xarm_msgs/share/xarm_msgs/environment/ament_prefix_path.dsv
[156.999s] -- Installing: /home/catcyber02/Mobile-Robots-2026-1/install/xarm_msgs/share/xarm_msgs/environment/path.sh
[156.999s] -- Installing: /home/catcyber02/Mobile-Robots-2026-1/install/xarm_msgs/share/xarm_msgs/environment/path.dsv
[157.000s] -- Installing: /home/catcyber02/Mobile-Robots-2026-1/install/xarm_msgs/share/xarm_msgs/local_setup.bash
[157.000s] -- Installing: /home/catcyber02/Mobile-Robots-2026-1/install/xarm_msgs/share/xarm_msgs/local_setup.sh
[157.001s] -- Installing: /home/catcyber02/Mobile-Robots-2026-1/install/xarm_msgs/share/xarm_msgs/local_setup.zsh
[157.001s] -- Installing: /home/catcyber02/Mobile-Robots-2026-1/install/xarm_msgs/share/xarm_msgs/local_setup.dsv
[157.002s] -- Installing: /home/catcyber02/Mobile-Robots-2026-1/install/xarm_msgs/share/xarm_msgs/package.dsv
[157.002s] -- Installing: /home/catcyber02/Mobile-Robots-2026-1/install/xarm_msgs/share/ament_index/resource_index/packages/xarm_msgs
[157.003s] -- Installing: /home/catcyber02/Mobile-Robots-2026-1/install/xarm_msgs/share/xarm_msgs/cmake/export_xarm_msgs__rosidl_generator_cExport.cmake
[157.004s] -- Installing: /home/catcyber02/Mobile-Robots-2026-1/install/xarm_msgs/share/xarm_msgs/cmake/export_xarm_msgs__rosidl_generator_cExport-noconfig.cmake
[157.004s] -- Installing: /home/catcyber02/Mobile-Robots-2026-1/install/xarm_msgs/share/xarm_msgs/cmake/export_xarm_msgs__rosidl_typesupport_fastrtps_cExport.cmake
[157.005s] -- Installing: /home/catcyber02/Mobile-Robots-2026-1/install/xarm_msgs/share/xarm_msgs/cmake/export_xarm_msgs__rosidl_typesupport_fastrtps_cExport-noconfig.cmake
[157.005s] -- Installing: /home/catcyber02/Mobile-Robots-2026-1/install/xarm_msgs/share/xarm_msgs/cmake/export_xarm_msgs__rosidl_generator_cppExport.cmake
[157.006s] -- Installing: /home/catcyber02/Mobile-Robots-2026-1/install/xarm_msgs/share/xarm_msgs/cmake/export_xarm_msgs__rosidl_typesupport_fastrtps_cppExport.cmake
[157.007s] -- Installing: /home/catcyber02/Mobile-Robots-2026-1/install/xarm_msgs/share/xarm_msgs/cmake/export_xarm_msgs__rosidl_typesupport_fastrtps_cppExport-noconfig.cmake
[157.007s] -- Installing: /home/catcyber02/Mobile-Robots-2026-1/install/xarm_msgs/share/xarm_msgs/cmake/xarm_msgs__rosidl_typesupport_introspection_cExport.cmake
[157.008s] -- Installing: /home/catcyber02/Mobile-Robots-2026-1/install/xarm_msgs/share/xarm_msgs/cmake/xarm_msgs__rosidl_typesupport_introspection_cExport-noconfig.cmake
[157.009s] -- Installing: /home/catcyber02/Mobile-Robots-2026-1/install/xarm_msgs/share/xarm_msgs/cmake/xarm_msgs__rosidl_typesupport_cExport.cmake
[157.009s] -- Installing: /home/catcyber02/Mobile-Robots-2026-1/install/xarm_msgs/share/xarm_msgs/cmake/xarm_msgs__rosidl_typesupport_cExport-noconfig.cmake
[157.010s] -- Installing: /home/catcyber02/Mobile-Robots-2026-1/install/xarm_msgs/share/xarm_msgs/cmake/xarm_msgs__rosidl_typesupport_introspection_cppExport.cmake
[157.011s] -- Installing: /home/catcyber02/Mobile-Robots-2026-1/install/xarm_msgs/share/xarm_msgs/cmake/xarm_msgs__rosidl_typesupport_introspection_cppExport-noconfig.cmake
[157.012s] -- Installing: /home/catcyber02/Mobile-Robots-2026-1/install/xarm_msgs/share/xarm_msgs/cmake/xarm_msgs__rosidl_typesupport_cppExport.cmake
[157.012s] -- Installing: /home/catcyber02/Mobile-Robots-2026-1/install/xarm_msgs/share/xarm_msgs/cmake/xarm_msgs__rosidl_typesupport_cppExport-noconfig.cmake
[157.013s] -- Installing: /home/catcyber02/Mobile-Robots-2026-1/install/xarm_msgs/share/xarm_msgs/cmake/export_xarm_msgs__rosidl_generator_pyExport.cmake
[157.013s] -- Installing: /home/catcyber02/Mobile-Robots-2026-1/install/xarm_msgs/share/xarm_msgs/cmake/export_xarm_msgs__rosidl_generator_pyExport-noconfig.cmake
[157.014s] -- Installing: /home/catcyber02/Mobile-Robots-2026-1/install/xarm_msgs/share/xarm_msgs/cmake/rosidl_cmake-extras.cmake
[157.014s] -- Installing: /home/catcyber02/Mobile-Robots-2026-1/install/xarm_msgs/share/xarm_msgs/cmake/ament_cmake_export_dependencies-extras.cmake
[157.015s] -- Installing: /home/catcyber02/Mobile-Robots-2026-1/install/xarm_msgs/share/xarm_msgs/cmake/ament_cmake_export_include_directories-extras.cmake
[157.015s] -- Installing: /home/catcyber02/Mobile-Robots-2026-1/install/xarm_msgs/share/xarm_msgs/cmake/ament_cmake_export_libraries-extras.cmake
[157.016s] -- Installing: /home/catcyber02/Mobile-Robots-2026-1/install/xarm_msgs/share/xarm_msgs/cmake/ament_cmake_export_targets-extras.cmake
[157.016s] -- Installing: /home/catcyber02/Mobile-Robots-2026-1/install/xarm_msgs/share/xarm_msgs/cmake/rosidl_cmake_export_typesupport_targets-extras.cmake
[157.017s] -- Installing: /home/catcyber02/Mobile-Robots-2026-1/install/xarm_msgs/share/xarm_msgs/cmake/rosidl_cmake_export_typesupport_libraries-extras.cmake
[157.017s] -- Installing: /home/catcyber02/Mobile-Robots-2026-1/install/xarm_msgs/share/xarm_msgs/cmake/xarm_msgsConfig.cmake
[157.018s] -- Installing: /home/catcyber02/Mobile-Robots-2026-1/install/xarm_msgs/share/xarm_msgs/cmake/xarm_msgsConfig-version.cmake
[157.018s] -- Installing: /home/catcyber02/Mobile-Robots-2026-1/install/xarm_msgs/share/xarm_msgs/package.xml
[157.026s] Invoked command in '/home/catcyber02/Mobile-Robots-2026-1/build/xarm_msgs' returned '0': CMAKE_PREFIX_PATH=${CMAKE_PREFIX_PATH}:/home/catcyber02/Mobile-Robots-2026-1/ros2_ws/install/uf_ros_lib:/home/catcyber02/Mobile-Robots-2026-1/ros2_ws/install/simple_move:/opt/ros/jazzy DEBUGINFOD_URLS=https://debuginfod.ubuntu.com /usr/bin/cmake --install /home/catcyber02/Mobile-Robots-2026-1/build/xarm_msgs
