[0.127s] Invoking command in '/home/catcyber02/Mobile-Robots-2026-1/build/gazebo_envs': CMAKE_PREFIX_PATH=${CMAKE_PREFIX_PATH}:/home/catcyber02/Mobile-Robots-2026-1/install/uf_ros_lib:/home/catcyber02/Mobile-Robots-2026-1/install/simple_move:/home/catcyber02/Mobile-Robots-2026-1/install/path_planner:/home/catcyber02/Mobile-Robots-2026-1/install/map_augmenter:/home/catcyber02/Mobile-Robots-2026-1/ros2_ws/install/uf_ros_lib:/home/catcyber02/Mobile-Robots-2026-1/ros2_ws/install/simple_move:/home/catcyber02/Mobile-Robots-2026-1/ros2_ws/install/path_planner:/home/catcyber02/Mobile-Robots-2026-1/ros2_ws/install/map_augmenter:/opt/ros/jazzy DEBUGINFOD_URLS=https://debuginfod.ubuntu.com /usr/bin/cmake --build /home/catcyber02/Mobile-Robots-2026-1/build/gazebo_envs -- -j8 -l8
[1.043s] Invoked command in '/home/catcyber02/Mobile-Robots-2026-1/build/gazebo_envs' returned '0': CMAKE_PREFIX_PATH=${CMAKE_PREFIX_PATH}:/home/catcyber02/Mobile-Robots-2026-1/install/uf_ros_lib:/home/catcyber02/Mobile-Robots-2026-1/install/simple_move:/home/catcyber02/Mobile-Robots-2026-1/install/path_planner:/home/catcyber02/Mobile-Robots-2026-1/install/map_augmenter:/home/catcyber02/Mobile-Robots-2026-1/ros2_ws/install/uf_ros_lib:/home/catcyber02/Mobile-Robots-2026-1/ros2_ws/install/simple_move:/home/catcyber02/Mobile-Robots-2026-1/ros2_ws/install/path_planner:/home/catcyber02/Mobile-Robots-2026-1/ros2_ws/install/map_augmenter:/opt/ros/jazzy DEBUGINFOD_URLS=https://debuginfod.ubuntu.com /usr/bin/cmake --build /home/catcyber02/Mobile-Robots-2026-1/build/gazebo_envs -- -j8 -l8
[1.048s] Invoking command in '/home/catcyber02/Mobile-Robots-2026-1/build/gazebo_envs': CMAKE_PREFIX_PATH=${CMAKE_PREFIX_PATH}:/home/catcyber02/Mobile-Robots-2026-1/install/uf_ros_lib:/home/catcyber02/Mobile-Robots-2026-1/install/simple_move:/home/catcyber02/Mobile-Robots-2026-1/install/path_planner:/home/catcyber02/Mobile-Robots-2026-1/install/map_augmenter:/home/catcyber02/Mobile-Robots-2026-1/ros2_ws/install/uf_ros_lib:/home/catcyber02/Mobile-Robots-2026-1/ros2_ws/install/simple_move:/home/catcyber02/Mobile-Robots-2026-1/ros2_ws/install/path_planner:/home/catcyber02/Mobile-Robots-2026-1/ros2_ws/install/map_augmenter:/opt/ros/jazzy DEBUGINFOD_URLS=https://debuginfod.ubuntu.com /usr/bin/cmake --install /home/catcyber02/Mobile-Robots-2026-1/build/gazebo_envs
[1.277s] -- Install configuration: ""
[1.277s] -- Execute custom install script
[1.277s] -- Up-to-date symlink: /home/catcyber02/Mobile-Robots-2026-1/install/gazebo_envs/share/gazebo_envs/launch/house_simul.launch.py
[1.278s] -- Up-to-date symlink: /home/catcyber02/Mobile-Robots-2026-1/install/gazebo_envs/share/gazebo_envs/models/Apriltag36_11_00000/materials/textures/tag36_11_00000.png
[1.278s] -- Up-to-date symlink: /home/catcyber02/Mobile-Robots-2026-1/install/gazebo_envs/share/gazebo_envs/models/Apriltag36_11_00000/meshes/tag36_11_00000.dae
[1.278s] -- Up-to-date symlink: /home/catcyber02/Mobile-Robots-2026-1/install/gazebo_envs/share/gazebo_envs/models/Apriltag36_11_00000/model.config
[1.279s] -- Up-to-date symlink: /home/catcyber02/Mobile-Robots-2026-1/install/gazebo_envs/share/gazebo_envs/models/Apriltag36_11_00000/model.sdf
[1.279s] -- Up-to-date symlink: /home/catcyber02/Mobile-Robots-2026-1/install/gazebo_envs/share/gazebo_envs/models/aws_robomaker_residential_AirconditionerA_01/materials/textures/aws_AirconditionerA_01.png
[1.279s] -- Up-to-date symlink: /home/catcyber02/Mobile-Robots-2026-1/install/gazebo_envs/share/gazebo_envs/models/aws_robomaker_residential_AirconditionerA_01/meshes/aws_AirconditionerA_01_collision.DAE
[1.280s] -- Up-to-date symlink: /home/catcyber02/Mobile-Robots-2026-1/install/gazebo_envs/share/gazebo_envs/models/aws_robomaker_residential_AirconditionerA_01/meshes/aws_AirconditionerA_01_visual.DAE
[1.280s] -- Up-to-date symlink: /home/catcyber02/Mobile-Robots-2026-1/install/gazebo_envs/share/gazebo_envs/models/aws_robomaker_residential_AirconditionerA_01/model.config
[1.280s] -- Up-to-date symlink: /home/catcyber02/Mobile-Robots-2026-1/install/gazebo_envs/share/gazebo_envs/models/aws_robomaker_residential_AirconditionerA_01/model.sdf
[1.280s] -- Up-to-date symlink: /home/catcyber02/Mobile-Robots-2026-1/install/gazebo_envs/share/gazebo_envs/models/aws_robomaker_residential_AirconditionerB_01/materials/textures/aws_AirconditionerB_01.png
[1.281s] -- Up-to-date symlink: /home/catcyber02/Mobile-Robots-2026-1/install/gazebo_envs/share/gazebo_envs/models/aws_robomaker_residential_AirconditionerB_01/meshes/aws_AirconditionerB_01_collision.DAE
[1.281s] -- Up-to-date symlink: /home/catcyber02/Mobile-Robots-2026-1/install/gazebo_envs/share/gazebo_envs/models/aws_robomaker_residential_AirconditionerB_01/meshes/aws_AirconditionerB_01_visual.DAE
[1.281s] -- Up-to-date symlink: /home/catcyber02/Mobile-Robots-2026-1/install/gazebo_envs/share/gazebo_envs/models/aws_robomaker_residential_AirconditionerB_01/model.config
[1.282s] -- Up-to-date symlink: /home/catcyber02/Mobile-Robots-2026-1/install/gazebo_envs/share/gazebo_envs/models/aws_robomaker_residential_AirconditionerB_01/model.sdf
[1.282s] -- Up-to-date symlink: /home/catcyber02/Mobile-Robots-2026-1/install/gazebo_envs/share/gazebo_envs/models/aws_robomaker_residential_BalconyTable_01/materials/textures/aws_BalconyTable_01.png
[1.282s] -- Up-to-date symlink: /home/catcyber02/Mobile-Robots-2026-1/install/gazebo_envs/share/gazebo_envs/models/aws_robomaker_residential_BalconyTable_01/meshes/aws_BalconyTable_01_collision.DAE
[1.282s] -- Up-to-date symlink: /home/catcyber02/Mobile-Robots-2026-1/install/gazebo_envs/share/gazebo_envs/models/aws_robomaker_residential_BalconyTable_01/meshes/aws_BalconyTable_01_visual.DAE
[1.283s] -- Up-to-date symlink: /home/catcyber02/Mobile-Robots-2026-1/install/gazebo_envs/share/gazebo_envs/models/aws_robomaker_residential_BalconyTable_01/model.config
[1.283s] -- Up-to-date symlink: /home/catcyber02/Mobile-Robots-2026-1/install/gazebo_envs/share/gazebo_envs/models/aws_robomaker_residential_BalconyTable_01/model.sdf
[1.283s] -- Up-to-date symlink: /home/catcyber02/Mobile-Robots-2026-1/install/gazebo_envs/share/gazebo_envs/models/aws_robomaker_residential_Ball_01/materials/textures/aws_Ball_01.png
[1.283s] -- Up-to-date symlink: /home/catcyber02/Mobile-Robots-2026-1/install/gazebo_envs/share/gazebo_envs/models/aws_robomaker_residential_Ball_01/meshes/aws_Ball_01_collision.DAE
[1.283s] -- Up-to-date symlink: /home/catcyber02/Mobile-Robots-2026-1/install/gazebo_envs/share/gazebo_envs/models/aws_robomaker_residential_Ball_01/meshes/aws_Ball_01_visual.DAE
[1.284s] -- Up-to-date symlink: /home/catcyber02/Mobile-Robots-2026-1/install/gazebo_envs/share/gazebo_envs/models/aws_robomaker_residential_Ball_01/model.config
[1.284s] -- Up-to-date symlink: /home/catcyber02/Mobile-Robots-2026-1/install/gazebo_envs/share/gazebo_envs/models/aws_robomaker_residential_Ball_01/model.sdf
[1.284s] -- Up-to-date symlink: /home/catcyber02/Mobile-Robots-2026-1/install/gazebo_envs/share/gazebo_envs/models/aws_robomaker_residential_Bed_01/materials/textures/aws_BedA_01.png
[1.284s] -- Up-to-date symlink: /home/catcyber02/Mobile-Robots-2026-1/install/gazebo_envs/share/gazebo_envs/models/aws_robomaker_residential_Bed_01/materials/textures/aws_BedB_01.png
[1.285s] -- Up-to-date symlink: /home/catcyber02/Mobile-Robots-2026-1/install/gazebo_envs/share/gazebo_envs/models/aws_robomaker_residential_Bed_01/materials/textures/aws_BedC_01.png
[1.285s] -- Up-to-date symlink: /home/catcyber02/Mobile-Robots-2026-1/install/gazebo_envs/share/gazebo_envs/models/aws_robomaker_residential_Bed_01/materials/textures/aws_Bed_01.png
[1.285s] -- Up-to-date symlink: /home/catcyber02/Mobile-Robots-2026-1/install/gazebo_envs/share/gazebo_envs/models/aws_robomaker_residential_Bed_01/meshes/aws_Bed_01_collision.DAE
[1.285s] -- Up-to-date symlink: /home/catcyber02/Mobile-Robots-2026-1/install/gazebo_envs/share/gazebo_envs/models/aws_robomaker_residential_Bed_01/meshes/aws_Bed_01_visual.DAE
[1.286s] -- Up-to-date symlink: /home/catcyber02/Mobile-Robots-2026-1/install/gazebo_envs/share/gazebo_envs/models/aws_robomaker_residential_Bed_01/model.config
[1.286s] -- Up-to-date symlink: /home/catcyber02/Mobile-Robots-2026-1/install/gazebo_envs/share/gazebo_envs/models/aws_robomaker_residential_Bed_01/model.sdf
[1.286s] -- Up-to-date symlink: /home/catcyber02/Mobile-Robots-2026-1/install/gazebo_envs/share/gazebo_envs/models/aws_robomaker_residential_Board_01/materials/textures/aws_Board_01.png
[1.286s] -- Up-to-date symlink: /home/catcyber02/Mobile-Robots-2026-1/install/gazebo_envs/share/gazebo_envs/models/aws_robomaker_residential_Board_01/meshes/aws_Board_01_collision.DAE
[1.287s] -- Up-to-date symlink: /home/catcyber02/Mobile-Robots-2026-1/install/gazebo_envs/share/gazebo_envs/models/aws_robomaker_residential_Board_01/meshes/aws_Board_01_visual.DAE
[1.287s] -- Up-to-date symlink: /home/catcyber02/Mobile-Robots-2026-1/install/gazebo_envs/share/gazebo_envs/models/aws_robomaker_residential_Board_01/model.config
[1.287s] -- Up-to-date symlink: /home/catcyber02/Mobile-Robots-2026-1/install/gazebo_envs/share/gazebo_envs/models/aws_robomaker_residential_Board_01/model.sdf
[1.288s] -- Up-to-date symlink: /home/catcyber02/Mobile-Robots-2026-1/install/gazebo_envs/share/gazebo_envs/models/aws_robomaker_residential_Carpet_01/materials/textures/aws_Carpet_01.png
[1.288s] -- Up-to-date symlink: /home/catcyber02/Mobile-Robots-2026-1/install/gazebo_envs/share/gazebo_envs/models/aws_robomaker_residential_Carpet_01/meshes/aws_Carpet_01_collision.DAE
[1.288s] -- Up-to-date symlink: /home/catcyber02/Mobile-Robots-2026-1/install/gazebo_envs/share/gazebo_envs/models/aws_robomaker_residential_Carpet_01/meshes/aws_Carpet_01_visual.DAE
[1.288s] -- Up-to-date symlink: /home/catcyber02/Mobile-Robots-2026-1/install/gazebo_envs/share/gazebo_envs/models/aws_robomaker_residential_Carpet_01/model.config
[1.288s] -- Up-to-date symlink: /home/catcyber02/Mobile-Robots-2026-1/install/gazebo_envs/share/gazebo_envs/models/aws_robomaker_residential_Carpet_01/model.sdf
[1.289s] -- Up-to-date symlink: /home/catcyber02/Mobile-Robots-2026-1/install/gazebo_envs/share/gazebo_envs/models/aws_robomaker_residential_ChairA_01/materials/textures/aws_ChairA_01.png
[1.289s] -- Up-to-date symlink: /home/catcyber02/Mobile-Robots-2026-1/install/gazebo_envs/share/gazebo_envs/models/aws_robomaker_residential_ChairA_01/meshes/aws_ChairA_01_collision.DAE
[1.289s] -- Up-to-date symlink: /home/catcyber02/Mobile-Robots-2026-1/install/gazebo_envs/share/gazebo_envs/models/aws_robomaker_residential_ChairA_01/meshes/aws_ChairA_01_visual.DAE
[1.289s] -- Up-to-date symlink: /home/catcyber02/Mobile-Robots-2026-1/install/gazebo_envs/share/gazebo_envs/models/aws_robomaker_residential_ChairA_01/model.config
[1.289s] -- Up-to-date symlink: /home/catcyber02/Mobile-Robots-2026-1/install/gazebo_envs/share/gazebo_envs/models/aws_robomaker_residential_ChairA_01/model.sdf
[1.290s] -- Up-to-date symlink: /home/catcyber02/Mobile-Robots-2026-1/install/gazebo_envs/share/gazebo_envs/models/aws_robomaker_residential_ChairD_01/materials/textures/aws_ChairD_01.png
[1.290s] -- Up-to-date symlink: /home/catcyber02/Mobile-Robots-2026-1/install/gazebo_envs/share/gazebo_envs/models/aws_robomaker_residential_ChairD_01/meshes/aws_ChairD_01_collision.DAE
[1.290s] -- Up-to-date symlink: /home/catcyber02/Mobile-Robots-2026-1/install/gazebo_envs/share/gazebo_envs/models/aws_robomaker_residential_ChairD_01/meshes/aws_ChairD_01_visual.DAE
[1.290s] -- Up-to-date symlink: /home/catcyber02/Mobile-Robots-2026-1/install/gazebo_envs/share/gazebo_envs/models/aws_robomaker_residential_ChairD_01/model.config
[1.291s] -- Up-to-date symlink: /home/catcyber02/Mobile-Robots-2026-1/install/gazebo_envs/share/gazebo_envs/models/aws_robomaker_residential_ChairD_01/model.sdf
[1.291s] -- Up-to-date symlink: /home/catcyber02/Mobile-Robots-2026-1/install/gazebo_envs/share/gazebo_envs/models/aws_robomaker_residential_Chandelier_01/materials/textures/aws_Chandelier_01.png
[1.291s] -- Up-to-date symlink: /home/catcyber02/Mobile-Robots-2026-1/install/gazebo_envs/share/gazebo_envs/models/aws_robomaker_residential_Chandelier_01/meshes/aws_Chandelier_01.DAE
[1.291s] -- Up-to-date symlink: /home/catcyber02/Mobile-Robots-2026-1/install/gazebo_envs/share/gazebo_envs/models/aws_robomaker_residential_Chandelier_01/meshes/aws_Chandelier_01_collision.DAE
[1.292s] -- Up-to-date symlink: /home/catcyber02/Mobile-Robots-2026-1/install/gazebo_envs/share/gazebo_envs/models/aws_robomaker_residential_Chandelier_01/meshes/aws_Chandelier_01_visual.DAE
[1.292s] -- Up-to-date symlink: /home/catcyber02/Mobile-Robots-2026-1/install/gazebo_envs/share/gazebo_envs/models/aws_robomaker_residential_Chandelier_01/model.config
[1.292s] -- Up-to-date symlink: /home/catcyber02/Mobile-Robots-2026-1/install/gazebo_envs/share/gazebo_envs/models/aws_robomaker_residential_Chandelier_01/model.sdf
[1.293s] -- Up-to-date symlink: /home/catcyber02/Mobile-Robots-2026-1/install/gazebo_envs/share/gazebo_envs/models/aws_robomaker_residential_CoffeeTable_01/materials/textures/aws_CoffeeTable_01.png
[1.293s] -- Up-to-date symlink: /home/catcyber02/Mobile-Robots-2026-1/install/gazebo_envs/share/gazebo_envs/models/aws_robomaker_residential_CoffeeTable_01/meshes/aws_CoffeeTable_01_collision.DAE
[1.293s] -- Up-to-date symlink: /home/catcyber02/Mobile-Robots-2026-1/install/gazebo_envs/share/gazebo_envs/models/aws_robomaker_residential_CoffeeTable_01/meshes/aws_CoffeeTable_01_visual.DAE
[1.294s] -- Up-to-date symlink: /home/catcyber02/Mobile-Robots-2026-1/install/gazebo_envs/share/gazebo_envs/models/aws_robomaker_residential_CoffeeTable_01/model.config
[1.294s] -- Up-to-date symlink: /home/catcyber02/Mobile-Robots-2026-1/install/gazebo_envs/share/gazebo_envs/models/aws_robomaker_residential_CoffeeTable_01/model.sdf
[1.294s] -- Up-to-date symlink: /home/catcyber02/Mobile-Robots-2026-1/install/gazebo_envs/share/gazebo_envs/models/aws_robomaker_residential_CookingBench_01/materials/textures/aws_CookingBench_01.png
[1.295s] -- Up-to-date symlink: /home/catcyber02/Mobile-Robots-2026-1/install/gazebo_envs/share/gazebo_envs/models/aws_robomaker_residential_CookingBench_01/meshes/aws_CookingBench_01.DAE
[1.295s] -- Up-to-date symlink: /home/catcyber02/Mobile-Robots-2026-1/install/gazebo_envs/share/gazebo_envs/models/aws_robomaker_residential_CookingBench_01/meshes/aws_CookingBench_01_collision.DAE
[1.295s] -- Up-to-date symlink: /home/catcyber02/Mobile-Robots-2026-1/install/gazebo_envs/share/gazebo_envs/models/aws_robomaker_residential_CookingBench_01/meshes/aws_CookingBench_01_visual.DAE
[1.296s] -- Up-to-date symlink: /home/catcyber02/Mobile-Robots-2026-1/install/gazebo_envs/share/gazebo_envs/models/aws_robomaker_residential_CookingBench_01/model.config
[1.296s] -- Up-to-date symlink: /home/catcyber02/Mobile-Robots-2026-1/install/gazebo_envs/share/gazebo_envs/models/aws_robomaker_residential_CookingBench_01/model.sdf
[1.296s] -- Up-to-date symlink: /home/catcyber02/Mobile-Robots-2026-1/install/gazebo_envs/share/gazebo_envs/models/aws_robomaker_residential_Curtain_01/materials/textures/aws_Curtain_01.png
[1.297s] -- Up-to-date symlink: /home/catcyber02/Mobile-Robots-2026-1/install/gazebo_envs/share/gazebo_envs/models/aws_robomaker_residential_Curtain_01/meshes/aws_Curtain_01_collision.DAE
[1.297s] -- Up-to-date symlink: /home/catcyber02/Mobile-Robots-2026-1/install/gazebo_envs/share/gazebo_envs/models/aws_robomaker_residential_Curtain_01/meshes/aws_Curtain_01_visual.DAE
[1.297s] -- Up-to-date symlink: /home/catcyber02/Mobile-Robots-2026-1/install/gazebo_envs/share/gazebo_envs/models/aws_robomaker_residential_Curtain_01/model.config
[1.297s] -- Up-to-date symlink: /home/catcyber02/Mobile-Robots-2026-1/install/gazebo_envs/share/gazebo_envs/models/aws_robomaker_residential_Curtain_01/model.sdf
[1.298s] -- Up-to-date symlink: /home/catcyber02/Mobile-Robots-2026-1/install/gazebo_envs/share/gazebo_envs/models/aws_robomaker_residential_DeskPortraitA_01/materials/textures/DeskPortraitA_01.jpg
[1.298s] -- Up-to-date symlink: /home/catcyber02/Mobile-Robots-2026-1/install/gazebo_envs/share/gazebo_envs/models/aws_robomaker_residential_DeskPortraitA_01/materials/textures/aws_DeskPortraitA_01.png
[1.299s] -- Up-to-date symlink: /home/catcyber02/Mobile-Robots-2026-1/install/gazebo_envs/share/gazebo_envs/models/aws_robomaker_residential_DeskPortraitA_01/materials/textures/aws_DeskPortraitA_02.png
[1.299s] -- Up-to-date symlink: /home/catcyber02/Mobile-Robots-2026-1/install/gazebo_envs/share/gazebo_envs/models/aws_robomaker_residential_DeskPortraitA_01/meshes/aws_DeskPortraitA_01_collision.DAE
[1.299s] -- Up-to-date symlink: /home/catcyber02/Mobile-Robots-2026-1/install/gazebo_envs/share/gazebo_envs/models/aws_robomaker_residential_DeskPortraitA_01/meshes/aws_DeskPortraitA_01_visual.DAE
[1.300s] -- Up-to-date symlink: /home/catcyber02/Mobile-Robots-2026-1/install/gazebo_envs/share/gazebo_envs/models/aws_robomaker_residential_DeskPortraitA_01/model.config
[1.300s] -- Up-to-date symlink: /home/catcyber02/Mobile-Robots-2026-1/install/gazebo_envs/share/gazebo_envs/models/aws_robomaker_residential_DeskPortraitA_01/model.sdf
[1.301s] -- Up-to-date symlink: /home/catcyber02/Mobile-Robots-2026-1/install/gazebo_envs/share/gazebo_envs/models/aws_robomaker_residential_DeskPortraitA_02/materials/textures/DeskPortraitA_02.jpg
[1.301s] -- Up-to-date symlink: /home/catcyber02/Mobile-Robots-2026-1/install/gazebo_envs/share/gazebo_envs/models/aws_robomaker_residential_DeskPortraitA_02/materials/textures/aws_DeskPortraitA_01.png
[1.301s] -- Up-to-date symlink: /home/catcyber02/Mobile-Robots-2026-1/install/gazebo_envs/share/gazebo_envs/models/aws_robomaker_residential_DeskPortraitA_02/materials/textures/aws_DeskPortraitA_02.png
[1.302s] -- Up-to-date symlink: /home/catcyber02/Mobile-Robots-2026-1/install/gazebo_envs/share/gazebo_envs/models/aws_robomaker_residential_DeskPortraitA_02/meshes/aws_DeskPortraitA_01_collision.DAE
[1.302s] -- Up-to-date symlink: /home/catcyber02/Mobile-Robots-2026-1/install/gazebo_envs/share/gazebo_envs/models/aws_robomaker_residential_DeskPortraitA_02/meshes/aws_DeskPortraitA_01_visual.DAE
[1.302s] -- Up-to-date symlink: /home/catcyber02/Mobile-Robots-2026-1/install/gazebo_envs/share/gazebo_envs/models/aws_robomaker_residential_DeskPortraitA_02/model.config
[1.303s] -- Up-to-date symlink: /home/catcyber02/Mobile-Robots-2026-1/install/gazebo_envs/share/gazebo_envs/models/aws_robomaker_residential_DeskPortraitA_02/model.sdf
[1.303s] -- Up-to-date symlink: /home/catcyber02/Mobile-Robots-2026-1/install/gazebo_envs/share/gazebo_envs/models/aws_robomaker_residential_DeskPortraitB_01/materials/textures/DeskPortraitB_01.jpg
[1.304s] -- Up-to-date symlink: /home/catcyber02/Mobile-Robots-2026-1/install/gazebo_envs/share/gazebo_envs/models/aws_robomaker_residential_DeskPortraitB_01/materials/textures/aws_DeskPortraitB_01.png
[1.304s] -- Up-to-date symlink: /home/catcyber02/Mobile-Robots-2026-1/install/gazebo_envs/share/gazebo_envs/models/aws_robomaker_residential_DeskPortraitB_01/materials/textures/aws_DeskPortraitB_02.png
[1.304s] -- Up-to-date symlink: /home/catcyber02/Mobile-Robots-2026-1/install/gazebo_envs/share/gazebo_envs/models/aws_robomaker_residential_DeskPortraitB_01/meshes/aws_DeskPortraitB_01_collision.DAE
[1.309s] -- Up-to-date symlink: /home/catcyber02/Mobile-Robots-2026-1/install/gazebo_envs/share/gazebo_envs/models/aws_robomaker_residential_DeskPortraitB_01/meshes/aws_DeskPortraitB_01_visual.DAE
[1.309s] -- Up-to-date symlink: /home/catcyber02/Mobile-Robots-2026-1/install/gazebo_envs/share/gazebo_envs/models/aws_robomaker_residential_DeskPortraitB_01/model.config
[1.309s] -- Up-to-date symlink: /home/catcyber02/Mobile-Robots-2026-1/install/gazebo_envs/share/gazebo_envs/models/aws_robomaker_residential_DeskPortraitB_01/model.sdf
[1.310s] -- Up-to-date symlink: /home/catcyber02/Mobile-Robots-2026-1/install/gazebo_envs/share/gazebo_envs/models/aws_robomaker_residential_DeskPortraitB_02/materials/textures/DeskPortraitB_02.jpg
[1.310s] -- Up-to-date symlink: /home/catcyber02/Mobile-Robots-2026-1/install/gazebo_envs/share/gazebo_envs/models/aws_robomaker_residential_DeskPortraitB_02/materials/textures/aws_DeskPortraitB_01.png
[1.310s] -- Up-to-date symlink: /home/catcyber02/Mobile-Robots-2026-1/install/gazebo_envs/share/gazebo_envs/models/aws_robomaker_residential_DeskPortraitB_02/materials/textures/aws_DeskPortraitB_02.png
[1.310s] -- Up-to-date symlink: /home/catcyber02/Mobile-Robots-2026-1/install/gazebo_envs/share/gazebo_envs/models/aws_robomaker_residential_DeskPortraitB_02/meshes/aws_DeskPortraitB_01_collision.DAE
[1.311s] -- Up-to-date symlink: /home/catcyber02/Mobile-Robots-2026-1/install/gazebo_envs/share/gazebo_envs/models/aws_robomaker_residential_DeskPortraitB_02/meshes/aws_DeskPortraitB_01_visual.DAE
[1.311s] -- Up-to-date symlink: /home/catcyber02/Mobile-Robots-2026-1/install/gazebo_envs/share/gazebo_envs/models/aws_robomaker_residential_DeskPortraitB_02/model.config
[1.311s] -- Up-to-date symlink: /home/catcyber02/Mobile-Robots-2026-1/install/gazebo_envs/share/gazebo_envs/models/aws_robomaker_residential_DeskPortraitB_02/model.sdf
[1.311s] -- Up-to-date symlink: /home/catcyber02/Mobile-Robots-2026-1/install/gazebo_envs/share/gazebo_envs/models/aws_robomaker_residential_DeskPortraitC_01/materials/textures/DeskPortraitC_01.jpg
[1.311s] -- Up-to-date symlink: /home/catcyber02/Mobile-Robots-2026-1/install/gazebo_envs/share/gazebo_envs/models/aws_robomaker_residential_DeskPortraitC_01/materials/textures/aws_DeskPortraitC_01.png
[1.311s] -- Up-to-date symlink: /home/catcyber02/Mobile-Robots-2026-1/install/gazebo_envs/share/gazebo_envs/models/aws_robomaker_residential_DeskPortraitC_01/materials/textures/aws_DeskPortraitC_02.png
[1.312s] -- Up-to-date symlink: /home/catcyber02/Mobile-Robots-2026-1/install/gazebo_envs/share/gazebo_envs/models/aws_robomaker_residential_DeskPortraitC_01/meshes/aws_DeskPortraitC_01_collision.DAE
[1.315s] -- Up-to-date symlink: /home/catcyber02/Mobile-Robots-2026-1/install/gazebo_envs/share/gazebo_envs/models/aws_robomaker_residential_DeskPortraitC_01/meshes/aws_DeskPortraitC_01_visual.DAE
[1.315s] -- Up-to-date symlink: /home/catcyber02/Mobile-Robots-2026-1/install/gazebo_envs/share/gazebo_envs/models/aws_robomaker_residential_DeskPortraitC_01/model.config
[1.315s] -- Up-to-date symlink: /home/catcyber02/Mobile-Robots-2026-1/install/gazebo_envs/share/gazebo_envs/models/aws_robomaker_residential_DeskPortraitC_01/model.sdf
[1.316s] -- Up-to-date symlink: /home/catcyber02/Mobile-Robots-2026-1/install/gazebo_envs/share/gazebo_envs/models/aws_robomaker_residential_DeskPortraitC_02/materials/textures/DeskPortraitC_02.jpg
[1.316s] -- Up-to-date symlink: /home/catcyber02/Mobile-Robots-2026-1/install/gazebo_envs/share/gazebo_envs/models/aws_robomaker_residential_DeskPortraitC_02/materials/textures/aws_DeskPortraitC_01.png
[1.316s] -- Up-to-date symlink: /home/catcyber02/Mobile-Robots-2026-1/install/gazebo_envs/share/gazebo_envs/models/aws_robomaker_residential_DeskPortraitC_02/materials/textures/aws_DeskPortraitC_02.png
[1.316s] -- Up-to-date symlink: /home/catcyber02/Mobile-Robots-2026-1/install/gazebo_envs/share/gazebo_envs/models/aws_robomaker_residential_DeskPortraitC_02/meshes/aws_DeskPortraitC_01_collision.DAE
[1.317s] -- Up-to-date symlink: /home/catcyber02/Mobile-Robots-2026-1/install/gazebo_envs/share/gazebo_envs/models/aws_robomaker_residential_DeskPortraitC_02/meshes/aws_DeskPortraitC_01_visual.DAE
[1.317s] -- Up-to-date symlink: /home/catcyber02/Mobile-Robots-2026-1/install/gazebo_envs/share/gazebo_envs/models/aws_robomaker_residential_DeskPortraitC_02/model.config
[1.318s] -- Up-to-date symlink: /home/catcyber02/Mobile-Robots-2026-1/install/gazebo_envs/share/gazebo_envs/models/aws_robomaker_residential_DeskPortraitC_02/model.sdf
[1.318s] -- Up-to-date symlink: /home/catcyber02/Mobile-Robots-2026-1/install/gazebo_envs/share/gazebo_envs/models/aws_robomaker_residential_DeskPortraitD_01/materials/textures/DeskPortraitD_01.jpg
[1.318s] -- Up-to-date symlink: /home/catcyber02/Mobile-Robots-2026-1/install/gazebo_envs/share/gazebo_envs/models/aws_robomaker_residential_DeskPortraitD_01/materials/textures/aws_DeskPortraitD_01.png
[1.319s] -- Up-to-date symlink: /home/catcyber02/Mobile-Robots-2026-1/install/gazebo_envs/share/gazebo_envs/models/aws_robomaker_residential_DeskPortraitD_01/materials/textures/aws_DeskPortraitD_02.png
[1.319s] -- Up-to-date symlink: /home/catcyber02/Mobile-Robots-2026-1/install/gazebo_envs/share/gazebo_envs/models/aws_robomaker_residential_DeskPortraitD_01/meshes/aws_DeskPortraitD_01_collision.DAE
[1.319s] -- Up-to-date symlink: /home/catcyber02/Mobile-Robots-2026-1/install/gazebo_envs/share/gazebo_envs/models/aws_robomaker_residential_DeskPortraitD_01/meshes/aws_DeskPortraitD_01_visual.DAE
[1.320s] -- Up-to-date symlink: /home/catcyber02/Mobile-Robots-2026-1/install/gazebo_envs/share/gazebo_envs/models/aws_robomaker_residential_DeskPortraitD_01/model.config
[1.359s] -- Up-to-date symlink: /home/catcyber02/Mobile-Robots-2026-1/install/gazebo_envs/share/gazebo_envs/models/aws_robomaker_residential_DeskPortraitD_01/model.sdf
[1.363s] -- Up-to-date symlink: /home/catcyber02/Mobile-Robots-2026-1/install/gazebo_envs/share/gazebo_envs/models/aws_robomaker_residential_DeskPortraitD_02/materials/textures/DeskPortraitD_02.jpg
[1.364s] -- Up-to-date symlink: /home/catcyber02/Mobile-Robots-2026-1/install/gazebo_envs/share/gazebo_envs/models/aws_robomaker_residential_DeskPortraitD_02/materials/textures/aws_DeskPortraitD_01.png
[1.364s] -- Up-to-date symlink: /home/catcyber02/Mobile-Robots-2026-1/install/gazebo_envs/share/gazebo_envs/models/aws_robomaker_residential_DeskPortraitD_02/materials/textures/aws_DeskPortraitD_02.png
[1.365s] -- Up-to-date symlink: /home/catcyber02/Mobile-Robots-2026-1/install/gazebo_envs/share/gazebo_envs/models/aws_robomaker_residential_DeskPortraitD_02/meshes/aws_DeskPortraitD_01_collision.DAE
[1.365s] -- Up-to-date symlink: /home/catcyber02/Mobile-Robots-2026-1/install/gazebo_envs/share/gazebo_envs/models/aws_robomaker_residential_DeskPortraitD_02/meshes/aws_DeskPortraitD_01_visual.DAE
[1.365s] -- Up-to-date symlink: /home/catcyber02/Mobile-Robots-2026-1/install/gazebo_envs/share/gazebo_envs/models/aws_robomaker_residential_DeskPortraitD_02/model.config
[1.365s] -- Up-to-date symlink: /home/catcyber02/Mobile-Robots-2026-1/install/gazebo_envs/share/gazebo_envs/models/aws_robomaker_residential_DeskPortraitD_02/model.sdf
[1.366s] -- Up-to-date symlink: /home/catcyber02/Mobile-Robots-2026-1/install/gazebo_envs/share/gazebo_envs/models/aws_robomaker_residential_DeskPortraitD_03/materials/textures/DeskPortraitD_03.jpg
[1.366s] -- Up-to-date symlink: /home/catcyber02/Mobile-Robots-2026-1/install/gazebo_envs/share/gazebo_envs/models/aws_robomaker_residential_DeskPortraitD_03/materials/textures/aws_DeskPortraitD_01.png
[1.366s] -- Up-to-date symlink: /home/catcyber02/Mobile-Robots-2026-1/install/gazebo_envs/share/gazebo_envs/models/aws_robomaker_residential_DeskPortraitD_03/materials/textures/aws_DeskPortraitD_02.png
[1.366s] -- Up-to-date symlink: /home/catcyber02/Mobile-Robots-2026-1/install/gazebo_envs/share/gazebo_envs/models/aws_robomaker_residential_DeskPortraitD_03/meshes/aws_DeskPortraitD_01_collision.DAE
[1.366s] -- Up-to-date symlink: /home/catcyber02/Mobile-Robots-2026-1/install/gazebo_envs/share/gazebo_envs/models/aws_robomaker_residential_DeskPortraitD_03/meshes/aws_DeskPortraitD_01_visual.DAE
[1.367s] -- Up-to-date symlink: /home/catcyber02/Mobile-Robots-2026-1/install/gazebo_envs/share/gazebo_envs/models/aws_robomaker_residential_DeskPortraitD_03/model.config
[1.367s] -- Up-to-date symlink: /home/catcyber02/Mobile-Robots-2026-1/install/gazebo_envs/share/gazebo_envs/models/aws_robomaker_residential_DeskPortraitD_03/model.sdf
[1.367s] -- Up-to-date symlink: /home/catcyber02/Mobile-Robots-2026-1/install/gazebo_envs/share/gazebo_envs/models/aws_robomaker_residential_DeskPortraitD_04/materials/textures/DeskPortraitD_04.jpg
[1.368s] -- Up-to-date symlink: /home/catcyber02/Mobile-Robots-2026-1/install/gazebo_envs/share/gazebo_envs/models/aws_robomaker_residential_DeskPortraitD_04/materials/textures/aws_DeskPortraitD_01.png
[1.368s] -- Up-to-date symlink: /home/catcyber02/Mobile-Robots-2026-1/install/gazebo_envs/share/gazebo_envs/models/aws_robomaker_residential_DeskPortraitD_04/materials/textures/aws_DeskPortraitD_02.png
[1.368s] -- Up-to-date symlink: /home/catcyber02/Mobile-Robots-2026-1/install/gazebo_envs/share/gazebo_envs/models/aws_robomaker_residential_DeskPortraitD_04/meshes/aws_DeskPortraitD_01_collision.DAE
[1.368s] -- Up-to-date symlink: /home/catcyber02/Mobile-Robots-2026-1/install/gazebo_envs/share/gazebo_envs/models/aws_robomaker_residential_DeskPortraitD_04/meshes/aws_DeskPortraitD_01_visual.DAE
[1.369s] -- Up-to-date symlink: /home/catcyber02/Mobile-Robots-2026-1/install/gazebo_envs/share/gazebo_envs/models/aws_robomaker_residential_DeskPortraitD_04/model.config
[1.369s] -- Up-to-date symlink: /home/catcyber02/Mobile-Robots-2026-1/install/gazebo_envs/share/gazebo_envs/models/aws_robomaker_residential_DeskPortraitD_04/model.sdf
[1.369s] -- Up-to-date symlink: /home/catcyber02/Mobile-Robots-2026-1/install/gazebo_envs/share/gazebo_envs/models/aws_robomaker_residential_Door_01/materials/textures/aws_Door_01.png
[1.369s] -- Up-to-date symlink: /home/catcyber02/Mobile-Robots-2026-1/install/gazebo_envs/share/gazebo_envs/models/aws_robomaker_residential_Door_01/meshes/aws_Door_01_collision.DAE
[1.370s] -- Up-to-date symlink: /home/catcyber02/Mobile-Robots-2026-1/install/gazebo_envs/share/gazebo_envs/models/aws_robomaker_residential_Door_01/meshes/aws_Door_01_visual.DAE
[1.370s] -- Up-to-date symlink: /home/catcyber02/Mobile-Robots-2026-1/install/gazebo_envs/share/gazebo_envs/models/aws_robomaker_residential_Door_01/model.config
[1.370s] -- Up-to-date symlink: /home/catcyber02/Mobile-Robots-2026-1/install/gazebo_envs/share/gazebo_envs/models/aws_robomaker_residential_Door_01/model.sdf
[1.371s] -- Up-to-date symlink: /home/catcyber02/Mobile-Robots-2026-1/install/gazebo_envs/share/gazebo_envs/models/aws_robomaker_residential_Dumbbell_01/materials/textures/aws_Dumbbell_01.png
[1.371s] -- Up-to-date symlink: /home/catcyber02/Mobile-Robots-2026-1/install/gazebo_envs/share/gazebo_envs/models/aws_robomaker_residential_Dumbbell_01/meshes/aws_Dumbbell_01_collision.DAE
[1.372s] -- Up-to-date symlink: /home/catcyber02/Mobile-Robots-2026-1/install/gazebo_envs/share/gazebo_envs/models/aws_robomaker_residential_Dumbbell_01/meshes/aws_Dumbbell_01_visual.DAE
[1.372s] -- Up-to-date symlink: /home/catcyber02/Mobile-Robots-2026-1/install/gazebo_envs/share/gazebo_envs/models/aws_robomaker_residential_Dumbbell_01/model.config
[1.372s] -- Up-to-date symlink: /home/catcyber02/Mobile-Robots-2026-1/install/gazebo_envs/share/gazebo_envs/models/aws_robomaker_residential_Dumbbell_01/model.sdf
[1.374s] -- Up-to-date symlink: /home/catcyber02/Mobile-Robots-2026-1/install/gazebo_envs/share/gazebo_envs/models/aws_robomaker_residential_FitnessEquipment_01/materials/textures/aws_FitnessEquipment_01.png
[1.374s] -- Up-to-date symlink: /home/catcyber02/Mobile-Robots-2026-1/install/gazebo_envs/share/gazebo_envs/models/aws_robomaker_residential_FitnessEquipment_01/meshes/aws_FitnessEquipment_01_collision.DAE
[1.379s] -- Up-to-date symlink: /home/catcyber02/Mobile-Robots-2026-1/install/gazebo_envs/share/gazebo_envs/models/aws_robomaker_residential_FitnessEquipment_01/meshes/aws_FitnessEquipment_01_visual.DAE
[1.380s] -- Up-to-date symlink: /home/catcyber02/Mobile-Robots-2026-1/install/gazebo_envs/share/gazebo_envs/models/aws_robomaker_residential_FitnessEquipment_01/model.config
[1.380s] -- Up-to-date symlink: /home/catcyber02/Mobile-Robots-2026-1/install/gazebo_envs/share/gazebo_envs/models/aws_robomaker_residential_FitnessEquipment_01/model.sdf
[1.381s] -- Up-to-date symlink: /home/catcyber02/Mobile-Robots-2026-1/install/gazebo_envs/share/gazebo_envs/models/aws_robomaker_residential_FloorB_01/materials/textures/aws_FloorB_01.png
[1.381s] -- Up-to-date symlink: /home/catcyber02/Mobile-Robots-2026-1/install/gazebo_envs/share/gazebo_envs/models/aws_robomaker_residential_FloorB_01/meshes/aws_FloorB_01_collision.DAE
[1.383s] -- Up-to-date symlink: /home/catcyber02/Mobile-Robots-2026-1/install/gazebo_envs/share/gazebo_envs/models/aws_robomaker_residential_FloorB_01/meshes/aws_FloorB_01_visual.DAE
[1.384s] -- Up-to-date symlink: /home/catcyber02/Mobile-Robots-2026-1/install/gazebo_envs/share/gazebo_envs/models/aws_robomaker_residential_FloorB_01/model.config
[1.384s] -- Up-to-date symlink: /home/catcyber02/Mobile-Robots-2026-1/install/gazebo_envs/share/gazebo_envs/models/aws_robomaker_residential_FloorB_01/model.sdf
[1.385s] -- Up-to-date symlink: /home/catcyber02/Mobile-Robots-2026-1/install/gazebo_envs/share/gazebo_envs/models/aws_robomaker_residential_FoldingDoor_01/materials/textures/aws_FoldingDoor_01.png
[1.386s] -- Up-to-date symlink: /home/catcyber02/Mobile-Robots-2026-1/install/gazebo_envs/share/gazebo_envs/models/aws_robomaker_residential_FoldingDoor_01/meshes/aws_FoldingDoor_01_collision.DAE
[1.387s] -- Up-to-date symlink: /home/catcyber02/Mobile-Robots-2026-1/install/gazebo_envs/share/gazebo_envs/models/aws_robomaker_residential_FoldingDoor_01/meshes/aws_FoldingDoor_01_visual.DAE
[1.387s] -- Up-to-date symlink: /home/catcyber02/Mobile-Robots-2026-1/install/gazebo_envs/share/gazebo_envs/models/aws_robomaker_residential_FoldingDoor_01/model.config
[1.388s] -- Up-to-date symlink: /home/catcyber02/Mobile-Robots-2026-1/install/gazebo_envs/share/gazebo_envs/models/aws_robomaker_residential_FoldingDoor_01/model.sdf
[1.388s] -- Up-to-date symlink: /home/catcyber02/Mobile-Robots-2026-1/install/gazebo_envs/share/gazebo_envs/models/aws_robomaker_residential_FoldingDoor_02/materials/textures/aws_FoldingDoor_02.png
[1.390s] -- Up-to-date symlink: /home/catcyber02/Mobile-Robots-2026-1/install/gazebo_envs/share/gazebo_envs/models/aws_robomaker_residential_FoldingDoor_02/meshes/aws_FoldingDoor_02_collision.DAE
[1.390s] -- Up-to-date symlink: /home/catcyber02/Mobile-Robots-2026-1/install/gazebo_envs/share/gazebo_envs/models/aws_robomaker_residential_FoldingDoor_02/meshes/aws_FoldingDoor_02_visual.DAE
[1.393s] -- Up-to-date symlink: /home/catcyber02/Mobile-Robots-2026-1/install/gazebo_envs/share/gazebo_envs/models/aws_robomaker_residential_FoldingDoor_02/model.config
[1.393s] -- Up-to-date symlink: /home/catcyber02/Mobile-Robots-2026-1/install/gazebo_envs/share/gazebo_envs/models/aws_robomaker_residential_FoldingDoor_02/model.sdf
[1.394s] -- Up-to-date symlink: /home/catcyber02/Mobile-Robots-2026-1/install/gazebo_envs/share/gazebo_envs/models/aws_robomaker_residential_Handle_01/materials/textures/aws_Handle_01.png
[1.394s] -- Up-to-date symlink: /home/catcyber02/Mobile-Robots-2026-1/install/gazebo_envs/share/gazebo_envs/models/aws_robomaker_residential_Handle_01/meshes/aws_Handle_01_collision.DAE
[1.394s] -- Up-to-date symlink: /home/catcyber02/Mobile-Robots-2026-1/install/gazebo_envs/share/gazebo_envs/models/aws_robomaker_residential_Handle_01/meshes/aws_Handle_01_visual.DAE
[1.395s] -- Up-to-date symlink: /home/catcyber02/Mobile-Robots-2026-1/install/gazebo_envs/share/gazebo_envs/models/aws_robomaker_residential_Handle_01/model.config
[1.395s] -- Up-to-date symlink: /home/catcyber02/Mobile-Robots-2026-1/install/gazebo_envs/share/gazebo_envs/models/aws_robomaker_residential_Handle_01/model.sdf
[1.395s] -- Up-to-date symlink: /home/catcyber02/Mobile-Robots-2026-1/install/gazebo_envs/share/gazebo_envs/models/aws_robomaker_residential_HouseWallB_01/materials/textures/aws_HouseWallB_01.png
[1.396s] -- Up-to-date symlink: /home/catcyber02/Mobile-Robots-2026-1/install/gazebo_envs/share/gazebo_envs/models/aws_robomaker_residential_HouseWallB_01/meshes/aws_HouseWallB_01_collision.DAE
[1.396s] -- Up-to-date symlink: /home/catcyber02/Mobile-Robots-2026-1/install/gazebo_envs/share/gazebo_envs/models/aws_robomaker_residential_HouseWallB_01/meshes/aws_HouseWallB_01_visual.DAE
[1.396s] -- Up-to-date symlink: /home/catcyber02/Mobile-Robots-2026-1/install/gazebo_envs/share/gazebo_envs/models/aws_robomaker_residential_HouseWallB_01/model.config
[1.396s] -- Up-to-date symlink: /home/catcyber02/Mobile-Robots-2026-1/install/gazebo_envs/share/gazebo_envs/models/aws_robomaker_residential_HouseWallB_01/model.sdf
[1.397s] -- Up-to-date symlink: /home/catcyber02/Mobile-Robots-2026-1/install/gazebo_envs/share/gazebo_envs/models/aws_robomaker_residential_KitchenCabinet_01/materials/textures/aws_KitchenCabinet_01.png
[1.397s] -- Up-to-date symlink: /home/catcyber02/Mobile-Robots-2026-1/install/gazebo_envs/share/gazebo_envs/models/aws_robomaker_residential_KitchenCabinet_01/meshes/aws_KitchenCabinet_01_collision.DAE
[1.397s] -- Up-to-date symlink: /home/catcyber02/Mobile-Robots-2026-1/install/gazebo_envs/share/gazebo_envs/models/aws_robomaker_residential_KitchenCabinet_01/meshes/aws_KitchenCabinet_01_visual.DAE
[1.399s] -- Up-to-date symlink: /home/catcyber02/Mobile-Robots-2026-1/install/gazebo_envs/share/gazebo_envs/models/aws_robomaker_residential_KitchenCabinet_01/model.config
[1.399s] -- Up-to-date symlink: /home/catcyber02/Mobile-Robots-2026-1/install/gazebo_envs/share/gazebo_envs/models/aws_robomaker_residential_KitchenCabinet_01/model.sdf
[1.400s] -- Up-to-date symlink: /home/catcyber02/Mobile-Robots-2026-1/install/gazebo_envs/share/gazebo_envs/models/aws_robomaker_residential_KitchenTable_01/materials/textures/aws_KitchenTable_01.png
[1.400s] -- Up-to-date symlink: /home/catcyber02/Mobile-Robots-2026-1/install/gazebo_envs/share/gazebo_envs/models/aws_robomaker_residential_KitchenTable_01/meshes/aws_KitchenTable_01_collision.DAE
[1.400s] -- Up-to-date symlink: /home/catcyber02/Mobile-Robots-2026-1/install/gazebo_envs/share/gazebo_envs/models/aws_robomaker_residential_KitchenTable_01/meshes/aws_KitchenTable_01_visual.DAE
[1.401s] -- Up-to-date symlink: /home/catcyber02/Mobile-Robots-2026-1/install/gazebo_envs/share/gazebo_envs/models/aws_robomaker_residential_KitchenTable_01/model.config
[1.401s] -- Up-to-date symlink: /home/catcyber02/Mobile-Robots-2026-1/install/gazebo_envs/share/gazebo_envs/models/aws_robomaker_residential_KitchenTable_01/model.sdf
[1.401s] -- Up-to-date symlink: /home/catcyber02/Mobile-Robots-2026-1/install/gazebo_envs/share/gazebo_envs/models/aws_robomaker_residential_KitchenUtensils_01/materials/textures/aws_KitchenUtensils_01.png
[1.402s] -- Up-to-date symlink: /home/catcyber02/Mobile-Robots-2026-1/install/gazebo_envs/share/gazebo_envs/models/aws_robomaker_residential_KitchenUtensils_01/meshes/aws_KitchenUtensils_01_collision.DAE
[1.402s] -- Up-to-date symlink: /home/catcyber02/Mobile-Robots-2026-1/install/gazebo_envs/share/gazebo_envs/models/aws_robomaker_residential_KitchenUtensils_01/meshes/aws_KitchenUtensils_01_visual.DAE
[1.402s] -- Up-to-date symlink: /home/catcyber02/Mobile-Robots-2026-1/install/gazebo_envs/share/gazebo_envs/models/aws_robomaker_residential_KitchenUtensils_01/model.config
[1.403s] -- Up-to-date symlink: /home/catcyber02/Mobile-Robots-2026-1/install/gazebo_envs/share/gazebo_envs/models/aws_robomaker_residential_KitchenUtensils_01/model.sdf
[1.403s] -- Up-to-date symlink: /home/catcyber02/Mobile-Robots-2026-1/install/gazebo_envs/share/gazebo_envs/models/aws_robomaker_residential_LightC_01/materials/textures/aws_LightC_01.png
[1.403s] -- Up-to-date symlink: /home/catcyber02/Mobile-Robots-2026-1/install/gazebo_envs/share/gazebo_envs/models/aws_robomaker_residential_LightC_01/meshes/aws_LightC_01_collision.DAE
[1.404s] -- Up-to-date symlink: /home/catcyber02/Mobile-Robots-2026-1/install/gazebo_envs/share/gazebo_envs/models/aws_robomaker_residential_LightC_01/meshes/aws_LightC_01_visual.DAE
[1.404s] -- Up-to-date symlink: /home/catcyber02/Mobile-Robots-2026-1/install/gazebo_envs/share/gazebo_envs/models/aws_robomaker_residential_LightC_01/model.config
[1.404s] -- Up-to-date symlink: /home/catcyber02/Mobile-Robots-2026-1/install/gazebo_envs/share/gazebo_envs/models/aws_robomaker_residential_LightC_01/model.sdf
[1.404s] -- Up-to-date symlink: /home/catcyber02/Mobile-Robots-2026-1/install/gazebo_envs/share/gazebo_envs/models/aws_robomaker_residential_NightStand_01/materials/textures/aws_NightStand_01.png
[1.405s] -- Up-to-date symlink: /home/catcyber02/Mobile-Robots-2026-1/install/gazebo_envs/share/gazebo_envs/models/aws_robomaker_residential_NightStand_01/meshes/aws_NightStand_01_collision.DAE
[1.405s] -- Up-to-date symlink: /home/catcyber02/Mobile-Robots-2026-1/install/gazebo_envs/share/gazebo_envs/models/aws_robomaker_residential_NightStand_01/meshes/aws_NightStand_01_visual.DAE
[1.405s] -- Up-to-date symlink: /home/catcyber02/Mobile-Robots-2026-1/install/gazebo_envs/share/gazebo_envs/models/aws_robomaker_residential_NightStand_01/model.config
[1.406s] -- Up-to-date symlink: /home/catcyber02/Mobile-Robots-2026-1/install/gazebo_envs/share/gazebo_envs/models/aws_robomaker_residential_NightStand_01/model.sdf
[1.406s] -- Up-to-date symlink: /home/catcyber02/Mobile-Robots-2026-1/install/gazebo_envs/share/gazebo_envs/models/aws_robomaker_residential_Pillow_01/materials/textures/aws_Pillow_01.png
[1.407s] -- Up-to-date symlink: /home/catcyber02/Mobile-Robots-2026-1/install/gazebo_envs/share/gazebo_envs/models/aws_robomaker_residential_Pillow_01/meshes/aws_Pillow_01_collision.DAE
[1.407s] -- Up-to-date symlink: /home/catcyber02/Mobile-Robots-2026-1/install/gazebo_envs/share/gazebo_envs/models/aws_robomaker_residential_Pillow_01/meshes/aws_Pillow_01_visual.DAE
[1.407s] -- Up-to-date symlink: /home/catcyber02/Mobile-Robots-2026-1/install/gazebo_envs/share/gazebo_envs/models/aws_robomaker_residential_Pillow_01/model.config
[1.407s] -- Up-to-date symlink: /home/catcyber02/Mobile-Robots-2026-1/install/gazebo_envs/share/gazebo_envs/models/aws_robomaker_residential_Pillow_01/model.sdf
[1.407s] -- Up-to-date symlink: /home/catcyber02/Mobile-Robots-2026-1/install/gazebo_envs/share/gazebo_envs/models/aws_robomaker_residential_PortraitA_01/materials/textures/PortraitA_01.jpg
[1.408s] -- Up-to-date symlink: /home/catcyber02/Mobile-Robots-2026-1/install/gazebo_envs/share/gazebo_envs/models/aws_robomaker_residential_PortraitA_01/materials/textures/aws_PortraitA_01.png
[1.408s] -- Up-to-date symlink: /home/catcyber02/Mobile-Robots-2026-1/install/gazebo_envs/share/gazebo_envs/models/aws_robomaker_residential_PortraitA_01/materials/textures/aws_PortraitA_02.png
[1.408s] -- Up-to-date symlink: /home/catcyber02/Mobile-Robots-2026-1/install/gazebo_envs/share/gazebo_envs/models/aws_robomaker_residential_PortraitA_01/meshes/aws_PortraitA_01_collision.DAE
[1.408s] -- Up-to-date symlink: /home/catcyber02/Mobile-Robots-2026-1/install/gazebo_envs/share/gazebo_envs/models/aws_robomaker_residential_PortraitA_01/meshes/aws_PortraitA_01_visual.DAE
[1.409s] -- Up-to-date symlink: /home/catcyber02/Mobile-Robots-2026-1/install/gazebo_envs/share/gazebo_envs/models/aws_robomaker_residential_PortraitA_01/model.config
[1.409s] -- Up-to-date symlink: /home/catcyber02/Mobile-Robots-2026-1/install/gazebo_envs/share/gazebo_envs/models/aws_robomaker_residential_PortraitA_01/model.sdf
[1.409s] -- Up-to-date symlink: /home/catcyber02/Mobile-Robots-2026-1/install/gazebo_envs/share/gazebo_envs/models/aws_robomaker_residential_PortraitA_02/materials/textures/PortraitA_02.jpg
[1.409s] -- Up-to-date symlink: /home/catcyber02/Mobile-Robots-2026-1/install/gazebo_envs/share/gazebo_envs/models/aws_robomaker_residential_PortraitA_02/materials/textures/aws_PortraitA_01.png
[1.410s] -- Up-to-date symlink: /home/catcyber02/Mobile-Robots-2026-1/install/gazebo_envs/share/gazebo_envs/models/aws_robomaker_residential_PortraitA_02/materials/textures/aws_PortraitA_02.png
[1.410s] -- Up-to-date symlink: /home/catcyber02/Mobile-Robots-2026-1/install/gazebo_envs/share/gazebo_envs/models/aws_robomaker_residential_PortraitA_02/meshes/aws_PortraitA_01_collision.DAE
[1.410s] -- Up-to-date symlink: /home/catcyber02/Mobile-Robots-2026-1/install/gazebo_envs/share/gazebo_envs/models/aws_robomaker_residential_PortraitA_02/meshes/aws_PortraitA_01_visual.DAE
[1.410s] -- Up-to-date symlink: /home/catcyber02/Mobile-Robots-2026-1/install/gazebo_envs/share/gazebo_envs/models/aws_robomaker_residential_PortraitA_02/model.config
[1.411s] -- Up-to-date symlink: /home/catcyber02/Mobile-Robots-2026-1/install/gazebo_envs/share/gazebo_envs/models/aws_robomaker_residential_PortraitA_02/model.sdf
[1.411s] -- Up-to-date symlink: /home/catcyber02/Mobile-Robots-2026-1/install/gazebo_envs/share/gazebo_envs/models/aws_robomaker_residential_PortraitB_01/materials/textures/PortraitB_01.jpg
[1.411s] -- Up-to-date symlink: /home/catcyber02/Mobile-Robots-2026-1/install/gazebo_envs/share/gazebo_envs/models/aws_robomaker_residential_PortraitB_01/materials/textures/aws_PortraitB_01.png
[1.412s] -- Up-to-date symlink: /home/catcyber02/Mobile-Robots-2026-1/install/gazebo_envs/share/gazebo_envs/models/aws_robomaker_residential_PortraitB_01/materials/textures/aws_PortraitB_02.png
[1.412s] -- Up-to-date symlink: /home/catcyber02/Mobile-Robots-2026-1/install/gazebo_envs/share/gazebo_envs/models/aws_robomaker_residential_PortraitB_01/meshes/aws_PortraitB_01_collision.DAE
[1.412s] -- Up-to-date symlink: /home/catcyber02/Mobile-Robots-2026-1/install/gazebo_envs/share/gazebo_envs/models/aws_robomaker_residential_PortraitB_01/meshes/aws_PortraitB_01_visual.DAE
[1.413s] -- Up-to-date symlink: /home/catcyber02/Mobile-Robots-2026-1/install/gazebo_envs/share/gazebo_envs/models/aws_robomaker_residential_PortraitB_01/model.config
[1.413s] -- Up-to-date symlink: /home/catcyber02/Mobile-Robots-2026-1/install/gazebo_envs/share/gazebo_envs/models/aws_robomaker_residential_PortraitB_01/model.sdf
[1.413s] -- Up-to-date symlink: /home/catcyber02/Mobile-Robots-2026-1/install/gazebo_envs/share/gazebo_envs/models/aws_robomaker_residential_PortraitB_02/materials/textures/PortraitB_02.jpg
[1.413s] -- Up-to-date symlink: /home/catcyber02/Mobile-Robots-2026-1/install/gazebo_envs/share/gazebo_envs/models/aws_robomaker_residential_PortraitB_02/materials/textures/aws_PortraitB_01.png
[1.414s] -- Up-to-date symlink: /home/catcyber02/Mobile-Robots-2026-1/install/gazebo_envs/share/gazebo_envs/models/aws_robomaker_residential_PortraitB_02/materials/textures/aws_PortraitB_02.png
[1.414s] -- Up-to-date symlink: /home/catcyber02/Mobile-Robots-2026-1/install/gazebo_envs/share/gazebo_envs/models/aws_robomaker_residential_PortraitB_02/meshes/aws_PortraitB_01_collision.DAE
[1.414s] -- Up-to-date symlink: /home/catcyber02/Mobile-Robots-2026-1/install/gazebo_envs/share/gazebo_envs/models/aws_robomaker_residential_PortraitB_02/meshes/aws_PortraitB_01_visual.DAE
[1.414s] -- Up-to-date symlink: /home/catcyber02/Mobile-Robots-2026-1/install/gazebo_envs/share/gazebo_envs/models/aws_robomaker_residential_PortraitB_02/model.config
[1.414s] -- Up-to-date symlink: /home/catcyber02/Mobile-Robots-2026-1/install/gazebo_envs/share/gazebo_envs/models/aws_robomaker_residential_PortraitB_02/model.sdf
[1.415s] -- Up-to-date symlink: /home/catcyber02/Mobile-Robots-2026-1/install/gazebo_envs/share/gazebo_envs/models/aws_robomaker_residential_PortraitB_03/materials/textures/PortraitB_03.jpg
[1.415s] -- Up-to-date symlink: /home/catcyber02/Mobile-Robots-2026-1/install/gazebo_envs/share/gazebo_envs/models/aws_robomaker_residential_PortraitB_03/materials/textures/aws_PortraitB_01.png
[1.415s] -- Up-to-date symlink: /home/catcyber02/Mobile-Robots-2026-1/install/gazebo_envs/share/gazebo_envs/models/aws_robomaker_residential_PortraitB_03/materials/textures/aws_PortraitB_02.png
[1.415s] -- Up-to-date symlink: /home/catcyber02/Mobile-Robots-2026-1/install/gazebo_envs/share/gazebo_envs/models/aws_robomaker_residential_PortraitB_03/meshes/aws_PortraitB_01_collision.DAE
[1.415s] -- Up-to-date symlink: /home/catcyber02/Mobile-Robots-2026-1/install/gazebo_envs/share/gazebo_envs/models/aws_robomaker_residential_PortraitB_03/meshes/aws_PortraitB_01_visual.DAE
[1.416s] -- Up-to-date symlink: /home/catcyber02/Mobile-Robots-2026-1/install/gazebo_envs/share/gazebo_envs/models/aws_robomaker_residential_PortraitB_03/model.config
[1.416s] -- Up-to-date symlink: /home/catcyber02/Mobile-Robots-2026-1/install/gazebo_envs/share/gazebo_envs/models/aws_robomaker_residential_PortraitB_03/model.sdf
[1.416s] -- Up-to-date symlink: /home/catcyber02/Mobile-Robots-2026-1/install/gazebo_envs/share/gazebo_envs/models/aws_robomaker_residential_PortraitC_01/materials/textures/PortraitC_01.jpg
[1.416s] -- Up-to-date symlink: /home/catcyber02/Mobile-Robots-2026-1/install/gazebo_envs/share/gazebo_envs/models/aws_robomaker_residential_PortraitC_01/materials/textures/aws_PortraitC_01.png
[1.417s] -- Up-to-date symlink: /home/catcyber02/Mobile-Robots-2026-1/install/gazebo_envs/share/gazebo_envs/models/aws_robomaker_residential_PortraitC_01/materials/textures/aws_PortraitC_02.png
[1.417s] -- Up-to-date symlink: /home/catcyber02/Mobile-Robots-2026-1/install/gazebo_envs/share/gazebo_envs/models/aws_robomaker_residential_PortraitC_01/meshes/aws_PortraitC_01_collision.DAE
[1.418s] -- Up-to-date symlink: /home/catcyber02/Mobile-Robots-2026-1/install/gazebo_envs/share/gazebo_envs/models/aws_robomaker_residential_PortraitC_01/meshes/aws_PortraitC_01_visual.DAE
[1.418s] -- Up-to-date symlink: /home/catcyber02/Mobile-Robots-2026-1/install/gazebo_envs/share/gazebo_envs/models/aws_robomaker_residential_PortraitC_01/model.config
[1.418s] -- Up-to-date symlink: /home/catcyber02/Mobile-Robots-2026-1/install/gazebo_envs/share/gazebo_envs/models/aws_robomaker_residential_PortraitC_01/model.sdf
[1.419s] -- Up-to-date symlink: /home/catcyber02/Mobile-Robots-2026-1/install/gazebo_envs/share/gazebo_envs/models/aws_robomaker_residential_PortraitD_01/materials/textures/PortraitD_01.jpg
[1.419s] -- Up-to-date symlink: /home/catcyber02/Mobile-Robots-2026-1/install/gazebo_envs/share/gazebo_envs/models/aws_robomaker_residential_PortraitD_01/materials/textures/aws_PortraitD_01.png
[1.419s] -- Up-to-date symlink: /home/catcyber02/Mobile-Robots-2026-1/install/gazebo_envs/share/gazebo_envs/models/aws_robomaker_residential_PortraitD_01/materials/textures/aws_PortraitD_02.png
[1.420s] -- Up-to-date symlink: /home/catcyber02/Mobile-Robots-2026-1/install/gazebo_envs/share/gazebo_envs/models/aws_robomaker_residential_PortraitD_01/meshes/aws_PortraitD_01_collision.DAE
[1.420s] -- Up-to-date symlink: /home/catcyber02/Mobile-Robots-2026-1/install/gazebo_envs/share/gazebo_envs/models/aws_robomaker_residential_PortraitD_01/meshes/aws_PortraitD_01_visual.DAE
[1.420s] -- Up-to-date symlink: /home/catcyber02/Mobile-Robots-2026-1/install/gazebo_envs/share/gazebo_envs/models/aws_robomaker_residential_PortraitD_01/model.config
[1.421s] -- Up-to-date symlink: /home/catcyber02/Mobile-Robots-2026-1/install/gazebo_envs/share/gazebo_envs/models/aws_robomaker_residential_PortraitD_01/model.sdf
[1.421s] -- Up-to-date symlink: /home/catcyber02/Mobile-Robots-2026-1/install/gazebo_envs/share/gazebo_envs/models/aws_robomaker_residential_PortraitD_02/materials/textures/PortraitD_02.jpg
[1.421s] -- Up-to-date symlink: /home/catcyber02/Mobile-Robots-2026-1/install/gazebo_envs/share/gazebo_envs/models/aws_robomaker_residential_PortraitD_02/materials/textures/aws_PortraitD_01.png
[1.421s] -- Up-to-date symlink: /home/catcyber02/Mobile-Robots-2026-1/install/gazebo_envs/share/gazebo_envs/models/aws_robomaker_residential_PortraitD_02/materials/textures/aws_PortraitD_02.png
[1.421s] -- Up-to-date symlink: /home/catcyber02/Mobile-Robots-2026-1/install/gazebo_envs/share/gazebo_envs/models/aws_robomaker_residential_PortraitD_02/meshes/aws_PortraitD_01_collision.DAE
[1.422s] -- Up-to-date symlink: /home/catcyber02/Mobile-Robots-2026-1/install/gazebo_envs/share/gazebo_envs/models/aws_robomaker_residential_PortraitD_02/meshes/aws_PortraitD_01_visual.DAE
[1.422s] -- Up-to-date symlink: /home/catcyber02/Mobile-Robots-2026-1/install/gazebo_envs/share/gazebo_envs/models/aws_robomaker_residential_PortraitD_02/model.config
[1.422s] -- Up-to-date symlink: /home/catcyber02/Mobile-Robots-2026-1/install/gazebo_envs/share/gazebo_envs/models/aws_robomaker_residential_PortraitD_02/model.sdf
[1.422s] -- Up-to-date symlink: /home/catcyber02/Mobile-Robots-2026-1/install/gazebo_envs/share/gazebo_envs/models/aws_robomaker_residential_PortraitE_01/materials/textures/PortraitE_01.jpg
[1.423s] -- Up-to-date symlink: /home/catcyber02/Mobile-Robots-2026-1/install/gazebo_envs/share/gazebo_envs/models/aws_robomaker_residential_PortraitE_01/materials/textures/aws_PortraitE_01.png
[1.423s] -- Up-to-date symlink: /home/catcyber02/Mobile-Robots-2026-1/install/gazebo_envs/share/gazebo_envs/models/aws_robomaker_residential_PortraitE_01/materials/textures/aws_PortraitE_02.png
[1.423s] -- Up-to-date symlink: /home/catcyber02/Mobile-Robots-2026-1/install/gazebo_envs/share/gazebo_envs/models/aws_robomaker_residential_PortraitE_01/meshes/aws_PortraitE_01_collision.DAE
[1.423s] -- Up-to-date symlink: /home/catcyber02/Mobile-Robots-2026-1/install/gazebo_envs/share/gazebo_envs/models/aws_robomaker_residential_PortraitE_01/meshes/aws_PortraitE_01_visual.DAE
[1.423s] -- Up-to-date symlink: /home/catcyber02/Mobile-Robots-2026-1/install/gazebo_envs/share/gazebo_envs/models/aws_robomaker_residential_PortraitE_01/model.config
[1.424s] -- Up-to-date symlink: /home/catcyber02/Mobile-Robots-2026-1/install/gazebo_envs/share/gazebo_envs/models/aws_robomaker_residential_PortraitE_01/model.sdf
[1.424s] -- Up-to-date symlink: /home/catcyber02/Mobile-Robots-2026-1/install/gazebo_envs/share/gazebo_envs/models/aws_robomaker_residential_PortraitE_02/materials/textures/PortraitE_02.jpg
[1.424s] -- Up-to-date symlink: /home/catcyber02/Mobile-Robots-2026-1/install/gazebo_envs/share/gazebo_envs/models/aws_robomaker_residential_PortraitE_02/materials/textures/aws_PortraitE_01.png
[1.424s] -- Up-to-date symlink: /home/catcyber02/Mobile-Robots-2026-1/install/gazebo_envs/share/gazebo_envs/models/aws_robomaker_residential_PortraitE_02/materials/textures/aws_PortraitE_02.png
[1.425s] -- Up-to-date symlink: /home/catcyber02/Mobile-Robots-2026-1/install/gazebo_envs/share/gazebo_envs/models/aws_robomaker_residential_PortraitE_02/meshes/aws_PortraitE_01_collision.DAE
[1.426s] -- Up-to-date symlink: /home/catcyber02/Mobile-Robots-2026-1/install/gazebo_envs/share/gazebo_envs/models/aws_robomaker_residential_PortraitE_02/meshes/aws_PortraitE_01_visual.DAE
[1.427s] -- Up-to-date symlink: /home/catcyber02/Mobile-Robots-2026-1/install/gazebo_envs/share/gazebo_envs/models/aws_robomaker_residential_PortraitE_02/model.config
[1.427s] -- Up-to-date symlink: /home/catcyber02/Mobile-Robots-2026-1/install/gazebo_envs/share/gazebo_envs/models/aws_robomaker_residential_PortraitE_02/model.sdf
[1.428s] -- Up-to-date symlink: /home/catcyber02/Mobile-Robots-2026-1/install/gazebo_envs/share/gazebo_envs/models/aws_robomaker_residential_Quilt_01/materials/textures/aws_Quilt_01.png
[1.428s] -- Up-to-date symlink: /home/catcyber02/Mobile-Robots-2026-1/install/gazebo_envs/share/gazebo_envs/models/aws_robomaker_residential_Quilt_01/meshes/aws_Quilt_01_collision.DAE
[1.428s] -- Up-to-date symlink: /home/catcyber02/Mobile-Robots-2026-1/install/gazebo_envs/share/gazebo_envs/models/aws_robomaker_residential_Quilt_01/meshes/aws_Quilt_01_visual.DAE
[1.429s] -- Up-to-date symlink: /home/catcyber02/Mobile-Robots-2026-1/install/gazebo_envs/share/gazebo_envs/models/aws_robomaker_residential_Quilt_01/model.config
[1.429s] -- Up-to-date symlink: /home/catcyber02/Mobile-Robots-2026-1/install/gazebo_envs/share/gazebo_envs/models/aws_robomaker_residential_Quilt_01/model.sdf
[1.430s] -- Up-to-date symlink: /home/catcyber02/Mobile-Robots-2026-1/install/gazebo_envs/share/gazebo_envs/models/aws_robomaker_residential_Rangehood_01/materials/textures/aws_Rangehood_01.png
[1.431s] -- Up-to-date symlink: /home/catcyber02/Mobile-Robots-2026-1/install/gazebo_envs/share/gazebo_envs/models/aws_robomaker_residential_Rangehood_01/meshes/aws_Rangehood_01_collision.DAE
[1.432s] -- Up-to-date symlink: /home/catcyber02/Mobile-Robots-2026-1/install/gazebo_envs/share/gazebo_envs/models/aws_robomaker_residential_Rangehood_01/meshes/aws_Rangehood_01_visual.DAE
[1.432s] -- Up-to-date symlink: /home/catcyber02/Mobile-Robots-2026-1/install/gazebo_envs/share/gazebo_envs/models/aws_robomaker_residential_Rangehood_01/model.config
[1.432s] -- Up-to-date symlink: /home/catcyber02/Mobile-Robots-2026-1/install/gazebo_envs/share/gazebo_envs/models/aws_robomaker_residential_Rangehood_01/model.sdf
[1.432s] -- Up-to-date symlink: /home/catcyber02/Mobile-Robots-2026-1/install/gazebo_envs/share/gazebo_envs/models/aws_robomaker_residential_ReadingDesk_01/materials/textures/aws_ReadingDesk_01.png
[1.432s] -- Up-to-date symlink: /home/catcyber02/Mobile-Robots-2026-1/install/gazebo_envs/share/gazebo_envs/models/aws_robomaker_residential_ReadingDesk_01/meshes/aws_ReadingDesk_01_collision.DAE
[1.433s] -- Up-to-date symlink: /home/catcyber02/Mobile-Robots-2026-1/install/gazebo_envs/share/gazebo_envs/models/aws_robomaker_residential_ReadingDesk_01/meshes/aws_ReadingDesk_01_visual.DAE
[1.433s] -- Up-to-date symlink: /home/catcyber02/Mobile-Robots-2026-1/install/gazebo_envs/share/gazebo_envs/models/aws_robomaker_residential_ReadingDesk_01/model.config
[1.434s] -- Up-to-date symlink: /home/catcyber02/Mobile-Robots-2026-1/install/gazebo_envs/share/gazebo_envs/models/aws_robomaker_residential_ReadingDesk_01/model.sdf
[1.434s] -- Up-to-date symlink: /home/catcyber02/Mobile-Robots-2026-1/install/gazebo_envs/share/gazebo_envs/models/aws_robomaker_residential_Refrigerator_01/materials/textures/aws_Refrigerator_01.png
[1.434s] -- Up-to-date symlink: /home/catcyber02/Mobile-Robots-2026-1/install/gazebo_envs/share/gazebo_envs/models/aws_robomaker_residential_Refrigerator_01/materials/textures/aws_Refrigerator_02.png
[1.435s] -- Up-to-date symlink: /home/catcyber02/Mobile-Robots-2026-1/install/gazebo_envs/share/gazebo_envs/models/aws_robomaker_residential_Refrigerator_01/meshes/aws_Refrigerator_01.DAE
[1.435s] -- Up-to-date symlink: /home/catcyber02/Mobile-Robots-2026-1/install/gazebo_envs/share/gazebo_envs/models/aws_robomaker_residential_Refrigerator_01/meshes/aws_Refrigerator_01_collision.DAE
[1.436s] -- Up-to-date symlink: /home/catcyber02/Mobile-Robots-2026-1/install/gazebo_envs/share/gazebo_envs/models/aws_robomaker_residential_Refrigerator_01/meshes/aws_Refrigerator_01_visual.DAE
[1.436s] -- Up-to-date symlink: /home/catcyber02/Mobile-Robots-2026-1/install/gazebo_envs/share/gazebo_envs/models/aws_robomaker_residential_Refrigerator_01/model.config
[1.436s] -- Up-to-date symlink: /home/catcyber02/Mobile-Robots-2026-1/install/gazebo_envs/share/gazebo_envs/models/aws_robomaker_residential_Refrigerator_01/model.sdf
[1.437s] -- Up-to-date symlink: /home/catcyber02/Mobile-Robots-2026-1/install/gazebo_envs/share/gazebo_envs/models/aws_robomaker_residential_RoomCeiling_01/materials/textures/aws_RoomCeiling_01.png
[1.437s] -- Up-to-date symlink: /home/catcyber02/Mobile-Robots-2026-1/install/gazebo_envs/share/gazebo_envs/models/aws_robomaker_residential_RoomCeiling_01/meshes/aws_RoomCeiling_01_collision.DAE
[1.439s] -- Up-to-date symlink: /home/catcyber02/Mobile-Robots-2026-1/install/gazebo_envs/share/gazebo_envs/models/aws_robomaker_residential_RoomCeiling_01/meshes/aws_RoomCeiling_01_visual.DAE
[1.440s] -- Up-to-date symlink: /home/catcyber02/Mobile-Robots-2026-1/install/gazebo_envs/share/gazebo_envs/models/aws_robomaker_residential_RoomCeiling_01/model.config
[1.440s] -- Up-to-date symlink: /home/catcyber02/Mobile-Robots-2026-1/install/gazebo_envs/share/gazebo_envs/models/aws_robomaker_residential_RoomCeiling_01/model.sdf
[1.441s] -- Up-to-date symlink: /home/catcyber02/Mobile-Robots-2026-1/install/gazebo_envs/share/gazebo_envs/models/aws_robomaker_residential_RoomWall_01/materials/textures/aws_RoomWall_01.png
[1.441s] -- Up-to-date symlink: /home/catcyber02/Mobile-Robots-2026-1/install/gazebo_envs/share/gazebo_envs/models/aws_robomaker_residential_RoomWall_01/meshes/aws_RoomWall_01_collision.DAE
[1.441s] -- Up-to-date symlink: /home/catcyber02/Mobile-Robots-2026-1/install/gazebo_envs/share/gazebo_envs/models/aws_robomaker_residential_RoomWall_01/meshes/aws_RoomWall_01_visual.DAE
[1.442s] -- Up-to-date symlink: /home/catcyber02/Mobile-Robots-2026-1/install/gazebo_envs/share/gazebo_envs/models/aws_robomaker_residential_RoomWall_01/model.config
[1.442s] -- Up-to-date symlink: /home/catcyber02/Mobile-Robots-2026-1/install/gazebo_envs/share/gazebo_envs/models/aws_robomaker_residential_RoomWall_01/model.sdf
[1.442s] -- Up-to-date symlink: /home/catcyber02/Mobile-Robots-2026-1/install/gazebo_envs/share/gazebo_envs/models/aws_robomaker_residential_RoomWindow_01/materials/textures/aws_RoomWindow_01.png
[1.442s] -- Up-to-date symlink: /home/catcyber02/Mobile-Robots-2026-1/install/gazebo_envs/share/gazebo_envs/models/aws_robomaker_residential_RoomWindow_01/meshes/aws_RoomWindow_01_collision.DAE
[1.442s] -- Up-to-date symlink: /home/catcyber02/Mobile-Robots-2026-1/install/gazebo_envs/share/gazebo_envs/models/aws_robomaker_residential_RoomWindow_01/meshes/aws_RoomWindow_01_visual.DAE
[1.443s] -- Up-to-date symlink: /home/catcyber02/Mobile-Robots-2026-1/install/gazebo_envs/share/gazebo_envs/models/aws_robomaker_residential_RoomWindow_01/model.config
[1.443s] -- Up-to-date symlink: /home/catcyber02/Mobile-Robots-2026-1/install/gazebo_envs/share/gazebo_envs/models/aws_robomaker_residential_RoomWindow_01/model.sdf
[1.444s] -- Up-to-date symlink: /home/catcyber02/Mobile-Robots-2026-1/install/gazebo_envs/share/gazebo_envs/models/aws_robomaker_residential_SeasoningBox_01/materials/textures/aws_SeasoningBox_01.png
[1.444s] -- Up-to-date symlink: /home/catcyber02/Mobile-Robots-2026-1/install/gazebo_envs/share/gazebo_envs/models/aws_robomaker_residential_SeasoningBox_01/meshes/aws_SeasoningBox_01_collision.DAE
[1.444s] -- Up-to-date symlink: /home/catcyber02/Mobile-Robots-2026-1/install/gazebo_envs/share/gazebo_envs/models/aws_robomaker_residential_SeasoningBox_01/meshes/aws_SeasoningBox_01_visual.DAE
[1.444s] -- Up-to-date symlink: /home/catcyber02/Mobile-Robots-2026-1/install/gazebo_envs/share/gazebo_envs/models/aws_robomaker_residential_SeasoningBox_01/model.config
[1.444s] -- Up-to-date symlink: /home/catcyber02/Mobile-Robots-2026-1/install/gazebo_envs/share/gazebo_envs/models/aws_robomaker_residential_SeasoningBox_01/model.sdf
[1.445s] -- Up-to-date symlink: /home/catcyber02/Mobile-Robots-2026-1/install/gazebo_envs/share/gazebo_envs/models/aws_robomaker_residential_SecurityCamera_01/materials/textures/aws_SecurityCamera_01.png
[1.446s] -- Up-to-date symlink: /home/catcyber02/Mobile-Robots-2026-1/install/gazebo_envs/share/gazebo_envs/models/aws_robomaker_residential_SecurityCamera_01/meshes/aws_SecurityCamera_01_collision.DAE
[1.446s] -- Up-to-date symlink: /home/catcyber02/Mobile-Robots-2026-1/install/gazebo_envs/share/gazebo_envs/models/aws_robomaker_residential_SecurityCamera_01/meshes/aws_SecurityCamera_01_visual.DAE
[1.446s] -- Up-to-date symlink: /home/catcyber02/Mobile-Robots-2026-1/install/gazebo_envs/share/gazebo_envs/models/aws_robomaker_residential_SecurityCamera_01/model.config
[1.446s] -- Up-to-date symlink: /home/catcyber02/Mobile-Robots-2026-1/install/gazebo_envs/share/gazebo_envs/models/aws_robomaker_residential_SecurityCamera_01/model.sdf
[1.447s] -- Up-to-date symlink: /home/catcyber02/Mobile-Robots-2026-1/install/gazebo_envs/share/gazebo_envs/models/aws_robomaker_residential_ShoeRack_01/materials/textures/aws_ShoeRack_01.png
[1.447s] -- Up-to-date symlink: /home/catcyber02/Mobile-Robots-2026-1/install/gazebo_envs/share/gazebo_envs/models/aws_robomaker_residential_ShoeRack_01/meshes/aws_ShoeRack_01_collision.DAE
[1.447s] -- Up-to-date symlink: /home/catcyber02/Mobile-Robots-2026-1/install/gazebo_envs/share/gazebo_envs/models/aws_robomaker_residential_ShoeRack_01/meshes/aws_ShoeRack_01_visual.DAE
[1.448s] -- Up-to-date symlink: /home/catcyber02/Mobile-Robots-2026-1/install/gazebo_envs/share/gazebo_envs/models/aws_robomaker_residential_ShoeRack_01/model.config
[1.448s] -- Up-to-date symlink: /home/catcyber02/Mobile-Robots-2026-1/install/gazebo_envs/share/gazebo_envs/models/aws_robomaker_residential_ShoeRack_01/model.sdf
[1.448s] -- Up-to-date symlink: /home/catcyber02/Mobile-Robots-2026-1/install/gazebo_envs/share/gazebo_envs/models/aws_robomaker_residential_SofaB_01/materials/textures/aws_SofaB_01.png
[1.449s] -- Up-to-date symlink: /home/catcyber02/Mobile-Robots-2026-1/install/gazebo_envs/share/gazebo_envs/models/aws_robomaker_residential_SofaB_01/meshes/aws_SofaB_01_collision.DAE
[1.449s] -- Up-to-date symlink: /home/catcyber02/Mobile-Robots-2026-1/install/gazebo_envs/share/gazebo_envs/models/aws_robomaker_residential_SofaB_01/meshes/aws_SofaB_01_visual.DAE
[1.450s] -- Up-to-date symlink: /home/catcyber02/Mobile-Robots-2026-1/install/gazebo_envs/share/gazebo_envs/models/aws_robomaker_residential_SofaB_01/model.config
[1.450s] -- Up-to-date symlink: /home/catcyber02/Mobile-Robots-2026-1/install/gazebo_envs/share/gazebo_envs/models/aws_robomaker_residential_SofaB_01/model.sdf
[1.450s] -- Up-to-date symlink: /home/catcyber02/Mobile-Robots-2026-1/install/gazebo_envs/share/gazebo_envs/models/aws_robomaker_residential_SofaC_01/materials/textures/aws_SofaC_01.png
[1.451s] -- Up-to-date symlink: /home/catcyber02/Mobile-Robots-2026-1/install/gazebo_envs/share/gazebo_envs/models/aws_robomaker_residential_SofaC_01/meshes/aws_SofaC_01_collision.DAE
[1.451s] -- Up-to-date symlink: /home/catcyber02/Mobile-Robots-2026-1/install/gazebo_envs/share/gazebo_envs/models/aws_robomaker_residential_SofaC_01/meshes/aws_SofaC_01_visual.DAE
[1.451s] -- Up-to-date symlink: /home/catcyber02/Mobile-Robots-2026-1/install/gazebo_envs/share/gazebo_envs/models/aws_robomaker_residential_SofaC_01/model.config
[1.451s] -- Up-to-date symlink: /home/catcyber02/Mobile-Robots-2026-1/install/gazebo_envs/share/gazebo_envs/models/aws_robomaker_residential_SofaC_01/model.sdf
[1.451s] -- Up-to-date symlink: /home/catcyber02/Mobile-Robots-2026-1/install/gazebo_envs/share/gazebo_envs/models/aws_robomaker_residential_Sofa_01/materials/textures/aws_Sofa_01.png
[1.452s] -- Up-to-date symlink: /home/catcyber02/Mobile-Robots-2026-1/install/gazebo_envs/share/gazebo_envs/models/aws_robomaker_residential_Sofa_01/meshes/aws_Sofa_01.DAE
[1.452s] -- Up-to-date symlink: /home/catcyber02/Mobile-Robots-2026-1/install/gazebo_envs/share/gazebo_envs/models/aws_robomaker_residential_Sofa_01/meshes/aws_Sofa_01_collision.DAE
[1.452s] -- Up-to-date symlink: /home/catcyber02/Mobile-Robots-2026-1/install/gazebo_envs/share/gazebo_envs/models/aws_robomaker_residential_Sofa_01/meshes/aws_Sofa_01_visual.DAE
[1.452s] -- Up-to-date symlink: /home/catcyber02/Mobile-Robots-2026-1/install/gazebo_envs/share/gazebo_envs/models/aws_robomaker_residential_Sofa_01/model.config
[1.452s] -- Up-to-date symlink: /home/catcyber02/Mobile-Robots-2026-1/install/gazebo_envs/share/gazebo_envs/models/aws_robomaker_residential_Sofa_01/model.sdf
[1.453s] -- Up-to-date symlink: /home/catcyber02/Mobile-Robots-2026-1/install/gazebo_envs/share/gazebo_envs/models/aws_robomaker_residential_TVCabinet_01/materials/textures/aws_TVCabinet_01.png
[1.453s] -- Up-to-date symlink: /home/catcyber02/Mobile-Robots-2026-1/install/gazebo_envs/share/gazebo_envs/models/aws_robomaker_residential_TVCabinet_01/meshes/aws_TVCabinet_01_collision.DAE
[1.453s] -- Up-to-date symlink: /home/catcyber02/Mobile-Robots-2026-1/install/gazebo_envs/share/gazebo_envs/models/aws_robomaker_residential_TVCabinet_01/meshes/aws_TVCabinet_01_visual.DAE
[1.453s] -- Up-to-date symlink: /home/catcyber02/Mobile-Robots-2026-1/install/gazebo_envs/share/gazebo_envs/models/aws_robomaker_residential_TVCabinet_01/model.config
[1.453s] -- Up-to-date symlink: /home/catcyber02/Mobile-Robots-2026-1/install/gazebo_envs/share/gazebo_envs/models/aws_robomaker_residential_TVCabinet_01/model.sdf
[1.454s] -- Up-to-date symlink: /home/catcyber02/Mobile-Robots-2026-1/install/gazebo_envs/share/gazebo_envs/models/aws_robomaker_residential_TV_01/materials/textures/aws_TV_01.png
[1.454s] -- Up-to-date symlink: /home/catcyber02/Mobile-Robots-2026-1/install/gazebo_envs/share/gazebo_envs/models/aws_robomaker_residential_TV_01/meshes/aws_TV_01_collision.DAE
[1.454s] -- Up-to-date symlink: /home/catcyber02/Mobile-Robots-2026-1/install/gazebo_envs/share/gazebo_envs/models/aws_robomaker_residential_TV_01/meshes/aws_TV_01_visual.DAE
[1.454s] -- Up-to-date symlink: /home/catcyber02/Mobile-Robots-2026-1/install/gazebo_envs/share/gazebo_envs/models/aws_robomaker_residential_TV_01/model.config
[1.455s] -- Up-to-date symlink: /home/catcyber02/Mobile-Robots-2026-1/install/gazebo_envs/share/gazebo_envs/models/aws_robomaker_residential_TV_01/model.sdf
[1.455s] -- Up-to-date symlink: /home/catcyber02/Mobile-Robots-2026-1/install/gazebo_envs/share/gazebo_envs/models/aws_robomaker_residential_TV_02/materials/textures/aws_TV_01.png
[1.455s] -- Up-to-date symlink: /home/catcyber02/Mobile-Robots-2026-1/install/gazebo_envs/share/gazebo_envs/models/aws_robomaker_residential_TV_02/meshes/aws_TV_01_collision.DAE
[1.455s] -- Up-to-date symlink: /home/catcyber02/Mobile-Robots-2026-1/install/gazebo_envs/share/gazebo_envs/models/aws_robomaker_residential_TV_02/meshes/aws_TV_01_visual.DAE
[1.456s] -- Up-to-date symlink: /home/catcyber02/Mobile-Robots-2026-1/install/gazebo_envs/share/gazebo_envs/models/aws_robomaker_residential_TV_02/model.config
[1.456s] -- Up-to-date symlink: /home/catcyber02/Mobile-Robots-2026-1/install/gazebo_envs/share/gazebo_envs/models/aws_robomaker_residential_TV_02/model.sdf
[1.456s] -- Up-to-date symlink: /home/catcyber02/Mobile-Robots-2026-1/install/gazebo_envs/share/gazebo_envs/models/aws_robomaker_residential_Tablet_01/.DS_Store
[1.457s] -- Up-to-date symlink: /home/catcyber02/Mobile-Robots-2026-1/install/gazebo_envs/share/gazebo_envs/models/aws_robomaker_residential_Tablet_01/materials/.DS_Store
[1.457s] -- Up-to-date symlink: /home/catcyber02/Mobile-Robots-2026-1/install/gazebo_envs/share/gazebo_envs/models/aws_robomaker_residential_Tablet_01/materials/textures/aws_Tablet_01_nologo.png
[1.457s] -- Up-to-date symlink: /home/catcyber02/Mobile-Robots-2026-1/install/gazebo_envs/share/gazebo_envs/models/aws_robomaker_residential_Tablet_01/meshes/aws_Tablet_01_collision.DAE
[1.457s] -- Up-to-date symlink: /home/catcyber02/Mobile-Robots-2026-1/install/gazebo_envs/share/gazebo_envs/models/aws_robomaker_residential_Tablet_01/meshes/aws_Tablet_01_visual.DAE
[1.458s] -- Up-to-date symlink: /home/catcyber02/Mobile-Robots-2026-1/install/gazebo_envs/share/gazebo_envs/models/aws_robomaker_residential_Tablet_01/model.config
[1.458s] -- Up-to-date symlink: /home/catcyber02/Mobile-Robots-2026-1/install/gazebo_envs/share/gazebo_envs/models/aws_robomaker_residential_Tablet_01/model.sdf
[1.458s] -- Up-to-date symlink: /home/catcyber02/Mobile-Robots-2026-1/install/gazebo_envs/share/gazebo_envs/models/aws_robomaker_residential_Tableware_01/materials/textures/aws_Tableware_01.png
[1.459s] -- Up-to-date symlink: /home/catcyber02/Mobile-Robots-2026-1/install/gazebo_envs/share/gazebo_envs/models/aws_robomaker_residential_Tableware_01/meshes/aws_Tableware_01_collision.DAE
[1.459s] -- Up-to-date symlink: /home/catcyber02/Mobile-Robots-2026-1/install/gazebo_envs/share/gazebo_envs/models/aws_robomaker_residential_Tableware_01/meshes/aws_Tableware_01_visual.DAE
[1.459s] -- Up-to-date symlink: /home/catcyber02/Mobile-Robots-2026-1/install/gazebo_envs/share/gazebo_envs/models/aws_robomaker_residential_Tableware_01/model.config
[1.459s] -- Up-to-date symlink: /home/catcyber02/Mobile-Robots-2026-1/install/gazebo_envs/share/gazebo_envs/models/aws_robomaker_residential_Tableware_01/model.sdf
[1.460s] -- Up-to-date symlink: /home/catcyber02/Mobile-Robots-2026-1/install/gazebo_envs/share/gazebo_envs/models/aws_robomaker_residential_Trash_01/materials/textures/aws_Trash_01.png
[1.460s] -- Up-to-date symlink: /home/catcyber02/Mobile-Robots-2026-1/install/gazebo_envs/share/gazebo_envs/models/aws_robomaker_residential_Trash_01/meshes/aws_Trash_01_collision.DAE
[1.460s] -- Up-to-date symlink: /home/catcyber02/Mobile-Robots-2026-1/install/gazebo_envs/share/gazebo_envs/models/aws_robomaker_residential_Trash_01/meshes/aws_Trash_01_visual.DAE
[1.460s] -- Up-to-date symlink: /home/catcyber02/Mobile-Robots-2026-1/install/gazebo_envs/share/gazebo_envs/models/aws_robomaker_residential_Trash_01/model.config
[1.460s] -- Up-to-date symlink: /home/catcyber02/Mobile-Robots-2026-1/install/gazebo_envs/share/gazebo_envs/models/aws_robomaker_residential_Trash_01/model.sdf
[1.461s] -- Up-to-date symlink: /home/catcyber02/Mobile-Robots-2026-1/install/gazebo_envs/share/gazebo_envs/models/aws_robomaker_residential_Vase_01/materials/textures/aws_Vase_01.png
[1.461s] -- Up-to-date symlink: /home/catcyber02/Mobile-Robots-2026-1/install/gazebo_envs/share/gazebo_envs/models/aws_robomaker_residential_Vase_01/meshes/aws_Vase_01_collision.DAE
[1.461s] -- Up-to-date symlink: /home/catcyber02/Mobile-Robots-2026-1/install/gazebo_envs/share/gazebo_envs/models/aws_robomaker_residential_Vase_01/meshes/aws_Vase_01_visual.DAE
[1.461s] -- Up-to-date symlink: /home/catcyber02/Mobile-Robots-2026-1/install/gazebo_envs/share/gazebo_envs/models/aws_robomaker_residential_Vase_01/model.config
[1.461s] -- Up-to-date symlink: /home/catcyber02/Mobile-Robots-2026-1/install/gazebo_envs/share/gazebo_envs/models/aws_robomaker_residential_Vase_01/model.sdf
[1.461s] -- Up-to-date symlink: /home/catcyber02/Mobile-Robots-2026-1/install/gazebo_envs/share/gazebo_envs/models/aws_robomaker_residential_Wardrobe_01/materials/textures/aws_Wardrobe_01.png
[1.462s] -- Up-to-date symlink: /home/catcyber02/Mobile-Robots-2026-1/install/gazebo_envs/share/gazebo_envs/models/aws_robomaker_residential_Wardrobe_01/meshes/aws_Wardrobe_01_collision.DAE
[1.462s] -- Up-to-date symlink: /home/catcyber02/Mobile-Robots-2026-1/install/gazebo_envs/share/gazebo_envs/models/aws_robomaker_residential_Wardrobe_01/meshes/aws_Wardrobe_01_visual.DAE
[1.462s] -- Up-to-date symlink: /home/catcyber02/Mobile-Robots-2026-1/install/gazebo_envs/share/gazebo_envs/models/aws_robomaker_residential_Wardrobe_01/model.config
[1.462s] -- Up-to-date symlink: /home/catcyber02/Mobile-Robots-2026-1/install/gazebo_envs/share/gazebo_envs/models/aws_robomaker_residential_Wardrobe_01/model.sdf
[1.462s] -- Up-to-date symlink: /home/catcyber02/Mobile-Robots-2026-1/install/gazebo_envs/share/gazebo_envs/models/aws_robomaker_warehouse_Bucket_01/.DS_Store
[1.463s] -- Up-to-date symlink: /home/catcyber02/Mobile-Robots-2026-1/install/gazebo_envs/share/gazebo_envs/models/aws_robomaker_warehouse_Bucket_01/materials/.DS_Store
[1.463s] -- Up-to-date symlink: /home/catcyber02/Mobile-Robots-2026-1/install/gazebo_envs/share/gazebo_envs/models/aws_robomaker_warehouse_Bucket_01/materials/textures/aws_robomaker_warehouse_Bucket_01.png
[1.463s] -- Up-to-date symlink: /home/catcyber02/Mobile-Robots-2026-1/install/gazebo_envs/share/gazebo_envs/models/aws_robomaker_warehouse_Bucket_01/meshes/aws_robomaker_warehouse_Bucket_01_collision.DAE
[1.463s] -- Up-to-date symlink: /home/catcyber02/Mobile-Robots-2026-1/install/gazebo_envs/share/gazebo_envs/models/aws_robomaker_warehouse_Bucket_01/meshes/aws_robomaker_warehouse_Bucket_01_visual.DAE
[1.463s] -- Up-to-date symlink: /home/catcyber02/Mobile-Robots-2026-1/install/gazebo_envs/share/gazebo_envs/models/aws_robomaker_warehouse_Bucket_01/model.config
[1.464s] -- Up-to-date symlink: /home/catcyber02/Mobile-Robots-2026-1/install/gazebo_envs/share/gazebo_envs/models/aws_robomaker_warehouse_Bucket_01/model.sdf
[1.464s] -- Up-to-date symlink: /home/catcyber02/Mobile-Robots-2026-1/install/gazebo_envs/share/gazebo_envs/models/aws_robomaker_warehouse_ClutteringA_01/.DS_Store
[1.464s] -- Up-to-date symlink: /home/catcyber02/Mobile-Robots-2026-1/install/gazebo_envs/share/gazebo_envs/models/aws_robomaker_warehouse_ClutteringA_01/materials/.DS_Store
[1.464s] -- Up-to-date symlink: /home/catcyber02/Mobile-Robots-2026-1/install/gazebo_envs/share/gazebo_envs/models/aws_robomaker_warehouse_ClutteringA_01/materials/textures/.DS_Store
[1.464s] -- Up-to-date symlink: /home/catcyber02/Mobile-Robots-2026-1/install/gazebo_envs/share/gazebo_envs/models/aws_robomaker_warehouse_ClutteringA_01/materials/textures/aws_robomaker_warehouse_ClutteringA_01.png
[1.465s] -- Up-to-date symlink: /home/catcyber02/Mobile-Robots-2026-1/install/gazebo_envs/share/gazebo_envs/models/aws_robomaker_warehouse_ClutteringA_01/materials/textures/aws_robomaker_warehouse_ClutteringA_02.png
[1.465s] -- Up-to-date symlink: /home/catcyber02/Mobile-Robots-2026-1/install/gazebo_envs/share/gazebo_envs/models/aws_robomaker_warehouse_ClutteringA_01/materials/textures/aws_robomaker_warehouse_ClutteringA_03.png
[1.465s] -- Up-to-date symlink: /home/catcyber02/Mobile-Robots-2026-1/install/gazebo_envs/share/gazebo_envs/models/aws_robomaker_warehouse_ClutteringA_01/meshes/aws_robomaker_warehouse_ClutteringA_01_collision.DAE
[1.465s] -- Up-to-date symlink: /home/catcyber02/Mobile-Robots-2026-1/install/gazebo_envs/share/gazebo_envs/models/aws_robomaker_warehouse_ClutteringA_01/meshes/aws_robomaker_warehouse_ClutteringA_01_visual.DAE
[1.466s] -- Up-to-date symlink: /home/catcyber02/Mobile-Robots-2026-1/install/gazebo_envs/share/gazebo_envs/models/aws_robomaker_warehouse_ClutteringA_01/model.config
[1.466s] -- Up-to-date symlink: /home/catcyber02/Mobile-Robots-2026-1/install/gazebo_envs/share/gazebo_envs/models/aws_robomaker_warehouse_ClutteringA_01/model.sdf
[1.466s] -- Up-to-date symlink: /home/catcyber02/Mobile-Robots-2026-1/install/gazebo_envs/share/gazebo_envs/models/aws_robomaker_warehouse_ClutteringC_01/materials/textures/aws_robomaker_warehouse_ClutteringC_01.png
[1.466s] -- Up-to-date symlink: /home/catcyber02/Mobile-Robots-2026-1/install/gazebo_envs/share/gazebo_envs/models/aws_robomaker_warehouse_ClutteringC_01/materials/textures/aws_robomaker_warehouse_ClutteringC_02.png
[1.467s] -- Up-to-date symlink: /home/catcyber02/Mobile-Robots-2026-1/install/gazebo_envs/share/gazebo_envs/models/aws_robomaker_warehouse_ClutteringC_01/meshes/aws_robomaker_warehouse_ClutteringC_01_collision.DAE
[1.467s] -- Up-to-date symlink: /home/catcyber02/Mobile-Robots-2026-1/install/gazebo_envs/share/gazebo_envs/models/aws_robomaker_warehouse_ClutteringC_01/meshes/aws_robomaker_warehouse_ClutteringC_01_visual.DAE
[1.467s] -- Up-to-date symlink: /home/catcyber02/Mobile-Robots-2026-1/install/gazebo_envs/share/gazebo_envs/models/aws_robomaker_warehouse_ClutteringC_01/model.config
[1.467s] -- Up-to-date symlink: /home/catcyber02/Mobile-Robots-2026-1/install/gazebo_envs/share/gazebo_envs/models/aws_robomaker_warehouse_ClutteringC_01/model.sdf
[1.467s] -- Up-to-date symlink: /home/catcyber02/Mobile-Robots-2026-1/install/gazebo_envs/share/gazebo_envs/models/aws_robomaker_warehouse_ClutteringD_01/materials/textures/aws_robomaker_warehouse_ClutteringD_01.png
[1.468s] -- Up-to-date symlink: /home/catcyber02/Mobile-Robots-2026-1/install/gazebo_envs/share/gazebo_envs/models/aws_robomaker_warehouse_ClutteringD_01/materials/textures/aws_robomaker_warehouse_ClutteringD_02.png
[1.468s] -- Up-to-date symlink: /home/catcyber02/Mobile-Robots-2026-1/install/gazebo_envs/share/gazebo_envs/models/aws_robomaker_warehouse_ClutteringD_01/meshes/aws_robomaker_warehouse_ClutteringD_01_collision.DAE
[1.468s] -- Up-to-date symlink: /home/catcyber02/Mobile-Robots-2026-1/install/gazebo_envs/share/gazebo_envs/models/aws_robomaker_warehouse_ClutteringD_01/meshes/aws_robomaker_warehouse_ClutteringD_01_visual.DAE
[1.468s] -- Up-to-date symlink: /home/catcyber02/Mobile-Robots-2026-1/install/gazebo_envs/share/gazebo_envs/models/aws_robomaker_warehouse_ClutteringD_01/model.config
[1.468s] -- Up-to-date symlink: /home/catcyber02/Mobile-Robots-2026-1/install/gazebo_envs/share/gazebo_envs/models/aws_robomaker_warehouse_ClutteringD_01/model.sdf
[1.468s] -- Up-to-date symlink: /home/catcyber02/Mobile-Robots-2026-1/install/gazebo_envs/share/gazebo_envs/models/aws_robomaker_warehouse_DeskC_01/materials/.DS_Store
[1.469s] -- Up-to-date symlink: /home/catcyber02/Mobile-Robots-2026-1/install/gazebo_envs/share/gazebo_envs/models/aws_robomaker_warehouse_DeskC_01/materials/textures/aws_robomaker_warehouse_DeskC_01.png
[1.469s] -- Up-to-date symlink: /home/catcyber02/Mobile-Robots-2026-1/install/gazebo_envs/share/gazebo_envs/models/aws_robomaker_warehouse_DeskC_01/materials/textures/aws_robomaker_warehouse_DeskC_02.png
[1.469s] -- Up-to-date symlink: /home/catcyber02/Mobile-Robots-2026-1/install/gazebo_envs/share/gazebo_envs/models/aws_robomaker_warehouse_DeskC_01/materials/textures/aws_robomaker_warehouse_DeskC_03.png
[1.470s] -- Up-to-date symlink: /home/catcyber02/Mobile-Robots-2026-1/install/gazebo_envs/share/gazebo_envs/models/aws_robomaker_warehouse_DeskC_01/materials/textures/aws_robomaker_warehouse_DeskC_03.psd
[1.470s] -- Up-to-date symlink: /home/catcyber02/Mobile-Robots-2026-1/install/gazebo_envs/share/gazebo_envs/models/aws_robomaker_warehouse_DeskC_01/materials/textures/aws_robomaker_warehouse_DeskC_04.png
[1.470s] -- Up-to-date symlink: /home/catcyber02/Mobile-Robots-2026-1/install/gazebo_envs/share/gazebo_envs/models/aws_robomaker_warehouse_DeskC_01/meshes/aws_robomaker_warehouse_DeskC_01_collision.DAE
[1.470s] -- Up-to-date symlink: /home/catcyber02/Mobile-Robots-2026-1/install/gazebo_envs/share/gazebo_envs/models/aws_robomaker_warehouse_DeskC_01/meshes/aws_robomaker_warehouse_DeskC_01_visual.DAE
[1.471s] -- Up-to-date symlink: /home/catcyber02/Mobile-Robots-2026-1/install/gazebo_envs/share/gazebo_envs/models/aws_robomaker_warehouse_DeskC_01/model.config
[1.471s] -- Up-to-date symlink: /home/catcyber02/Mobile-Robots-2026-1/install/gazebo_envs/share/gazebo_envs/models/aws_robomaker_warehouse_DeskC_01/model.sdf
[1.471s] -- Up-to-date symlink: /home/catcyber02/Mobile-Robots-2026-1/install/gazebo_envs/share/gazebo_envs/models/aws_robomaker_warehouse_GroundB_01/materials/textures/aws_robomaker_warehouse_GroundB_01.png
[1.471s] -- Up-to-date symlink: /home/catcyber02/Mobile-Robots-2026-1/install/gazebo_envs/share/gazebo_envs/models/aws_robomaker_warehouse_GroundB_01/materials/textures/aws_robomaker_warehouse_GroundB_02.png
[1.472s] -- Up-to-date symlink: /home/catcyber02/Mobile-Robots-2026-1/install/gazebo_envs/share/gazebo_envs/models/aws_robomaker_warehouse_GroundB_01/meshes/aws_robomaker_warehouse_GroundB_01_collision.DAE
[1.472s] -- Up-to-date symlink: /home/catcyber02/Mobile-Robots-2026-1/install/gazebo_envs/share/gazebo_envs/models/aws_robomaker_warehouse_GroundB_01/meshes/aws_robomaker_warehouse_GroundB_01_visual.DAE
[1.472s] -- Up-to-date symlink: /home/catcyber02/Mobile-Robots-2026-1/install/gazebo_envs/share/gazebo_envs/models/aws_robomaker_warehouse_GroundB_01/model.config
[1.472s] -- Up-to-date symlink: /home/catcyber02/Mobile-Robots-2026-1/install/gazebo_envs/share/gazebo_envs/models/aws_robomaker_warehouse_GroundB_01/model.sdf
[1.473s] -- Up-to-date symlink: /home/catcyber02/Mobile-Robots-2026-1/install/gazebo_envs/share/gazebo_envs/models/aws_robomaker_warehouse_Lamp_01/materials/textures/aws_robomaker_warehouse_Lamp_01.png
[1.473s] -- Up-to-date symlink: /home/catcyber02/Mobile-Robots-2026-1/install/gazebo_envs/share/gazebo_envs/models/aws_robomaker_warehouse_Lamp_01/meshes/aws_robomaker_warehouse_Lamp_01_collision.DAE
[1.473s] -- Up-to-date symlink: /home/catcyber02/Mobile-Robots-2026-1/install/gazebo_envs/share/gazebo_envs/models/aws_robomaker_warehouse_Lamp_01/meshes/aws_robomaker_warehouse_Lamp_01_visual.DAE
[1.473s] -- Up-to-date symlink: /home/catcyber02/Mobile-Robots-2026-1/install/gazebo_envs/share/gazebo_envs/models/aws_robomaker_warehouse_Lamp_01/model.config
[1.474s] -- Up-to-date symlink: /home/catcyber02/Mobile-Robots-2026-1/install/gazebo_envs/share/gazebo_envs/models/aws_robomaker_warehouse_Lamp_01/model.sdf
[1.474s] -- Up-to-date symlink: /home/catcyber02/Mobile-Robots-2026-1/install/gazebo_envs/share/gazebo_envs/models/aws_robomaker_warehouse_PalletJackB_01/.DS_Store
[1.474s] -- Up-to-date symlink: /home/catcyber02/Mobile-Robots-2026-1/install/gazebo_envs/share/gazebo_envs/models/aws_robomaker_warehouse_PalletJackB_01/materials/.DS_Store
[1.474s] -- Up-to-date symlink: /home/catcyber02/Mobile-Robots-2026-1/install/gazebo_envs/share/gazebo_envs/models/aws_robomaker_warehouse_PalletJackB_01/materials/textures/aws_robomaker_warehouse_PalletJackB_01.png
[1.474s] -- Up-to-date symlink: /home/catcyber02/Mobile-Robots-2026-1/install/gazebo_envs/share/gazebo_envs/models/aws_robomaker_warehouse_PalletJackB_01/materials/textures/aws_robomaker_warehouse_PalletJackB_02.png
[1.475s] -- Up-to-date symlink: /home/catcyber02/Mobile-Robots-2026-1/install/gazebo_envs/share/gazebo_envs/models/aws_robomaker_warehouse_PalletJackB_01/meshes/aws_robomaker_warehouse_PalletJackB_01_collision.DAE
[1.475s] -- Up-to-date symlink: /home/catcyber02/Mobile-Robots-2026-1/install/gazebo_envs/share/gazebo_envs/models/aws_robomaker_warehouse_PalletJackB_01/meshes/aws_robomaker_warehouse_PalletJackB_01_visual.DAE
[1.475s] -- Up-to-date symlink: /home/catcyber02/Mobile-Robots-2026-1/install/gazebo_envs/share/gazebo_envs/models/aws_robomaker_warehouse_PalletJackB_01/model.config
[1.475s] -- Up-to-date symlink: /home/catcyber02/Mobile-Robots-2026-1/install/gazebo_envs/share/gazebo_envs/models/aws_robomaker_warehouse_PalletJackB_01/model.sdf
[1.475s] -- Up-to-date symlink: /home/catcyber02/Mobile-Robots-2026-1/install/gazebo_envs/share/gazebo_envs/models/aws_robomaker_warehouse_RoofB_01/materials/textures/aws_robomaker_warehouse_RoofB_01.png
[1.476s] -- Up-to-date symlink: /home/catcyber02/Mobile-Robots-2026-1/install/gazebo_envs/share/gazebo_envs/models/aws_robomaker_warehouse_RoofB_01/meshes/aws_robomaker_warehouse_RoofB_01_collision.DAE
[1.476s] -- Up-to-date symlink: /home/catcyber02/Mobile-Robots-2026-1/install/gazebo_envs/share/gazebo_envs/models/aws_robomaker_warehouse_RoofB_01/meshes/aws_robomaker_warehouse_RoofB_01_visual.DAE
[1.476s] -- Up-to-date symlink: /home/catcyber02/Mobile-Robots-2026-1/install/gazebo_envs/share/gazebo_envs/models/aws_robomaker_warehouse_RoofB_01/model.config
[1.476s] -- Up-to-date symlink: /home/catcyber02/Mobile-Robots-2026-1/install/gazebo_envs/share/gazebo_envs/models/aws_robomaker_warehouse_RoofB_01/model.sdf
[1.476s] -- Up-to-date symlink: /home/catcyber02/Mobile-Robots-2026-1/install/gazebo_envs/share/gazebo_envs/models/aws_robomaker_warehouse_ShelfD_01/materials/textures/aws_robomaker_warehouse_ShelfD_01.png
[1.477s] -- Up-to-date symlink: /home/catcyber02/Mobile-Robots-2026-1/install/gazebo_envs/share/gazebo_envs/models/aws_robomaker_warehouse_ShelfD_01/materials/textures/aws_robomaker_warehouse_ShelfD_02.png
[1.477s] -- Up-to-date symlink: /home/catcyber02/Mobile-Robots-2026-1/install/gazebo_envs/share/gazebo_envs/models/aws_robomaker_warehouse_ShelfD_01/materials/textures/aws_robomaker_warehouse_ShelfD_03.png
[1.477s] -- Up-to-date symlink: /home/catcyber02/Mobile-Robots-2026-1/install/gazebo_envs/share/gazebo_envs/models/aws_robomaker_warehouse_ShelfD_01/materials/textures/aws_robomaker_warehouse_ShelfD_04.png
[1.477s] -- Up-to-date symlink: /home/catcyber02/Mobile-Robots-2026-1/install/gazebo_envs/share/gazebo_envs/models/aws_robomaker_warehouse_ShelfD_01/meshes/aws_robomaker_warehouse_ShelfD_01_collision.DAE
[1.477s] -- Up-to-date symlink: /home/catcyber02/Mobile-Robots-2026-1/install/gazebo_envs/share/gazebo_envs/models/aws_robomaker_warehouse_ShelfD_01/meshes/aws_robomaker_warehouse_ShelfD_01_visual.DAE
[1.478s] -- Up-to-date symlink: /home/catcyber02/Mobile-Robots-2026-1/install/gazebo_envs/share/gazebo_envs/models/aws_robomaker_warehouse_ShelfD_01/model.config
[1.478s] -- Up-to-date symlink: /home/catcyber02/Mobile-Robots-2026-1/install/gazebo_envs/share/gazebo_envs/models/aws_robomaker_warehouse_ShelfD_01/model.sdf
[1.478s] -- Up-to-date symlink: /home/catcyber02/Mobile-Robots-2026-1/install/gazebo_envs/share/gazebo_envs/models/aws_robomaker_warehouse_ShelfE_01/.DS_Store
[1.478s] -- Up-to-date symlink: /home/catcyber02/Mobile-Robots-2026-1/install/gazebo_envs/share/gazebo_envs/models/aws_robomaker_warehouse_ShelfE_01/materials/.DS_Store
[1.478s] -- Up-to-date symlink: /home/catcyber02/Mobile-Robots-2026-1/install/gazebo_envs/share/gazebo_envs/models/aws_robomaker_warehouse_ShelfE_01/materials/textures/aws_robomaker_warehouse_ShelfE_01.png
[1.478s] -- Up-to-date symlink: /home/catcyber02/Mobile-Robots-2026-1/install/gazebo_envs/share/gazebo_envs/models/aws_robomaker_warehouse_ShelfE_01/materials/textures/aws_robomaker_warehouse_ShelfE_02.png
[1.479s] -- Up-to-date symlink: /home/catcyber02/Mobile-Robots-2026-1/install/gazebo_envs/share/gazebo_envs/models/aws_robomaker_warehouse_ShelfE_01/materials/textures/aws_robomaker_warehouse_ShelfE_03.png
[1.479s] -- Up-to-date symlink: /home/catcyber02/Mobile-Robots-2026-1/install/gazebo_envs/share/gazebo_envs/models/aws_robomaker_warehouse_ShelfE_01/materials/textures/aws_robomaker_warehouse_ShelfE_04.png
[1.479s] -- Up-to-date symlink: /home/catcyber02/Mobile-Robots-2026-1/install/gazebo_envs/share/gazebo_envs/models/aws_robomaker_warehouse_ShelfE_01/meshes/aws_robomaker_warehouse_ShelfE_01_collision.DAE
[1.479s] -- Up-to-date symlink: /home/catcyber02/Mobile-Robots-2026-1/install/gazebo_envs/share/gazebo_envs/models/aws_robomaker_warehouse_ShelfE_01/meshes/aws_robomaker_warehouse_ShelfE_01_visual.DAE
[1.480s] -- Up-to-date symlink: /home/catcyber02/Mobile-Robots-2026-1/install/gazebo_envs/share/gazebo_envs/models/aws_robomaker_warehouse_ShelfE_01/model.config
[1.480s] -- Up-to-date symlink: /home/catcyber02/Mobile-Robots-2026-1/install/gazebo_envs/share/gazebo_envs/models/aws_robomaker_warehouse_ShelfE_01/model.sdf
[1.480s] -- Up-to-date symlink: /home/catcyber02/Mobile-Robots-2026-1/install/gazebo_envs/share/gazebo_envs/models/aws_robomaker_warehouse_ShelfF_01/materials/textures/aws_robomaker_warehouse_ShelfF_01.png
[1.480s] -- Up-to-date symlink: /home/catcyber02/Mobile-Robots-2026-1/install/gazebo_envs/share/gazebo_envs/models/aws_robomaker_warehouse_ShelfF_01/materials/textures/aws_robomaker_warehouse_ShelfF_02.png
[1.481s] -- Up-to-date symlink: /home/catcyber02/Mobile-Robots-2026-1/install/gazebo_envs/share/gazebo_envs/models/aws_robomaker_warehouse_ShelfF_01/materials/textures/aws_robomaker_warehouse_ShelfF_03.png
[1.481s] -- Up-to-date symlink: /home/catcyber02/Mobile-Robots-2026-1/install/gazebo_envs/share/gazebo_envs/models/aws_robomaker_warehouse_ShelfF_01/meshes/aws_robomaker_warehouse_ShelfF_01_collision.DAE
[1.481s] -- Up-to-date symlink: /home/catcyber02/Mobile-Robots-2026-1/install/gazebo_envs/share/gazebo_envs/models/aws_robomaker_warehouse_ShelfF_01/meshes/aws_robomaker_warehouse_ShelfF_01_visual.DAE
[1.481s] -- Up-to-date symlink: /home/catcyber02/Mobile-Robots-2026-1/install/gazebo_envs/share/gazebo_envs/models/aws_robomaker_warehouse_ShelfF_01/model.config
[1.481s] -- Up-to-date symlink: /home/catcyber02/Mobile-Robots-2026-1/install/gazebo_envs/share/gazebo_envs/models/aws_robomaker_warehouse_ShelfF_01/model.sdf
[1.482s] -- Up-to-date symlink: /home/catcyber02/Mobile-Robots-2026-1/install/gazebo_envs/share/gazebo_envs/models/aws_robomaker_warehouse_TrashCanC_01/materials/textures/aws_robomaker_warehouse_TrashCanC_01.png
[1.482s] -- Up-to-date symlink: /home/catcyber02/Mobile-Robots-2026-1/install/gazebo_envs/share/gazebo_envs/models/aws_robomaker_warehouse_TrashCanC_01/meshes/aws_robomaker_warehouse_TrashCanC_01_collision.DAE
[1.482s] -- Up-to-date symlink: /home/catcyber02/Mobile-Robots-2026-1/install/gazebo_envs/share/gazebo_envs/models/aws_robomaker_warehouse_TrashCanC_01/meshes/aws_robomaker_warehouse_TrashCanC_01_visual.DAE
[1.482s] -- Up-to-date symlink: /home/catcyber02/Mobile-Robots-2026-1/install/gazebo_envs/share/gazebo_envs/models/aws_robomaker_warehouse_TrashCanC_01/model.config
[1.482s] -- Up-to-date symlink: /home/catcyber02/Mobile-Robots-2026-1/install/gazebo_envs/share/gazebo_envs/models/aws_robomaker_warehouse_TrashCanC_01/model.sdf
[1.483s] -- Up-to-date symlink: /home/catcyber02/Mobile-Robots-2026-1/install/gazebo_envs/share/gazebo_envs/models/aws_robomaker_warehouse_WallB_01/materials/textures/aws_robomaker_warehouse_WallB_01.png
[1.483s] -- Up-to-date symlink: /home/catcyber02/Mobile-Robots-2026-1/install/gazebo_envs/share/gazebo_envs/models/aws_robomaker_warehouse_WallB_01/meshes/aws_robomaker_warehouse_WallB_01_collision.DAE
[1.483s] -- Up-to-date symlink: /home/catcyber02/Mobile-Robots-2026-1/install/gazebo_envs/share/gazebo_envs/models/aws_robomaker_warehouse_WallB_01/meshes/aws_robomaker_warehouse_WallB_01_visual.DAE
[1.483s] -- Up-to-date symlink: /home/catcyber02/Mobile-Robots-2026-1/install/gazebo_envs/share/gazebo_envs/models/aws_robomaker_warehouse_WallB_01/model.config
[1.483s] -- Up-to-date symlink: /home/catcyber02/Mobile-Robots-2026-1/install/gazebo_envs/share/gazebo_envs/models/aws_robomaker_warehouse_WallB_01/model.sdf
[1.484s] -- Up-to-date symlink: /home/catcyber02/Mobile-Robots-2026-1/install/gazebo_envs/share/gazebo_envs/models/brown_table/model.config
[1.484s] -- Up-to-date symlink: /home/catcyber02/Mobile-Robots-2026-1/install/gazebo_envs/share/gazebo_envs/models/brown_table/model.sdf
[1.484s] -- Up-to-date symlink: /home/catcyber02/Mobile-Robots-2026-1/install/gazebo_envs/share/gazebo_envs/models/cafe/materials/textures/__auto_10.jpg
[1.484s] -- Up-to-date symlink: /home/catcyber02/Mobile-Robots-2026-1/install/gazebo_envs/share/gazebo_envs/models/cafe/materials/textures/__auto_2.jpg
[1.484s] -- Up-to-date symlink: /home/catcyber02/Mobile-Robots-2026-1/install/gazebo_envs/share/gazebo_envs/models/cafe/materials/textures/__auto_21.jpg
[1.484s] -- Up-to-date symlink: /home/catcyber02/Mobile-Robots-2026-1/install/gazebo_envs/share/gazebo_envs/models/cafe/materials/textures/__auto_22.jpg
[1.485s] -- Up-to-date symlink: /home/catcyber02/Mobile-Robots-2026-1/install/gazebo_envs/share/gazebo_envs/models/cafe/materials/textures/__auto_23.jpg
[1.485s] -- Up-to-date symlink: /home/catcyber02/Mobile-Robots-2026-1/install/gazebo_envs/share/gazebo_envs/models/cafe/materials/textures/__auto_24.jpg
[1.485s] -- Up-to-date symlink: /home/catcyber02/Mobile-Robots-2026-1/install/gazebo_envs/share/gazebo_envs/models/cafe/materials/textures/__auto_25.jpg
[1.485s] -- Up-to-date symlink: /home/catcyber02/Mobile-Robots-2026-1/install/gazebo_envs/share/gazebo_envs/models/cafe/materials/textures/__auto_26.jpg
[1.486s] -- Up-to-date symlink: /home/catcyber02/Mobile-Robots-2026-1/install/gazebo_envs/share/gazebo_envs/models/cafe/materials/textures/__auto_28.jpg
[1.486s] -- Up-to-date symlink: /home/catcyber02/Mobile-Robots-2026-1/install/gazebo_envs/share/gazebo_envs/models/cafe/materials/textures/__auto_29.jpg
[1.486s] -- Up-to-date symlink: /home/catcyber02/Mobile-Robots-2026-1/install/gazebo_envs/share/gazebo_envs/models/cafe/materials/textures/__auto_30.jpg
[1.486s] -- Up-to-date symlink: /home/catcyber02/Mobile-Robots-2026-1/install/gazebo_envs/share/gazebo_envs/models/cafe/materials/textures/__auto_31.jpg
[1.486s] -- Up-to-date symlink: /home/catcyber02/Mobile-Robots-2026-1/install/gazebo_envs/share/gazebo_envs/models/cafe/materials/textures/__auto_34.jpg
[1.487s] -- Up-to-date symlink: /home/catcyber02/Mobile-Robots-2026-1/install/gazebo_envs/share/gazebo_envs/models/cafe/materials/textures/__auto_35.jpg
[1.487s] -- Up-to-date symlink: /home/catcyber02/Mobile-Robots-2026-1/install/gazebo_envs/share/gazebo_envs/models/cafe/materials/textures/__auto_37.jpg
[1.487s] -- Up-to-date symlink: /home/catcyber02/Mobile-Robots-2026-1/install/gazebo_envs/share/gazebo_envs/models/cafe/meshes/cafe.dae
[1.487s] -- Up-to-date symlink: /home/catcyber02/Mobile-Robots-2026-1/install/gazebo_envs/share/gazebo_envs/models/cafe/model.config
[1.488s] -- Up-to-date symlink: /home/catcyber02/Mobile-Robots-2026-1/install/gazebo_envs/share/gazebo_envs/models/cafe/model.sdf
[1.488s] -- Up-to-date symlink: /home/catcyber02/Mobile-Robots-2026-1/install/gazebo_envs/share/gazebo_envs/models/cafe_counter/materials/textures/cafe_counter.png
[1.488s] -- Up-to-date symlink: /home/catcyber02/Mobile-Robots-2026-1/install/gazebo_envs/share/gazebo_envs/models/cafe_counter/meshes/cafe_counter.mtl
[1.488s] -- Up-to-date symlink: /home/catcyber02/Mobile-Robots-2026-1/install/gazebo_envs/share/gazebo_envs/models/cafe_counter/meshes/cafe_counter.obj
[1.489s] -- Up-to-date symlink: /home/catcyber02/Mobile-Robots-2026-1/install/gazebo_envs/share/gazebo_envs/models/cafe_counter/meshes/counter_no_sink.obj
[1.489s] -- Up-to-date symlink: /home/catcyber02/Mobile-Robots-2026-1/install/gazebo_envs/share/gazebo_envs/models/cafe_counter/meshes/counter_sink.obj
[1.489s] -- Up-to-date symlink: /home/catcyber02/Mobile-Robots-2026-1/install/gazebo_envs/share/gazebo_envs/models/cafe_counter/model.config
[1.489s] -- Up-to-date symlink: /home/catcyber02/Mobile-Robots-2026-1/install/gazebo_envs/share/gazebo_envs/models/cafe_counter/model.sdf
[1.490s] -- Up-to-date symlink: /home/catcyber02/Mobile-Robots-2026-1/install/gazebo_envs/share/gazebo_envs/models/cafe_table/materials/textures/Maple.jpg
[1.490s] -- Up-to-date symlink: /home/catcyber02/Mobile-Robots-2026-1/install/gazebo_envs/share/gazebo_envs/models/cafe_table/materials/textures/Wood_Floor_Dark.jpg
[1.490s] -- Up-to-date symlink: /home/catcyber02/Mobile-Robots-2026-1/install/gazebo_envs/share/gazebo_envs/models/cafe_table/meshes/cafe_table.dae
[1.491s] -- Up-to-date symlink: /home/catcyber02/Mobile-Robots-2026-1/install/gazebo_envs/share/gazebo_envs/models/cafe_table/model-1_4.sdf
[1.491s] -- Up-to-date symlink: /home/catcyber02/Mobile-Robots-2026-1/install/gazebo_envs/share/gazebo_envs/models/cafe_table/model.config
[1.491s] -- Up-to-date symlink: /home/catcyber02/Mobile-Robots-2026-1/install/gazebo_envs/share/gazebo_envs/models/cafe_table/model.sdf
[1.491s] -- Up-to-date symlink: /home/catcyber02/Mobile-Robots-2026-1/install/gazebo_envs/share/gazebo_envs/models/cardboard_box/materials/textures/cardboard_box.png
[1.491s] -- Up-to-date symlink: /home/catcyber02/Mobile-Robots-2026-1/install/gazebo_envs/share/gazebo_envs/models/cardboard_box/meshes/cardboard_box.dae
[1.492s] -- Up-to-date symlink: /home/catcyber02/Mobile-Robots-2026-1/install/gazebo_envs/share/gazebo_envs/models/cardboard_box/meshes/cardboard_box.png
[1.492s] -- Up-to-date symlink: /home/catcyber02/Mobile-Robots-2026-1/install/gazebo_envs/share/gazebo_envs/models/cardboard_box/model.config
[1.492s] -- Up-to-date symlink: /home/catcyber02/Mobile-Robots-2026-1/install/gazebo_envs/share/gazebo_envs/models/cardboard_box/model.sdf
[1.492s] -- Up-to-date symlink: /home/catcyber02/Mobile-Robots-2026-1/install/gazebo_envs/share/gazebo_envs/models/cheezit_big_original/meshes/cheez_tex_0.jpg
[1.492s] -- Up-to-date symlink: /home/catcyber02/Mobile-Robots-2026-1/install/gazebo_envs/share/gazebo_envs/models/cheezit_big_original/meshes/cheezit_big_original.dae
[1.493s] -- Up-to-date symlink: /home/catcyber02/Mobile-Robots-2026-1/install/gazebo_envs/share/gazebo_envs/models/cheezit_big_original/model.config
[1.493s] -- Up-to-date symlink: /home/catcyber02/Mobile-Robots-2026-1/install/gazebo_envs/share/gazebo_envs/models/cheezit_big_original/model.sdf
[1.493s] -- Up-to-date symlink: /home/catcyber02/Mobile-Robots-2026-1/install/gazebo_envs/share/gazebo_envs/models/coke_can/materials/textures/coke_can.png
[1.493s] -- Up-to-date symlink: /home/catcyber02/Mobile-Robots-2026-1/install/gazebo_envs/share/gazebo_envs/models/coke_can/meshes/coke_can.dae
[1.493s] -- Up-to-date symlink: /home/catcyber02/Mobile-Robots-2026-1/install/gazebo_envs/share/gazebo_envs/models/coke_can/model-1_2.sdf
[1.494s] -- Up-to-date symlink: /home/catcyber02/Mobile-Robots-2026-1/install/gazebo_envs/share/gazebo_envs/models/coke_can/model-1_3.sdf
[1.494s] -- Up-to-date symlink: /home/catcyber02/Mobile-Robots-2026-1/install/gazebo_envs/share/gazebo_envs/models/coke_can/model-1_4.sdf
[1.494s] -- Up-to-date symlink: /home/catcyber02/Mobile-Robots-2026-1/install/gazebo_envs/share/gazebo_envs/models/coke_can/model.config
[1.494s] -- Up-to-date symlink: /home/catcyber02/Mobile-Robots-2026-1/install/gazebo_envs/share/gazebo_envs/models/coke_can/model.sdf
[1.494s] -- Up-to-date symlink: /home/catcyber02/Mobile-Robots-2026-1/install/gazebo_envs/share/gazebo_envs/models/ground_plane/model-1_2.sdf
[1.495s] -- Up-to-date symlink: /home/catcyber02/Mobile-Robots-2026-1/install/gazebo_envs/share/gazebo_envs/models/ground_plane/model-1_3.sdf
[1.495s] -- Up-to-date symlink: /home/catcyber02/Mobile-Robots-2026-1/install/gazebo_envs/share/gazebo_envs/models/ground_plane/model-1_4.sdf
[1.495s] -- Up-to-date symlink: /home/catcyber02/Mobile-Robots-2026-1/install/gazebo_envs/share/gazebo_envs/models/ground_plane/model.config
[1.495s] -- Up-to-date symlink: /home/catcyber02/Mobile-Robots-2026-1/install/gazebo_envs/share/gazebo_envs/models/ground_plane/model.sdf
[1.495s] -- Up-to-date symlink: /home/catcyber02/Mobile-Robots-2026-1/install/gazebo_envs/share/gazebo_envs/models/mustard/materials/scripts/mustard.material
[1.496s] -- Up-to-date symlink: /home/catcyber02/Mobile-Robots-2026-1/install/gazebo_envs/share/gazebo_envs/models/mustard/materials/textures/optimized_tsdf_texture_mapped_mesh.png
[1.496s] -- Up-to-date symlink: /home/catcyber02/Mobile-Robots-2026-1/install/gazebo_envs/share/gazebo_envs/models/mustard/meshes/mustard.dae
[1.497s] -- Up-to-date symlink: /home/catcyber02/Mobile-Robots-2026-1/install/gazebo_envs/share/gazebo_envs/models/mustard/meshes/texture_map.png
[1.497s] -- Up-to-date symlink: /home/catcyber02/Mobile-Robots-2026-1/install/gazebo_envs/share/gazebo_envs/models/mustard/model.config
[1.497s] -- Up-to-date symlink: /home/catcyber02/Mobile-Robots-2026-1/install/gazebo_envs/share/gazebo_envs/models/mustard/model.sdf
[1.497s] -- Up-to-date symlink: /home/catcyber02/Mobile-Robots-2026-1/install/gazebo_envs/share/gazebo_envs/models/red_cylinder/model.config
[1.498s] -- Up-to-date symlink: /home/catcyber02/Mobile-Robots-2026-1/install/gazebo_envs/share/gazebo_envs/models/red_cylinder/model.sdf
[1.498s] -- Up-to-date symlink: /home/catcyber02/Mobile-Robots-2026-1/install/gazebo_envs/share/gazebo_envs/models/sun/model-1_2.sdf
[1.498s] -- Up-to-date symlink: /home/catcyber02/Mobile-Robots-2026-1/install/gazebo_envs/share/gazebo_envs/models/sun/model-1_3.sdf
[1.499s] -- Up-to-date symlink: /home/catcyber02/Mobile-Robots-2026-1/install/gazebo_envs/share/gazebo_envs/models/sun/model-1_4.sdf
[1.499s] -- Up-to-date symlink: /home/catcyber02/Mobile-Robots-2026-1/install/gazebo_envs/share/gazebo_envs/models/sun/model.config
[1.499s] -- Up-to-date symlink: /home/catcyber02/Mobile-Robots-2026-1/install/gazebo_envs/share/gazebo_envs/models/sun/model.sdf
[1.500s] -- Up-to-date symlink: /home/catcyber02/Mobile-Robots-2026-1/install/gazebo_envs/share/gazebo_envs/worlds/house.world
[1.500s] -- Up-to-date symlink: /home/catcyber02/Mobile-Robots-2026-1/install/gazebo_envs/share/gazebo_envs/worlds/simple_house.world
[1.500s] -- Up-to-date symlink: /home/catcyber02/Mobile-Robots-2026-1/install/gazebo_envs/share/gazebo_envs/config/gz_bridge.yaml
[1.501s] -- Up-to-date symlink: /home/catcyber02/Mobile-Robots-2026-1/install/gazebo_envs/share/ament_index/resource_index/package_run_dependencies/gazebo_envs
[1.501s] -- Up-to-date symlink: /home/catcyber02/Mobile-Robots-2026-1/install/gazebo_envs/share/ament_index/resource_index/parent_prefix_path/gazebo_envs
[1.501s] -- Up-to-date symlink: /home/catcyber02/Mobile-Robots-2026-1/install/gazebo_envs/share/gazebo_envs/environment/ament_prefix_path.sh
[1.501s] -- Up-to-date symlink: /home/catcyber02/Mobile-Robots-2026-1/install/gazebo_envs/share/gazebo_envs/environment/ament_prefix_path.dsv
[1.502s] -- Up-to-date symlink: /home/catcyber02/Mobile-Robots-2026-1/install/gazebo_envs/share/gazebo_envs/environment/path.sh
[1.502s] -- Up-to-date symlink: /home/catcyber02/Mobile-Robots-2026-1/install/gazebo_envs/share/gazebo_envs/environment/path.dsv
[1.502s] -- Up-to-date symlink: /home/catcyber02/Mobile-Robots-2026-1/install/gazebo_envs/share/gazebo_envs/local_setup.bash
[1.502s] -- Up-to-date symlink: /home/catcyber02/Mobile-Robots-2026-1/install/gazebo_envs/share/gazebo_envs/local_setup.sh
[1.503s] -- Up-to-date symlink: /home/catcyber02/Mobile-Robots-2026-1/install/gazebo_envs/share/gazebo_envs/local_setup.zsh
[1.503s] -- Up-to-date symlink: /home/catcyber02/Mobile-Robots-2026-1/install/gazebo_envs/share/gazebo_envs/local_setup.dsv
[1.503s] -- Symlinking: /home/catcyber02/Mobile-Robots-2026-1/install/gazebo_envs/share/gazebo_envs/package.dsv
[1.503s] -- Up-to-date symlink: /home/catcyber02/Mobile-Robots-2026-1/install/gazebo_envs/share/ament_index/resource_index/packages/gazebo_envs
[1.503s] -- Up-to-date symlink: /home/catcyber02/Mobile-Robots-2026-1/install/gazebo_envs/share/gazebo_envs/cmake/gazebo_envsConfig.cmake
[1.503s] -- Up-to-date symlink: /home/catcyber02/Mobile-Robots-2026-1/install/gazebo_envs/share/gazebo_envs/cmake/gazebo_envsConfig-version.cmake
[1.504s] -- Up-to-date symlink: /home/catcyber02/Mobile-Robots-2026-1/install/gazebo_envs/share/gazebo_envs/package.xml
