[0.092s] Invoking command in '/home/catcyber02/Mobile-Robots-2026-1/build/xarm_msgs': CMAKE_PREFIX_PATH=${CMAKE_PREFIX_PATH}:/home/catcyber02/Mobile-Robots-2026-1/ros2_ws/install/uf_ros_lib:/home/catcyber02/Mobile-Robots-2026-1/ros2_ws/install/simple_move:/opt/ros/jazzy DEBUGINFOD_URLS=https://debuginfod.ubuntu.com /usr/bin/cmake --build /home/catcyber02/Mobile-Robots-2026-1/build/xarm_msgs -- -j8 -l8
[0.371s] [  0%] Built target xarm_msgs__rosidl_generator_type_description
[0.443s] [  0%] Built target ament_cmake_python_copy_xarm_msgs
[0.460s] [  0%] Built target xarm_msgs__cpp
[0.534s] [ 29%] Built target xarm_msgs__rosidl_generator_c
[0.694s] [ 39%] Built target xarm_msgs__rosidl_typesupport_cpp
[0.701s] [ 49%] Built target xarm_msgs__rosidl_typesupport_introspection_c
[0.707s] [ 59%] Built target xarm_msgs__rosidl_typesupport_c
[0.730s] [ 69%] Built target xarm_msgs__rosidl_typesupport_fastrtps_c
[0.735s] [ 79%] Built target xarm_msgs__rosidl_typesupport_fastrtps_cpp
[0.747s] [ 88%] Built target xarm_msgs__rosidl_typesupport_introspection_cpp
[0.807s] [ 88%] Built target xarm_msgs
[0.876s] [ 88%] Built target xarm_msgs__py
[1.409s] [ 98%] Built target xarm_msgs__rosidl_generator_py
[1.434s] [ 98%] Built target xarm_msgs_s__rosidl_typesupport_fastrtps_c
[1.435s] [100%] Built target xarm_msgs_s__rosidl_typesupport_introspection_c
[1.435s] [100%] Built target xarm_msgs_s__rosidl_typesupport_c
[1.435s] running egg_info
[1.438s] writing xarm_msgs.egg-info/PKG-INFO
[1.438s] writing dependency_links to xarm_msgs.egg-info/dependency_links.txt
[1.438s] writing top-level names to xarm_msgs.egg-info/top_level.txt
[1.442s] reading manifest file 'xarm_msgs.egg-info/SOURCES.txt'
[1.442s] writing manifest file 'xarm_msgs.egg-info/SOURCES.txt'
[1.461s] [100%] Built target ament_cmake_python_build_xarm_msgs_egg
[2.519s] Invoked command in '/home/catcyber02/Mobile-Robots-2026-1/build/xarm_msgs' returned '0': CMAKE_PREFIX_PATH=${CMAKE_PREFIX_PATH}:/home/catcyber02/Mobile-Robots-2026-1/ros2_ws/install/uf_ros_lib:/home/catcyber02/Mobile-Robots-2026-1/ros2_ws/install/simple_move:/opt/ros/jazzy DEBUGINFOD_URLS=https://debuginfod.ubuntu.com /usr/bin/cmake --build /home/catcyber02/Mobile-Robots-2026-1/build/xarm_msgs -- -j8 -l8
[2.522s] Invoking command in '/home/catcyber02/Mobile-Robots-2026-1/build/xarm_msgs': CMAKE_PREFIX_PATH=${CMAKE_PREFIX_PATH}:/home/catcyber02/Mobile-Robots-2026-1/ros2_ws/install/uf_ros_lib:/home/catcyber02/Mobile-Robots-2026-1/ros2_ws/install/simple_move:/opt/ros/jazzy DEBUGINFOD_URLS=https://debuginfod.ubuntu.com /usr/bin/cmake --install /home/catcyber02/Mobile-Robots-2026-1/build/xarm_msgs
[2.551s] -- Install configuration: ""
[2.551s] -- Up-to-date: /home/catcyber02/Mobile-Robots-2026-1/install/xarm_msgs/share/ament_index/resource_index/rosidl_interfaces/xarm_msgs
[2.552s] -- Up-to-date: /home/catcyber02/Mobile-Robots-2026-1/install/xarm_msgs/share/xarm_msgs/msg/RobotMsg.json
[2.552s] -- Up-to-date: /home/catcyber02/Mobile-Robots-2026-1/install/xarm_msgs/share/xarm_msgs/msg/IOState.json
[2.553s] -- Up-to-date: /home/catcyber02/Mobile-Robots-2026-1/install/xarm_msgs/share/xarm_msgs/msg/CIOState.json
[2.553s] -- Up-to-date: /home/catcyber02/Mobile-Robots-2026-1/install/xarm_msgs/share/xarm_msgs/msg/MoveVelocity.json
[2.554s] -- Up-to-date: /home/catcyber02/Mobile-Robots-2026-1/install/xarm_msgs/share/xarm_msgs/srv/BioGripperCtrl.json
[2.554s] -- Up-to-date: /home/catcyber02/Mobile-Robots-2026-1/install/xarm_msgs/share/xarm_msgs/srv/BioGripperEnable.json
[2.554s] -- Up-to-date: /home/catcyber02/Mobile-Robots-2026-1/install/xarm_msgs/share/xarm_msgs/srv/Call.json
[2.555s] -- Up-to-date: /home/catcyber02/Mobile-Robots-2026-1/install/xarm_msgs/share/xarm_msgs/srv/GetAnalogIO.json
[2.555s] -- Up-to-date: /home/catcyber02/Mobile-Robots-2026-1/install/xarm_msgs/share/xarm_msgs/srv/GetDigitalIO.json
[2.556s] -- Up-to-date: /home/catcyber02/Mobile-Robots-2026-1/install/xarm_msgs/share/xarm_msgs/srv/GetFloat32.json
[2.556s] -- Up-to-date: /home/catcyber02/Mobile-Robots-2026-1/install/xarm_msgs/share/xarm_msgs/srv/GetFloat32List.json
[2.556s] -- Up-to-date: /home/catcyber02/Mobile-Robots-2026-1/install/xarm_msgs/share/xarm_msgs/srv/GetInt16.json
[2.557s] -- Up-to-date: /home/catcyber02/Mobile-Robots-2026-1/install/xarm_msgs/share/xarm_msgs/srv/GetInt16List.json
[2.557s] -- Up-to-date: /home/catcyber02/Mobile-Robots-2026-1/install/xarm_msgs/share/xarm_msgs/srv/GetInt32.json
[2.558s] -- Up-to-date: /home/catcyber02/Mobile-Robots-2026-1/install/xarm_msgs/share/xarm_msgs/srv/GetInt32ByType.json
[2.558s] -- Up-to-date: /home/catcyber02/Mobile-Robots-2026-1/install/xarm_msgs/share/xarm_msgs/srv/GetSetModbusData.json
[2.558s] -- Up-to-date: /home/catcyber02/Mobile-Robots-2026-1/install/xarm_msgs/share/xarm_msgs/srv/GripperMove.json
[2.559s] -- Up-to-date: /home/catcyber02/Mobile-Robots-2026-1/install/xarm_msgs/share/xarm_msgs/srv/MoveCartesian.json
[2.559s] -- Up-to-date: /home/catcyber02/Mobile-Robots-2026-1/install/xarm_msgs/share/xarm_msgs/srv/MoveCircle.json
[2.559s] -- Up-to-date: /home/catcyber02/Mobile-Robots-2026-1/install/xarm_msgs/share/xarm_msgs/srv/MoveHome.json
[2.560s] -- Up-to-date: /home/catcyber02/Mobile-Robots-2026-1/install/xarm_msgs/share/xarm_msgs/srv/MoveJoint.json
[2.560s] -- Up-to-date: /home/catcyber02/Mobile-Robots-2026-1/install/xarm_msgs/share/xarm_msgs/srv/MoveVelocity.json
[2.560s] -- Up-to-date: /home/catcyber02/Mobile-Robots-2026-1/install/xarm_msgs/share/xarm_msgs/srv/RobotiqActivate.json
[2.561s] -- Up-to-date: /home/catcyber02/Mobile-Robots-2026-1/install/xarm_msgs/share/xarm_msgs/srv/RobotiqGetStatus.json
[2.561s] -- Up-to-date: /home/catcyber02/Mobile-Robots-2026-1/install/xarm_msgs/share/xarm_msgs/srv/RobotiqMove.json
[2.562s] -- Up-to-date: /home/catcyber02/Mobile-Robots-2026-1/install/xarm_msgs/share/xarm_msgs/srv/RobotiqReset.json
[2.562s] -- Up-to-date: /home/catcyber02/Mobile-Robots-2026-1/install/xarm_msgs/share/xarm_msgs/srv/SetAnalogIO.json
[2.562s] -- Up-to-date: /home/catcyber02/Mobile-Robots-2026-1/install/xarm_msgs/share/xarm_msgs/srv/SetDigitalIO.json
[2.563s] -- Up-to-date: /home/catcyber02/Mobile-Robots-2026-1/install/xarm_msgs/share/xarm_msgs/srv/SetFloat32.json
[2.563s] -- Up-to-date: /home/catcyber02/Mobile-Robots-2026-1/install/xarm_msgs/share/xarm_msgs/srv/SetFloat32List.json
[2.563s] -- Up-to-date: /home/catcyber02/Mobile-Robots-2026-1/install/xarm_msgs/share/xarm_msgs/srv/SetInt16.json
[2.564s] -- Up-to-date: /home/catcyber02/Mobile-Robots-2026-1/install/xarm_msgs/share/xarm_msgs/srv/SetInt16ById.json
[2.564s] -- Up-to-date: /home/catcyber02/Mobile-Robots-2026-1/install/xarm_msgs/share/xarm_msgs/srv/SetInt16List.json
[2.564s] -- Up-to-date: /home/catcyber02/Mobile-Robots-2026-1/install/xarm_msgs/share/xarm_msgs/srv/SetInt32.json
[2.565s] -- Up-to-date: /home/catcyber02/Mobile-Robots-2026-1/install/xarm_msgs/share/xarm_msgs/srv/SetInt32ByType.json
[2.565s] -- Up-to-date: /home/catcyber02/Mobile-Robots-2026-1/install/xarm_msgs/share/xarm_msgs/srv/TrajCtrl.json
[2.565s] -- Up-to-date: /home/catcyber02/Mobile-Robots-2026-1/install/xarm_msgs/share/xarm_msgs/srv/TrajPlay.json
[2.566s] -- Up-to-date: /home/catcyber02/Mobile-Robots-2026-1/install/xarm_msgs/share/xarm_msgs/srv/VacuumGripperCtrl.json
[2.566s] -- Up-to-date: /home/catcyber02/Mobile-Robots-2026-1/install/xarm_msgs/share/xarm_msgs/srv/SetTcpLoad.json
[2.567s] -- Up-to-date: /home/catcyber02/Mobile-Robots-2026-1/install/xarm_msgs/share/xarm_msgs/srv/SetModbusTimeout.json
[2.567s] -- Up-to-date: /home/catcyber02/Mobile-Robots-2026-1/install/xarm_msgs/share/xarm_msgs/srv/IdenLoad.json
[2.568s] -- Up-to-date: /home/catcyber02/Mobile-Robots-2026-1/install/xarm_msgs/share/xarm_msgs/srv/FtCaliLoad.json
[2.568s] -- Up-to-date: /home/catcyber02/Mobile-Robots-2026-1/install/xarm_msgs/share/xarm_msgs/srv/FtForceParams.json
[2.568s] -- Up-to-date: /home/catcyber02/Mobile-Robots-2026-1/install/xarm_msgs/share/xarm_msgs/srv/FtAdmittanceParams.json
[2.569s] -- Up-to-date: /home/catcyber02/Mobile-Robots-2026-1/install/xarm_msgs/share/xarm_msgs/srv/LinearMotorBackOrigin.json
[2.569s] -- Up-to-date: /home/catcyber02/Mobile-Robots-2026-1/install/xarm_msgs/share/xarm_msgs/srv/LinearMotorSetPos.json
[2.569s] -- Up-to-date: /home/catcyber02/Mobile-Robots-2026-1/install/xarm_msgs/share/xarm_msgs/srv/PlanExec.json
[2.570s] -- Up-to-date: /home/catcyber02/Mobile-Robots-2026-1/install/xarm_msgs/share/xarm_msgs/srv/PlanJoint.json
[2.570s] -- Up-to-date: /home/catcyber02/Mobile-Robots-2026-1/install/xarm_msgs/share/xarm_msgs/srv/PlanPose.json
[2.571s] -- Up-to-date: /home/catcyber02/Mobile-Robots-2026-1/install/xarm_msgs/share/xarm_msgs/srv/PlanSingleStraight.json
[2.571s] -- Up-to-date: /home/catcyber02/Mobile-Robots-2026-1/install/xarm_msgs/share/xarm_msgs/srv/FtForceConfig.json
[2.571s] -- Up-to-date: /home/catcyber02/Mobile-Robots-2026-1/install/xarm_msgs/share/xarm_msgs/srv/FtForcePid.json
[2.572s] -- Up-to-date: /home/catcyber02/Mobile-Robots-2026-1/install/xarm_msgs/share/xarm_msgs/srv/FtImpedance.json
[2.572s] -- Up-to-date: /home/catcyber02/Mobile-Robots-2026-1/install/xarm_msgs/share/xarm_msgs/srv/LinearTrackBackOrigin.json
[2.573s] -- Up-to-date: /home/catcyber02/Mobile-Robots-2026-1/install/xarm_msgs/share/xarm_msgs/srv/LinearTrackSetPos.json
[2.573s] -- Up-to-date: /home/catcyber02/Mobile-Robots-2026-1/install/xarm_msgs/include/xarm_msgs/xarm_msgs
[2.574s] -- Up-to-date: /home/catcyber02/Mobile-Robots-2026-1/install/xarm_msgs/include/xarm_msgs/xarm_msgs/srv
[2.574s] -- Up-to-date: /home/catcyber02/Mobile-Robots-2026-1/install/xarm_msgs/include/xarm_msgs/xarm_msgs/srv/ft_force_params.h
[2.574s] -- Up-to-date: /home/catcyber02/Mobile-Robots-2026-1/install/xarm_msgs/include/xarm_msgs/xarm_msgs/srv/linear_track_back_origin.h
[2.575s] -- Up-to-date: /home/catcyber02/Mobile-Robots-2026-1/install/xarm_msgs/include/xarm_msgs/xarm_msgs/srv/bio_gripper_enable.h
[2.575s] -- Up-to-date: /home/catcyber02/Mobile-Robots-2026-1/install/xarm_msgs/include/xarm_msgs/xarm_msgs/srv/plan_joint.h
[2.575s] -- Up-to-date: /home/catcyber02/Mobile-Robots-2026-1/install/xarm_msgs/include/xarm_msgs/xarm_msgs/srv/plan_single_straight.h
[2.576s] -- Up-to-date: /home/catcyber02/Mobile-Robots-2026-1/install/xarm_msgs/include/xarm_msgs/xarm_msgs/srv/get_digital_io.h
[2.577s] -- Up-to-date: /home/catcyber02/Mobile-Robots-2026-1/install/xarm_msgs/include/xarm_msgs/xarm_msgs/srv/robotiq_reset.h
[2.577s] -- Up-to-date: /home/catcyber02/Mobile-Robots-2026-1/install/xarm_msgs/include/xarm_msgs/xarm_msgs/srv/iden_load.h
[2.578s] -- Up-to-date: /home/catcyber02/Mobile-Robots-2026-1/install/xarm_msgs/include/xarm_msgs/xarm_msgs/srv/ft_cali_load.h
[2.578s] -- Up-to-date: /home/catcyber02/Mobile-Robots-2026-1/install/xarm_msgs/include/xarm_msgs/xarm_msgs/srv/linear_motor_back_origin.h
[2.578s] -- Up-to-date: /home/catcyber02/Mobile-Robots-2026-1/install/xarm_msgs/include/xarm_msgs/xarm_msgs/srv/move_home.h
[2.579s] -- Up-to-date: /home/catcyber02/Mobile-Robots-2026-1/install/xarm_msgs/include/xarm_msgs/xarm_msgs/srv/get_float32_list.h
[2.579s] -- Up-to-date: /home/catcyber02/Mobile-Robots-2026-1/install/xarm_msgs/include/xarm_msgs/xarm_msgs/srv/set_digital_io.h
[2.580s] -- Up-to-date: /home/catcyber02/Mobile-Robots-2026-1/install/xarm_msgs/include/xarm_msgs/xarm_msgs/srv/traj_ctrl.h
[2.580s] -- Up-to-date: /home/catcyber02/Mobile-Robots-2026-1/install/xarm_msgs/include/xarm_msgs/xarm_msgs/srv/plan_pose.h
[2.580s] -- Up-to-date: /home/catcyber02/Mobile-Robots-2026-1/install/xarm_msgs/include/xarm_msgs/xarm_msgs/srv/move_cartesian.h
[2.581s] -- Up-to-date: /home/catcyber02/Mobile-Robots-2026-1/install/xarm_msgs/include/xarm_msgs/xarm_msgs/srv/set_int16_by_id.h
[2.581s] -- Up-to-date: /home/catcyber02/Mobile-Robots-2026-1/install/xarm_msgs/include/xarm_msgs/xarm_msgs/srv/detail
[2.582s] -- Up-to-date: /home/catcyber02/Mobile-Robots-2026-1/install/xarm_msgs/include/xarm_msgs/xarm_msgs/srv/detail/set_int16_by_id__struct.h
[2.582s] -- Installing: /home/catcyber02/Mobile-Robots-2026-1/install/xarm_msgs/include/xarm_msgs/xarm_msgs/srv/detail/linear_motor_back_origin__type_support.c
[2.583s] -- Up-to-date: /home/catcyber02/Mobile-Robots-2026-1/install/xarm_msgs/include/xarm_msgs/xarm_msgs/srv/detail/get_int16_list__functions.c
[2.583s] -- Up-to-date: /home/catcyber02/Mobile-Robots-2026-1/install/xarm_msgs/include/xarm_msgs/xarm_msgs/srv/detail/move_cartesian__functions.c
[2.584s] -- Up-to-date: /home/catcyber02/Mobile-Robots-2026-1/install/xarm_msgs/include/xarm_msgs/xarm_msgs/srv/detail/get_float32__struct.h
[2.584s] -- Up-to-date: /home/catcyber02/Mobile-Robots-2026-1/install/xarm_msgs/include/xarm_msgs/xarm_msgs/srv/detail/move_home__functions.c
[2.584s] -- Up-to-date: /home/catcyber02/Mobile-Robots-2026-1/install/xarm_msgs/include/xarm_msgs/xarm_msgs/srv/detail/gripper_move__struct.h
[2.585s] -- Up-to-date: /home/catcyber02/Mobile-Robots-2026-1/install/xarm_msgs/include/xarm_msgs/xarm_msgs/srv/detail/get_set_modbus_data__struct.h
[2.585s] -- Up-to-date: /home/catcyber02/Mobile-Robots-2026-1/install/xarm_msgs/include/xarm_msgs/xarm_msgs/srv/detail/get_int32_by_type__functions.c
[2.586s] -- Up-to-date: /home/catcyber02/Mobile-Robots-2026-1/install/xarm_msgs/include/xarm_msgs/xarm_msgs/srv/detail/plan_pose__type_support.h
[2.586s] -- Up-to-date: /home/catcyber02/Mobile-Robots-2026-1/install/xarm_msgs/include/xarm_msgs/xarm_msgs/srv/detail/robotiq_get_status__struct.h
[2.587s] -- Up-to-date: /home/catcyber02/Mobile-Robots-2026-1/install/xarm_msgs/include/xarm_msgs/xarm_msgs/srv/detail/get_set_modbus_data__functions.h
[2.587s] -- Up-to-date: /home/catcyber02/Mobile-Robots-2026-1/install/xarm_msgs/include/xarm_msgs/xarm_msgs/srv/detail/get_digital_io__functions.h
[2.588s] -- Up-to-date: /home/catcyber02/Mobile-Robots-2026-1/install/xarm_msgs/include/xarm_msgs/xarm_msgs/srv/detail/move_velocity__functions.h
[2.588s] -- Up-to-date: /home/catcyber02/Mobile-Robots-2026-1/install/xarm_msgs/include/xarm_msgs/xarm_msgs/srv/detail/get_float32_list__description.c
[2.589s] -- Installing: /home/catcyber02/Mobile-Robots-2026-1/install/xarm_msgs/include/xarm_msgs/xarm_msgs/srv/detail/get_set_modbus_data__type_support.c
[2.589s] -- Up-to-date: /home/catcyber02/Mobile-Robots-2026-1/install/xarm_msgs/include/xarm_msgs/xarm_msgs/srv/detail/ft_force_config__struct.h
[2.589s] -- Up-to-date: /home/catcyber02/Mobile-Robots-2026-1/install/xarm_msgs/include/xarm_msgs/xarm_msgs/srv/detail/vacuum_gripper_ctrl__functions.h
[2.590s] -- Up-to-date: /home/catcyber02/Mobile-Robots-2026-1/install/xarm_msgs/include/xarm_msgs/xarm_msgs/srv/detail/ft_cali_load__functions.c
[2.590s] -- Installing: /home/catcyber02/Mobile-Robots-2026-1/install/xarm_msgs/include/xarm_msgs/xarm_msgs/srv/detail/plan_pose__type_support.c
[2.591s] -- Up-to-date: /home/catcyber02/Mobile-Robots-2026-1/install/xarm_msgs/include/xarm_msgs/xarm_msgs/srv/detail/linear_track_back_origin__description.c
[2.591s] -- Up-to-date: /home/catcyber02/Mobile-Robots-2026-1/install/xarm_msgs/include/xarm_msgs/xarm_msgs/srv/detail/iden_load__functions.c
[2.591s] -- Up-to-date: /home/catcyber02/Mobile-Robots-2026-1/install/xarm_msgs/include/xarm_msgs/xarm_msgs/srv/detail/get_int32__struct.h
[2.592s] -- Up-to-date: /home/catcyber02/Mobile-Robots-2026-1/install/xarm_msgs/include/xarm_msgs/xarm_msgs/srv/detail/move_cartesian__description.c
[2.592s] -- Up-to-date: /home/catcyber02/Mobile-Robots-2026-1/install/xarm_msgs/include/xarm_msgs/xarm_msgs/srv/detail/plan_joint__functions.c
[2.593s] -- Installing: /home/catcyber02/Mobile-Robots-2026-1/install/xarm_msgs/include/xarm_msgs/xarm_msgs/srv/detail/bio_gripper_ctrl__type_support.c
[2.593s] -- Up-to-date: /home/catcyber02/Mobile-Robots-2026-1/install/xarm_msgs/include/xarm_msgs/xarm_msgs/srv/detail/set_modbus_timeout__type_support.h
[2.593s] -- Up-to-date: /home/catcyber02/Mobile-Robots-2026-1/install/xarm_msgs/include/xarm_msgs/xarm_msgs/srv/detail/plan_single_straight__type_support.h
[2.594s] -- Installing: /home/catcyber02/Mobile-Robots-2026-1/install/xarm_msgs/include/xarm_msgs/xarm_msgs/srv/detail/get_int32_by_type__type_support.c
[2.594s] -- Up-to-date: /home/catcyber02/Mobile-Robots-2026-1/install/xarm_msgs/include/xarm_msgs/xarm_msgs/srv/detail/robotiq_activate__functions.c
[2.595s] -- Up-to-date: /home/catcyber02/Mobile-Robots-2026-1/install/xarm_msgs/include/xarm_msgs/xarm_msgs/srv/detail/ft_admittance_params__description.c
[2.595s] -- Up-to-date: /home/catcyber02/Mobile-Robots-2026-1/install/xarm_msgs/include/xarm_msgs/xarm_msgs/srv/detail/get_int16_list__type_support.h
[2.596s] -- Up-to-date: /home/catcyber02/Mobile-Robots-2026-1/install/xarm_msgs/include/xarm_msgs/xarm_msgs/srv/detail/plan_exec__functions.h
[2.596s] -- Up-to-date: /home/catcyber02/Mobile-Robots-2026-1/install/xarm_msgs/include/xarm_msgs/xarm_msgs/srv/detail/get_digital_io__struct.h
[2.597s] -- Up-to-date: /home/catcyber02/Mobile-Robots-2026-1/install/xarm_msgs/include/xarm_msgs/xarm_msgs/srv/detail/get_digital_io__type_support.h
[2.598s] -- Up-to-date: /home/catcyber02/Mobile-Robots-2026-1/install/xarm_msgs/include/xarm_msgs/xarm_msgs/srv/detail/robotiq_move__type_support.h
[2.598s] -- Up-to-date: /home/catcyber02/Mobile-Robots-2026-1/install/xarm_msgs/include/xarm_msgs/xarm_msgs/srv/detail/set_digital_io__functions.c
[2.599s] -- Up-to-date: /home/catcyber02/Mobile-Robots-2026-1/install/xarm_msgs/include/xarm_msgs/xarm_msgs/srv/detail/set_tcp_load__functions.h
[2.599s] -- Installing: /home/catcyber02/Mobile-Robots-2026-1/install/xarm_msgs/include/xarm_msgs/xarm_msgs/srv/detail/robotiq_reset__type_support.c
[2.600s] -- Up-to-date: /home/catcyber02/Mobile-Robots-2026-1/install/xarm_msgs/include/xarm_msgs/xarm_msgs/srv/detail/bio_gripper_enable__description.c
[2.600s] -- Up-to-date: /home/catcyber02/Mobile-Robots-2026-1/install/xarm_msgs/include/xarm_msgs/xarm_msgs/srv/detail/set_analog_io__description.c
[2.601s] -- Up-to-date: /home/catcyber02/Mobile-Robots-2026-1/install/xarm_msgs/include/xarm_msgs/xarm_msgs/srv/detail/get_int32_by_type__functions.h
[2.601s] -- Up-to-date: /home/catcyber02/Mobile-Robots-2026-1/install/xarm_msgs/include/xarm_msgs/xarm_msgs/srv/detail/set_int32__struct.h
[2.602s] -- Up-to-date: /home/catcyber02/Mobile-Robots-2026-1/install/xarm_msgs/include/xarm_msgs/xarm_msgs/srv/detail/set_analog_io__struct.h
[2.602s] -- Up-to-date: /home/catcyber02/Mobile-Robots-2026-1/install/xarm_msgs/include/xarm_msgs/xarm_msgs/srv/detail/ft_impedance__functions.c
[2.602s] -- Up-to-date: /home/catcyber02/Mobile-Robots-2026-1/install/xarm_msgs/include/xarm_msgs/xarm_msgs/srv/detail/ft_force_config__functions.c
[2.603s] -- Installing: /home/catcyber02/Mobile-Robots-2026-1/install/xarm_msgs/include/xarm_msgs/xarm_msgs/srv/detail/get_float32_list__type_support.c
[2.603s] -- Installing: /home/catcyber02/Mobile-Robots-2026-1/install/xarm_msgs/include/xarm_msgs/xarm_msgs/srv/detail/plan_joint__type_support.c
[2.604s] -- Up-to-date: /home/catcyber02/Mobile-Robots-2026-1/install/xarm_msgs/include/xarm_msgs/xarm_msgs/srv/detail/linear_motor_back_origin__description.c
[2.604s] -- Up-to-date: /home/catcyber02/Mobile-Robots-2026-1/install/xarm_msgs/include/xarm_msgs/xarm_msgs/srv/detail/bio_gripper_ctrl__struct.h
[2.604s] -- Installing: /home/catcyber02/Mobile-Robots-2026-1/install/xarm_msgs/include/xarm_msgs/xarm_msgs/srv/detail/call__type_support.c
[2.605s] -- Up-to-date: /home/catcyber02/Mobile-Robots-2026-1/install/xarm_msgs/include/xarm_msgs/xarm_msgs/srv/detail/ft_admittance_params__functions.h
[2.605s] -- Up-to-date: /home/catcyber02/Mobile-Robots-2026-1/install/xarm_msgs/include/xarm_msgs/xarm_msgs/srv/detail/robotiq_move__functions.h
[2.605s] -- Up-to-date: /home/catcyber02/Mobile-Robots-2026-1/install/xarm_msgs/include/xarm_msgs/xarm_msgs/srv/detail/set_int32__type_support.h
[2.606s] -- Up-to-date: /home/catcyber02/Mobile-Robots-2026-1/install/xarm_msgs/include/xarm_msgs/xarm_msgs/srv/detail/move_circle__type_support.h
[2.607s] -- Up-to-date: /home/catcyber02/Mobile-Robots-2026-1/install/xarm_msgs/include/xarm_msgs/xarm_msgs/srv/detail/bio_gripper_ctrl__functions.c
[2.607s] -- Up-to-date: /home/catcyber02/Mobile-Robots-2026-1/install/xarm_msgs/include/xarm_msgs/xarm_msgs/srv/detail/linear_motor_back_origin__functions.h
[2.608s] -- Up-to-date: /home/catcyber02/Mobile-Robots-2026-1/install/xarm_msgs/include/xarm_msgs/xarm_msgs/srv/detail/plan_single_straight__struct.h
[2.608s] -- Up-to-date: /home/catcyber02/Mobile-Robots-2026-1/install/xarm_msgs/include/xarm_msgs/xarm_msgs/srv/detail/bio_gripper_enable__functions.c
[2.609s] -- Up-to-date: /home/catcyber02/Mobile-Robots-2026-1/install/xarm_msgs/include/xarm_msgs/xarm_msgs/srv/detail/set_int32_by_type__description.c
[2.609s] -- Up-to-date: /home/catcyber02/Mobile-Robots-2026-1/install/xarm_msgs/include/xarm_msgs/xarm_msgs/srv/detail/set_int32__functions.h
[2.610s] -- Up-to-date: /home/catcyber02/Mobile-Robots-2026-1/install/xarm_msgs/include/xarm_msgs/xarm_msgs/srv/detail/get_analog_io__functions.c
[2.610s] -- Up-to-date: /home/catcyber02/Mobile-Robots-2026-1/install/xarm_msgs/include/xarm_msgs/xarm_msgs/srv/detail/move_home__description.c
[2.611s] -- Up-to-date: /home/catcyber02/Mobile-Robots-2026-1/install/xarm_msgs/include/xarm_msgs/xarm_msgs/srv/detail/get_digital_io__functions.c
[2.611s] -- Up-to-date: /home/catcyber02/Mobile-Robots-2026-1/install/xarm_msgs/include/xarm_msgs/xarm_msgs/srv/detail/ft_force_config__description.c
[2.611s] -- Up-to-date: /home/catcyber02/Mobile-Robots-2026-1/install/xarm_msgs/include/xarm_msgs/xarm_msgs/srv/detail/move_joint__functions.h
[2.612s] -- Up-to-date: /home/catcyber02/Mobile-Robots-2026-1/install/xarm_msgs/include/xarm_msgs/xarm_msgs/srv/detail/set_tcp_load__functions.c
[2.612s] -- Up-to-date: /home/catcyber02/Mobile-Robots-2026-1/install/xarm_msgs/include/xarm_msgs/xarm_msgs/srv/detail/get_analog_io__type_support.h
[2.612s] -- Up-to-date: /home/catcyber02/Mobile-Robots-2026-1/install/xarm_msgs/include/xarm_msgs/xarm_msgs/srv/detail/robotiq_move__description.c
[2.613s] -- Installing: /home/catcyber02/Mobile-Robots-2026-1/install/xarm_msgs/include/xarm_msgs/xarm_msgs/srv/detail/traj_ctrl__type_support.c
[2.613s] -- Up-to-date: /home/catcyber02/Mobile-Robots-2026-1/install/xarm_msgs/include/xarm_msgs/xarm_msgs/srv/detail/linear_motor_back_origin__type_support.h
[2.613s] -- Up-to-date: /home/catcyber02/Mobile-Robots-2026-1/install/xarm_msgs/include/xarm_msgs/xarm_msgs/srv/detail/set_int16_list__struct.h
[2.613s] -- Up-to-date: /home/catcyber02/Mobile-Robots-2026-1/install/xarm_msgs/include/xarm_msgs/xarm_msgs/srv/detail/bio_gripper_ctrl__type_support.h
[2.613s] -- Up-to-date: /home/catcyber02/Mobile-Robots-2026-1/install/xarm_msgs/include/xarm_msgs/xarm_msgs/srv/detail/move_cartesian__type_support.h
[2.614s] -- Up-to-date: /home/catcyber02/Mobile-Robots-2026-1/install/xarm_msgs/include/xarm_msgs/xarm_msgs/srv/detail/ft_force_config__type_support.h
[2.614s] -- Up-to-date: /home/catcyber02/Mobile-Robots-2026-1/install/xarm_msgs/include/xarm_msgs/xarm_msgs/srv/detail/traj_ctrl__type_support.h
[2.614s] -- Up-to-date: /home/catcyber02/Mobile-Robots-2026-1/install/xarm_msgs/include/xarm_msgs/xarm_msgs/srv/detail/get_int16__description.c
[2.614s] -- Installing: /home/catcyber02/Mobile-Robots-2026-1/install/xarm_msgs/include/xarm_msgs/xarm_msgs/srv/detail/gripper_move__type_support.c
[2.615s] -- Up-to-date: /home/catcyber02/Mobile-Robots-2026-1/install/xarm_msgs/include/xarm_msgs/xarm_msgs/srv/detail/linear_motor_set_pos__type_support.h
[2.615s] -- Up-to-date: /home/catcyber02/Mobile-Robots-2026-1/install/xarm_msgs/include/xarm_msgs/xarm_msgs/srv/detail/traj_play__description.c
[2.615s] -- Up-to-date: /home/catcyber02/Mobile-Robots-2026-1/install/xarm_msgs/include/xarm_msgs/xarm_msgs/srv/detail/linear_track_back_origin__functions.h
[2.615s] -- Up-to-date: /home/catcyber02/Mobile-Robots-2026-1/install/xarm_msgs/include/xarm_msgs/xarm_msgs/srv/detail/plan_pose__description.c
[2.616s] -- Up-to-date: /home/catcyber02/Mobile-Robots-2026-1/install/xarm_msgs/include/xarm_msgs/xarm_msgs/srv/detail/get_digital_io__description.c
[2.616s] -- Up-to-date: /home/catcyber02/Mobile-Robots-2026-1/install/xarm_msgs/include/xarm_msgs/xarm_msgs/srv/detail/traj_play__type_support.h
[2.616s] -- Installing: /home/catcyber02/Mobile-Robots-2026-1/install/xarm_msgs/include/xarm_msgs/xarm_msgs/srv/detail/ft_cali_load__type_support.c
[2.616s] -- Up-to-date: /home/catcyber02/Mobile-Robots-2026-1/install/xarm_msgs/include/xarm_msgs/xarm_msgs/srv/detail/set_int16_list__description.c
[2.617s] -- Up-to-date: /home/catcyber02/Mobile-Robots-2026-1/install/xarm_msgs/include/xarm_msgs/xarm_msgs/srv/detail/set_int32__functions.c
[2.617s] -- Up-to-date: /home/catcyber02/Mobile-Robots-2026-1/install/xarm_msgs/include/xarm_msgs/xarm_msgs/srv/detail/ft_force_params__type_support.h
[2.617s] -- Up-to-date: /home/catcyber02/Mobile-Robots-2026-1/install/xarm_msgs/include/xarm_msgs/xarm_msgs/srv/detail/move_velocity__type_support.h
[2.617s] -- Installing: /home/catcyber02/Mobile-Robots-2026-1/install/xarm_msgs/include/xarm_msgs/xarm_msgs/srv/detail/ft_force_params__type_support.c
[2.617s] -- Up-to-date: /home/catcyber02/Mobile-Robots-2026-1/install/xarm_msgs/include/xarm_msgs/xarm_msgs/srv/detail/get_int16__functions.c
[2.618s] -- Up-to-date: /home/catcyber02/Mobile-Robots-2026-1/install/xarm_msgs/include/xarm_msgs/xarm_msgs/srv/detail/set_int16_by_id__functions.c
[2.618s] -- Installing: /home/catcyber02/Mobile-Robots-2026-1/install/xarm_msgs/include/xarm_msgs/xarm_msgs/srv/detail/get_int16_list__type_support.c
[2.618s] -- Up-to-date: /home/catcyber02/Mobile-Robots-2026-1/install/xarm_msgs/include/xarm_msgs/xarm_msgs/srv/detail/set_float32_list__struct.h
[2.618s] -- Up-to-date: /home/catcyber02/Mobile-Robots-2026-1/install/xarm_msgs/include/xarm_msgs/xarm_msgs/srv/detail/plan_pose__functions.h
[2.618s] -- Up-to-date: /home/catcyber02/Mobile-Robots-2026-1/install/xarm_msgs/include/xarm_msgs/xarm_msgs/srv/detail/move_cartesian__functions.h
[2.619s] -- Up-to-date: /home/catcyber02/Mobile-Robots-2026-1/install/xarm_msgs/include/xarm_msgs/xarm_msgs/srv/detail/linear_motor_back_origin__functions.c
[2.619s] -- Up-to-date: /home/catcyber02/Mobile-Robots-2026-1/install/xarm_msgs/include/xarm_msgs/xarm_msgs/srv/detail/move_joint__description.c
[2.619s] -- Up-to-date: /home/catcyber02/Mobile-Robots-2026-1/install/xarm_msgs/include/xarm_msgs/xarm_msgs/srv/detail/ft_cali_load__description.c
[2.619s] -- Up-to-date: /home/catcyber02/Mobile-Robots-2026-1/install/xarm_msgs/include/xarm_msgs/xarm_msgs/srv/detail/plan_single_straight__functions.c
[2.620s] -- Up-to-date: /home/catcyber02/Mobile-Robots-2026-1/install/xarm_msgs/include/xarm_msgs/xarm_msgs/srv/detail/ft_impedance__struct.h
[2.620s] -- Installing: /home/catcyber02/Mobile-Robots-2026-1/install/xarm_msgs/include/xarm_msgs/xarm_msgs/srv/detail/ft_impedance__type_support.c
[2.620s] -- Up-to-date: /home/catcyber02/Mobile-Robots-2026-1/install/xarm_msgs/include/xarm_msgs/xarm_msgs/srv/detail/call__functions.h
[2.620s] -- Up-to-date: /home/catcyber02/Mobile-Robots-2026-1/install/xarm_msgs/include/xarm_msgs/xarm_msgs/srv/detail/set_float32_list__type_support.h
[2.620s] -- Up-to-date: /home/catcyber02/Mobile-Robots-2026-1/install/xarm_msgs/include/xarm_msgs/xarm_msgs/srv/detail/plan_exec__type_support.h
[2.621s] -- Up-to-date: /home/catcyber02/Mobile-Robots-2026-1/install/xarm_msgs/include/xarm_msgs/xarm_msgs/srv/detail/linear_motor_back_origin__struct.h
[2.621s] -- Up-to-date: /home/catcyber02/Mobile-Robots-2026-1/install/xarm_msgs/include/xarm_msgs/xarm_msgs/srv/detail/get_int32__type_support.h
[2.621s] -- Up-to-date: /home/catcyber02/Mobile-Robots-2026-1/install/xarm_msgs/include/xarm_msgs/xarm_msgs/srv/detail/set_digital_io__functions.h
[2.621s] -- Up-to-date: /home/catcyber02/Mobile-Robots-2026-1/install/xarm_msgs/include/xarm_msgs/xarm_msgs/srv/detail/set_int16_list__functions.h
[2.622s] -- Installing: /home/catcyber02/Mobile-Robots-2026-1/install/xarm_msgs/include/xarm_msgs/xarm_msgs/srv/detail/move_cartesian__type_support.c
[2.622s] -- Up-to-date: /home/catcyber02/Mobile-Robots-2026-1/install/xarm_msgs/include/xarm_msgs/xarm_msgs/srv/detail/set_float32__functions.h
[2.622s] -- Up-to-date: /home/catcyber02/Mobile-Robots-2026-1/install/xarm_msgs/include/xarm_msgs/xarm_msgs/srv/detail/set_int16_by_id__functions.h
[2.622s] -- Up-to-date: /home/catcyber02/Mobile-Robots-2026-1/install/xarm_msgs/include/xarm_msgs/xarm_msgs/srv/detail/ft_force_pid__functions.h
[2.622s] -- Up-to-date: /home/catcyber02/Mobile-Robots-2026-1/install/xarm_msgs/include/xarm_msgs/xarm_msgs/srv/detail/get_float32__description.c
[2.623s] -- Up-to-date: /home/catcyber02/Mobile-Robots-2026-1/install/xarm_msgs/include/xarm_msgs/xarm_msgs/srv/detail/linear_track_back_origin__functions.c
[2.623s] -- Up-to-date: /home/catcyber02/Mobile-Robots-2026-1/install/xarm_msgs/include/xarm_msgs/xarm_msgs/srv/detail/vacuum_gripper_ctrl__struct.h
[2.623s] -- Up-to-date: /home/catcyber02/Mobile-Robots-2026-1/install/xarm_msgs/include/xarm_msgs/xarm_msgs/srv/detail/plan_pose__struct.h
[2.624s] -- Up-to-date: /home/catcyber02/Mobile-Robots-2026-1/install/xarm_msgs/include/xarm_msgs/xarm_msgs/srv/detail/bio_gripper_enable__struct.h
[2.624s] -- Up-to-date: /home/catcyber02/Mobile-Robots-2026-1/install/xarm_msgs/include/xarm_msgs/xarm_msgs/srv/detail/robotiq_get_status__type_support.h
[2.624s] -- Installing: /home/catcyber02/Mobile-Robots-2026-1/install/xarm_msgs/include/xarm_msgs/xarm_msgs/srv/detail/plan_single_straight__type_support.c
[2.625s] -- Up-to-date: /home/catcyber02/Mobile-Robots-2026-1/install/xarm_msgs/include/xarm_msgs/xarm_msgs/srv/detail/set_tcp_load__struct.h
[2.625s] -- Up-to-date: /home/catcyber02/Mobile-Robots-2026-1/install/xarm_msgs/include/xarm_msgs/xarm_msgs/srv/detail/robotiq_reset__description.c
[2.625s] -- Up-to-date: /home/catcyber02/Mobile-Robots-2026-1/install/xarm_msgs/include/xarm_msgs/xarm_msgs/srv/detail/ft_force_pid__description.c
[2.625s] -- Installing: /home/catcyber02/Mobile-Robots-2026-1/install/xarm_msgs/include/xarm_msgs/xarm_msgs/srv/detail/set_analog_io__type_support.c
[2.625s] -- Up-to-date: /home/catcyber02/Mobile-Robots-2026-1/install/xarm_msgs/include/xarm_msgs/xarm_msgs/srv/detail/iden_load__struct.h
[2.626s] -- Up-to-date: /home/catcyber02/Mobile-Robots-2026-1/install/xarm_msgs/include/xarm_msgs/xarm_msgs/srv/detail/ft_cali_load__type_support.h
[2.626s] -- Installing: /home/catcyber02/Mobile-Robots-2026-1/install/xarm_msgs/include/xarm_msgs/xarm_msgs/srv/detail/set_tcp_load__type_support.c
[2.626s] -- Up-to-date: /home/catcyber02/Mobile-Robots-2026-1/install/xarm_msgs/include/xarm_msgs/xarm_msgs/srv/detail/plan_joint__struct.h
[2.626s] -- Up-to-date: /home/catcyber02/Mobile-Robots-2026-1/install/xarm_msgs/include/xarm_msgs/xarm_msgs/srv/detail/iden_load__description.c
[2.627s] -- Up-to-date: /home/catcyber02/Mobile-Robots-2026-1/install/xarm_msgs/include/xarm_msgs/xarm_msgs/srv/detail/ft_force_pid__type_support.h
[2.627s] -- Up-to-date: /home/catcyber02/Mobile-Robots-2026-1/install/xarm_msgs/include/xarm_msgs/xarm_msgs/srv/detail/robotiq_get_status__functions.c
[2.627s] -- Installing: /home/catcyber02/Mobile-Robots-2026-1/install/xarm_msgs/include/xarm_msgs/xarm_msgs/srv/detail/set_digital_io__type_support.c
[2.627s] -- Up-to-date: /home/catcyber02/Mobile-Robots-2026-1/install/xarm_msgs/include/xarm_msgs/xarm_msgs/srv/detail/get_set_modbus_data__description.c
[2.627s] -- Up-to-date: /home/catcyber02/Mobile-Robots-2026-1/install/xarm_msgs/include/xarm_msgs/xarm_msgs/srv/detail/set_digital_io__type_support.h
[2.628s] -- Installing: /home/catcyber02/Mobile-Robots-2026-1/install/xarm_msgs/include/xarm_msgs/xarm_msgs/srv/detail/set_int16_list__type_support.c
[2.628s] -- Up-to-date: /home/catcyber02/Mobile-Robots-2026-1/install/xarm_msgs/include/xarm_msgs/xarm_msgs/srv/detail/ft_admittance_params__functions.c
[2.628s] -- Up-to-date: /home/catcyber02/Mobile-Robots-2026-1/install/xarm_msgs/include/xarm_msgs/xarm_msgs/srv/detail/move_joint__struct.h
[2.628s] -- Up-to-date: /home/catcyber02/Mobile-Robots-2026-1/install/xarm_msgs/include/xarm_msgs/xarm_msgs/srv/detail/call__type_support.h
[2.628s] -- Up-to-date: /home/catcyber02/Mobile-Robots-2026-1/install/xarm_msgs/include/xarm_msgs/xarm_msgs/srv/detail/ft_force_params__functions.c
[2.629s] -- Installing: /home/catcyber02/Mobile-Robots-2026-1/install/xarm_msgs/include/xarm_msgs/xarm_msgs/srv/detail/get_int16__type_support.c
[2.629s] -- Up-to-date: /home/catcyber02/Mobile-Robots-2026-1/install/xarm_msgs/include/xarm_msgs/xarm_msgs/srv/detail/set_int16__functions.c
[2.629s] -- Up-to-date: /home/catcyber02/Mobile-Robots-2026-1/install/xarm_msgs/include/xarm_msgs/xarm_msgs/srv/detail/set_tcp_load__description.c
[2.629s] -- Up-to-date: /home/catcyber02/Mobile-Robots-2026-1/install/xarm_msgs/include/xarm_msgs/xarm_msgs/srv/detail/get_int32__functions.h
[2.629s] -- Up-to-date: /home/catcyber02/Mobile-Robots-2026-1/install/xarm_msgs/include/xarm_msgs/xarm_msgs/srv/detail/set_tcp_load__type_support.h
[2.630s] -- Up-to-date: /home/catcyber02/Mobile-Robots-2026-1/install/xarm_msgs/include/xarm_msgs/xarm_msgs/srv/detail/gripper_move__type_support.h
[2.630s] -- Up-to-date: /home/catcyber02/Mobile-Robots-2026-1/install/xarm_msgs/include/xarm_msgs/xarm_msgs/srv/detail/set_int16_by_id__description.c
[2.630s] -- Up-to-date: /home/catcyber02/Mobile-Robots-2026-1/install/xarm_msgs/include/xarm_msgs/xarm_msgs/srv/detail/linear_track_back_origin__type_support.h
[2.630s] -- Up-to-date: /home/catcyber02/Mobile-Robots-2026-1/install/xarm_msgs/include/xarm_msgs/xarm_msgs/srv/detail/gripper_move__functions.h
[2.630s] -- Up-to-date: /home/catcyber02/Mobile-Robots-2026-1/install/xarm_msgs/include/xarm_msgs/xarm_msgs/srv/detail/bio_gripper_enable__type_support.h
[2.630s] -- Up-to-date: /home/catcyber02/Mobile-Robots-2026-1/install/xarm_msgs/include/xarm_msgs/xarm_msgs/srv/detail/traj_play__struct.h
[2.631s] -- Up-to-date: /home/catcyber02/Mobile-Robots-2026-1/install/xarm_msgs/include/xarm_msgs/xarm_msgs/srv/detail/move_home__struct.h
[2.631s] -- Up-to-date: /home/catcyber02/Mobile-Robots-2026-1/install/xarm_msgs/include/xarm_msgs/xarm_msgs/srv/detail/linear_track_set_pos__type_support.h
[2.631s] -- Up-to-date: /home/catcyber02/Mobile-Robots-2026-1/install/xarm_msgs/include/xarm_msgs/xarm_msgs/srv/detail/set_int32_by_type__functions.h
[2.631s] -- Up-to-date: /home/catcyber02/Mobile-Robots-2026-1/install/xarm_msgs/include/xarm_msgs/xarm_msgs/srv/detail/get_float32__functions.c
[2.631s] -- Up-to-date: /home/catcyber02/Mobile-Robots-2026-1/install/xarm_msgs/include/xarm_msgs/xarm_msgs/srv/detail/set_int16_by_id__type_support.h
[2.631s] -- Up-to-date: /home/catcyber02/Mobile-Robots-2026-1/install/xarm_msgs/include/xarm_msgs/xarm_msgs/srv/detail/get_int16_list__description.c
[2.632s] -- Up-to-date: /home/catcyber02/Mobile-Robots-2026-1/install/xarm_msgs/include/xarm_msgs/xarm_msgs/srv/detail/get_int16__struct.h
[2.632s] -- Installing: /home/catcyber02/Mobile-Robots-2026-1/install/xarm_msgs/include/xarm_msgs/xarm_msgs/srv/detail/robotiq_activate__type_support.c
[2.632s] -- Up-to-date: /home/catcyber02/Mobile-Robots-2026-1/install/xarm_msgs/include/xarm_msgs/xarm_msgs/srv/detail/robotiq_reset__functions.c
[2.632s] -- Up-to-date: /home/catcyber02/Mobile-Robots-2026-1/install/xarm_msgs/include/xarm_msgs/xarm_msgs/srv/detail/linear_motor_set_pos__description.c
[2.632s] -- Up-to-date: /home/catcyber02/Mobile-Robots-2026-1/install/xarm_msgs/include/xarm_msgs/xarm_msgs/srv/detail/vacuum_gripper_ctrl__description.c
[2.633s] -- Up-to-date: /home/catcyber02/Mobile-Robots-2026-1/install/xarm_msgs/include/xarm_msgs/xarm_msgs/srv/detail/linear_track_set_pos__functions.h
[2.633s] -- Up-to-date: /home/catcyber02/Mobile-Robots-2026-1/install/xarm_msgs/include/xarm_msgs/xarm_msgs/srv/detail/set_int32__description.c
[2.633s] -- Up-to-date: /home/catcyber02/Mobile-Robots-2026-1/install/xarm_msgs/include/xarm_msgs/xarm_msgs/srv/detail/gripper_move__functions.c
[2.633s] -- Up-to-date: /home/catcyber02/Mobile-Robots-2026-1/install/xarm_msgs/include/xarm_msgs/xarm_msgs/srv/detail/set_modbus_timeout__struct.h
[2.633s] -- Up-to-date: /home/catcyber02/Mobile-Robots-2026-1/install/xarm_msgs/include/xarm_msgs/xarm_msgs/srv/detail/set_digital_io__description.c
[2.633s] -- Installing: /home/catcyber02/Mobile-Robots-2026-1/install/xarm_msgs/include/xarm_msgs/xarm_msgs/srv/detail/robotiq_move__type_support.c
[2.634s] -- Up-to-date: /home/catcyber02/Mobile-Robots-2026-1/install/xarm_msgs/include/xarm_msgs/xarm_msgs/srv/detail/traj_ctrl__struct.h
[2.634s] -- Up-to-date: /home/catcyber02/Mobile-Robots-2026-1/install/xarm_msgs/include/xarm_msgs/xarm_msgs/srv/detail/call__description.c
[2.634s] -- Installing: /home/catcyber02/Mobile-Robots-2026-1/install/xarm_msgs/include/xarm_msgs/xarm_msgs/srv/detail/set_float32_list__type_support.c
[2.634s] -- Up-to-date: /home/catcyber02/Mobile-Robots-2026-1/install/xarm_msgs/include/xarm_msgs/xarm_msgs/srv/detail/set_float32__functions.c
[2.634s] -- Installing: /home/catcyber02/Mobile-Robots-2026-1/install/xarm_msgs/include/xarm_msgs/xarm_msgs/srv/detail/set_int32__type_support.c
[2.634s] -- Up-to-date: /home/catcyber02/Mobile-Robots-2026-1/install/xarm_msgs/include/xarm_msgs/xarm_msgs/srv/detail/traj_play__functions.h
[2.635s] -- Up-to-date: /home/catcyber02/Mobile-Robots-2026-1/install/xarm_msgs/include/xarm_msgs/xarm_msgs/srv/detail/linear_track_set_pos__functions.c
[2.635s] -- Up-to-date: /home/catcyber02/Mobile-Robots-2026-1/install/xarm_msgs/include/xarm_msgs/xarm_msgs/srv/detail/set_int16__type_support.h
[2.635s] -- Up-to-date: /home/catcyber02/Mobile-Robots-2026-1/install/xarm_msgs/include/xarm_msgs/xarm_msgs/srv/detail/set_analog_io__functions.h
[2.635s] -- Installing: /home/catcyber02/Mobile-Robots-2026-1/install/xarm_msgs/include/xarm_msgs/xarm_msgs/srv/detail/get_int32__type_support.c
[2.635s] -- Up-to-date: /home/catcyber02/Mobile-Robots-2026-1/install/xarm_msgs/include/xarm_msgs/xarm_msgs/srv/detail/get_analog_io__struct.h
[2.635s] -- Up-to-date: /home/catcyber02/Mobile-Robots-2026-1/install/xarm_msgs/include/xarm_msgs/xarm_msgs/srv/detail/set_analog_io__type_support.h
[2.636s] -- Up-to-date: /home/catcyber02/Mobile-Robots-2026-1/install/xarm_msgs/include/xarm_msgs/xarm_msgs/srv/detail/ft_admittance_params__type_support.h
[2.636s] -- Up-to-date: /home/catcyber02/Mobile-Robots-2026-1/install/xarm_msgs/include/xarm_msgs/xarm_msgs/srv/detail/ft_cali_load__functions.h
[2.636s] -- Up-to-date: /home/catcyber02/Mobile-Robots-2026-1/install/xarm_msgs/include/xarm_msgs/xarm_msgs/srv/detail/robotiq_get_status__description.c
[2.636s] -- Up-to-date: /home/catcyber02/Mobile-Robots-2026-1/install/xarm_msgs/include/xarm_msgs/xarm_msgs/srv/detail/get_int32_by_type__struct.h
[2.636s] -- Up-to-date: /home/catcyber02/Mobile-Robots-2026-1/install/xarm_msgs/include/xarm_msgs/xarm_msgs/srv/detail/plan_single_straight__functions.h
[2.636s] -- Up-to-date: /home/catcyber02/Mobile-Robots-2026-1/install/xarm_msgs/include/xarm_msgs/xarm_msgs/srv/detail/set_digital_io__struct.h
[2.637s] -- Up-to-date: /home/catcyber02/Mobile-Robots-2026-1/install/xarm_msgs/include/xarm_msgs/xarm_msgs/srv/detail/linear_motor_set_pos__functions.h
[2.637s] -- Up-to-date: /home/catcyber02/Mobile-Robots-2026-1/install/xarm_msgs/include/xarm_msgs/xarm_msgs/srv/detail/ft_admittance_params__struct.h
[2.637s] -- Up-to-date: /home/catcyber02/Mobile-Robots-2026-1/install/xarm_msgs/include/xarm_msgs/xarm_msgs/srv/detail/get_set_modbus_data__type_support.h
[2.637s] -- Up-to-date: /home/catcyber02/Mobile-Robots-2026-1/install/xarm_msgs/include/xarm_msgs/xarm_msgs/srv/detail/get_set_modbus_data__functions.c
[2.637s] -- Up-to-date: /home/catcyber02/Mobile-Robots-2026-1/install/xarm_msgs/include/xarm_msgs/xarm_msgs/srv/detail/ft_force_params__struct.h
[2.638s] -- Up-to-date: /home/catcyber02/Mobile-Robots-2026-1/install/xarm_msgs/include/xarm_msgs/xarm_msgs/srv/detail/bio_gripper_enable__functions.h
[2.638s] -- Up-to-date: /home/catcyber02/Mobile-Robots-2026-1/install/xarm_msgs/include/xarm_msgs/xarm_msgs/srv/detail/vacuum_gripper_ctrl__functions.c
[2.638s] -- Installing: /home/catcyber02/Mobile-Robots-2026-1/install/xarm_msgs/include/xarm_msgs/xarm_msgs/srv/detail/move_circle__type_support.c
[2.638s] -- Up-to-date: /home/catcyber02/Mobile-Robots-2026-1/install/xarm_msgs/include/xarm_msgs/xarm_msgs/srv/detail/plan_joint__functions.h
[2.638s] -- Up-to-date: /home/catcyber02/Mobile-Robots-2026-1/install/xarm_msgs/include/xarm_msgs/xarm_msgs/srv/detail/traj_ctrl__functions.c
[2.638s] -- Up-to-date: /home/catcyber02/Mobile-Robots-2026-1/install/xarm_msgs/include/xarm_msgs/xarm_msgs/srv/detail/set_float32__struct.h
[2.639s] -- Installing: /home/catcyber02/Mobile-Robots-2026-1/install/xarm_msgs/include/xarm_msgs/xarm_msgs/srv/detail/robotiq_get_status__type_support.c
[2.639s] -- Installing: /home/catcyber02/Mobile-Robots-2026-1/install/xarm_msgs/include/xarm_msgs/xarm_msgs/srv/detail/set_float32__type_support.c
[2.639s] -- Up-to-date: /home/catcyber02/Mobile-Robots-2026-1/install/xarm_msgs/include/xarm_msgs/xarm_msgs/srv/detail/plan_pose__functions.c
[2.639s] -- Up-to-date: /home/catcyber02/Mobile-Robots-2026-1/install/xarm_msgs/include/xarm_msgs/xarm_msgs/srv/detail/get_int32_by_type__description.c
[2.639s] -- Up-to-date: /home/catcyber02/Mobile-Robots-2026-1/install/xarm_msgs/include/xarm_msgs/xarm_msgs/srv/detail/get_int32_by_type__type_support.h
[2.639s] -- Up-to-date: /home/catcyber02/Mobile-Robots-2026-1/install/xarm_msgs/include/xarm_msgs/xarm_msgs/srv/detail/get_float32_list__struct.h
[2.640s] -- Up-to-date: /home/catcyber02/Mobile-Robots-2026-1/install/xarm_msgs/include/xarm_msgs/xarm_msgs/srv/detail/ft_impedance__functions.h
[2.640s] -- Up-to-date: /home/catcyber02/Mobile-Robots-2026-1/install/xarm_msgs/include/xarm_msgs/xarm_msgs/srv/detail/ft_impedance__description.c
[2.640s] -- Up-to-date: /home/catcyber02/Mobile-Robots-2026-1/install/xarm_msgs/include/xarm_msgs/xarm_msgs/srv/detail/ft_impedance__type_support.h
[2.640s] -- Up-to-date: /home/catcyber02/Mobile-Robots-2026-1/install/xarm_msgs/include/xarm_msgs/xarm_msgs/srv/detail/get_float32__type_support.h
[2.640s] -- Installing: /home/catcyber02/Mobile-Robots-2026-1/install/xarm_msgs/include/xarm_msgs/xarm_msgs/srv/detail/ft_force_pid__type_support.c
[2.641s] -- Up-to-date: /home/catcyber02/Mobile-Robots-2026-1/install/xarm_msgs/include/xarm_msgs/xarm_msgs/srv/detail/set_float32__description.c
[2.641s] -- Up-to-date: /home/catcyber02/Mobile-Robots-2026-1/install/xarm_msgs/include/xarm_msgs/xarm_msgs/srv/detail/get_analog_io__functions.h
[2.641s] -- Installing: /home/catcyber02/Mobile-Robots-2026-1/install/xarm_msgs/include/xarm_msgs/xarm_msgs/srv/detail/move_joint__type_support.c
[2.641s] -- Up-to-date: /home/catcyber02/Mobile-Robots-2026-1/install/xarm_msgs/include/xarm_msgs/xarm_msgs/srv/detail/set_int16_list__functions.c
[2.641s] -- Installing: /home/catcyber02/Mobile-Robots-2026-1/install/xarm_msgs/include/xarm_msgs/xarm_msgs/srv/detail/vacuum_gripper_ctrl__type_support.c
[2.641s] -- Up-to-date: /home/catcyber02/Mobile-Robots-2026-1/install/xarm_msgs/include/xarm_msgs/xarm_msgs/srv/detail/plan_joint__type_support.h
[2.642s] -- Up-to-date: /home/catcyber02/Mobile-Robots-2026-1/install/xarm_msgs/include/xarm_msgs/xarm_msgs/srv/detail/set_float32__type_support.h
[2.642s] -- Installing: /home/catcyber02/Mobile-Robots-2026-1/install/xarm_msgs/include/xarm_msgs/xarm_msgs/srv/detail/set_modbus_timeout__type_support.c
[2.642s] -- Installing: /home/catcyber02/Mobile-Robots-2026-1/install/xarm_msgs/include/xarm_msgs/xarm_msgs/srv/detail/iden_load__type_support.c
[2.642s] -- Up-to-date: /home/catcyber02/Mobile-Robots-2026-1/install/xarm_msgs/include/xarm_msgs/xarm_msgs/srv/detail/linear_track_back_origin__struct.h
[2.642s] -- Up-to-date: /home/catcyber02/Mobile-Robots-2026-1/install/xarm_msgs/include/xarm_msgs/xarm_msgs/srv/detail/get_float32_list__functions.c
[2.643s] -- Up-to-date: /home/catcyber02/Mobile-Robots-2026-1/install/xarm_msgs/include/xarm_msgs/xarm_msgs/srv/detail/get_int32__description.c
[2.643s] -- Up-to-date: /home/catcyber02/Mobile-Robots-2026-1/install/xarm_msgs/include/xarm_msgs/xarm_msgs/srv/detail/traj_ctrl__description.c
[2.643s] -- Up-to-date: /home/catcyber02/Mobile-Robots-2026-1/install/xarm_msgs/include/xarm_msgs/xarm_msgs/srv/detail/robotiq_activate__struct.h
[2.643s] -- Up-to-date: /home/catcyber02/Mobile-Robots-2026-1/install/xarm_msgs/include/xarm_msgs/xarm_msgs/srv/detail/ft_force_params__functions.h
[2.643s] -- Installing: /home/catcyber02/Mobile-Robots-2026-1/install/xarm_msgs/include/xarm_msgs/xarm_msgs/srv/detail/set_int16__type_support.c
[2.643s] -- Installing: /home/catcyber02/Mobile-Robots-2026-1/install/xarm_msgs/include/xarm_msgs/xarm_msgs/srv/detail/get_analog_io__type_support.c
[2.644s] -- Up-to-date: /home/catcyber02/Mobile-Robots-2026-1/install/xarm_msgs/include/xarm_msgs/xarm_msgs/srv/detail/robotiq_get_status__functions.h
[2.644s] -- Up-to-date: /home/catcyber02/Mobile-Robots-2026-1/install/xarm_msgs/include/xarm_msgs/xarm_msgs/srv/detail/set_float32_list__functions.c
[2.644s] -- Up-to-date: /home/catcyber02/Mobile-Robots-2026-1/install/xarm_msgs/include/xarm_msgs/xarm_msgs/srv/detail/set_int32_by_type__struct.h
[2.644s] -- Up-to-date: /home/catcyber02/Mobile-Robots-2026-1/install/xarm_msgs/include/xarm_msgs/xarm_msgs/srv/detail/move_home__functions.h
[2.644s] -- Up-to-date: /home/catcyber02/Mobile-Robots-2026-1/install/xarm_msgs/include/xarm_msgs/xarm_msgs/srv/detail/get_int32__functions.c
[2.644s] -- Up-to-date: /home/catcyber02/Mobile-Robots-2026-1/install/xarm_msgs/include/xarm_msgs/xarm_msgs/srv/detail/set_modbus_timeout__functions.c
[2.645s] -- Installing: /home/catcyber02/Mobile-Robots-2026-1/install/xarm_msgs/include/xarm_msgs/xarm_msgs/srv/detail/get_digital_io__type_support.c
[2.645s] -- Installing: /home/catcyber02/Mobile-Robots-2026-1/install/xarm_msgs/include/xarm_msgs/xarm_msgs/srv/detail/set_int32_by_type__type_support.c
[2.645s] -- Up-to-date: /home/catcyber02/Mobile-Robots-2026-1/install/xarm_msgs/include/xarm_msgs/xarm_msgs/srv/detail/get_int16_list__functions.h
[2.645s] -- Up-to-date: /home/catcyber02/Mobile-Robots-2026-1/install/xarm_msgs/include/xarm_msgs/xarm_msgs/srv/detail/ft_force_pid__struct.h
[2.645s] -- Up-to-date: /home/catcyber02/Mobile-Robots-2026-1/install/xarm_msgs/include/xarm_msgs/xarm_msgs/srv/detail/set_int32_by_type__type_support.h
[2.646s] -- Up-to-date: /home/catcyber02/Mobile-Robots-2026-1/install/xarm_msgs/include/xarm_msgs/xarm_msgs/srv/detail/set_modbus_timeout__description.c
[2.646s] -- Up-to-date: /home/catcyber02/Mobile-Robots-2026-1/install/xarm_msgs/include/xarm_msgs/xarm_msgs/srv/detail/get_float32_list__type_support.h
[2.646s] -- Installing: /home/catcyber02/Mobile-Robots-2026-1/install/xarm_msgs/include/xarm_msgs/xarm_msgs/srv/detail/linear_track_back_origin__type_support.c
[2.646s] -- Up-to-date: /home/catcyber02/Mobile-Robots-2026-1/install/xarm_msgs/include/xarm_msgs/xarm_msgs/srv/detail/move_cartesian__struct.h
[2.646s] -- Up-to-date: /home/catcyber02/Mobile-Robots-2026-1/install/xarm_msgs/include/xarm_msgs/xarm_msgs/srv/detail/get_int16_list__struct.h
[2.646s] -- Up-to-date: /home/catcyber02/Mobile-Robots-2026-1/install/xarm_msgs/include/xarm_msgs/xarm_msgs/srv/detail/call__struct.h
[2.647s] -- Up-to-date: /home/catcyber02/Mobile-Robots-2026-1/install/xarm_msgs/include/xarm_msgs/xarm_msgs/srv/detail/plan_joint__description.c
[2.647s] -- Up-to-date: /home/catcyber02/Mobile-Robots-2026-1/install/xarm_msgs/include/xarm_msgs/xarm_msgs/srv/detail/bio_gripper_ctrl__functions.h
[2.647s] -- Up-to-date: /home/catcyber02/Mobile-Robots-2026-1/install/xarm_msgs/include/xarm_msgs/xarm_msgs/srv/detail/linear_track_set_pos__description.c
[2.647s] -- Up-to-date: /home/catcyber02/Mobile-Robots-2026-1/install/xarm_msgs/include/xarm_msgs/xarm_msgs/srv/detail/move_circle__functions.c
[2.647s] -- Up-to-date: /home/catcyber02/Mobile-Robots-2026-1/install/xarm_msgs/include/xarm_msgs/xarm_msgs/srv/detail/plan_single_straight__description.c
[2.647s] -- Up-to-date: /home/catcyber02/Mobile-Robots-2026-1/install/xarm_msgs/include/xarm_msgs/xarm_msgs/srv/detail/robotiq_move__struct.h
[2.648s] -- Up-to-date: /home/catcyber02/Mobile-Robots-2026-1/install/xarm_msgs/include/xarm_msgs/xarm_msgs/srv/detail/ft_force_params__description.c
[2.648s] -- Up-to-date: /home/catcyber02/Mobile-Robots-2026-1/install/xarm_msgs/include/xarm_msgs/xarm_msgs/srv/detail/plan_exec__description.c
[2.648s] -- Up-to-date: /home/catcyber02/Mobile-Robots-2026-1/install/xarm_msgs/include/xarm_msgs/xarm_msgs/srv/detail/set_int16__description.c
[2.648s] -- Up-to-date: /home/catcyber02/Mobile-Robots-2026-1/install/xarm_msgs/include/xarm_msgs/xarm_msgs/srv/detail/robotiq_reset__functions.h
[2.648s] -- Up-to-date: /home/catcyber02/Mobile-Robots-2026-1/install/xarm_msgs/include/xarm_msgs/xarm_msgs/srv/detail/move_joint__type_support.h
[2.649s] -- Installing: /home/catcyber02/Mobile-Robots-2026-1/install/xarm_msgs/include/xarm_msgs/xarm_msgs/srv/detail/set_int16_by_id__type_support.c
[2.649s] -- Up-to-date: /home/catcyber02/Mobile-Robots-2026-1/install/xarm_msgs/include/xarm_msgs/xarm_msgs/srv/detail/get_int16__functions.h
[2.649s] -- Installing: /home/catcyber02/Mobile-Robots-2026-1/install/xarm_msgs/include/xarm_msgs/xarm_msgs/srv/detail/linear_motor_set_pos__type_support.c
[2.649s] -- Up-to-date: /home/catcyber02/Mobile-Robots-2026-1/install/xarm_msgs/include/xarm_msgs/xarm_msgs/srv/detail/robotiq_activate__type_support.h
[2.649s] -- Up-to-date: /home/catcyber02/Mobile-Robots-2026-1/install/xarm_msgs/include/xarm_msgs/xarm_msgs/srv/detail/move_circle__description.c
[2.649s] -- Up-to-date: /home/catcyber02/Mobile-Robots-2026-1/install/xarm_msgs/include/xarm_msgs/xarm_msgs/srv/detail/set_int32_by_type__functions.c
[2.650s] -- Up-to-date: /home/catcyber02/Mobile-Robots-2026-1/install/xarm_msgs/include/xarm_msgs/xarm_msgs/srv/detail/gripper_move__description.c
[2.650s] -- Up-to-date: /home/catcyber02/Mobile-Robots-2026-1/install/xarm_msgs/include/xarm_msgs/xarm_msgs/srv/detail/set_float32_list__functions.h
[2.650s] -- Installing: /home/catcyber02/Mobile-Robots-2026-1/install/xarm_msgs/include/xarm_msgs/xarm_msgs/srv/detail/get_float32__type_support.c
[2.650s] -- Up-to-date: /home/catcyber02/Mobile-Robots-2026-1/install/xarm_msgs/include/xarm_msgs/xarm_msgs/srv/detail/move_velocity__functions.c
[2.650s] -- Up-to-date: /home/catcyber02/Mobile-Robots-2026-1/install/xarm_msgs/include/xarm_msgs/xarm_msgs/srv/detail/call__functions.c
[2.650s] -- Installing: /home/catcyber02/Mobile-Robots-2026-1/install/xarm_msgs/include/xarm_msgs/xarm_msgs/srv/detail/plan_exec__type_support.c
[2.651s] -- Up-to-date: /home/catcyber02/Mobile-Robots-2026-1/install/xarm_msgs/include/xarm_msgs/xarm_msgs/srv/detail/move_velocity__description.c
[2.651s] -- Up-to-date: /home/catcyber02/Mobile-Robots-2026-1/install/xarm_msgs/include/xarm_msgs/xarm_msgs/srv/detail/set_int16__functions.h
[2.651s] -- Up-to-date: /home/catcyber02/Mobile-Robots-2026-1/install/xarm_msgs/include/xarm_msgs/xarm_msgs/srv/detail/move_circle__struct.h
[2.651s] -- Up-to-date: /home/catcyber02/Mobile-Robots-2026-1/install/xarm_msgs/include/xarm_msgs/xarm_msgs/srv/detail/robotiq_activate__description.c
[2.651s] -- Up-to-date: /home/catcyber02/Mobile-Robots-2026-1/install/xarm_msgs/include/xarm_msgs/xarm_msgs/srv/detail/plan_exec__struct.h
[2.651s] -- Up-to-date: /home/catcyber02/Mobile-Robots-2026-1/install/xarm_msgs/include/xarm_msgs/xarm_msgs/srv/detail/robotiq_reset__type_support.h
[2.652s] -- Up-to-date: /home/catcyber02/Mobile-Robots-2026-1/install/xarm_msgs/include/xarm_msgs/xarm_msgs/srv/detail/get_float32_list__functions.h
[2.652s] -- Up-to-date: /home/catcyber02/Mobile-Robots-2026-1/install/xarm_msgs/include/xarm_msgs/xarm_msgs/srv/detail/set_int16_list__type_support.h
[2.652s] -- Up-to-date: /home/catcyber02/Mobile-Robots-2026-1/install/xarm_msgs/include/xarm_msgs/xarm_msgs/srv/detail/robotiq_activate__functions.h
[2.652s] -- Up-to-date: /home/catcyber02/Mobile-Robots-2026-1/install/xarm_msgs/include/xarm_msgs/xarm_msgs/srv/detail/ft_force_config__functions.h
[2.652s] -- Up-to-date: /home/catcyber02/Mobile-Robots-2026-1/install/xarm_msgs/include/xarm_msgs/xarm_msgs/srv/detail/move_joint__functions.c
[2.652s] -- Up-to-date: /home/catcyber02/Mobile-Robots-2026-1/install/xarm_msgs/include/xarm_msgs/xarm_msgs/srv/detail/linear_motor_set_pos__struct.h
[2.653s] -- Up-to-date: /home/catcyber02/Mobile-Robots-2026-1/install/xarm_msgs/include/xarm_msgs/xarm_msgs/srv/detail/ft_cali_load__struct.h
[2.653s] -- Up-to-date: /home/catcyber02/Mobile-Robots-2026-1/install/xarm_msgs/include/xarm_msgs/xarm_msgs/srv/detail/set_int16__struct.h
[2.653s] -- Up-to-date: /home/catcyber02/Mobile-Robots-2026-1/install/xarm_msgs/include/xarm_msgs/xarm_msgs/srv/detail/set_analog_io__functions.c
[2.653s] -- Up-to-date: /home/catcyber02/Mobile-Robots-2026-1/install/xarm_msgs/include/xarm_msgs/xarm_msgs/srv/detail/move_velocity__struct.h
[2.653s] -- Up-to-date: /home/catcyber02/Mobile-Robots-2026-1/install/xarm_msgs/include/xarm_msgs/xarm_msgs/srv/detail/bio_gripper_ctrl__description.c
[2.654s] -- Installing: /home/catcyber02/Mobile-Robots-2026-1/install/xarm_msgs/include/xarm_msgs/xarm_msgs/srv/detail/move_velocity__type_support.c
[2.654s] -- Up-to-date: /home/catcyber02/Mobile-Robots-2026-1/install/xarm_msgs/include/xarm_msgs/xarm_msgs/srv/detail/iden_load__functions.h
[2.654s] -- Up-to-date: /home/catcyber02/Mobile-Robots-2026-1/install/xarm_msgs/include/xarm_msgs/xarm_msgs/srv/detail/move_circle__functions.h
[2.654s] -- Up-to-date: /home/catcyber02/Mobile-Robots-2026-1/install/xarm_msgs/include/xarm_msgs/xarm_msgs/srv/detail/get_int16__type_support.h
[2.654s] -- Up-to-date: /home/catcyber02/Mobile-Robots-2026-1/install/xarm_msgs/include/xarm_msgs/xarm_msgs/srv/detail/traj_ctrl__functions.h
[2.654s] -- Installing: /home/catcyber02/Mobile-Robots-2026-1/install/xarm_msgs/include/xarm_msgs/xarm_msgs/srv/detail/traj_play__type_support.c
[2.654s] -- Installing: /home/catcyber02/Mobile-Robots-2026-1/install/xarm_msgs/include/xarm_msgs/xarm_msgs/srv/detail/move_home__type_support.c
[2.655s] -- Installing: /home/catcyber02/Mobile-Robots-2026-1/install/xarm_msgs/include/xarm_msgs/xarm_msgs/srv/detail/ft_admittance_params__type_support.c
[2.655s] -- Up-to-date: /home/catcyber02/Mobile-Robots-2026-1/install/xarm_msgs/include/xarm_msgs/xarm_msgs/srv/detail/linear_track_set_pos__struct.h
[2.655s] -- Up-to-date: /home/catcyber02/Mobile-Robots-2026-1/install/xarm_msgs/include/xarm_msgs/xarm_msgs/srv/detail/vacuum_gripper_ctrl__type_support.h
[2.655s] -- Up-to-date: /home/catcyber02/Mobile-Robots-2026-1/install/xarm_msgs/include/xarm_msgs/xarm_msgs/srv/detail/traj_play__functions.c
[2.655s] -- Installing: /home/catcyber02/Mobile-Robots-2026-1/install/xarm_msgs/include/xarm_msgs/xarm_msgs/srv/detail/bio_gripper_enable__type_support.c
[2.655s] -- Installing: /home/catcyber02/Mobile-Robots-2026-1/install/xarm_msgs/include/xarm_msgs/xarm_msgs/srv/detail/ft_force_config__type_support.c
[2.656s] -- Up-to-date: /home/catcyber02/Mobile-Robots-2026-1/install/xarm_msgs/include/xarm_msgs/xarm_msgs/srv/detail/iden_load__type_support.h
[2.656s] -- Up-to-date: /home/catcyber02/Mobile-Robots-2026-1/install/xarm_msgs/include/xarm_msgs/xarm_msgs/srv/detail/move_home__type_support.h
[2.656s] -- Up-to-date: /home/catcyber02/Mobile-Robots-2026-1/install/xarm_msgs/include/xarm_msgs/xarm_msgs/srv/detail/get_float32__functions.h
[2.656s] -- Up-to-date: /home/catcyber02/Mobile-Robots-2026-1/install/xarm_msgs/include/xarm_msgs/xarm_msgs/srv/detail/ft_force_pid__functions.c
[2.656s] -- Up-to-date: /home/catcyber02/Mobile-Robots-2026-1/install/xarm_msgs/include/xarm_msgs/xarm_msgs/srv/detail/get_analog_io__description.c
[2.656s] -- Up-to-date: /home/catcyber02/Mobile-Robots-2026-1/install/xarm_msgs/include/xarm_msgs/xarm_msgs/srv/detail/set_float32_list__description.c
[2.657s] -- Up-to-date: /home/catcyber02/Mobile-Robots-2026-1/install/xarm_msgs/include/xarm_msgs/xarm_msgs/srv/detail/robotiq_move__functions.c
[2.657s] -- Up-to-date: /home/catcyber02/Mobile-Robots-2026-1/install/xarm_msgs/include/xarm_msgs/xarm_msgs/srv/detail/set_modbus_timeout__functions.h
[2.657s] -- Installing: /home/catcyber02/Mobile-Robots-2026-1/install/xarm_msgs/include/xarm_msgs/xarm_msgs/srv/detail/linear_track_set_pos__type_support.c
[2.657s] -- Up-to-date: /home/catcyber02/Mobile-Robots-2026-1/install/xarm_msgs/include/xarm_msgs/xarm_msgs/srv/detail/plan_exec__functions.c
[2.657s] -- Up-to-date: /home/catcyber02/Mobile-Robots-2026-1/install/xarm_msgs/include/xarm_msgs/xarm_msgs/srv/detail/linear_motor_set_pos__functions.c
[2.657s] -- Up-to-date: /home/catcyber02/Mobile-Robots-2026-1/install/xarm_msgs/include/xarm_msgs/xarm_msgs/srv/detail/robotiq_reset__struct.h
[2.658s] -- Up-to-date: /home/catcyber02/Mobile-Robots-2026-1/install/xarm_msgs/include/xarm_msgs/xarm_msgs/srv/robotiq_activate.h
[2.658s] -- Up-to-date: /home/catcyber02/Mobile-Robots-2026-1/install/xarm_msgs/include/xarm_msgs/xarm_msgs/srv/set_analog_io.h
[2.658s] -- Up-to-date: /home/catcyber02/Mobile-Robots-2026-1/install/xarm_msgs/include/xarm_msgs/xarm_msgs/srv/get_int16_list.h
[2.658s] -- Up-to-date: /home/catcyber02/Mobile-Robots-2026-1/install/xarm_msgs/include/xarm_msgs/xarm_msgs/srv/set_float32.h
[2.659s] -- Up-to-date: /home/catcyber02/Mobile-Robots-2026-1/install/xarm_msgs/include/xarm_msgs/xarm_msgs/srv/set_float32_list.h
[2.659s] -- Up-to-date: /home/catcyber02/Mobile-Robots-2026-1/install/xarm_msgs/include/xarm_msgs/xarm_msgs/srv/set_tcp_load.h
[2.659s] -- Up-to-date: /home/catcyber02/Mobile-Robots-2026-1/install/xarm_msgs/include/xarm_msgs/xarm_msgs/srv/plan_exec.h
[2.659s] -- Up-to-date: /home/catcyber02/Mobile-Robots-2026-1/install/xarm_msgs/include/xarm_msgs/xarm_msgs/srv/gripper_move.h
[2.659s] -- Up-to-date: /home/catcyber02/Mobile-Robots-2026-1/install/xarm_msgs/include/xarm_msgs/xarm_msgs/srv/get_float32.h
[2.660s] -- Up-to-date: /home/catcyber02/Mobile-Robots-2026-1/install/xarm_msgs/include/xarm_msgs/xarm_msgs/srv/move_velocity.h
[2.660s] -- Up-to-date: /home/catcyber02/Mobile-Robots-2026-1/install/xarm_msgs/include/xarm_msgs/xarm_msgs/srv/linear_motor_set_pos.h
[2.660s] -- Up-to-date: /home/catcyber02/Mobile-Robots-2026-1/install/xarm_msgs/include/xarm_msgs/xarm_msgs/srv/ft_force_pid.h
[2.661s] -- Up-to-date: /home/catcyber02/Mobile-Robots-2026-1/install/xarm_msgs/include/xarm_msgs/xarm_msgs/srv/set_int32.h
[2.661s] -- Up-to-date: /home/catcyber02/Mobile-Robots-2026-1/install/xarm_msgs/include/xarm_msgs/xarm_msgs/srv/set_modbus_timeout.h
[2.661s] -- Up-to-date: /home/catcyber02/Mobile-Robots-2026-1/install/xarm_msgs/include/xarm_msgs/xarm_msgs/srv/get_set_modbus_data.h
[2.661s] -- Up-to-date: /home/catcyber02/Mobile-Robots-2026-1/install/xarm_msgs/include/xarm_msgs/xarm_msgs/srv/ft_force_config.h
[2.661s] -- Up-to-date: /home/catcyber02/Mobile-Robots-2026-1/install/xarm_msgs/include/xarm_msgs/xarm_msgs/srv/call.h
[2.662s] -- Up-to-date: /home/catcyber02/Mobile-Robots-2026-1/install/xarm_msgs/include/xarm_msgs/xarm_msgs/srv/get_int16.h
[2.662s] -- Up-to-date: /home/catcyber02/Mobile-Robots-2026-1/install/xarm_msgs/include/xarm_msgs/xarm_msgs/srv/move_joint.h
[2.662s] -- Up-to-date: /home/catcyber02/Mobile-Robots-2026-1/install/xarm_msgs/include/xarm_msgs/xarm_msgs/srv/set_int16_list.h
[2.662s] -- Up-to-date: /home/catcyber02/Mobile-Robots-2026-1/install/xarm_msgs/include/xarm_msgs/xarm_msgs/srv/robotiq_move.h
[2.662s] -- Up-to-date: /home/catcyber02/Mobile-Robots-2026-1/install/xarm_msgs/include/xarm_msgs/xarm_msgs/srv/vacuum_gripper_ctrl.h
[2.662s] -- Up-to-date: /home/catcyber02/Mobile-Robots-2026-1/install/xarm_msgs/include/xarm_msgs/xarm_msgs/srv/robotiq_get_status.h
[2.662s] -- Up-to-date: /home/catcyber02/Mobile-Robots-2026-1/install/xarm_msgs/include/xarm_msgs/xarm_msgs/srv/get_int32_by_type.h
[2.663s] -- Up-to-date: /home/catcyber02/Mobile-Robots-2026-1/install/xarm_msgs/include/xarm_msgs/xarm_msgs/srv/linear_track_set_pos.h
[2.663s] -- Up-to-date: /home/catcyber02/Mobile-Robots-2026-1/install/xarm_msgs/include/xarm_msgs/xarm_msgs/srv/ft_admittance_params.h
[2.663s] -- Up-to-date: /home/catcyber02/Mobile-Robots-2026-1/install/xarm_msgs/include/xarm_msgs/xarm_msgs/srv/move_circle.h
[2.663s] -- Up-to-date: /home/catcyber02/Mobile-Robots-2026-1/install/xarm_msgs/include/xarm_msgs/xarm_msgs/srv/get_int32.h
[2.663s] -- Up-to-date: /home/catcyber02/Mobile-Robots-2026-1/install/xarm_msgs/include/xarm_msgs/xarm_msgs/srv/bio_gripper_ctrl.h
[2.663s] -- Up-to-date: /home/catcyber02/Mobile-Robots-2026-1/install/xarm_msgs/include/xarm_msgs/xarm_msgs/srv/ft_impedance.h
[2.663s] -- Up-to-date: /home/catcyber02/Mobile-Robots-2026-1/install/xarm_msgs/include/xarm_msgs/xarm_msgs/srv/set_int16.h
[2.664s] -- Up-to-date: /home/catcyber02/Mobile-Robots-2026-1/install/xarm_msgs/include/xarm_msgs/xarm_msgs/srv/get_analog_io.h
[2.664s] -- Up-to-date: /home/catcyber02/Mobile-Robots-2026-1/install/xarm_msgs/include/xarm_msgs/xarm_msgs/srv/set_int32_by_type.h
[2.664s] -- Up-to-date: /home/catcyber02/Mobile-Robots-2026-1/install/xarm_msgs/include/xarm_msgs/xarm_msgs/srv/traj_play.h
[2.664s] -- Up-to-date: /home/catcyber02/Mobile-Robots-2026-1/install/xarm_msgs/include/xarm_msgs/xarm_msgs/msg
[2.664s] -- Up-to-date: /home/catcyber02/Mobile-Robots-2026-1/install/xarm_msgs/include/xarm_msgs/xarm_msgs/msg/rosidl_generator_c__visibility_control.h
[2.665s] -- Up-to-date: /home/catcyber02/Mobile-Robots-2026-1/install/xarm_msgs/include/xarm_msgs/xarm_msgs/msg/detail
[2.665s] -- Up-to-date: /home/catcyber02/Mobile-Robots-2026-1/install/xarm_msgs/include/xarm_msgs/xarm_msgs/msg/detail/move_velocity__functions.h
[2.665s] -- Up-to-date: /home/catcyber02/Mobile-Robots-2026-1/install/xarm_msgs/include/xarm_msgs/xarm_msgs/msg/detail/robot_msg__struct.h
[2.665s] -- Up-to-date: /home/catcyber02/Mobile-Robots-2026-1/install/xarm_msgs/include/xarm_msgs/xarm_msgs/msg/detail/cio_state__functions.c
[2.665s] -- Up-to-date: /home/catcyber02/Mobile-Robots-2026-1/install/xarm_msgs/include/xarm_msgs/xarm_msgs/msg/detail/robot_msg__functions.h
[2.665s] -- Up-to-date: /home/catcyber02/Mobile-Robots-2026-1/install/xarm_msgs/include/xarm_msgs/xarm_msgs/msg/detail/cio_state__functions.h
[2.666s] -- Up-to-date: /home/catcyber02/Mobile-Robots-2026-1/install/xarm_msgs/include/xarm_msgs/xarm_msgs/msg/detail/move_velocity__type_support.h
[2.666s] -- Up-to-date: /home/catcyber02/Mobile-Robots-2026-1/install/xarm_msgs/include/xarm_msgs/xarm_msgs/msg/detail/cio_state__struct.h
[2.666s] -- Up-to-date: /home/catcyber02/Mobile-Robots-2026-1/install/xarm_msgs/include/xarm_msgs/xarm_msgs/msg/detail/io_state__type_support.h
[2.666s] -- Up-to-date: /home/catcyber02/Mobile-Robots-2026-1/install/xarm_msgs/include/xarm_msgs/xarm_msgs/msg/detail/robot_msg__type_support.h
[2.666s] -- Installing: /home/catcyber02/Mobile-Robots-2026-1/install/xarm_msgs/include/xarm_msgs/xarm_msgs/msg/detail/robot_msg__type_support.c
[2.667s] -- Up-to-date: /home/catcyber02/Mobile-Robots-2026-1/install/xarm_msgs/include/xarm_msgs/xarm_msgs/msg/detail/cio_state__type_support.h
[2.667s] -- Up-to-date: /home/catcyber02/Mobile-Robots-2026-1/install/xarm_msgs/include/xarm_msgs/xarm_msgs/msg/detail/robot_msg__description.c
[2.667s] -- Installing: /home/catcyber02/Mobile-Robots-2026-1/install/xarm_msgs/include/xarm_msgs/xarm_msgs/msg/detail/io_state__type_support.c
[2.667s] -- Up-to-date: /home/catcyber02/Mobile-Robots-2026-1/install/xarm_msgs/include/xarm_msgs/xarm_msgs/msg/detail/io_state__functions.c
[2.667s] -- Up-to-date: /home/catcyber02/Mobile-Robots-2026-1/install/xarm_msgs/include/xarm_msgs/xarm_msgs/msg/detail/io_state__functions.h
[2.668s] -- Up-to-date: /home/catcyber02/Mobile-Robots-2026-1/install/xarm_msgs/include/xarm_msgs/xarm_msgs/msg/detail/cio_state__description.c
[2.668s] -- Up-to-date: /home/catcyber02/Mobile-Robots-2026-1/install/xarm_msgs/include/xarm_msgs/xarm_msgs/msg/detail/move_velocity__functions.c
[2.668s] -- Up-to-date: /home/catcyber02/Mobile-Robots-2026-1/install/xarm_msgs/include/xarm_msgs/xarm_msgs/msg/detail/move_velocity__description.c
[2.668s] -- Up-to-date: /home/catcyber02/Mobile-Robots-2026-1/install/xarm_msgs/include/xarm_msgs/xarm_msgs/msg/detail/move_velocity__struct.h
[2.668s] -- Installing: /home/catcyber02/Mobile-Robots-2026-1/install/xarm_msgs/include/xarm_msgs/xarm_msgs/msg/detail/move_velocity__type_support.c
[2.669s] -- Up-to-date: /home/catcyber02/Mobile-Robots-2026-1/install/xarm_msgs/include/xarm_msgs/xarm_msgs/msg/detail/robot_msg__functions.c
[2.669s] -- Up-to-date: /home/catcyber02/Mobile-Robots-2026-1/install/xarm_msgs/include/xarm_msgs/xarm_msgs/msg/detail/io_state__struct.h
[2.669s] -- Up-to-date: /home/catcyber02/Mobile-Robots-2026-1/install/xarm_msgs/include/xarm_msgs/xarm_msgs/msg/detail/io_state__description.c
[2.669s] -- Installing: /home/catcyber02/Mobile-Robots-2026-1/install/xarm_msgs/include/xarm_msgs/xarm_msgs/msg/detail/cio_state__type_support.c
[2.670s] -- Up-to-date: /home/catcyber02/Mobile-Robots-2026-1/install/xarm_msgs/include/xarm_msgs/xarm_msgs/msg/robot_msg.h
[2.670s] -- Up-to-date: /home/catcyber02/Mobile-Robots-2026-1/install/xarm_msgs/include/xarm_msgs/xarm_msgs/msg/move_velocity.h
[2.670s] -- Up-to-date: /home/catcyber02/Mobile-Robots-2026-1/install/xarm_msgs/include/xarm_msgs/xarm_msgs/msg/io_state.h
[2.670s] -- Up-to-date: /home/catcyber02/Mobile-Robots-2026-1/install/xarm_msgs/include/xarm_msgs/xarm_msgs/msg/cio_state.h
[2.670s] -- Up-to-date: /home/catcyber02/Mobile-Robots-2026-1/install/xarm_msgs/share/xarm_msgs/environment/library_path.sh
[2.671s] -- Up-to-date: /home/catcyber02/Mobile-Robots-2026-1/install/xarm_msgs/share/xarm_msgs/environment/library_path.dsv
[2.671s] -- Up-to-date: /home/catcyber02/Mobile-Robots-2026-1/install/xarm_msgs/lib/libxarm_msgs__rosidl_generator_c.so
[2.671s] -- Up-to-date: /home/catcyber02/Mobile-Robots-2026-1/install/xarm_msgs/include/xarm_msgs/xarm_msgs
[2.671s] -- Up-to-date: /home/catcyber02/Mobile-Robots-2026-1/install/xarm_msgs/include/xarm_msgs/xarm_msgs/srv
[2.671s] -- Up-to-date: /home/catcyber02/Mobile-Robots-2026-1/install/xarm_msgs/include/xarm_msgs/xarm_msgs/srv/detail
[2.671s] -- Up-to-date: /home/catcyber02/Mobile-Robots-2026-1/install/xarm_msgs/include/xarm_msgs/xarm_msgs/srv/detail/plan_pose__rosidl_typesupport_fastrtps_c.h
[2.672s] -- Up-to-date: /home/catcyber02/Mobile-Robots-2026-1/install/xarm_msgs/include/xarm_msgs/xarm_msgs/srv/detail/set_modbus_timeout__rosidl_typesupport_fastrtps_c.h
[2.672s] -- Up-to-date: /home/catcyber02/Mobile-Robots-2026-1/install/xarm_msgs/include/xarm_msgs/xarm_msgs/srv/detail/get_int32_by_type__rosidl_typesupport_fastrtps_c.h
[2.672s] -- Up-to-date: /home/catcyber02/Mobile-Robots-2026-1/install/xarm_msgs/include/xarm_msgs/xarm_msgs/srv/detail/robotiq_activate__rosidl_typesupport_fastrtps_c.h
[2.673s] -- Up-to-date: /home/catcyber02/Mobile-Robots-2026-1/install/xarm_msgs/include/xarm_msgs/xarm_msgs/srv/detail/ft_cali_load__rosidl_typesupport_fastrtps_c.h
[2.673s] -- Up-to-date: /home/catcyber02/Mobile-Robots-2026-1/install/xarm_msgs/include/xarm_msgs/xarm_msgs/srv/detail/vacuum_gripper_ctrl__rosidl_typesupport_fastrtps_c.h
[2.673s] -- Up-to-date: /home/catcyber02/Mobile-Robots-2026-1/install/xarm_msgs/include/xarm_msgs/xarm_msgs/srv/detail/linear_track_set_pos__rosidl_typesupport_fastrtps_c.h
[2.673s] -- Up-to-date: /home/catcyber02/Mobile-Robots-2026-1/install/xarm_msgs/include/xarm_msgs/xarm_msgs/srv/detail/ft_force_pid__rosidl_typesupport_fastrtps_c.h
[2.673s] -- Up-to-date: /home/catcyber02/Mobile-Robots-2026-1/install/xarm_msgs/include/xarm_msgs/xarm_msgs/srv/detail/set_int32__rosidl_typesupport_fastrtps_c.h
[2.673s] -- Up-to-date: /home/catcyber02/Mobile-Robots-2026-1/install/xarm_msgs/include/xarm_msgs/xarm_msgs/srv/detail/move_joint__rosidl_typesupport_fastrtps_c.h
[2.673s] -- Up-to-date: /home/catcyber02/Mobile-Robots-2026-1/install/xarm_msgs/include/xarm_msgs/xarm_msgs/srv/detail/ft_force_config__rosidl_typesupport_fastrtps_c.h
[2.674s] -- Up-to-date: /home/catcyber02/Mobile-Robots-2026-1/install/xarm_msgs/include/xarm_msgs/xarm_msgs/srv/detail/set_int32_by_type__rosidl_typesupport_fastrtps_c.h
[2.674s] -- Up-to-date: /home/catcyber02/Mobile-Robots-2026-1/install/xarm_msgs/include/xarm_msgs/xarm_msgs/srv/detail/set_tcp_load__rosidl_typesupport_fastrtps_c.h
[2.674s] -- Up-to-date: /home/catcyber02/Mobile-Robots-2026-1/install/xarm_msgs/include/xarm_msgs/xarm_msgs/srv/detail/gripper_move__rosidl_typesupport_fastrtps_c.h
[2.674s] -- Up-to-date: /home/catcyber02/Mobile-Robots-2026-1/install/xarm_msgs/include/xarm_msgs/xarm_msgs/srv/detail/set_analog_io__rosidl_typesupport_fastrtps_c.h
[2.674s] -- Up-to-date: /home/catcyber02/Mobile-Robots-2026-1/install/xarm_msgs/include/xarm_msgs/xarm_msgs/srv/detail/traj_play__rosidl_typesupport_fastrtps_c.h
[2.674s] -- Up-to-date: /home/catcyber02/Mobile-Robots-2026-1/install/xarm_msgs/include/xarm_msgs/xarm_msgs/srv/detail/get_float32_list__rosidl_typesupport_fastrtps_c.h
[2.674s] -- Up-to-date: /home/catcyber02/Mobile-Robots-2026-1/install/xarm_msgs/include/xarm_msgs/xarm_msgs/srv/detail/get_set_modbus_data__rosidl_typesupport_fastrtps_c.h
[2.675s] -- Up-to-date: /home/catcyber02/Mobile-Robots-2026-1/install/xarm_msgs/include/xarm_msgs/xarm_msgs/srv/detail/robotiq_reset__rosidl_typesupport_fastrtps_c.h
[2.675s] -- Up-to-date: /home/catcyber02/Mobile-Robots-2026-1/install/xarm_msgs/include/xarm_msgs/xarm_msgs/srv/detail/set_float32_list__rosidl_typesupport_fastrtps_c.h
[2.675s] -- Up-to-date: /home/catcyber02/Mobile-Robots-2026-1/install/xarm_msgs/include/xarm_msgs/xarm_msgs/srv/detail/set_int16_list__rosidl_typesupport_fastrtps_c.h
[2.675s] -- Up-to-date: /home/catcyber02/Mobile-Robots-2026-1/install/xarm_msgs/include/xarm_msgs/xarm_msgs/srv/detail/get_digital_io__rosidl_typesupport_fastrtps_c.h
[2.675s] -- Up-to-date: /home/catcyber02/Mobile-Robots-2026-1/install/xarm_msgs/include/xarm_msgs/xarm_msgs/srv/detail/call__rosidl_typesupport_fastrtps_c.h
[2.675s] -- Up-to-date: /home/catcyber02/Mobile-Robots-2026-1/install/xarm_msgs/include/xarm_msgs/xarm_msgs/srv/detail/move_circle__rosidl_typesupport_fastrtps_c.h
[2.675s] -- Up-to-date: /home/catcyber02/Mobile-Robots-2026-1/install/xarm_msgs/include/xarm_msgs/xarm_msgs/srv/detail/linear_motor_set_pos__rosidl_typesupport_fastrtps_c.h
[2.676s] -- Up-to-date: /home/catcyber02/Mobile-Robots-2026-1/install/xarm_msgs/include/xarm_msgs/xarm_msgs/srv/detail/plan_single_straight__rosidl_typesupport_fastrtps_c.h
[2.676s] -- Up-to-date: /home/catcyber02/Mobile-Robots-2026-1/install/xarm_msgs/include/xarm_msgs/xarm_msgs/srv/detail/get_int16_list__rosidl_typesupport_fastrtps_c.h
[2.676s] -- Up-to-date: /home/catcyber02/Mobile-Robots-2026-1/install/xarm_msgs/include/xarm_msgs/xarm_msgs/srv/detail/get_analog_io__rosidl_typesupport_fastrtps_c.h
[2.676s] -- Up-to-date: /home/catcyber02/Mobile-Robots-2026-1/install/xarm_msgs/include/xarm_msgs/xarm_msgs/srv/detail/linear_motor_back_origin__rosidl_typesupport_fastrtps_c.h
[2.676s] -- Up-to-date: /home/catcyber02/Mobile-Robots-2026-1/install/xarm_msgs/include/xarm_msgs/xarm_msgs/srv/detail/move_cartesian__rosidl_typesupport_fastrtps_c.h
[2.676s] -- Up-to-date: /home/catcyber02/Mobile-Robots-2026-1/install/xarm_msgs/include/xarm_msgs/xarm_msgs/srv/detail/ft_impedance__rosidl_typesupport_fastrtps_c.h
[2.676s] -- Up-to-date: /home/catcyber02/Mobile-Robots-2026-1/install/xarm_msgs/include/xarm_msgs/xarm_msgs/srv/detail/set_int16__rosidl_typesupport_fastrtps_c.h
[2.677s] -- Up-to-date: /home/catcyber02/Mobile-Robots-2026-1/install/xarm_msgs/include/xarm_msgs/xarm_msgs/srv/detail/traj_ctrl__rosidl_typesupport_fastrtps_c.h
[2.677s] -- Up-to-date: /home/catcyber02/Mobile-Robots-2026-1/install/xarm_msgs/include/xarm_msgs/xarm_msgs/srv/detail/ft_force_params__rosidl_typesupport_fastrtps_c.h
[2.677s] -- Up-to-date: /home/catcyber02/Mobile-Robots-2026-1/install/xarm_msgs/include/xarm_msgs/xarm_msgs/srv/detail/bio_gripper_enable__rosidl_typesupport_fastrtps_c.h
[2.677s] -- Up-to-date: /home/catcyber02/Mobile-Robots-2026-1/install/xarm_msgs/include/xarm_msgs/xarm_msgs/srv/detail/move_home__rosidl_typesupport_fastrtps_c.h
[2.677s] -- Up-to-date: /home/catcyber02/Mobile-Robots-2026-1/install/xarm_msgs/include/xarm_msgs/xarm_msgs/srv/detail/robotiq_move__rosidl_typesupport_fastrtps_c.h
[2.677s] -- Up-to-date: /home/catcyber02/Mobile-Robots-2026-1/install/xarm_msgs/include/xarm_msgs/xarm_msgs/srv/detail/iden_load__rosidl_typesupport_fastrtps_c.h
[2.677s] -- Up-to-date: /home/catcyber02/Mobile-Robots-2026-1/install/xarm_msgs/include/xarm_msgs/xarm_msgs/srv/detail/get_float32__rosidl_typesupport_fastrtps_c.h
[2.678s] -- Up-to-date: /home/catcyber02/Mobile-Robots-2026-1/install/xarm_msgs/include/xarm_msgs/xarm_msgs/srv/detail/ft_admittance_params__rosidl_typesupport_fastrtps_c.h
[2.678s] -- Up-to-date: /home/catcyber02/Mobile-Robots-2026-1/install/xarm_msgs/include/xarm_msgs/xarm_msgs/srv/detail/get_int32__rosidl_typesupport_fastrtps_c.h
[2.678s] -- Up-to-date: /home/catcyber02/Mobile-Robots-2026-1/install/xarm_msgs/include/xarm_msgs/xarm_msgs/srv/detail/set_float32__rosidl_typesupport_fastrtps_c.h
[2.678s] -- Up-to-date: /home/catcyber02/Mobile-Robots-2026-1/install/xarm_msgs/include/xarm_msgs/xarm_msgs/srv/detail/plan_joint__rosidl_typesupport_fastrtps_c.h
[2.678s] -- Up-to-date: /home/catcyber02/Mobile-Robots-2026-1/install/xarm_msgs/include/xarm_msgs/xarm_msgs/srv/detail/move_velocity__rosidl_typesupport_fastrtps_c.h
[2.678s] -- Up-to-date: /home/catcyber02/Mobile-Robots-2026-1/install/xarm_msgs/include/xarm_msgs/xarm_msgs/srv/detail/bio_gripper_ctrl__rosidl_typesupport_fastrtps_c.h
[2.678s] -- Up-to-date: /home/catcyber02/Mobile-Robots-2026-1/install/xarm_msgs/include/xarm_msgs/xarm_msgs/srv/detail/plan_exec__rosidl_typesupport_fastrtps_c.h
[2.679s] -- Up-to-date: /home/catcyber02/Mobile-Robots-2026-1/install/xarm_msgs/include/xarm_msgs/xarm_msgs/srv/detail/linear_track_back_origin__rosidl_typesupport_fastrtps_c.h
[2.679s] -- Up-to-date: /home/catcyber02/Mobile-Robots-2026-1/install/xarm_msgs/include/xarm_msgs/xarm_msgs/srv/detail/set_int16_by_id__rosidl_typesupport_fastrtps_c.h
[2.679s] -- Up-to-date: /home/catcyber02/Mobile-Robots-2026-1/install/xarm_msgs/include/xarm_msgs/xarm_msgs/srv/detail/robotiq_get_status__rosidl_typesupport_fastrtps_c.h
[2.679s] -- Up-to-date: /home/catcyber02/Mobile-Robots-2026-1/install/xarm_msgs/include/xarm_msgs/xarm_msgs/srv/detail/set_digital_io__rosidl_typesupport_fastrtps_c.h
[2.679s] -- Up-to-date: /home/catcyber02/Mobile-Robots-2026-1/install/xarm_msgs/include/xarm_msgs/xarm_msgs/srv/detail/get_int16__rosidl_typesupport_fastrtps_c.h
[2.679s] -- Up-to-date: /home/catcyber02/Mobile-Robots-2026-1/install/xarm_msgs/include/xarm_msgs/xarm_msgs/msg
[2.679s] -- Up-to-date: /home/catcyber02/Mobile-Robots-2026-1/install/xarm_msgs/include/xarm_msgs/xarm_msgs/msg/rosidl_typesupport_fastrtps_c__visibility_control.h
[2.680s] -- Up-to-date: /home/catcyber02/Mobile-Robots-2026-1/install/xarm_msgs/include/xarm_msgs/xarm_msgs/msg/detail
[2.680s] -- Up-to-date: /home/catcyber02/Mobile-Robots-2026-1/install/xarm_msgs/include/xarm_msgs/xarm_msgs/msg/detail/io_state__rosidl_typesupport_fastrtps_c.h
[2.680s] -- Up-to-date: /home/catcyber02/Mobile-Robots-2026-1/install/xarm_msgs/include/xarm_msgs/xarm_msgs/msg/detail/robot_msg__rosidl_typesupport_fastrtps_c.h
[2.680s] -- Up-to-date: /home/catcyber02/Mobile-Robots-2026-1/install/xarm_msgs/include/xarm_msgs/xarm_msgs/msg/detail/cio_state__rosidl_typesupport_fastrtps_c.h
[2.680s] -- Up-to-date: /home/catcyber02/Mobile-Robots-2026-1/install/xarm_msgs/include/xarm_msgs/xarm_msgs/msg/detail/move_velocity__rosidl_typesupport_fastrtps_c.h
[2.680s] -- Up-to-date: /home/catcyber02/Mobile-Robots-2026-1/install/xarm_msgs/lib/libxarm_msgs__rosidl_typesupport_fastrtps_c.so
[2.680s] -- Up-to-date: /home/catcyber02/Mobile-Robots-2026-1/install/xarm_msgs/include/xarm_msgs/xarm_msgs
[2.680s] -- Up-to-date: /home/catcyber02/Mobile-Robots-2026-1/install/xarm_msgs/include/xarm_msgs/xarm_msgs/srv
[2.681s] -- Up-to-date: /home/catcyber02/Mobile-Robots-2026-1/install/xarm_msgs/include/xarm_msgs/xarm_msgs/srv/move_joint.hpp
[2.681s] -- Up-to-date: /home/catcyber02/Mobile-Robots-2026-1/install/xarm_msgs/include/xarm_msgs/xarm_msgs/srv/set_float32.hpp
[2.681s] -- Up-to-date: /home/catcyber02/Mobile-Robots-2026-1/install/xarm_msgs/include/xarm_msgs/xarm_msgs/srv/ft_admittance_params.hpp
[2.681s] -- Up-to-date: /home/catcyber02/Mobile-Robots-2026-1/install/xarm_msgs/include/xarm_msgs/xarm_msgs/srv/get_set_modbus_data.hpp
[2.681s] -- Up-to-date: /home/catcyber02/Mobile-Robots-2026-1/install/xarm_msgs/include/xarm_msgs/xarm_msgs/srv/get_int16_list.hpp
[2.681s] -- Up-to-date: /home/catcyber02/Mobile-Robots-2026-1/install/xarm_msgs/include/xarm_msgs/xarm_msgs/srv/move_velocity.hpp
[2.681s] -- Up-to-date: /home/catcyber02/Mobile-Robots-2026-1/install/xarm_msgs/include/xarm_msgs/xarm_msgs/srv/call.hpp
[2.682s] -- Up-to-date: /home/catcyber02/Mobile-Robots-2026-1/install/xarm_msgs/include/xarm_msgs/xarm_msgs/srv/detail
[2.682s] -- Up-to-date: /home/catcyber02/Mobile-Robots-2026-1/install/xarm_msgs/include/xarm_msgs/xarm_msgs/srv/detail/ft_admittance_params__struct.hpp
[2.682s] -- Up-to-date: /home/catcyber02/Mobile-Robots-2026-1/install/xarm_msgs/include/xarm_msgs/xarm_msgs/srv/detail/set_digital_io__type_support.hpp
[2.682s] -- Up-to-date: /home/catcyber02/Mobile-Robots-2026-1/install/xarm_msgs/include/xarm_msgs/xarm_msgs/srv/detail/set_int16_list__builder.hpp
[2.682s] -- Up-to-date: /home/catcyber02/Mobile-Robots-2026-1/install/xarm_msgs/include/xarm_msgs/xarm_msgs/srv/detail/set_int32_by_type__type_support.hpp
[2.682s] -- Up-to-date: /home/catcyber02/Mobile-Robots-2026-1/install/xarm_msgs/include/xarm_msgs/xarm_msgs/srv/detail/robotiq_activate__type_support.hpp
[2.682s] -- Up-to-date: /home/catcyber02/Mobile-Robots-2026-1/install/xarm_msgs/include/xarm_msgs/xarm_msgs/srv/detail/gripper_move__builder.hpp
[2.683s] -- Up-to-date: /home/catcyber02/Mobile-Robots-2026-1/install/xarm_msgs/include/xarm_msgs/xarm_msgs/srv/detail/traj_play__traits.hpp
[2.683s] -- Up-to-date: /home/catcyber02/Mobile-Robots-2026-1/install/xarm_msgs/include/xarm_msgs/xarm_msgs/srv/detail/get_set_modbus_data__type_support.hpp
[2.683s] -- Up-to-date: /home/catcyber02/Mobile-Robots-2026-1/install/xarm_msgs/include/xarm_msgs/xarm_msgs/srv/detail/get_int32_by_type__type_support.hpp
[2.683s] -- Up-to-date: /home/catcyber02/Mobile-Robots-2026-1/install/xarm_msgs/include/xarm_msgs/xarm_msgs/srv/detail/gripper_move__struct.hpp
[2.683s] -- Up-to-date: /home/catcyber02/Mobile-Robots-2026-1/install/xarm_msgs/include/xarm_msgs/xarm_msgs/srv/detail/linear_track_set_pos__traits.hpp
[2.683s] -- Up-to-date: /home/catcyber02/Mobile-Robots-2026-1/install/xarm_msgs/include/xarm_msgs/xarm_msgs/srv/detail/robotiq_move__builder.hpp
[2.683s] -- Up-to-date: /home/catcyber02/Mobile-Robots-2026-1/install/xarm_msgs/include/xarm_msgs/xarm_msgs/srv/detail/iden_load__struct.hpp
[2.684s] -- Up-to-date: /home/catcyber02/Mobile-Robots-2026-1/install/xarm_msgs/include/xarm_msgs/xarm_msgs/srv/detail/call__struct.hpp
[2.684s] -- Up-to-date: /home/catcyber02/Mobile-Robots-2026-1/install/xarm_msgs/include/xarm_msgs/xarm_msgs/srv/detail/traj_ctrl__builder.hpp
[2.684s] -- Up-to-date: /home/catcyber02/Mobile-Robots-2026-1/install/xarm_msgs/include/xarm_msgs/xarm_msgs/srv/detail/get_int16__traits.hpp
[2.684s] -- Up-to-date: /home/catcyber02/Mobile-Robots-2026-1/install/xarm_msgs/include/xarm_msgs/xarm_msgs/srv/detail/plan_joint__struct.hpp
[2.684s] -- Up-to-date: /home/catcyber02/Mobile-Robots-2026-1/install/xarm_msgs/include/xarm_msgs/xarm_msgs/srv/detail/set_int32__type_support.hpp
[2.684s] -- Up-to-date: /home/catcyber02/Mobile-Robots-2026-1/install/xarm_msgs/include/xarm_msgs/xarm_msgs/srv/detail/get_int16_list__type_support.hpp
[2.684s] -- Up-to-date: /home/catcyber02/Mobile-Robots-2026-1/install/xarm_msgs/include/xarm_msgs/xarm_msgs/srv/detail/linear_motor_back_origin__type_support.hpp
[2.685s] -- Up-to-date: /home/catcyber02/Mobile-Robots-2026-1/install/xarm_msgs/include/xarm_msgs/xarm_msgs/srv/detail/move_joint__builder.hpp
[2.685s] -- Up-to-date: /home/catcyber02/Mobile-Robots-2026-1/install/xarm_msgs/include/xarm_msgs/xarm_msgs/srv/detail/robotiq_move__type_support.hpp
[2.685s] -- Up-to-date: /home/catcyber02/Mobile-Robots-2026-1/install/xarm_msgs/include/xarm_msgs/xarm_msgs/srv/detail/set_analog_io__type_support.hpp
[2.685s] -- Up-to-date: /home/catcyber02/Mobile-Robots-2026-1/install/xarm_msgs/include/xarm_msgs/xarm_msgs/srv/detail/set_float32_list__traits.hpp
[2.685s] -- Up-to-date: /home/catcyber02/Mobile-Robots-2026-1/install/xarm_msgs/include/xarm_msgs/xarm_msgs/srv/detail/get_float32_list__type_support.hpp
[2.685s] -- Up-to-date: /home/catcyber02/Mobile-Robots-2026-1/install/xarm_msgs/include/xarm_msgs/xarm_msgs/srv/detail/iden_load__builder.hpp
[2.685s] -- Up-to-date: /home/catcyber02/Mobile-Robots-2026-1/install/xarm_msgs/include/xarm_msgs/xarm_msgs/srv/detail/ft_force_config__struct.hpp
[2.686s] -- Up-to-date: /home/catcyber02/Mobile-Robots-2026-1/install/xarm_msgs/include/xarm_msgs/xarm_msgs/srv/detail/move_circle__type_support.hpp
[2.686s] -- Up-to-date: /home/catcyber02/Mobile-Robots-2026-1/install/xarm_msgs/include/xarm_msgs/xarm_msgs/srv/detail/plan_exec__builder.hpp
[2.686s] -- Up-to-date: /home/catcyber02/Mobile-Robots-2026-1/install/xarm_msgs/include/xarm_msgs/xarm_msgs/srv/detail/set_modbus_timeout__builder.hpp
[2.686s] -- Up-to-date: /home/catcyber02/Mobile-Robots-2026-1/install/xarm_msgs/include/xarm_msgs/xarm_msgs/srv/detail/set_tcp_load__traits.hpp
[2.686s] -- Up-to-date: /home/catcyber02/Mobile-Robots-2026-1/install/xarm_msgs/include/xarm_msgs/xarm_msgs/srv/detail/plan_exec__traits.hpp
[2.686s] -- Up-to-date: /home/catcyber02/Mobile-Robots-2026-1/install/xarm_msgs/include/xarm_msgs/xarm_msgs/srv/detail/ft_force_pid__traits.hpp
[2.686s] -- Up-to-date: /home/catcyber02/Mobile-Robots-2026-1/install/xarm_msgs/include/xarm_msgs/xarm_msgs/srv/detail/traj_play__struct.hpp
[2.687s] -- Up-to-date: /home/catcyber02/Mobile-Robots-2026-1/install/xarm_msgs/include/xarm_msgs/xarm_msgs/srv/detail/robotiq_move__traits.hpp
[2.687s] -- Up-to-date: /home/catcyber02/Mobile-Robots-2026-1/install/xarm_msgs/include/xarm_msgs/xarm_msgs/srv/detail/set_int32__traits.hpp
[2.687s] -- Up-to-date: /home/catcyber02/Mobile-Robots-2026-1/install/xarm_msgs/include/xarm_msgs/xarm_msgs/srv/detail/robotiq_reset__struct.hpp
[2.687s] -- Up-to-date: /home/catcyber02/Mobile-Robots-2026-1/install/xarm_msgs/include/xarm_msgs/xarm_msgs/srv/detail/plan_exec__struct.hpp
[2.687s] -- Up-to-date: /home/catcyber02/Mobile-Robots-2026-1/install/xarm_msgs/include/xarm_msgs/xarm_msgs/srv/detail/linear_motor_back_origin__struct.hpp
[2.687s] -- Up-to-date: /home/catcyber02/Mobile-Robots-2026-1/install/xarm_msgs/include/xarm_msgs/xarm_msgs/srv/detail/linear_track_back_origin__struct.hpp
[2.687s] -- Up-to-date: /home/catcyber02/Mobile-Robots-2026-1/install/xarm_msgs/include/xarm_msgs/xarm_msgs/srv/detail/robotiq_move__struct.hpp
[2.688s] -- Up-to-date: /home/catcyber02/Mobile-Robots-2026-1/install/xarm_msgs/include/xarm_msgs/xarm_msgs/srv/detail/set_float32_list__builder.hpp
[2.688s] -- Up-to-date: /home/catcyber02/Mobile-Robots-2026-1/install/xarm_msgs/include/xarm_msgs/xarm_msgs/srv/detail/set_analog_io__builder.hpp
[2.688s] -- Up-to-date: /home/catcyber02/Mobile-Robots-2026-1/install/xarm_msgs/include/xarm_msgs/xarm_msgs/srv/detail/ft_cali_load__builder.hpp
[2.688s] -- Up-to-date: /home/catcyber02/Mobile-Robots-2026-1/install/xarm_msgs/include/xarm_msgs/xarm_msgs/srv/detail/robotiq_get_status__traits.hpp
[2.688s] -- Up-to-date: /home/catcyber02/Mobile-Robots-2026-1/install/xarm_msgs/include/xarm_msgs/xarm_msgs/srv/detail/move_velocity__traits.hpp
[2.688s] -- Up-to-date: /home/catcyber02/Mobile-Robots-2026-1/install/xarm_msgs/include/xarm_msgs/xarm_msgs/srv/detail/get_int32__builder.hpp
[2.688s] -- Up-to-date: /home/catcyber02/Mobile-Robots-2026-1/install/xarm_msgs/include/xarm_msgs/xarm_msgs/srv/detail/ft_cali_load__traits.hpp
[2.689s] -- Up-to-date: /home/catcyber02/Mobile-Robots-2026-1/install/xarm_msgs/include/xarm_msgs/xarm_msgs/srv/detail/set_int32__builder.hpp
[2.689s] -- Up-to-date: /home/catcyber02/Mobile-Robots-2026-1/install/xarm_msgs/include/xarm_msgs/xarm_msgs/srv/detail/ft_force_pid__struct.hpp
[2.689s] -- Up-to-date: /home/catcyber02/Mobile-Robots-2026-1/install/xarm_msgs/include/xarm_msgs/xarm_msgs/srv/detail/set_int16_list__struct.hpp
[2.689s] -- Up-to-date: /home/catcyber02/Mobile-Robots-2026-1/install/xarm_msgs/include/xarm_msgs/xarm_msgs/srv/detail/get_float32_list__builder.hpp
[2.689s] -- Up-to-date: /home/catcyber02/Mobile-Robots-2026-1/install/xarm_msgs/include/xarm_msgs/xarm_msgs/srv/detail/call__builder.hpp
[2.689s] -- Up-to-date: /home/catcyber02/Mobile-Robots-2026-1/install/xarm_msgs/include/xarm_msgs/xarm_msgs/srv/detail/bio_gripper_ctrl__struct.hpp
[2.689s] -- Up-to-date: /home/catcyber02/Mobile-Robots-2026-1/install/xarm_msgs/include/xarm_msgs/xarm_msgs/srv/detail/get_float32__type_support.hpp
[2.690s] -- Up-to-date: /home/catcyber02/Mobile-Robots-2026-1/install/xarm_msgs/include/xarm_msgs/xarm_msgs/srv/detail/get_set_modbus_data__traits.hpp
[2.690s] -- Up-to-date: /home/catcyber02/Mobile-Robots-2026-1/install/xarm_msgs/include/xarm_msgs/xarm_msgs/srv/detail/set_int16_by_id__type_support.hpp
[2.690s] -- Up-to-date: /home/catcyber02/Mobile-Robots-2026-1/install/xarm_msgs/include/xarm_msgs/xarm_msgs/srv/detail/move_circle__struct.hpp
[2.690s] -- Up-to-date: /home/catcyber02/Mobile-Robots-2026-1/install/xarm_msgs/include/xarm_msgs/xarm_msgs/srv/detail/linear_motor_back_origin__traits.hpp
[2.690s] -- Up-to-date: /home/catcyber02/Mobile-Robots-2026-1/install/xarm_msgs/include/xarm_msgs/xarm_msgs/srv/detail/plan_joint__builder.hpp
[2.690s] -- Up-to-date: /home/catcyber02/Mobile-Robots-2026-1/install/xarm_msgs/include/xarm_msgs/xarm_msgs/srv/detail/get_int32__struct.hpp
[2.690s] -- Up-to-date: /home/catcyber02/Mobile-Robots-2026-1/install/xarm_msgs/include/xarm_msgs/xarm_msgs/srv/detail/get_analog_io__builder.hpp
[2.690s] -- Up-to-date: /home/catcyber02/Mobile-Robots-2026-1/install/xarm_msgs/include/xarm_msgs/xarm_msgs/srv/detail/set_int16_by_id__builder.hpp
[2.691s] -- Up-to-date: /home/catcyber02/Mobile-Robots-2026-1/install/xarm_msgs/include/xarm_msgs/xarm_msgs/srv/detail/set_float32__struct.hpp
[2.691s] -- Up-to-date: /home/catcyber02/Mobile-Robots-2026-1/install/xarm_msgs/include/xarm_msgs/xarm_msgs/srv/detail/get_set_modbus_data__builder.hpp
[2.691s] -- Up-to-date: /home/catcyber02/Mobile-Robots-2026-1/install/xarm_msgs/include/xarm_msgs/xarm_msgs/srv/detail/get_int16_list__traits.hpp
[2.691s] -- Up-to-date: /home/catcyber02/Mobile-Robots-2026-1/install/xarm_msgs/include/xarm_msgs/xarm_msgs/srv/detail/set_digital_io__traits.hpp
[2.691s] -- Up-to-date: /home/catcyber02/Mobile-Robots-2026-1/install/xarm_msgs/include/xarm_msgs/xarm_msgs/srv/detail/set_int16__struct.hpp
[2.691s] -- Up-to-date: /home/catcyber02/Mobile-Robots-2026-1/install/xarm_msgs/include/xarm_msgs/xarm_msgs/srv/detail/linear_motor_set_pos__builder.hpp
[2.691s] -- Up-to-date: /home/catcyber02/Mobile-Robots-2026-1/install/xarm_msgs/include/xarm_msgs/xarm_msgs/srv/detail/gripper_move__type_support.hpp
[2.692s] -- Up-to-date: /home/catcyber02/Mobile-Robots-2026-1/install/xarm_msgs/include/xarm_msgs/xarm_msgs/srv/detail/ft_force_params__struct.hpp
[2.692s] -- Up-to-date: /home/catcyber02/Mobile-Robots-2026-1/install/xarm_msgs/include/xarm_msgs/xarm_msgs/srv/detail/robotiq_get_status__type_support.hpp
[2.692s] -- Up-to-date: /home/catcyber02/Mobile-Robots-2026-1/install/xarm_msgs/include/xarm_msgs/xarm_msgs/srv/detail/bio_gripper_ctrl__builder.hpp
[2.692s] -- Up-to-date: /home/catcyber02/Mobile-Robots-2026-1/install/xarm_msgs/include/xarm_msgs/xarm_msgs/srv/detail/get_int32_by_type__traits.hpp
[2.692s] -- Up-to-date: /home/catcyber02/Mobile-Robots-2026-1/install/xarm_msgs/include/xarm_msgs/xarm_msgs/srv/detail/set_int16_list__traits.hpp
[2.692s] -- Up-to-date: /home/catcyber02/Mobile-Robots-2026-1/install/xarm_msgs/include/xarm_msgs/xarm_msgs/srv/detail/get_int32_by_type__struct.hpp
[2.692s] -- Up-to-date: /home/catcyber02/Mobile-Robots-2026-1/install/xarm_msgs/include/xarm_msgs/xarm_msgs/srv/detail/ft_impedance__struct.hpp
[2.693s] -- Up-to-date: /home/catcyber02/Mobile-Robots-2026-1/install/xarm_msgs/include/xarm_msgs/xarm_msgs/srv/detail/vacuum_gripper_ctrl__builder.hpp
[2.693s] -- Up-to-date: /home/catcyber02/Mobile-Robots-2026-1/install/xarm_msgs/include/xarm_msgs/xarm_msgs/srv/detail/plan_single_straight__traits.hpp
[2.693s] -- Up-to-date: /home/catcyber02/Mobile-Robots-2026-1/install/xarm_msgs/include/xarm_msgs/xarm_msgs/srv/detail/get_digital_io__traits.hpp
[2.693s] -- Up-to-date: /home/catcyber02/Mobile-Robots-2026-1/install/xarm_msgs/include/xarm_msgs/xarm_msgs/srv/detail/ft_force_params__builder.hpp
[2.693s] -- Up-to-date: /home/catcyber02/Mobile-Robots-2026-1/install/xarm_msgs/include/xarm_msgs/xarm_msgs/srv/detail/move_circle__traits.hpp
[2.693s] -- Up-to-date: /home/catcyber02/Mobile-Robots-2026-1/install/xarm_msgs/include/xarm_msgs/xarm_msgs/srv/detail/robotiq_activate__builder.hpp
[2.693s] -- Up-to-date: /home/catcyber02/Mobile-Robots-2026-1/install/xarm_msgs/include/xarm_msgs/xarm_msgs/srv/detail/plan_joint__traits.hpp
[2.694s] -- Up-to-date: /home/catcyber02/Mobile-Robots-2026-1/install/xarm_msgs/include/xarm_msgs/xarm_msgs/srv/detail/bio_gripper_ctrl__traits.hpp
[2.694s] -- Up-to-date: /home/catcyber02/Mobile-Robots-2026-1/install/xarm_msgs/include/xarm_msgs/xarm_msgs/srv/detail/move_velocity__type_support.hpp
[2.694s] -- Up-to-date: /home/catcyber02/Mobile-Robots-2026-1/install/xarm_msgs/include/xarm_msgs/xarm_msgs/srv/detail/get_int32__type_support.hpp
[2.694s] -- Up-to-date: /home/catcyber02/Mobile-Robots-2026-1/install/xarm_msgs/include/xarm_msgs/xarm_msgs/srv/detail/move_cartesian__struct.hpp
[2.694s] -- Up-to-date: /home/catcyber02/Mobile-Robots-2026-1/install/xarm_msgs/include/xarm_msgs/xarm_msgs/srv/detail/ft_cali_load__type_support.hpp
[2.694s] -- Up-to-date: /home/catcyber02/Mobile-Robots-2026-1/install/xarm_msgs/include/xarm_msgs/xarm_msgs/srv/detail/set_float32__type_support.hpp
[2.694s] -- Up-to-date: /home/catcyber02/Mobile-Robots-2026-1/install/xarm_msgs/include/xarm_msgs/xarm_msgs/srv/detail/move_cartesian__traits.hpp
[2.695s] -- Up-to-date: /home/catcyber02/Mobile-Robots-2026-1/install/xarm_msgs/include/xarm_msgs/xarm_msgs/srv/detail/ft_force_config__traits.hpp
[2.695s] -- Up-to-date: /home/catcyber02/Mobile-Robots-2026-1/install/xarm_msgs/include/xarm_msgs/xarm_msgs/srv/detail/set_int16_list__type_support.hpp
[2.695s] -- Up-to-date: /home/catcyber02/Mobile-Robots-2026-1/install/xarm_msgs/include/xarm_msgs/xarm_msgs/srv/detail/vacuum_gripper_ctrl__traits.hpp
[2.695s] -- Up-to-date: /home/catcyber02/Mobile-Robots-2026-1/install/xarm_msgs/include/xarm_msgs/xarm_msgs/srv/detail/bio_gripper_enable__struct.hpp
[2.695s] -- Up-to-date: /home/catcyber02/Mobile-Robots-2026-1/install/xarm_msgs/include/xarm_msgs/xarm_msgs/srv/detail/plan_single_straight__type_support.hpp
[2.695s] -- Up-to-date: /home/catcyber02/Mobile-Robots-2026-1/install/xarm_msgs/include/xarm_msgs/xarm_msgs/srv/detail/set_tcp_load__struct.hpp
[2.695s] -- Up-to-date: /home/catcyber02/Mobile-Robots-2026-1/install/xarm_msgs/include/xarm_msgs/xarm_msgs/srv/detail/linear_track_set_pos__type_support.hpp
[2.696s] -- Up-to-date: /home/catcyber02/Mobile-Robots-2026-1/install/xarm_msgs/include/xarm_msgs/xarm_msgs/srv/detail/robotiq_reset__type_support.hpp
[2.696s] -- Up-to-date: /home/catcyber02/Mobile-Robots-2026-1/install/xarm_msgs/include/xarm_msgs/xarm_msgs/srv/detail/move_joint__type_support.hpp
[2.696s] -- Up-to-date: /home/catcyber02/Mobile-Robots-2026-1/install/xarm_msgs/include/xarm_msgs/xarm_msgs/srv/detail/ft_admittance_params__traits.hpp
[2.696s] -- Up-to-date: /home/catcyber02/Mobile-Robots-2026-1/install/xarm_msgs/include/xarm_msgs/xarm_msgs/srv/detail/set_float32_list__struct.hpp
[2.696s] -- Up-to-date: /home/catcyber02/Mobile-Robots-2026-1/install/xarm_msgs/include/xarm_msgs/xarm_msgs/srv/detail/bio_gripper_enable__traits.hpp
[2.696s] -- Up-to-date: /home/catcyber02/Mobile-Robots-2026-1/install/xarm_msgs/include/xarm_msgs/xarm_msgs/srv/detail/iden_load__traits.hpp
[2.696s] -- Up-to-date: /home/catcyber02/Mobile-Robots-2026-1/install/xarm_msgs/include/xarm_msgs/xarm_msgs/srv/detail/set_int32__struct.hpp
[2.697s] -- Up-to-date: /home/catcyber02/Mobile-Robots-2026-1/install/xarm_msgs/include/xarm_msgs/xarm_msgs/srv/detail/get_digital_io__type_support.hpp
[2.697s] -- Up-to-date: /home/catcyber02/Mobile-Robots-2026-1/install/xarm_msgs/include/xarm_msgs/xarm_msgs/srv/detail/set_modbus_timeout__struct.hpp
[2.697s] -- Up-to-date: /home/catcyber02/Mobile-Robots-2026-1/install/xarm_msgs/include/xarm_msgs/xarm_msgs/srv/detail/move_cartesian__type_support.hpp
[2.697s] -- Up-to-date: /home/catcyber02/Mobile-Robots-2026-1/install/xarm_msgs/include/xarm_msgs/xarm_msgs/srv/detail/ft_impedance__traits.hpp
[2.697s] -- Up-to-date: /home/catcyber02/Mobile-Robots-2026-1/install/xarm_msgs/include/xarm_msgs/xarm_msgs/srv/detail/traj_ctrl__struct.hpp
[2.697s] -- Up-to-date: /home/catcyber02/Mobile-Robots-2026-1/install/xarm_msgs/include/xarm_msgs/xarm_msgs/srv/detail/robotiq_reset__builder.hpp
[2.697s] -- Up-to-date: /home/catcyber02/Mobile-Robots-2026-1/install/xarm_msgs/include/xarm_msgs/xarm_msgs/srv/detail/robotiq_activate__traits.hpp
[2.698s] -- Up-to-date: /home/catcyber02/Mobile-Robots-2026-1/install/xarm_msgs/include/xarm_msgs/xarm_msgs/srv/detail/robotiq_activate__struct.hpp
[2.698s] -- Up-to-date: /home/catcyber02/Mobile-Robots-2026-1/install/xarm_msgs/include/xarm_msgs/xarm_msgs/srv/detail/linear_motor_set_pos__traits.hpp
[2.698s] -- Up-to-date: /home/catcyber02/Mobile-Robots-2026-1/install/xarm_msgs/include/xarm_msgs/xarm_msgs/srv/detail/get_int16_list__builder.hpp
[2.698s] -- Up-to-date: /home/catcyber02/Mobile-Robots-2026-1/install/xarm_msgs/include/xarm_msgs/xarm_msgs/srv/detail/plan_joint__type_support.hpp
[2.698s] -- Up-to-date: /home/catcyber02/Mobile-Robots-2026-1/install/xarm_msgs/include/xarm_msgs/xarm_msgs/srv/detail/robotiq_get_status__builder.hpp
[2.698s] -- Up-to-date: /home/catcyber02/Mobile-Robots-2026-1/install/xarm_msgs/include/xarm_msgs/xarm_msgs/srv/detail/move_home__builder.hpp
[2.698s] -- Up-to-date: /home/catcyber02/Mobile-Robots-2026-1/install/xarm_msgs/include/xarm_msgs/xarm_msgs/srv/detail/ft_impedance__type_support.hpp
[2.698s] -- Up-to-date: /home/catcyber02/Mobile-Robots-2026-1/install/xarm_msgs/include/xarm_msgs/xarm_msgs/srv/detail/set_digital_io__struct.hpp
[2.699s] -- Up-to-date: /home/catcyber02/Mobile-Robots-2026-1/install/xarm_msgs/include/xarm_msgs/xarm_msgs/srv/detail/ft_admittance_params__builder.hpp
[2.699s] -- Up-to-date: /home/catcyber02/Mobile-Robots-2026-1/install/xarm_msgs/include/xarm_msgs/xarm_msgs/srv/detail/linear_track_back_origin__builder.hpp
[2.699s] -- Up-to-date: /home/catcyber02/Mobile-Robots-2026-1/install/xarm_msgs/include/xarm_msgs/xarm_msgs/srv/detail/set_float32__builder.hpp
[2.699s] -- Up-to-date: /home/catcyber02/Mobile-Robots-2026-1/install/xarm_msgs/include/xarm_msgs/xarm_msgs/srv/detail/set_float32_list__type_support.hpp
[2.699s] -- Up-to-date: /home/catcyber02/Mobile-Robots-2026-1/install/xarm_msgs/include/xarm_msgs/xarm_msgs/srv/detail/get_digital_io__struct.hpp
[2.699s] -- Up-to-date: /home/catcyber02/Mobile-Robots-2026-1/install/xarm_msgs/include/xarm_msgs/xarm_msgs/srv/detail/ft_force_params__type_support.hpp
[2.699s] -- Up-to-date: /home/catcyber02/Mobile-Robots-2026-1/install/xarm_msgs/include/xarm_msgs/xarm_msgs/srv/detail/bio_gripper_enable__type_support.hpp
[2.700s] -- Up-to-date: /home/catcyber02/Mobile-Robots-2026-1/install/xarm_msgs/include/xarm_msgs/xarm_msgs/srv/detail/set_digital_io__builder.hpp
[2.700s] -- Up-to-date: /home/catcyber02/Mobile-Robots-2026-1/install/xarm_msgs/include/xarm_msgs/xarm_msgs/srv/detail/move_home__struct.hpp
[2.700s] -- Up-to-date: /home/catcyber02/Mobile-Robots-2026-1/install/xarm_msgs/include/xarm_msgs/xarm_msgs/srv/detail/move_home__type_support.hpp
[2.700s] -- Up-to-date: /home/catcyber02/Mobile-Robots-2026-1/install/xarm_msgs/include/xarm_msgs/xarm_msgs/srv/detail/ft_cali_load__struct.hpp
[2.700s] -- Up-to-date: /home/catcyber02/Mobile-Robots-2026-1/install/xarm_msgs/include/xarm_msgs/xarm_msgs/srv/detail/set_modbus_timeout__traits.hpp
[2.700s] -- Up-to-date: /home/catcyber02/Mobile-Robots-2026-1/install/xarm_msgs/include/xarm_msgs/xarm_msgs/srv/detail/get_int32__traits.hpp
[2.701s] -- Up-to-date: /home/catcyber02/Mobile-Robots-2026-1/install/xarm_msgs/include/xarm_msgs/xarm_msgs/srv/detail/ft_force_config__type_support.hpp
[2.701s] -- Up-to-date: /home/catcyber02/Mobile-Robots-2026-1/install/xarm_msgs/include/xarm_msgs/xarm_msgs/srv/detail/ft_force_params__traits.hpp
[2.701s] -- Up-to-date: /home/catcyber02/Mobile-Robots-2026-1/install/xarm_msgs/include/xarm_msgs/xarm_msgs/srv/detail/linear_motor_set_pos__type_support.hpp
[2.701s] -- Up-to-date: /home/catcyber02/Mobile-Robots-2026-1/install/xarm_msgs/include/xarm_msgs/xarm_msgs/srv/detail/move_circle__builder.hpp
[2.701s] -- Up-to-date: /home/catcyber02/Mobile-Robots-2026-1/install/xarm_msgs/include/xarm_msgs/xarm_msgs/srv/detail/ft_admittance_params__type_support.hpp
[2.701s] -- Up-to-date: /home/catcyber02/Mobile-Robots-2026-1/install/xarm_msgs/include/xarm_msgs/xarm_msgs/srv/detail/traj_ctrl__type_support.hpp
[2.702s] -- Up-to-date: /home/catcyber02/Mobile-Robots-2026-1/install/xarm_msgs/include/xarm_msgs/xarm_msgs/srv/detail/set_tcp_load__builder.hpp
[2.702s] -- Up-to-date: /home/catcyber02/Mobile-Robots-2026-1/install/xarm_msgs/include/xarm_msgs/xarm_msgs/srv/detail/set_int16_by_id__traits.hpp
[2.702s] -- Up-to-date: /home/catcyber02/Mobile-Robots-2026-1/install/xarm_msgs/include/xarm_msgs/xarm_msgs/srv/detail/linear_track_set_pos__builder.hpp
[2.702s] -- Up-to-date: /home/catcyber02/Mobile-Robots-2026-1/install/xarm_msgs/include/xarm_msgs/xarm_msgs/srv/detail/get_analog_io__type_support.hpp
[2.702s] -- Up-to-date: /home/catcyber02/Mobile-Robots-2026-1/install/xarm_msgs/include/xarm_msgs/xarm_msgs/srv/detail/linear_motor_back_origin__builder.hpp
[2.702s] -- Up-to-date: /home/catcyber02/Mobile-Robots-2026-1/install/xarm_msgs/include/xarm_msgs/xarm_msgs/srv/detail/set_float32__traits.hpp
[2.702s] -- Up-to-date: /home/catcyber02/Mobile-Robots-2026-1/install/xarm_msgs/include/xarm_msgs/xarm_msgs/srv/detail/set_int16__traits.hpp
[2.703s] -- Up-to-date: /home/catcyber02/Mobile-Robots-2026-1/install/xarm_msgs/include/xarm_msgs/xarm_msgs/srv/detail/traj_ctrl__traits.hpp
[2.703s] -- Up-to-date: /home/catcyber02/Mobile-Robots-2026-1/install/xarm_msgs/include/xarm_msgs/xarm_msgs/srv/detail/ft_force_config__builder.hpp
[2.703s] -- Up-to-date: /home/catcyber02/Mobile-Robots-2026-1/install/xarm_msgs/include/xarm_msgs/xarm_msgs/srv/detail/get_int16_list__struct.hpp
[2.703s] -- Up-to-date: /home/catcyber02/Mobile-Robots-2026-1/install/xarm_msgs/include/xarm_msgs/xarm_msgs/srv/detail/plan_single_straight__builder.hpp
[2.703s] -- Up-to-date: /home/catcyber02/Mobile-Robots-2026-1/install/xarm_msgs/include/xarm_msgs/xarm_msgs/srv/detail/ft_force_pid__builder.hpp
[2.703s] -- Up-to-date: /home/catcyber02/Mobile-Robots-2026-1/install/xarm_msgs/include/xarm_msgs/xarm_msgs/srv/detail/set_int16_by_id__struct.hpp
[2.704s] -- Up-to-date: /home/catcyber02/Mobile-Robots-2026-1/install/xarm_msgs/include/xarm_msgs/xarm_msgs/srv/detail/set_int32_by_type__builder.hpp
[2.704s] -- Up-to-date: /home/catcyber02/Mobile-Robots-2026-1/install/xarm_msgs/include/xarm_msgs/xarm_msgs/srv/detail/get_set_modbus_data__struct.hpp
[2.704s] -- Up-to-date: /home/catcyber02/Mobile-Robots-2026-1/install/xarm_msgs/include/xarm_msgs/xarm_msgs/srv/detail/ft_impedance__builder.hpp
[2.704s] -- Up-to-date: /home/catcyber02/Mobile-Robots-2026-1/install/xarm_msgs/include/xarm_msgs/xarm_msgs/srv/detail/plan_pose__builder.hpp
[2.704s] -- Up-to-date: /home/catcyber02/Mobile-Robots-2026-1/install/xarm_msgs/include/xarm_msgs/xarm_msgs/srv/detail/set_analog_io__traits.hpp
[2.704s] -- Up-to-date: /home/catcyber02/Mobile-Robots-2026-1/install/xarm_msgs/include/xarm_msgs/xarm_msgs/srv/detail/vacuum_gripper_ctrl__type_support.hpp
[2.704s] -- Up-to-date: /home/catcyber02/Mobile-Robots-2026-1/install/xarm_msgs/include/xarm_msgs/xarm_msgs/srv/detail/call__traits.hpp
[2.705s] -- Up-to-date: /home/catcyber02/Mobile-Robots-2026-1/install/xarm_msgs/include/xarm_msgs/xarm_msgs/srv/detail/gripper_move__traits.hpp
[2.705s] -- Up-to-date: /home/catcyber02/Mobile-Robots-2026-1/install/xarm_msgs/include/xarm_msgs/xarm_msgs/srv/detail/call__type_support.hpp
[2.705s] -- Up-to-date: /home/catcyber02/Mobile-Robots-2026-1/install/xarm_msgs/include/xarm_msgs/xarm_msgs/srv/detail/vacuum_gripper_ctrl__struct.hpp
[2.705s] -- Up-to-date: /home/catcyber02/Mobile-Robots-2026-1/install/xarm_msgs/include/xarm_msgs/xarm_msgs/srv/detail/robotiq_reset__traits.hpp
[2.705s] -- Up-to-date: /home/catcyber02/Mobile-Robots-2026-1/install/xarm_msgs/include/xarm_msgs/xarm_msgs/srv/detail/get_float32__struct.hpp
[2.705s] -- Up-to-date: /home/catcyber02/Mobile-Robots-2026-1/install/xarm_msgs/include/xarm_msgs/xarm_msgs/srv/detail/get_float32_list__traits.hpp
[2.705s] -- Up-to-date: /home/catcyber02/Mobile-Robots-2026-1/install/xarm_msgs/include/xarm_msgs/xarm_msgs/srv/detail/move_cartesian__builder.hpp
[2.706s] -- Up-to-date: /home/catcyber02/Mobile-Robots-2026-1/install/xarm_msgs/include/xarm_msgs/xarm_msgs/srv/detail/bio_gripper_ctrl__type_support.hpp
[2.706s] -- Up-to-date: /home/catcyber02/Mobile-Robots-2026-1/install/xarm_msgs/include/xarm_msgs/xarm_msgs/srv/detail/traj_play__builder.hpp
[2.706s] -- Up-to-date: /home/catcyber02/Mobile-Robots-2026-1/install/xarm_msgs/include/xarm_msgs/xarm_msgs/srv/detail/set_int32_by_type__struct.hpp
[2.706s] -- Up-to-date: /home/catcyber02/Mobile-Robots-2026-1/install/xarm_msgs/include/xarm_msgs/xarm_msgs/srv/detail/move_joint__traits.hpp
[2.706s] -- Up-to-date: /home/catcyber02/Mobile-Robots-2026-1/install/xarm_msgs/include/xarm_msgs/xarm_msgs/srv/detail/plan_exec__type_support.hpp
[2.706s] -- Up-to-date: /home/catcyber02/Mobile-Robots-2026-1/install/xarm_msgs/include/xarm_msgs/xarm_msgs/srv/detail/plan_pose__type_support.hpp
[2.707s] -- Up-to-date: /home/catcyber02/Mobile-Robots-2026-1/install/xarm_msgs/include/xarm_msgs/xarm_msgs/srv/detail/get_digital_io__builder.hpp
[2.707s] -- Up-to-date: /home/catcyber02/Mobile-Robots-2026-1/install/xarm_msgs/include/xarm_msgs/xarm_msgs/srv/detail/iden_load__type_support.hpp
[2.707s] -- Up-to-date: /home/catcyber02/Mobile-Robots-2026-1/install/xarm_msgs/include/xarm_msgs/xarm_msgs/srv/detail/set_int16__type_support.hpp
[2.707s] -- Up-to-date: /home/catcyber02/Mobile-Robots-2026-1/install/xarm_msgs/include/xarm_msgs/xarm_msgs/srv/detail/linear_track_back_origin__type_support.hpp
[2.707s] -- Up-to-date: /home/catcyber02/Mobile-Robots-2026-1/install/xarm_msgs/include/xarm_msgs/xarm_msgs/srv/detail/get_float32_list__struct.hpp
[2.707s] -- Up-to-date: /home/catcyber02/Mobile-Robots-2026-1/install/xarm_msgs/include/xarm_msgs/xarm_msgs/srv/detail/set_int32_by_type__traits.hpp
[2.707s] -- Up-to-date: /home/catcyber02/Mobile-Robots-2026-1/install/xarm_msgs/include/xarm_msgs/xarm_msgs/srv/detail/move_home__traits.hpp
[2.708s] -- Up-to-date: /home/catcyber02/Mobile-Robots-2026-1/install/xarm_msgs/include/xarm_msgs/xarm_msgs/srv/detail/get_int16__struct.hpp
[2.708s] -- Up-to-date: /home/catcyber02/Mobile-Robots-2026-1/install/xarm_msgs/include/xarm_msgs/xarm_msgs/srv/detail/plan_pose__struct.hpp
[2.708s] -- Up-to-date: /home/catcyber02/Mobile-Robots-2026-1/install/xarm_msgs/include/xarm_msgs/xarm_msgs/srv/detail/set_int16__builder.hpp
[2.708s] -- Up-to-date: /home/catcyber02/Mobile-Robots-2026-1/install/xarm_msgs/include/xarm_msgs/xarm_msgs/srv/detail/get_int32_by_type__builder.hpp
[2.708s] -- Up-to-date: /home/catcyber02/Mobile-Robots-2026-1/install/xarm_msgs/include/xarm_msgs/xarm_msgs/srv/detail/linear_track_back_origin__traits.hpp
[2.708s] -- Up-to-date: /home/catcyber02/Mobile-Robots-2026-1/install/xarm_msgs/include/xarm_msgs/xarm_msgs/srv/detail/get_int16__type_support.hpp
[2.708s] -- Up-to-date: /home/catcyber02/Mobile-Robots-2026-1/install/xarm_msgs/include/xarm_msgs/xarm_msgs/srv/detail/set_analog_io__struct.hpp
[2.708s] -- Up-to-date: /home/catcyber02/Mobile-Robots-2026-1/install/xarm_msgs/include/xarm_msgs/xarm_msgs/srv/detail/get_float32__traits.hpp
[2.709s] -- Up-to-date: /home/catcyber02/Mobile-Robots-2026-1/install/xarm_msgs/include/xarm_msgs/xarm_msgs/srv/detail/set_modbus_timeout__type_support.hpp
[2.709s] -- Up-to-date: /home/catcyber02/Mobile-Robots-2026-1/install/xarm_msgs/include/xarm_msgs/xarm_msgs/srv/detail/linear_motor_set_pos__struct.hpp
[2.709s] -- Up-to-date: /home/catcyber02/Mobile-Robots-2026-1/install/xarm_msgs/include/xarm_msgs/xarm_msgs/srv/detail/move_velocity__struct.hpp
[2.709s] -- Up-to-date: /home/catcyber02/Mobile-Robots-2026-1/install/xarm_msgs/include/xarm_msgs/xarm_msgs/srv/detail/get_int16__builder.hpp
[2.709s] -- Up-to-date: /home/catcyber02/Mobile-Robots-2026-1/install/xarm_msgs/include/xarm_msgs/xarm_msgs/srv/detail/bio_gripper_enable__builder.hpp
[2.709s] -- Up-to-date: /home/catcyber02/Mobile-Robots-2026-1/install/xarm_msgs/include/xarm_msgs/xarm_msgs/srv/detail/get_analog_io__struct.hpp
[2.710s] -- Up-to-date: /home/catcyber02/Mobile-Robots-2026-1/install/xarm_msgs/include/xarm_msgs/xarm_msgs/srv/detail/move_joint__struct.hpp
[2.710s] -- Up-to-date: /home/catcyber02/Mobile-Robots-2026-1/install/xarm_msgs/include/xarm_msgs/xarm_msgs/srv/detail/traj_play__type_support.hpp
[2.710s] -- Up-to-date: /home/catcyber02/Mobile-Robots-2026-1/install/xarm_msgs/include/xarm_msgs/xarm_msgs/srv/detail/ft_force_pid__type_support.hpp
[2.710s] -- Up-to-date: /home/catcyber02/Mobile-Robots-2026-1/install/xarm_msgs/include/xarm_msgs/xarm_msgs/srv/detail/move_velocity__builder.hpp
[2.710s] -- Up-to-date: /home/catcyber02/Mobile-Robots-2026-1/install/xarm_msgs/include/xarm_msgs/xarm_msgs/srv/detail/robotiq_get_status__struct.hpp
[2.710s] -- Up-to-date: /home/catcyber02/Mobile-Robots-2026-1/install/xarm_msgs/include/xarm_msgs/xarm_msgs/srv/detail/get_analog_io__traits.hpp
[2.711s] -- Up-to-date: /home/catcyber02/Mobile-Robots-2026-1/install/xarm_msgs/include/xarm_msgs/xarm_msgs/srv/detail/set_tcp_load__type_support.hpp
[2.711s] -- Up-to-date: /home/catcyber02/Mobile-Robots-2026-1/install/xarm_msgs/include/xarm_msgs/xarm_msgs/srv/detail/get_float32__builder.hpp
[2.711s] -- Up-to-date: /home/catcyber02/Mobile-Robots-2026-1/install/xarm_msgs/include/xarm_msgs/xarm_msgs/srv/detail/plan_pose__traits.hpp
[2.711s] -- Up-to-date: /home/catcyber02/Mobile-Robots-2026-1/install/xarm_msgs/include/xarm_msgs/xarm_msgs/srv/detail/plan_single_straight__struct.hpp
[2.711s] -- Up-to-date: /home/catcyber02/Mobile-Robots-2026-1/install/xarm_msgs/include/xarm_msgs/xarm_msgs/srv/detail/linear_track_set_pos__struct.hpp
[2.711s] -- Up-to-date: /home/catcyber02/Mobile-Robots-2026-1/install/xarm_msgs/include/xarm_msgs/xarm_msgs/srv/get_digital_io.hpp
[2.711s] -- Up-to-date: /home/catcyber02/Mobile-Robots-2026-1/install/xarm_msgs/include/xarm_msgs/xarm_msgs/srv/robotiq_activate.hpp
[2.712s] -- Up-to-date: /home/catcyber02/Mobile-Robots-2026-1/install/xarm_msgs/include/xarm_msgs/xarm_msgs/srv/set_analog_io.hpp
[2.712s] -- Up-to-date: /home/catcyber02/Mobile-Robots-2026-1/install/xarm_msgs/include/xarm_msgs/xarm_msgs/srv/robotiq_move.hpp
[2.712s] -- Up-to-date: /home/catcyber02/Mobile-Robots-2026-1/install/xarm_msgs/include/xarm_msgs/xarm_msgs/srv/iden_load.hpp
[2.712s] -- Up-to-date: /home/catcyber02/Mobile-Robots-2026-1/install/xarm_msgs/include/xarm_msgs/xarm_msgs/srv/linear_track_back_origin.hpp
[2.712s] -- Up-to-date: /home/catcyber02/Mobile-Robots-2026-1/install/xarm_msgs/include/xarm_msgs/xarm_msgs/srv/get_float32.hpp
[2.713s] -- Up-to-date: /home/catcyber02/Mobile-Robots-2026-1/install/xarm_msgs/include/xarm_msgs/xarm_msgs/srv/move_home.hpp
[2.713s] -- Up-to-date: /home/catcyber02/Mobile-Robots-2026-1/install/xarm_msgs/include/xarm_msgs/xarm_msgs/srv/get_int32_by_type.hpp
[2.713s] -- Up-to-date: /home/catcyber02/Mobile-Robots-2026-1/install/xarm_msgs/include/xarm_msgs/xarm_msgs/srv/get_int16.hpp
[2.713s] -- Up-to-date: /home/catcyber02/Mobile-Robots-2026-1/install/xarm_msgs/include/xarm_msgs/xarm_msgs/srv/traj_ctrl.hpp
[2.713s] -- Up-to-date: /home/catcyber02/Mobile-Robots-2026-1/install/xarm_msgs/include/xarm_msgs/xarm_msgs/srv/robotiq_get_status.hpp
[2.713s] -- Up-to-date: /home/catcyber02/Mobile-Robots-2026-1/install/xarm_msgs/include/xarm_msgs/xarm_msgs/srv/gripper_move.hpp
[2.714s] -- Up-to-date: /home/catcyber02/Mobile-Robots-2026-1/install/xarm_msgs/include/xarm_msgs/xarm_msgs/srv/set_digital_io.hpp
[2.714s] -- Up-to-date: /home/catcyber02/Mobile-Robots-2026-1/install/xarm_msgs/include/xarm_msgs/xarm_msgs/srv/ft_impedance.hpp
[2.714s] -- Up-to-date: /home/catcyber02/Mobile-Robots-2026-1/install/xarm_msgs/include/xarm_msgs/xarm_msgs/srv/set_int16_by_id.hpp
[2.714s] -- Up-to-date: /home/catcyber02/Mobile-Robots-2026-1/install/xarm_msgs/include/xarm_msgs/xarm_msgs/srv/ft_force_config.hpp
[2.714s] -- Up-to-date: /home/catcyber02/Mobile-Robots-2026-1/install/xarm_msgs/include/xarm_msgs/xarm_msgs/srv/traj_play.hpp
[2.714s] -- Up-to-date: /home/catcyber02/Mobile-Robots-2026-1/install/xarm_msgs/include/xarm_msgs/xarm_msgs/srv/set_modbus_timeout.hpp
[2.714s] -- Up-to-date: /home/catcyber02/Mobile-Robots-2026-1/install/xarm_msgs/include/xarm_msgs/xarm_msgs/srv/set_int16_list.hpp
[2.715s] -- Up-to-date: /home/catcyber02/Mobile-Robots-2026-1/install/xarm_msgs/include/xarm_msgs/xarm_msgs/srv/ft_cali_load.hpp
[2.715s] -- Up-to-date: /home/catcyber02/Mobile-Robots-2026-1/install/xarm_msgs/include/xarm_msgs/xarm_msgs/srv/ft_force_pid.hpp
[2.715s] -- Up-to-date: /home/catcyber02/Mobile-Robots-2026-1/install/xarm_msgs/include/xarm_msgs/xarm_msgs/srv/linear_track_set_pos.hpp
[2.715s] -- Up-to-date: /home/catcyber02/Mobile-Robots-2026-1/install/xarm_msgs/include/xarm_msgs/xarm_msgs/srv/linear_motor_back_origin.hpp
[2.715s] -- Up-to-date: /home/catcyber02/Mobile-Robots-2026-1/install/xarm_msgs/include/xarm_msgs/xarm_msgs/srv/robotiq_reset.hpp
[2.715s] -- Up-to-date: /home/catcyber02/Mobile-Robots-2026-1/install/xarm_msgs/include/xarm_msgs/xarm_msgs/srv/bio_gripper_enable.hpp
[2.716s] -- Up-to-date: /home/catcyber02/Mobile-Robots-2026-1/install/xarm_msgs/include/xarm_msgs/xarm_msgs/srv/plan_exec.hpp
[2.716s] -- Up-to-date: /home/catcyber02/Mobile-Robots-2026-1/install/xarm_msgs/include/xarm_msgs/xarm_msgs/srv/move_circle.hpp
[2.716s] -- Up-to-date: /home/catcyber02/Mobile-Robots-2026-1/install/xarm_msgs/include/xarm_msgs/xarm_msgs/srv/get_analog_io.hpp
[2.716s] -- Up-to-date: /home/catcyber02/Mobile-Robots-2026-1/install/xarm_msgs/include/xarm_msgs/xarm_msgs/srv/get_float32_list.hpp
[2.716s] -- Up-to-date: /home/catcyber02/Mobile-Robots-2026-1/install/xarm_msgs/include/xarm_msgs/xarm_msgs/srv/plan_single_straight.hpp
[2.716s] -- Up-to-date: /home/catcyber02/Mobile-Robots-2026-1/install/xarm_msgs/include/xarm_msgs/xarm_msgs/srv/plan_pose.hpp
[2.716s] -- Up-to-date: /home/catcyber02/Mobile-Robots-2026-1/install/xarm_msgs/include/xarm_msgs/xarm_msgs/srv/ft_force_params.hpp
[2.717s] -- Up-to-date: /home/catcyber02/Mobile-Robots-2026-1/install/xarm_msgs/include/xarm_msgs/xarm_msgs/srv/set_int16.hpp
[2.717s] -- Up-to-date: /home/catcyber02/Mobile-Robots-2026-1/install/xarm_msgs/include/xarm_msgs/xarm_msgs/srv/get_int32.hpp
[2.717s] -- Up-to-date: /home/catcyber02/Mobile-Robots-2026-1/install/xarm_msgs/include/xarm_msgs/xarm_msgs/srv/set_float32_list.hpp
[2.717s] -- Up-to-date: /home/catcyber02/Mobile-Robots-2026-1/install/xarm_msgs/include/xarm_msgs/xarm_msgs/srv/move_cartesian.hpp
[2.717s] -- Up-to-date: /home/catcyber02/Mobile-Robots-2026-1/install/xarm_msgs/include/xarm_msgs/xarm_msgs/srv/plan_joint.hpp
[2.717s] -- Up-to-date: /home/catcyber02/Mobile-Robots-2026-1/install/xarm_msgs/include/xarm_msgs/xarm_msgs/srv/set_tcp_load.hpp
[2.718s] -- Up-to-date: /home/catcyber02/Mobile-Robots-2026-1/install/xarm_msgs/include/xarm_msgs/xarm_msgs/srv/bio_gripper_ctrl.hpp
[2.718s] -- Up-to-date: /home/catcyber02/Mobile-Robots-2026-1/install/xarm_msgs/include/xarm_msgs/xarm_msgs/srv/set_int32.hpp
[2.718s] -- Up-to-date: /home/catcyber02/Mobile-Robots-2026-1/install/xarm_msgs/include/xarm_msgs/xarm_msgs/srv/vacuum_gripper_ctrl.hpp
[2.718s] -- Up-to-date: /home/catcyber02/Mobile-Robots-2026-1/install/xarm_msgs/include/xarm_msgs/xarm_msgs/srv/linear_motor_set_pos.hpp
[2.718s] -- Up-to-date: /home/catcyber02/Mobile-Robots-2026-1/install/xarm_msgs/include/xarm_msgs/xarm_msgs/srv/set_int32_by_type.hpp
[2.718s] -- Up-to-date: /home/catcyber02/Mobile-Robots-2026-1/install/xarm_msgs/include/xarm_msgs/xarm_msgs/msg
[2.719s] -- Up-to-date: /home/catcyber02/Mobile-Robots-2026-1/install/xarm_msgs/include/xarm_msgs/xarm_msgs/msg/robot_msg.hpp
[2.719s] -- Up-to-date: /home/catcyber02/Mobile-Robots-2026-1/install/xarm_msgs/include/xarm_msgs/xarm_msgs/msg/move_velocity.hpp
[2.719s] -- Up-to-date: /home/catcyber02/Mobile-Robots-2026-1/install/xarm_msgs/include/xarm_msgs/xarm_msgs/msg/detail
[2.719s] -- Up-to-date: /home/catcyber02/Mobile-Robots-2026-1/install/xarm_msgs/include/xarm_msgs/xarm_msgs/msg/detail/cio_state__traits.hpp
[2.719s] -- Up-to-date: /home/catcyber02/Mobile-Robots-2026-1/install/xarm_msgs/include/xarm_msgs/xarm_msgs/msg/detail/robot_msg__traits.hpp
[2.719s] -- Up-to-date: /home/catcyber02/Mobile-Robots-2026-1/install/xarm_msgs/include/xarm_msgs/xarm_msgs/msg/detail/move_velocity__traits.hpp
[2.719s] -- Up-to-date: /home/catcyber02/Mobile-Robots-2026-1/install/xarm_msgs/include/xarm_msgs/xarm_msgs/msg/detail/robot_msg__type_support.hpp
[2.720s] -- Up-to-date: /home/catcyber02/Mobile-Robots-2026-1/install/xarm_msgs/include/xarm_msgs/xarm_msgs/msg/detail/move_velocity__type_support.hpp
[2.720s] -- Up-to-date: /home/catcyber02/Mobile-Robots-2026-1/install/xarm_msgs/include/xarm_msgs/xarm_msgs/msg/detail/io_state__traits.hpp
[2.720s] -- Up-to-date: /home/catcyber02/Mobile-Robots-2026-1/install/xarm_msgs/include/xarm_msgs/xarm_msgs/msg/detail/robot_msg__builder.hpp
[2.720s] -- Up-to-date: /home/catcyber02/Mobile-Robots-2026-1/install/xarm_msgs/include/xarm_msgs/xarm_msgs/msg/detail/io_state__struct.hpp
[2.720s] -- Up-to-date: /home/catcyber02/Mobile-Robots-2026-1/install/xarm_msgs/include/xarm_msgs/xarm_msgs/msg/detail/robot_msg__struct.hpp
[2.720s] -- Up-to-date: /home/catcyber02/Mobile-Robots-2026-1/install/xarm_msgs/include/xarm_msgs/xarm_msgs/msg/detail/io_state__type_support.hpp
[2.721s] -- Up-to-date: /home/catcyber02/Mobile-Robots-2026-1/install/xarm_msgs/include/xarm_msgs/xarm_msgs/msg/detail/cio_state__type_support.hpp
[2.721s] -- Up-to-date: /home/catcyber02/Mobile-Robots-2026-1/install/xarm_msgs/include/xarm_msgs/xarm_msgs/msg/detail/move_velocity__struct.hpp
[2.721s] -- Up-to-date: /home/catcyber02/Mobile-Robots-2026-1/install/xarm_msgs/include/xarm_msgs/xarm_msgs/msg/detail/cio_state__builder.hpp
[2.721s] -- Up-to-date: /home/catcyber02/Mobile-Robots-2026-1/install/xarm_msgs/include/xarm_msgs/xarm_msgs/msg/detail/move_velocity__builder.hpp
[2.721s] -- Up-to-date: /home/catcyber02/Mobile-Robots-2026-1/install/xarm_msgs/include/xarm_msgs/xarm_msgs/msg/detail/io_state__builder.hpp
[2.721s] -- Up-to-date: /home/catcyber02/Mobile-Robots-2026-1/install/xarm_msgs/include/xarm_msgs/xarm_msgs/msg/detail/cio_state__struct.hpp
[2.722s] -- Up-to-date: /home/catcyber02/Mobile-Robots-2026-1/install/xarm_msgs/include/xarm_msgs/xarm_msgs/msg/rosidl_generator_cpp__visibility_control.hpp
[2.722s] -- Up-to-date: /home/catcyber02/Mobile-Robots-2026-1/install/xarm_msgs/include/xarm_msgs/xarm_msgs/msg/cio_state.hpp
[2.722s] -- Up-to-date: /home/catcyber02/Mobile-Robots-2026-1/install/xarm_msgs/include/xarm_msgs/xarm_msgs/msg/io_state.hpp
[2.722s] -- Up-to-date: /home/catcyber02/Mobile-Robots-2026-1/install/xarm_msgs/include/xarm_msgs/xarm_msgs
[2.722s] -- Up-to-date: /home/catcyber02/Mobile-Robots-2026-1/install/xarm_msgs/include/xarm_msgs/xarm_msgs/srv
[2.722s] -- Up-to-date: /home/catcyber02/Mobile-Robots-2026-1/install/xarm_msgs/include/xarm_msgs/xarm_msgs/srv/detail
[2.722s] -- Up-to-date: /home/catcyber02/Mobile-Robots-2026-1/install/xarm_msgs/include/xarm_msgs/xarm_msgs/srv/detail/traj_ctrl__rosidl_typesupport_fastrtps_cpp.hpp
[2.723s] -- Up-to-date: /home/catcyber02/Mobile-Robots-2026-1/install/xarm_msgs/include/xarm_msgs/xarm_msgs/srv/detail/traj_play__rosidl_typesupport_fastrtps_cpp.hpp
[2.723s] -- Up-to-date: /home/catcyber02/Mobile-Robots-2026-1/install/xarm_msgs/include/xarm_msgs/xarm_msgs/srv/detail/get_set_modbus_data__rosidl_typesupport_fastrtps_cpp.hpp
[2.723s] -- Up-to-date: /home/catcyber02/Mobile-Robots-2026-1/install/xarm_msgs/include/xarm_msgs/xarm_msgs/srv/detail/linear_track_set_pos__rosidl_typesupport_fastrtps_cpp.hpp
[2.723s] -- Up-to-date: /home/catcyber02/Mobile-Robots-2026-1/install/xarm_msgs/include/xarm_msgs/xarm_msgs/srv/detail/bio_gripper_ctrl__rosidl_typesupport_fastrtps_cpp.hpp
[2.723s] -- Up-to-date: /home/catcyber02/Mobile-Robots-2026-1/install/xarm_msgs/include/xarm_msgs/xarm_msgs/srv/detail/get_int16__rosidl_typesupport_fastrtps_cpp.hpp
[2.723s] -- Up-to-date: /home/catcyber02/Mobile-Robots-2026-1/install/xarm_msgs/include/xarm_msgs/xarm_msgs/srv/detail/gripper_move__rosidl_typesupport_fastrtps_cpp.hpp
[2.723s] -- Up-to-date: /home/catcyber02/Mobile-Robots-2026-1/install/xarm_msgs/include/xarm_msgs/xarm_msgs/srv/detail/ft_force_config__rosidl_typesupport_fastrtps_cpp.hpp
[2.724s] -- Up-to-date: /home/catcyber02/Mobile-Robots-2026-1/install/xarm_msgs/include/xarm_msgs/xarm_msgs/srv/detail/move_circle__rosidl_typesupport_fastrtps_cpp.hpp
[2.724s] -- Up-to-date: /home/catcyber02/Mobile-Robots-2026-1/install/xarm_msgs/include/xarm_msgs/xarm_msgs/srv/detail/set_modbus_timeout__rosidl_typesupport_fastrtps_cpp.hpp
[2.724s] -- Up-to-date: /home/catcyber02/Mobile-Robots-2026-1/install/xarm_msgs/include/xarm_msgs/xarm_msgs/srv/detail/set_float32_list__rosidl_typesupport_fastrtps_cpp.hpp
[2.724s] -- Up-to-date: /home/catcyber02/Mobile-Robots-2026-1/install/xarm_msgs/include/xarm_msgs/xarm_msgs/srv/detail/robotiq_get_status__rosidl_typesupport_fastrtps_cpp.hpp
[2.724s] -- Up-to-date: /home/catcyber02/Mobile-Robots-2026-1/install/xarm_msgs/include/xarm_msgs/xarm_msgs/srv/detail/set_int16__rosidl_typesupport_fastrtps_cpp.hpp
[2.724s] -- Up-to-date: /home/catcyber02/Mobile-Robots-2026-1/install/xarm_msgs/include/xarm_msgs/xarm_msgs/srv/detail/set_analog_io__rosidl_typesupport_fastrtps_cpp.hpp
[2.724s] -- Up-to-date: /home/catcyber02/Mobile-Robots-2026-1/install/xarm_msgs/include/xarm_msgs/xarm_msgs/srv/detail/set_tcp_load__rosidl_typesupport_fastrtps_cpp.hpp
[2.725s] -- Up-to-date: /home/catcyber02/Mobile-Robots-2026-1/install/xarm_msgs/include/xarm_msgs/xarm_msgs/srv/detail/robotiq_activate__rosidl_typesupport_fastrtps_cpp.hpp
[2.725s] -- Up-to-date: /home/catcyber02/Mobile-Robots-2026-1/install/xarm_msgs/include/xarm_msgs/xarm_msgs/srv/detail/ft_impedance__rosidl_typesupport_fastrtps_cpp.hpp
[2.725s] -- Up-to-date: /home/catcyber02/Mobile-Robots-2026-1/install/xarm_msgs/include/xarm_msgs/xarm_msgs/srv/detail/bio_gripper_enable__rosidl_typesupport_fastrtps_cpp.hpp
[2.725s] -- Up-to-date: /home/catcyber02/Mobile-Robots-2026-1/install/xarm_msgs/include/xarm_msgs/xarm_msgs/srv/detail/iden_load__rosidl_typesupport_fastrtps_cpp.hpp
[2.725s] -- Up-to-date: /home/catcyber02/Mobile-Robots-2026-1/install/xarm_msgs/include/xarm_msgs/xarm_msgs/srv/detail/plan_exec__rosidl_typesupport_fastrtps_cpp.hpp
[2.725s] -- Up-to-date: /home/catcyber02/Mobile-Robots-2026-1/install/xarm_msgs/include/xarm_msgs/xarm_msgs/srv/detail/ft_cali_load__rosidl_typesupport_fastrtps_cpp.hpp
[2.725s] -- Up-to-date: /home/catcyber02/Mobile-Robots-2026-1/install/xarm_msgs/include/xarm_msgs/xarm_msgs/srv/detail/move_joint__rosidl_typesupport_fastrtps_cpp.hpp
[2.726s] -- Up-to-date: /home/catcyber02/Mobile-Robots-2026-1/install/xarm_msgs/include/xarm_msgs/xarm_msgs/srv/detail/get_analog_io__rosidl_typesupport_fastrtps_cpp.hpp
[2.726s] -- Up-to-date: /home/catcyber02/Mobile-Robots-2026-1/install/xarm_msgs/include/xarm_msgs/xarm_msgs/srv/detail/ft_admittance_params__rosidl_typesupport_fastrtps_cpp.hpp
[2.726s] -- Up-to-date: /home/catcyber02/Mobile-Robots-2026-1/install/xarm_msgs/include/xarm_msgs/xarm_msgs/srv/detail/get_int32_by_type__rosidl_typesupport_fastrtps_cpp.hpp
[2.726s] -- Up-to-date: /home/catcyber02/Mobile-Robots-2026-1/install/xarm_msgs/include/xarm_msgs/xarm_msgs/srv/detail/get_int32__rosidl_typesupport_fastrtps_cpp.hpp
[2.726s] -- Up-to-date: /home/catcyber02/Mobile-Robots-2026-1/install/xarm_msgs/include/xarm_msgs/xarm_msgs/srv/detail/get_digital_io__rosidl_typesupport_fastrtps_cpp.hpp
[2.726s] -- Up-to-date: /home/catcyber02/Mobile-Robots-2026-1/install/xarm_msgs/include/xarm_msgs/xarm_msgs/srv/detail/get_float32_list__rosidl_typesupport_fastrtps_cpp.hpp
[2.726s] -- Up-to-date: /home/catcyber02/Mobile-Robots-2026-1/install/xarm_msgs/include/xarm_msgs/xarm_msgs/srv/detail/set_digital_io__rosidl_typesupport_fastrtps_cpp.hpp
[2.727s] -- Up-to-date: /home/catcyber02/Mobile-Robots-2026-1/install/xarm_msgs/include/xarm_msgs/xarm_msgs/srv/detail/linear_motor_back_origin__rosidl_typesupport_fastrtps_cpp.hpp
[2.727s] -- Up-to-date: /home/catcyber02/Mobile-Robots-2026-1/install/xarm_msgs/include/xarm_msgs/xarm_msgs/srv/detail/call__rosidl_typesupport_fastrtps_cpp.hpp
[2.727s] -- Up-to-date: /home/catcyber02/Mobile-Robots-2026-1/install/xarm_msgs/include/xarm_msgs/xarm_msgs/srv/detail/linear_track_back_origin__rosidl_typesupport_fastrtps_cpp.hpp
[2.727s] -- Up-to-date: /home/catcyber02/Mobile-Robots-2026-1/install/xarm_msgs/include/xarm_msgs/xarm_msgs/srv/detail/robotiq_reset__rosidl_typesupport_fastrtps_cpp.hpp
[2.727s] -- Up-to-date: /home/catcyber02/Mobile-Robots-2026-1/install/xarm_msgs/include/xarm_msgs/xarm_msgs/srv/detail/ft_force_params__rosidl_typesupport_fastrtps_cpp.hpp
[2.727s] -- Up-to-date: /home/catcyber02/Mobile-Robots-2026-1/install/xarm_msgs/include/xarm_msgs/xarm_msgs/srv/detail/ft_force_pid__rosidl_typesupport_fastrtps_cpp.hpp
[2.727s] -- Up-to-date: /home/catcyber02/Mobile-Robots-2026-1/install/xarm_msgs/include/xarm_msgs/xarm_msgs/srv/detail/set_float32__rosidl_typesupport_fastrtps_cpp.hpp
[2.728s] -- Up-to-date: /home/catcyber02/Mobile-Robots-2026-1/install/xarm_msgs/include/xarm_msgs/xarm_msgs/srv/detail/plan_single_straight__rosidl_typesupport_fastrtps_cpp.hpp
[2.728s] -- Up-to-date: /home/catcyber02/Mobile-Robots-2026-1/install/xarm_msgs/include/xarm_msgs/xarm_msgs/srv/detail/set_int16_by_id__rosidl_typesupport_fastrtps_cpp.hpp
[2.728s] -- Up-to-date: /home/catcyber02/Mobile-Robots-2026-1/install/xarm_msgs/include/xarm_msgs/xarm_msgs/srv/detail/robotiq_move__rosidl_typesupport_fastrtps_cpp.hpp
[2.728s] -- Up-to-date: /home/catcyber02/Mobile-Robots-2026-1/install/xarm_msgs/include/xarm_msgs/xarm_msgs/srv/detail/get_float32__rosidl_typesupport_fastrtps_cpp.hpp
[2.728s] -- Up-to-date: /home/catcyber02/Mobile-Robots-2026-1/install/xarm_msgs/include/xarm_msgs/xarm_msgs/srv/detail/set_int32__rosidl_typesupport_fastrtps_cpp.hpp
[2.728s] -- Up-to-date: /home/catcyber02/Mobile-Robots-2026-1/install/xarm_msgs/include/xarm_msgs/xarm_msgs/srv/detail/vacuum_gripper_ctrl__rosidl_typesupport_fastrtps_cpp.hpp
[2.728s] -- Up-to-date: /home/catcyber02/Mobile-Robots-2026-1/install/xarm_msgs/include/xarm_msgs/xarm_msgs/srv/detail/move_velocity__rosidl_typesupport_fastrtps_cpp.hpp
[2.729s] -- Up-to-date: /home/catcyber02/Mobile-Robots-2026-1/install/xarm_msgs/include/xarm_msgs/xarm_msgs/srv/detail/get_int16_list__rosidl_typesupport_fastrtps_cpp.hpp
[2.729s] -- Up-to-date: /home/catcyber02/Mobile-Robots-2026-1/install/xarm_msgs/include/xarm_msgs/xarm_msgs/srv/detail/set_int32_by_type__rosidl_typesupport_fastrtps_cpp.hpp
[2.729s] -- Up-to-date: /home/catcyber02/Mobile-Robots-2026-1/install/xarm_msgs/include/xarm_msgs/xarm_msgs/srv/detail/dds_fastrtps
[2.729s] -- Up-to-date: /home/catcyber02/Mobile-Robots-2026-1/install/xarm_msgs/include/xarm_msgs/xarm_msgs/srv/detail/move_home__rosidl_typesupport_fastrtps_cpp.hpp
[2.729s] -- Up-to-date: /home/catcyber02/Mobile-Robots-2026-1/install/xarm_msgs/include/xarm_msgs/xarm_msgs/srv/detail/move_cartesian__rosidl_typesupport_fastrtps_cpp.hpp
[2.729s] -- Up-to-date: /home/catcyber02/Mobile-Robots-2026-1/install/xarm_msgs/include/xarm_msgs/xarm_msgs/srv/detail/plan_joint__rosidl_typesupport_fastrtps_cpp.hpp
[2.729s] -- Up-to-date: /home/catcyber02/Mobile-Robots-2026-1/install/xarm_msgs/include/xarm_msgs/xarm_msgs/srv/detail/linear_motor_set_pos__rosidl_typesupport_fastrtps_cpp.hpp
[2.730s] -- Up-to-date: /home/catcyber02/Mobile-Robots-2026-1/install/xarm_msgs/include/xarm_msgs/xarm_msgs/srv/detail/plan_pose__rosidl_typesupport_fastrtps_cpp.hpp
[2.730s] -- Up-to-date: /home/catcyber02/Mobile-Robots-2026-1/install/xarm_msgs/include/xarm_msgs/xarm_msgs/srv/detail/set_int16_list__rosidl_typesupport_fastrtps_cpp.hpp
[2.730s] -- Up-to-date: /home/catcyber02/Mobile-Robots-2026-1/install/xarm_msgs/include/xarm_msgs/xarm_msgs/msg
[2.730s] -- Up-to-date: /home/catcyber02/Mobile-Robots-2026-1/install/xarm_msgs/include/xarm_msgs/xarm_msgs/msg/detail
[2.730s] -- Up-to-date: /home/catcyber02/Mobile-Robots-2026-1/install/xarm_msgs/include/xarm_msgs/xarm_msgs/msg/detail/io_state__rosidl_typesupport_fastrtps_cpp.hpp
[2.730s] -- Up-to-date: /home/catcyber02/Mobile-Robots-2026-1/install/xarm_msgs/include/xarm_msgs/xarm_msgs/msg/detail/cio_state__rosidl_typesupport_fastrtps_cpp.hpp
[2.730s] -- Up-to-date: /home/catcyber02/Mobile-Robots-2026-1/install/xarm_msgs/include/xarm_msgs/xarm_msgs/msg/detail/robot_msg__rosidl_typesupport_fastrtps_cpp.hpp
[2.731s] -- Up-to-date: /home/catcyber02/Mobile-Robots-2026-1/install/xarm_msgs/include/xarm_msgs/xarm_msgs/msg/detail/move_velocity__rosidl_typesupport_fastrtps_cpp.hpp
[2.731s] -- Up-to-date: /home/catcyber02/Mobile-Robots-2026-1/install/xarm_msgs/include/xarm_msgs/xarm_msgs/msg/detail/dds_fastrtps
[2.731s] -- Up-to-date: /home/catcyber02/Mobile-Robots-2026-1/install/xarm_msgs/include/xarm_msgs/xarm_msgs/msg/rosidl_typesupport_fastrtps_cpp__visibility_control.h
[2.731s] -- Up-to-date: /home/catcyber02/Mobile-Robots-2026-1/install/xarm_msgs/lib/libxarm_msgs__rosidl_typesupport_fastrtps_cpp.so
[2.731s] -- Up-to-date: /home/catcyber02/Mobile-Robots-2026-1/install/xarm_msgs/include/xarm_msgs/xarm_msgs
[2.731s] -- Up-to-date: /home/catcyber02/Mobile-Robots-2026-1/install/xarm_msgs/include/xarm_msgs/xarm_msgs/srv
[2.731s] -- Up-to-date: /home/catcyber02/Mobile-Robots-2026-1/install/xarm_msgs/include/xarm_msgs/xarm_msgs/srv/detail
[2.732s] -- Installing: /home/catcyber02/Mobile-Robots-2026-1/install/xarm_msgs/include/xarm_msgs/xarm_msgs/srv/detail/linear_motor_back_origin__type_support.c
[2.732s] -- Up-to-date: /home/catcyber02/Mobile-Robots-2026-1/install/xarm_msgs/include/xarm_msgs/xarm_msgs/srv/detail/plan_exec__rosidl_typesupport_introspection_c.h
[2.732s] -- Up-to-date: /home/catcyber02/Mobile-Robots-2026-1/install/xarm_msgs/include/xarm_msgs/xarm_msgs/srv/detail/get_int32_by_type__rosidl_typesupport_introspection_c.h
[2.732s] -- Installing: /home/catcyber02/Mobile-Robots-2026-1/install/xarm_msgs/include/xarm_msgs/xarm_msgs/srv/detail/get_set_modbus_data__type_support.c
[2.732s] -- Installing: /home/catcyber02/Mobile-Robots-2026-1/install/xarm_msgs/include/xarm_msgs/xarm_msgs/srv/detail/plan_pose__type_support.c
[2.732s] -- Up-to-date: /home/catcyber02/Mobile-Robots-2026-1/install/xarm_msgs/include/xarm_msgs/xarm_msgs/srv/detail/call__rosidl_typesupport_introspection_c.h
[2.732s] -- Installing: /home/catcyber02/Mobile-Robots-2026-1/install/xarm_msgs/include/xarm_msgs/xarm_msgs/srv/detail/bio_gripper_ctrl__type_support.c
[2.733s] -- Up-to-date: /home/catcyber02/Mobile-Robots-2026-1/install/xarm_msgs/include/xarm_msgs/xarm_msgs/srv/detail/move_velocity__rosidl_typesupport_introspection_c.h
[2.733s] -- Installing: /home/catcyber02/Mobile-Robots-2026-1/install/xarm_msgs/include/xarm_msgs/xarm_msgs/srv/detail/get_int32_by_type__type_support.c
[2.733s] -- Up-to-date: /home/catcyber02/Mobile-Robots-2026-1/install/xarm_msgs/include/xarm_msgs/xarm_msgs/srv/detail/set_int32__rosidl_typesupport_introspection_c.h
[2.733s] -- Up-to-date: /home/catcyber02/Mobile-Robots-2026-1/install/xarm_msgs/include/xarm_msgs/xarm_msgs/srv/detail/get_digital_io__rosidl_typesupport_introspection_c.h
[2.733s] -- Up-to-date: /home/catcyber02/Mobile-Robots-2026-1/install/xarm_msgs/include/xarm_msgs/xarm_msgs/srv/detail/plan_joint__rosidl_typesupport_introspection_c.h
[2.733s] -- Installing: /home/catcyber02/Mobile-Robots-2026-1/install/xarm_msgs/include/xarm_msgs/xarm_msgs/srv/detail/robotiq_reset__type_support.c
[2.733s] -- Up-to-date: /home/catcyber02/Mobile-Robots-2026-1/install/xarm_msgs/include/xarm_msgs/xarm_msgs/srv/detail/set_int16_list__rosidl_typesupport_introspection_c.h
[2.734s] -- Installing: /home/catcyber02/Mobile-Robots-2026-1/install/xarm_msgs/include/xarm_msgs/xarm_msgs/srv/detail/get_float32_list__type_support.c
[2.734s] -- Installing: /home/catcyber02/Mobile-Robots-2026-1/install/xarm_msgs/include/xarm_msgs/xarm_msgs/srv/detail/plan_joint__type_support.c
[2.734s] -- Installing: /home/catcyber02/Mobile-Robots-2026-1/install/xarm_msgs/include/xarm_msgs/xarm_msgs/srv/detail/call__type_support.c
[2.734s] -- Up-to-date: /home/catcyber02/Mobile-Robots-2026-1/install/xarm_msgs/include/xarm_msgs/xarm_msgs/srv/detail/ft_impedance__rosidl_typesupport_introspection_c.h
[2.734s] -- Installing: /home/catcyber02/Mobile-Robots-2026-1/install/xarm_msgs/include/xarm_msgs/xarm_msgs/srv/detail/traj_ctrl__type_support.c
[2.734s] -- Up-to-date: /home/catcyber02/Mobile-Robots-2026-1/install/xarm_msgs/include/xarm_msgs/xarm_msgs/srv/detail/get_analog_io__rosidl_typesupport_introspection_c.h
[2.734s] -- Up-to-date: /home/catcyber02/Mobile-Robots-2026-1/install/xarm_msgs/include/xarm_msgs/xarm_msgs/srv/detail/move_cartesian__rosidl_typesupport_introspection_c.h
[2.735s] -- Up-to-date: /home/catcyber02/Mobile-Robots-2026-1/install/xarm_msgs/include/xarm_msgs/xarm_msgs/srv/detail/plan_pose__rosidl_typesupport_introspection_c.h
[2.735s] -- Installing: /home/catcyber02/Mobile-Robots-2026-1/install/xarm_msgs/include/xarm_msgs/xarm_msgs/srv/detail/gripper_move__type_support.c
[2.735s] -- Installing: /home/catcyber02/Mobile-Robots-2026-1/install/xarm_msgs/include/xarm_msgs/xarm_msgs/srv/detail/ft_cali_load__type_support.c
[2.735s] -- Up-to-date: /home/catcyber02/Mobile-Robots-2026-1/install/xarm_msgs/include/xarm_msgs/xarm_msgs/srv/detail/set_float32__rosidl_typesupport_introspection_c.h
[2.735s] -- Installing: /home/catcyber02/Mobile-Robots-2026-1/install/xarm_msgs/include/xarm_msgs/xarm_msgs/srv/detail/ft_force_params__type_support.c
[2.735s] -- Installing: /home/catcyber02/Mobile-Robots-2026-1/install/xarm_msgs/include/xarm_msgs/xarm_msgs/srv/detail/get_int16_list__type_support.c
[2.735s] -- Installing: /home/catcyber02/Mobile-Robots-2026-1/install/xarm_msgs/include/xarm_msgs/xarm_msgs/srv/detail/ft_impedance__type_support.c
[2.736s] -- Installing: /home/catcyber02/Mobile-Robots-2026-1/install/xarm_msgs/include/xarm_msgs/xarm_msgs/srv/detail/move_cartesian__type_support.c
[2.736s] -- Up-to-date: /home/catcyber02/Mobile-Robots-2026-1/install/xarm_msgs/include/xarm_msgs/xarm_msgs/srv/detail/vacuum_gripper_ctrl__rosidl_typesupport_introspection_c.h
[2.736s] -- Up-to-date: /home/catcyber02/Mobile-Robots-2026-1/install/xarm_msgs/include/xarm_msgs/xarm_msgs/srv/detail/robotiq_move__rosidl_typesupport_introspection_c.h
[2.736s] -- Up-to-date: /home/catcyber02/Mobile-Robots-2026-1/install/xarm_msgs/include/xarm_msgs/xarm_msgs/srv/detail/ft_force_params__rosidl_typesupport_introspection_c.h
[2.736s] -- Up-to-date: /home/catcyber02/Mobile-Robots-2026-1/install/xarm_msgs/include/xarm_msgs/xarm_msgs/srv/detail/get_int32__rosidl_typesupport_introspection_c.h
[2.736s] -- Up-to-date: /home/catcyber02/Mobile-Robots-2026-1/install/xarm_msgs/include/xarm_msgs/xarm_msgs/srv/detail/set_int16_by_id__rosidl_typesupport_introspection_c.h
[2.736s] -- Installing: /home/catcyber02/Mobile-Robots-2026-1/install/xarm_msgs/include/xarm_msgs/xarm_msgs/srv/detail/plan_single_straight__type_support.c
[2.737s] -- Installing: /home/catcyber02/Mobile-Robots-2026-1/install/xarm_msgs/include/xarm_msgs/xarm_msgs/srv/detail/set_analog_io__type_support.c
[2.737s] -- Installing: /home/catcyber02/Mobile-Robots-2026-1/install/xarm_msgs/include/xarm_msgs/xarm_msgs/srv/detail/set_tcp_load__type_support.c
[2.737s] -- Installing: /home/catcyber02/Mobile-Robots-2026-1/install/xarm_msgs/include/xarm_msgs/xarm_msgs/srv/detail/set_digital_io__type_support.c
[2.737s] -- Up-to-date: /home/catcyber02/Mobile-Robots-2026-1/install/xarm_msgs/include/xarm_msgs/xarm_msgs/srv/detail/set_int32_by_type__rosidl_typesupport_introspection_c.h
[2.737s] -- Installing: /home/catcyber02/Mobile-Robots-2026-1/install/xarm_msgs/include/xarm_msgs/xarm_msgs/srv/detail/set_int16_list__type_support.c
[2.737s] -- Up-to-date: /home/catcyber02/Mobile-Robots-2026-1/install/xarm_msgs/include/xarm_msgs/xarm_msgs/srv/detail/set_int16__rosidl_typesupport_introspection_c.h
[2.737s] -- Up-to-date: /home/catcyber02/Mobile-Robots-2026-1/install/xarm_msgs/include/xarm_msgs/xarm_msgs/srv/detail/get_float32_list__rosidl_typesupport_introspection_c.h
[2.738s] -- Installing: /home/catcyber02/Mobile-Robots-2026-1/install/xarm_msgs/include/xarm_msgs/xarm_msgs/srv/detail/get_int16__type_support.c
[2.738s] -- Up-to-date: /home/catcyber02/Mobile-Robots-2026-1/install/xarm_msgs/include/xarm_msgs/xarm_msgs/srv/detail/ft_admittance_params__rosidl_typesupport_introspection_c.h
[2.738s] -- Installing: /home/catcyber02/Mobile-Robots-2026-1/install/xarm_msgs/include/xarm_msgs/xarm_msgs/srv/detail/robotiq_activate__type_support.c
[2.738s] -- Up-to-date: /home/catcyber02/Mobile-Robots-2026-1/install/xarm_msgs/include/xarm_msgs/xarm_msgs/srv/detail/bio_gripper_enable__rosidl_typesupport_introspection_c.h
[2.738s] -- Up-to-date: /home/catcyber02/Mobile-Robots-2026-1/install/xarm_msgs/include/xarm_msgs/xarm_msgs/srv/detail/linear_motor_set_pos__rosidl_typesupport_introspection_c.h
[2.738s] -- Up-to-date: /home/catcyber02/Mobile-Robots-2026-1/install/xarm_msgs/include/xarm_msgs/xarm_msgs/srv/detail/linear_motor_back_origin__rosidl_typesupport_introspection_c.h
[2.738s] -- Up-to-date: /home/catcyber02/Mobile-Robots-2026-1/install/xarm_msgs/include/xarm_msgs/xarm_msgs/srv/detail/robotiq_get_status__rosidl_typesupport_introspection_c.h
[2.739s] -- Up-to-date: /home/catcyber02/Mobile-Robots-2026-1/install/xarm_msgs/include/xarm_msgs/xarm_msgs/srv/detail/set_digital_io__rosidl_typesupport_introspection_c.h
[2.739s] -- Installing: /home/catcyber02/Mobile-Robots-2026-1/install/xarm_msgs/include/xarm_msgs/xarm_msgs/srv/detail/robotiq_move__type_support.c
[2.739s] -- Up-to-date: /home/catcyber02/Mobile-Robots-2026-1/install/xarm_msgs/include/xarm_msgs/xarm_msgs/srv/detail/plan_single_straight__rosidl_typesupport_introspection_c.h
[2.739s] -- Up-to-date: /home/catcyber02/Mobile-Robots-2026-1/install/xarm_msgs/include/xarm_msgs/xarm_msgs/srv/detail/ft_cali_load__rosidl_typesupport_introspection_c.h
[2.739s] -- Installing: /home/catcyber02/Mobile-Robots-2026-1/install/xarm_msgs/include/xarm_msgs/xarm_msgs/srv/detail/set_float32_list__type_support.c
[2.739s] -- Installing: /home/catcyber02/Mobile-Robots-2026-1/install/xarm_msgs/include/xarm_msgs/xarm_msgs/srv/detail/set_int32__type_support.c
[2.739s] -- Installing: /home/catcyber02/Mobile-Robots-2026-1/install/xarm_msgs/include/xarm_msgs/xarm_msgs/srv/detail/get_int32__type_support.c
[2.739s] -- Up-to-date: /home/catcyber02/Mobile-Robots-2026-1/install/xarm_msgs/include/xarm_msgs/xarm_msgs/srv/detail/move_home__rosidl_typesupport_introspection_c.h
[2.740s] -- Up-to-date: /home/catcyber02/Mobile-Robots-2026-1/install/xarm_msgs/include/xarm_msgs/xarm_msgs/srv/detail/set_float32_list__rosidl_typesupport_introspection_c.h
[2.740s] -- Up-to-date: /home/catcyber02/Mobile-Robots-2026-1/install/xarm_msgs/include/xarm_msgs/xarm_msgs/srv/detail/linear_track_back_origin__rosidl_typesupport_introspection_c.h
[2.740s] -- Up-to-date: /home/catcyber02/Mobile-Robots-2026-1/install/xarm_msgs/include/xarm_msgs/xarm_msgs/srv/detail/ft_force_pid__rosidl_typesupport_introspection_c.h
[2.740s] -- Installing: /home/catcyber02/Mobile-Robots-2026-1/install/xarm_msgs/include/xarm_msgs/xarm_msgs/srv/detail/move_circle__type_support.c
[2.740s] -- Up-to-date: /home/catcyber02/Mobile-Robots-2026-1/install/xarm_msgs/include/xarm_msgs/xarm_msgs/srv/detail/robotiq_activate__rosidl_typesupport_introspection_c.h
[2.740s] -- Up-to-date: /home/catcyber02/Mobile-Robots-2026-1/install/xarm_msgs/include/xarm_msgs/xarm_msgs/srv/detail/linear_track_set_pos__rosidl_typesupport_introspection_c.h
[2.740s] -- Installing: /home/catcyber02/Mobile-Robots-2026-1/install/xarm_msgs/include/xarm_msgs/xarm_msgs/srv/detail/robotiq_get_status__type_support.c
[2.741s] -- Up-to-date: /home/catcyber02/Mobile-Robots-2026-1/install/xarm_msgs/include/xarm_msgs/xarm_msgs/srv/detail/robotiq_reset__rosidl_typesupport_introspection_c.h
[2.741s] -- Installing: /home/catcyber02/Mobile-Robots-2026-1/install/xarm_msgs/include/xarm_msgs/xarm_msgs/srv/detail/set_float32__type_support.c
[2.741s] -- Up-to-date: /home/catcyber02/Mobile-Robots-2026-1/install/xarm_msgs/include/xarm_msgs/xarm_msgs/srv/detail/get_set_modbus_data__rosidl_typesupport_introspection_c.h
[2.741s] -- Installing: /home/catcyber02/Mobile-Robots-2026-1/install/xarm_msgs/include/xarm_msgs/xarm_msgs/srv/detail/ft_force_pid__type_support.c
[2.741s] -- Installing: /home/catcyber02/Mobile-Robots-2026-1/install/xarm_msgs/include/xarm_msgs/xarm_msgs/srv/detail/move_joint__type_support.c
[2.741s] -- Up-to-date: /home/catcyber02/Mobile-Robots-2026-1/install/xarm_msgs/include/xarm_msgs/xarm_msgs/srv/detail/set_modbus_timeout__rosidl_typesupport_introspection_c.h
[2.741s] -- Installing: /home/catcyber02/Mobile-Robots-2026-1/install/xarm_msgs/include/xarm_msgs/xarm_msgs/srv/detail/vacuum_gripper_ctrl__type_support.c
[2.742s] -- Installing: /home/catcyber02/Mobile-Robots-2026-1/install/xarm_msgs/include/xarm_msgs/xarm_msgs/srv/detail/set_modbus_timeout__type_support.c
[2.742s] -- Up-to-date: /home/catcyber02/Mobile-Robots-2026-1/install/xarm_msgs/include/xarm_msgs/xarm_msgs/srv/detail/set_analog_io__rosidl_typesupport_introspection_c.h
[2.742s] -- Installing: /home/catcyber02/Mobile-Robots-2026-1/install/xarm_msgs/include/xarm_msgs/xarm_msgs/srv/detail/iden_load__type_support.c
[2.742s] -- Up-to-date: /home/catcyber02/Mobile-Robots-2026-1/install/xarm_msgs/include/xarm_msgs/xarm_msgs/srv/detail/traj_play__rosidl_typesupport_introspection_c.h
[2.742s] -- Up-to-date: /home/catcyber02/Mobile-Robots-2026-1/install/xarm_msgs/include/xarm_msgs/xarm_msgs/srv/detail/iden_load__rosidl_typesupport_introspection_c.h
[2.742s] -- Up-to-date: /home/catcyber02/Mobile-Robots-2026-1/install/xarm_msgs/include/xarm_msgs/xarm_msgs/srv/detail/get_int16_list__rosidl_typesupport_introspection_c.h
[2.742s] -- Installing: /home/catcyber02/Mobile-Robots-2026-1/install/xarm_msgs/include/xarm_msgs/xarm_msgs/srv/detail/set_int16__type_support.c
[2.743s] -- Installing: /home/catcyber02/Mobile-Robots-2026-1/install/xarm_msgs/include/xarm_msgs/xarm_msgs/srv/detail/get_analog_io__type_support.c
[2.743s] -- Installing: /home/catcyber02/Mobile-Robots-2026-1/install/xarm_msgs/include/xarm_msgs/xarm_msgs/srv/detail/get_digital_io__type_support.c
[2.743s] -- Installing: /home/catcyber02/Mobile-Robots-2026-1/install/xarm_msgs/include/xarm_msgs/xarm_msgs/srv/detail/set_int32_by_type__type_support.c
[2.743s] -- Installing: /home/catcyber02/Mobile-Robots-2026-1/install/xarm_msgs/include/xarm_msgs/xarm_msgs/srv/detail/linear_track_back_origin__type_support.c
[2.743s] -- Up-to-date: /home/catcyber02/Mobile-Robots-2026-1/install/xarm_msgs/include/xarm_msgs/xarm_msgs/srv/detail/gripper_move__rosidl_typesupport_introspection_c.h
[2.743s] -- Up-to-date: /home/catcyber02/Mobile-Robots-2026-1/install/xarm_msgs/include/xarm_msgs/xarm_msgs/srv/detail/get_int16__rosidl_typesupport_introspection_c.h
[2.743s] -- Up-to-date: /home/catcyber02/Mobile-Robots-2026-1/install/xarm_msgs/include/xarm_msgs/xarm_msgs/srv/detail/get_float32__rosidl_typesupport_introspection_c.h
[2.744s] -- Installing: /home/catcyber02/Mobile-Robots-2026-1/install/xarm_msgs/include/xarm_msgs/xarm_msgs/srv/detail/set_int16_by_id__type_support.c
[2.744s] -- Installing: /home/catcyber02/Mobile-Robots-2026-1/install/xarm_msgs/include/xarm_msgs/xarm_msgs/srv/detail/linear_motor_set_pos__type_support.c
[2.744s] -- Up-to-date: /home/catcyber02/Mobile-Robots-2026-1/install/xarm_msgs/include/xarm_msgs/xarm_msgs/srv/detail/set_tcp_load__rosidl_typesupport_introspection_c.h
[2.744s] -- Installing: /home/catcyber02/Mobile-Robots-2026-1/install/xarm_msgs/include/xarm_msgs/xarm_msgs/srv/detail/get_float32__type_support.c
[2.744s] -- Installing: /home/catcyber02/Mobile-Robots-2026-1/install/xarm_msgs/include/xarm_msgs/xarm_msgs/srv/detail/plan_exec__type_support.c
[2.744s] -- Up-to-date: /home/catcyber02/Mobile-Robots-2026-1/install/xarm_msgs/include/xarm_msgs/xarm_msgs/srv/detail/ft_force_config__rosidl_typesupport_introspection_c.h
[2.744s] -- Up-to-date: /home/catcyber02/Mobile-Robots-2026-1/install/xarm_msgs/include/xarm_msgs/xarm_msgs/srv/detail/move_joint__rosidl_typesupport_introspection_c.h
[2.745s] -- Installing: /home/catcyber02/Mobile-Robots-2026-1/install/xarm_msgs/include/xarm_msgs/xarm_msgs/srv/detail/move_velocity__type_support.c
[2.745s] -- Up-to-date: /home/catcyber02/Mobile-Robots-2026-1/install/xarm_msgs/include/xarm_msgs/xarm_msgs/srv/detail/traj_ctrl__rosidl_typesupport_introspection_c.h
[2.745s] -- Installing: /home/catcyber02/Mobile-Robots-2026-1/install/xarm_msgs/include/xarm_msgs/xarm_msgs/srv/detail/traj_play__type_support.c
[2.745s] -- Installing: /home/catcyber02/Mobile-Robots-2026-1/install/xarm_msgs/include/xarm_msgs/xarm_msgs/srv/detail/move_home__type_support.c
[2.745s] -- Installing: /home/catcyber02/Mobile-Robots-2026-1/install/xarm_msgs/include/xarm_msgs/xarm_msgs/srv/detail/ft_admittance_params__type_support.c
[2.745s] -- Installing: /home/catcyber02/Mobile-Robots-2026-1/install/xarm_msgs/include/xarm_msgs/xarm_msgs/srv/detail/bio_gripper_enable__type_support.c
[2.745s] -- Installing: /home/catcyber02/Mobile-Robots-2026-1/install/xarm_msgs/include/xarm_msgs/xarm_msgs/srv/detail/ft_force_config__type_support.c
[2.745s] -- Up-to-date: /home/catcyber02/Mobile-Robots-2026-1/install/xarm_msgs/include/xarm_msgs/xarm_msgs/srv/detail/move_circle__rosidl_typesupport_introspection_c.h
[2.746s] -- Up-to-date: /home/catcyber02/Mobile-Robots-2026-1/install/xarm_msgs/include/xarm_msgs/xarm_msgs/srv/detail/bio_gripper_ctrl__rosidl_typesupport_introspection_c.h
[2.746s] -- Installing: /home/catcyber02/Mobile-Robots-2026-1/install/xarm_msgs/include/xarm_msgs/xarm_msgs/srv/detail/linear_track_set_pos__type_support.c
[2.746s] -- Up-to-date: /home/catcyber02/Mobile-Robots-2026-1/install/xarm_msgs/include/xarm_msgs/xarm_msgs/msg
[2.746s] -- Up-to-date: /home/catcyber02/Mobile-Robots-2026-1/install/xarm_msgs/include/xarm_msgs/xarm_msgs/msg/detail
[2.746s] -- Up-to-date: /home/catcyber02/Mobile-Robots-2026-1/install/xarm_msgs/include/xarm_msgs/xarm_msgs/msg/detail/io_state__rosidl_typesupport_introspection_c.h
[2.746s] -- Up-to-date: /home/catcyber02/Mobile-Robots-2026-1/install/xarm_msgs/include/xarm_msgs/xarm_msgs/msg/detail/move_velocity__rosidl_typesupport_introspection_c.h
[2.746s] -- Up-to-date: /home/catcyber02/Mobile-Robots-2026-1/install/xarm_msgs/include/xarm_msgs/xarm_msgs/msg/detail/cio_state__rosidl_typesupport_introspection_c.h
[2.747s] -- Installing: /home/catcyber02/Mobile-Robots-2026-1/install/xarm_msgs/include/xarm_msgs/xarm_msgs/msg/detail/robot_msg__type_support.c
[2.747s] -- Installing: /home/catcyber02/Mobile-Robots-2026-1/install/xarm_msgs/include/xarm_msgs/xarm_msgs/msg/detail/io_state__type_support.c
[2.747s] -- Up-to-date: /home/catcyber02/Mobile-Robots-2026-1/install/xarm_msgs/include/xarm_msgs/xarm_msgs/msg/detail/robot_msg__rosidl_typesupport_introspection_c.h
[2.747s] -- Installing: /home/catcyber02/Mobile-Robots-2026-1/install/xarm_msgs/include/xarm_msgs/xarm_msgs/msg/detail/move_velocity__type_support.c
[2.747s] -- Installing: /home/catcyber02/Mobile-Robots-2026-1/install/xarm_msgs/include/xarm_msgs/xarm_msgs/msg/detail/cio_state__type_support.c
[2.747s] -- Up-to-date: /home/catcyber02/Mobile-Robots-2026-1/install/xarm_msgs/include/xarm_msgs/xarm_msgs/msg/rosidl_typesupport_introspection_c__visibility_control.h
[2.747s] -- Up-to-date: /home/catcyber02/Mobile-Robots-2026-1/install/xarm_msgs/lib/libxarm_msgs__rosidl_typesupport_introspection_c.so
[2.748s] -- Up-to-date: /home/catcyber02/Mobile-Robots-2026-1/install/xarm_msgs/lib/libxarm_msgs__rosidl_typesupport_c.so
[2.748s] -- Up-to-date: /home/catcyber02/Mobile-Robots-2026-1/install/xarm_msgs/include/xarm_msgs/xarm_msgs
[2.748s] -- Up-to-date: /home/catcyber02/Mobile-Robots-2026-1/install/xarm_msgs/include/xarm_msgs/xarm_msgs/srv
[2.748s] -- Up-to-date: /home/catcyber02/Mobile-Robots-2026-1/install/xarm_msgs/include/xarm_msgs/xarm_msgs/srv/detail
[2.748s] -- Up-to-date: /home/catcyber02/Mobile-Robots-2026-1/install/xarm_msgs/include/xarm_msgs/xarm_msgs/srv/detail/set_float32__type_support.cpp
[2.748s] -- Up-to-date: /home/catcyber02/Mobile-Robots-2026-1/install/xarm_msgs/include/xarm_msgs/xarm_msgs/srv/detail/get_analog_io__rosidl_typesupport_introspection_cpp.hpp
[2.748s] -- Up-to-date: /home/catcyber02/Mobile-Robots-2026-1/install/xarm_msgs/include/xarm_msgs/xarm_msgs/srv/detail/linear_track_set_pos__type_support.cpp
[2.749s] -- Up-to-date: /home/catcyber02/Mobile-Robots-2026-1/install/xarm_msgs/include/xarm_msgs/xarm_msgs/srv/detail/set_digital_io__rosidl_typesupport_introspection_cpp.hpp
[2.749s] -- Up-to-date: /home/catcyber02/Mobile-Robots-2026-1/install/xarm_msgs/include/xarm_msgs/xarm_msgs/srv/detail/move_circle__type_support.cpp
[2.749s] -- Up-to-date: /home/catcyber02/Mobile-Robots-2026-1/install/xarm_msgs/include/xarm_msgs/xarm_msgs/srv/detail/linear_motor_set_pos__rosidl_typesupport_introspection_cpp.hpp
[2.749s] -- Up-to-date: /home/catcyber02/Mobile-Robots-2026-1/install/xarm_msgs/include/xarm_msgs/xarm_msgs/srv/detail/set_float32_list__type_support.cpp
[2.749s] -- Up-to-date: /home/catcyber02/Mobile-Robots-2026-1/install/xarm_msgs/include/xarm_msgs/xarm_msgs/srv/detail/bio_gripper_ctrl__rosidl_typesupport_introspection_cpp.hpp
[2.749s] -- Up-to-date: /home/catcyber02/Mobile-Robots-2026-1/install/xarm_msgs/include/xarm_msgs/xarm_msgs/srv/detail/call__rosidl_typesupport_introspection_cpp.hpp
[2.749s] -- Up-to-date: /home/catcyber02/Mobile-Robots-2026-1/install/xarm_msgs/include/xarm_msgs/xarm_msgs/srv/detail/move_velocity__rosidl_typesupport_introspection_cpp.hpp
[2.750s] -- Up-to-date: /home/catcyber02/Mobile-Robots-2026-1/install/xarm_msgs/include/xarm_msgs/xarm_msgs/srv/detail/set_int16_by_id__type_support.cpp
[2.750s] -- Up-to-date: /home/catcyber02/Mobile-Robots-2026-1/install/xarm_msgs/include/xarm_msgs/xarm_msgs/srv/detail/get_int32_by_type__type_support.cpp
[2.750s] -- Up-to-date: /home/catcyber02/Mobile-Robots-2026-1/install/xarm_msgs/include/xarm_msgs/xarm_msgs/srv/detail/traj_ctrl__type_support.cpp
[2.750s] -- Up-to-date: /home/catcyber02/Mobile-Robots-2026-1/install/xarm_msgs/include/xarm_msgs/xarm_msgs/srv/detail/move_home__type_support.cpp
[2.750s] -- Up-to-date: /home/catcyber02/Mobile-Robots-2026-1/install/xarm_msgs/include/xarm_msgs/xarm_msgs/srv/detail/robotiq_activate__rosidl_typesupport_introspection_cpp.hpp
[2.750s] -- Up-to-date: /home/catcyber02/Mobile-Robots-2026-1/install/xarm_msgs/include/xarm_msgs/xarm_msgs/srv/detail/plan_exec__rosidl_typesupport_introspection_cpp.hpp
[2.750s] -- Up-to-date: /home/catcyber02/Mobile-Robots-2026-1/install/xarm_msgs/include/xarm_msgs/xarm_msgs/srv/detail/robotiq_reset__type_support.cpp
[2.751s] -- Up-to-date: /home/catcyber02/Mobile-Robots-2026-1/install/xarm_msgs/include/xarm_msgs/xarm_msgs/srv/detail/get_float32__type_support.cpp
[2.751s] -- Up-to-date: /home/catcyber02/Mobile-Robots-2026-1/install/xarm_msgs/include/xarm_msgs/xarm_msgs/srv/detail/ft_impedance__type_support.cpp
[2.751s] -- Up-to-date: /home/catcyber02/Mobile-Robots-2026-1/install/xarm_msgs/include/xarm_msgs/xarm_msgs/srv/detail/get_float32_list__type_support.cpp
[2.751s] -- Up-to-date: /home/catcyber02/Mobile-Robots-2026-1/install/xarm_msgs/include/xarm_msgs/xarm_msgs/srv/detail/ft_cali_load__type_support.cpp
[2.751s] -- Up-to-date: /home/catcyber02/Mobile-Robots-2026-1/install/xarm_msgs/include/xarm_msgs/xarm_msgs/srv/detail/call__type_support.cpp
[2.751s] -- Up-to-date: /home/catcyber02/Mobile-Robots-2026-1/install/xarm_msgs/include/xarm_msgs/xarm_msgs/srv/detail/ft_admittance_params__type_support.cpp
[2.751s] -- Up-to-date: /home/catcyber02/Mobile-Robots-2026-1/install/xarm_msgs/include/xarm_msgs/xarm_msgs/srv/detail/linear_track_back_origin__rosidl_typesupport_introspection_cpp.hpp
[2.752s] -- Up-to-date: /home/catcyber02/Mobile-Robots-2026-1/install/xarm_msgs/include/xarm_msgs/xarm_msgs/srv/detail/bio_gripper_ctrl__type_support.cpp
[2.752s] -- Up-to-date: /home/catcyber02/Mobile-Robots-2026-1/install/xarm_msgs/include/xarm_msgs/xarm_msgs/srv/detail/set_modbus_timeout__rosidl_typesupport_introspection_cpp.hpp
[2.752s] -- Up-to-date: /home/catcyber02/Mobile-Robots-2026-1/install/xarm_msgs/include/xarm_msgs/xarm_msgs/srv/detail/move_circle__rosidl_typesupport_introspection_cpp.hpp
[2.752s] -- Up-to-date: /home/catcyber02/Mobile-Robots-2026-1/install/xarm_msgs/include/xarm_msgs/xarm_msgs/srv/detail/traj_ctrl__rosidl_typesupport_introspection_cpp.hpp
[2.752s] -- Up-to-date: /home/catcyber02/Mobile-Robots-2026-1/install/xarm_msgs/include/xarm_msgs/xarm_msgs/srv/detail/move_cartesian__rosidl_typesupport_introspection_cpp.hpp
[2.752s] -- Up-to-date: /home/catcyber02/Mobile-Robots-2026-1/install/xarm_msgs/include/xarm_msgs/xarm_msgs/srv/detail/ft_force_config__rosidl_typesupport_introspection_cpp.hpp
[2.752s] -- Up-to-date: /home/catcyber02/Mobile-Robots-2026-1/install/xarm_msgs/include/xarm_msgs/xarm_msgs/srv/detail/robotiq_get_status__type_support.cpp
[2.753s] -- Up-to-date: /home/catcyber02/Mobile-Robots-2026-1/install/xarm_msgs/include/xarm_msgs/xarm_msgs/srv/detail/robotiq_move__rosidl_typesupport_introspection_cpp.hpp
[2.753s] -- Up-to-date: /home/catcyber02/Mobile-Robots-2026-1/install/xarm_msgs/include/xarm_msgs/xarm_msgs/srv/detail/get_analog_io__type_support.cpp
[2.753s] -- Up-to-date: /home/catcyber02/Mobile-Robots-2026-1/install/xarm_msgs/include/xarm_msgs/xarm_msgs/srv/detail/set_int16__type_support.cpp
[2.753s] -- Up-to-date: /home/catcyber02/Mobile-Robots-2026-1/install/xarm_msgs/include/xarm_msgs/xarm_msgs/srv/detail/linear_motor_back_origin__type_support.cpp
[2.753s] -- Up-to-date: /home/catcyber02/Mobile-Robots-2026-1/install/xarm_msgs/include/xarm_msgs/xarm_msgs/srv/detail/traj_play__rosidl_typesupport_introspection_cpp.hpp
[2.753s] -- Up-to-date: /home/catcyber02/Mobile-Robots-2026-1/install/xarm_msgs/include/xarm_msgs/xarm_msgs/srv/detail/get_int32_by_type__rosidl_typesupport_introspection_cpp.hpp
[2.753s] -- Up-to-date: /home/catcyber02/Mobile-Robots-2026-1/install/xarm_msgs/include/xarm_msgs/xarm_msgs/srv/detail/get_int32__rosidl_typesupport_introspection_cpp.hpp
[2.754s] -- Up-to-date: /home/catcyber02/Mobile-Robots-2026-1/install/xarm_msgs/include/xarm_msgs/xarm_msgs/srv/detail/get_float32_list__rosidl_typesupport_introspection_cpp.hpp
[2.754s] -- Up-to-date: /home/catcyber02/Mobile-Robots-2026-1/install/xarm_msgs/include/xarm_msgs/xarm_msgs/srv/detail/robotiq_activate__type_support.cpp
[2.754s] -- Up-to-date: /home/catcyber02/Mobile-Robots-2026-1/install/xarm_msgs/include/xarm_msgs/xarm_msgs/srv/detail/plan_joint__rosidl_typesupport_introspection_cpp.hpp
[2.754s] -- Up-to-date: /home/catcyber02/Mobile-Robots-2026-1/install/xarm_msgs/include/xarm_msgs/xarm_msgs/srv/detail/set_int16_by_id__rosidl_typesupport_introspection_cpp.hpp
[2.754s] -- Up-to-date: /home/catcyber02/Mobile-Robots-2026-1/install/xarm_msgs/include/xarm_msgs/xarm_msgs/srv/detail/plan_single_straight__type_support.cpp
[2.754s] -- Up-to-date: /home/catcyber02/Mobile-Robots-2026-1/install/xarm_msgs/include/xarm_msgs/xarm_msgs/srv/detail/move_home__rosidl_typesupport_introspection_cpp.hpp
[2.754s] -- Up-to-date: /home/catcyber02/Mobile-Robots-2026-1/install/xarm_msgs/include/xarm_msgs/xarm_msgs/srv/detail/plan_pose__type_support.cpp
[2.755s] -- Up-to-date: /home/catcyber02/Mobile-Robots-2026-1/install/xarm_msgs/include/xarm_msgs/xarm_msgs/srv/detail/set_int32__rosidl_typesupport_introspection_cpp.hpp
[2.755s] -- Up-to-date: /home/catcyber02/Mobile-Robots-2026-1/install/xarm_msgs/include/xarm_msgs/xarm_msgs/srv/detail/set_analog_io__rosidl_typesupport_introspection_cpp.hpp
[2.755s] -- Up-to-date: /home/catcyber02/Mobile-Robots-2026-1/install/xarm_msgs/include/xarm_msgs/xarm_msgs/srv/detail/robotiq_get_status__rosidl_typesupport_introspection_cpp.hpp
[2.755s] -- Up-to-date: /home/catcyber02/Mobile-Robots-2026-1/install/xarm_msgs/include/xarm_msgs/xarm_msgs/srv/detail/get_digital_io__type_support.cpp
[2.755s] -- Up-to-date: /home/catcyber02/Mobile-Robots-2026-1/install/xarm_msgs/include/xarm_msgs/xarm_msgs/srv/detail/set_int32_by_type__rosidl_typesupport_introspection_cpp.hpp
[2.755s] -- Up-to-date: /home/catcyber02/Mobile-Robots-2026-1/install/xarm_msgs/include/xarm_msgs/xarm_msgs/srv/detail/move_joint__type_support.cpp
[2.755s] -- Up-to-date: /home/catcyber02/Mobile-Robots-2026-1/install/xarm_msgs/include/xarm_msgs/xarm_msgs/srv/detail/set_int16_list__type_support.cpp
[2.756s] -- Up-to-date: /home/catcyber02/Mobile-Robots-2026-1/install/xarm_msgs/include/xarm_msgs/xarm_msgs/srv/detail/vacuum_gripper_ctrl__type_support.cpp
[2.756s] -- Up-to-date: /home/catcyber02/Mobile-Robots-2026-1/install/xarm_msgs/include/xarm_msgs/xarm_msgs/srv/detail/ft_impedance__rosidl_typesupport_introspection_cpp.hpp
[2.756s] -- Up-to-date: /home/catcyber02/Mobile-Robots-2026-1/install/xarm_msgs/include/xarm_msgs/xarm_msgs/srv/detail/get_int16__type_support.cpp
[2.756s] -- Up-to-date: /home/catcyber02/Mobile-Robots-2026-1/install/xarm_msgs/include/xarm_msgs/xarm_msgs/srv/detail/get_set_modbus_data__rosidl_typesupport_introspection_cpp.hpp
[2.756s] -- Up-to-date: /home/catcyber02/Mobile-Robots-2026-1/install/xarm_msgs/include/xarm_msgs/xarm_msgs/srv/detail/set_tcp_load__type_support.cpp
[2.756s] -- Up-to-date: /home/catcyber02/Mobile-Robots-2026-1/install/xarm_msgs/include/xarm_msgs/xarm_msgs/srv/detail/get_int32__type_support.cpp
[2.756s] -- Up-to-date: /home/catcyber02/Mobile-Robots-2026-1/install/xarm_msgs/include/xarm_msgs/xarm_msgs/srv/detail/iden_load__type_support.cpp
[2.757s] -- Up-to-date: /home/catcyber02/Mobile-Robots-2026-1/install/xarm_msgs/include/xarm_msgs/xarm_msgs/srv/detail/iden_load__rosidl_typesupport_introspection_cpp.hpp
[2.757s] -- Up-to-date: /home/catcyber02/Mobile-Robots-2026-1/install/xarm_msgs/include/xarm_msgs/xarm_msgs/srv/detail/ft_force_pid__rosidl_typesupport_introspection_cpp.hpp
[2.757s] -- Up-to-date: /home/catcyber02/Mobile-Robots-2026-1/install/xarm_msgs/include/xarm_msgs/xarm_msgs/srv/detail/set_float32_list__rosidl_typesupport_introspection_cpp.hpp
[2.757s] -- Up-to-date: /home/catcyber02/Mobile-Robots-2026-1/install/xarm_msgs/include/xarm_msgs/xarm_msgs/srv/detail/get_int16__rosidl_typesupport_introspection_cpp.hpp
[2.757s] -- Up-to-date: /home/catcyber02/Mobile-Robots-2026-1/install/xarm_msgs/include/xarm_msgs/xarm_msgs/srv/detail/set_int16_list__rosidl_typesupport_introspection_cpp.hpp
[2.757s] -- Up-to-date: /home/catcyber02/Mobile-Robots-2026-1/install/xarm_msgs/include/xarm_msgs/xarm_msgs/srv/detail/gripper_move__rosidl_typesupport_introspection_cpp.hpp
[2.757s] -- Up-to-date: /home/catcyber02/Mobile-Robots-2026-1/install/xarm_msgs/include/xarm_msgs/xarm_msgs/srv/detail/linear_track_set_pos__rosidl_typesupport_introspection_cpp.hpp
[2.758s] -- Up-to-date: /home/catcyber02/Mobile-Robots-2026-1/install/xarm_msgs/include/xarm_msgs/xarm_msgs/srv/detail/linear_motor_set_pos__type_support.cpp
[2.758s] -- Up-to-date: /home/catcyber02/Mobile-Robots-2026-1/install/xarm_msgs/include/xarm_msgs/xarm_msgs/srv/detail/move_cartesian__type_support.cpp
[2.758s] -- Up-to-date: /home/catcyber02/Mobile-Robots-2026-1/install/xarm_msgs/include/xarm_msgs/xarm_msgs/srv/detail/move_joint__rosidl_typesupport_introspection_cpp.hpp
[2.758s] -- Up-to-date: /home/catcyber02/Mobile-Robots-2026-1/install/xarm_msgs/include/xarm_msgs/xarm_msgs/srv/detail/bio_gripper_enable__rosidl_typesupport_introspection_cpp.hpp
[2.758s] -- Up-to-date: /home/catcyber02/Mobile-Robots-2026-1/install/xarm_msgs/include/xarm_msgs/xarm_msgs/srv/detail/ft_cali_load__rosidl_typesupport_introspection_cpp.hpp
[2.759s] -- Up-to-date: /home/catcyber02/Mobile-Robots-2026-1/install/xarm_msgs/include/xarm_msgs/xarm_msgs/srv/detail/ft_force_params__type_support.cpp
[2.759s] -- Up-to-date: /home/catcyber02/Mobile-Robots-2026-1/install/xarm_msgs/include/xarm_msgs/xarm_msgs/srv/detail/get_float32__rosidl_typesupport_introspection_cpp.hpp
[2.759s] -- Up-to-date: /home/catcyber02/Mobile-Robots-2026-1/install/xarm_msgs/include/xarm_msgs/xarm_msgs/srv/detail/linear_track_back_origin__type_support.cpp
[2.759s] -- Up-to-date: /home/catcyber02/Mobile-Robots-2026-1/install/xarm_msgs/include/xarm_msgs/xarm_msgs/srv/detail/set_analog_io__type_support.cpp
[2.760s] -- Up-to-date: /home/catcyber02/Mobile-Robots-2026-1/install/xarm_msgs/include/xarm_msgs/xarm_msgs/srv/detail/get_int16_list__rosidl_typesupport_introspection_cpp.hpp
[2.760s] -- Up-to-date: /home/catcyber02/Mobile-Robots-2026-1/install/xarm_msgs/include/xarm_msgs/xarm_msgs/srv/detail/bio_gripper_enable__type_support.cpp
[2.760s] -- Up-to-date: /home/catcyber02/Mobile-Robots-2026-1/install/xarm_msgs/include/xarm_msgs/xarm_msgs/srv/detail/vacuum_gripper_ctrl__rosidl_typesupport_introspection_cpp.hpp
[2.760s] -- Up-to-date: /home/catcyber02/Mobile-Robots-2026-1/install/xarm_msgs/include/xarm_msgs/xarm_msgs/srv/detail/ft_force_pid__type_support.cpp
[2.760s] -- Up-to-date: /home/catcyber02/Mobile-Robots-2026-1/install/xarm_msgs/include/xarm_msgs/xarm_msgs/srv/detail/ft_admittance_params__rosidl_typesupport_introspection_cpp.hpp
[2.760s] -- Up-to-date: /home/catcyber02/Mobile-Robots-2026-1/install/xarm_msgs/include/xarm_msgs/xarm_msgs/srv/detail/set_float32__rosidl_typesupport_introspection_cpp.hpp
[2.761s] -- Up-to-date: /home/catcyber02/Mobile-Robots-2026-1/install/xarm_msgs/include/xarm_msgs/xarm_msgs/srv/detail/move_velocity__type_support.cpp
[2.761s] -- Up-to-date: /home/catcyber02/Mobile-Robots-2026-1/install/xarm_msgs/include/xarm_msgs/xarm_msgs/srv/detail/set_int16__rosidl_typesupport_introspection_cpp.hpp
[2.761s] -- Up-to-date: /home/catcyber02/Mobile-Robots-2026-1/install/xarm_msgs/include/xarm_msgs/xarm_msgs/srv/detail/traj_play__type_support.cpp
[2.761s] -- Up-to-date: /home/catcyber02/Mobile-Robots-2026-1/install/xarm_msgs/include/xarm_msgs/xarm_msgs/srv/detail/set_digital_io__type_support.cpp
[2.761s] -- Up-to-date: /home/catcyber02/Mobile-Robots-2026-1/install/xarm_msgs/include/xarm_msgs/xarm_msgs/srv/detail/set_int32_by_type__type_support.cpp
[2.762s] -- Up-to-date: /home/catcyber02/Mobile-Robots-2026-1/install/xarm_msgs/include/xarm_msgs/xarm_msgs/srv/detail/get_set_modbus_data__type_support.cpp
[2.762s] -- Up-to-date: /home/catcyber02/Mobile-Robots-2026-1/install/xarm_msgs/include/xarm_msgs/xarm_msgs/srv/detail/plan_joint__type_support.cpp
[2.762s] -- Up-to-date: /home/catcyber02/Mobile-Robots-2026-1/install/xarm_msgs/include/xarm_msgs/xarm_msgs/srv/detail/get_digital_io__rosidl_typesupport_introspection_cpp.hpp
[2.762s] -- Up-to-date: /home/catcyber02/Mobile-Robots-2026-1/install/xarm_msgs/include/xarm_msgs/xarm_msgs/srv/detail/plan_exec__type_support.cpp
[2.762s] -- Up-to-date: /home/catcyber02/Mobile-Robots-2026-1/install/xarm_msgs/include/xarm_msgs/xarm_msgs/srv/detail/set_modbus_timeout__type_support.cpp
[2.762s] -- Up-to-date: /home/catcyber02/Mobile-Robots-2026-1/install/xarm_msgs/include/xarm_msgs/xarm_msgs/srv/detail/ft_force_params__rosidl_typesupport_introspection_cpp.hpp
[2.763s] -- Up-to-date: /home/catcyber02/Mobile-Robots-2026-1/install/xarm_msgs/include/xarm_msgs/xarm_msgs/srv/detail/gripper_move__type_support.cpp
[2.763s] -- Up-to-date: /home/catcyber02/Mobile-Robots-2026-1/install/xarm_msgs/include/xarm_msgs/xarm_msgs/srv/detail/linear_motor_back_origin__rosidl_typesupport_introspection_cpp.hpp
[2.763s] -- Up-to-date: /home/catcyber02/Mobile-Robots-2026-1/install/xarm_msgs/include/xarm_msgs/xarm_msgs/srv/detail/plan_single_straight__rosidl_typesupport_introspection_cpp.hpp
[2.763s] -- Up-to-date: /home/catcyber02/Mobile-Robots-2026-1/install/xarm_msgs/include/xarm_msgs/xarm_msgs/srv/detail/set_int32__type_support.cpp
[2.763s] -- Up-to-date: /home/catcyber02/Mobile-Robots-2026-1/install/xarm_msgs/include/xarm_msgs/xarm_msgs/srv/detail/robotiq_move__type_support.cpp
[2.764s] -- Up-to-date: /home/catcyber02/Mobile-Robots-2026-1/install/xarm_msgs/include/xarm_msgs/xarm_msgs/srv/detail/robotiq_reset__rosidl_typesupport_introspection_cpp.hpp
[2.764s] -- Up-to-date: /home/catcyber02/Mobile-Robots-2026-1/install/xarm_msgs/include/xarm_msgs/xarm_msgs/srv/detail/get_int16_list__type_support.cpp
[2.764s] -- Up-to-date: /home/catcyber02/Mobile-Robots-2026-1/install/xarm_msgs/include/xarm_msgs/xarm_msgs/srv/detail/plan_pose__rosidl_typesupport_introspection_cpp.hpp
[2.764s] -- Up-to-date: /home/catcyber02/Mobile-Robots-2026-1/install/xarm_msgs/include/xarm_msgs/xarm_msgs/srv/detail/ft_force_config__type_support.cpp
[2.764s] -- Up-to-date: /home/catcyber02/Mobile-Robots-2026-1/install/xarm_msgs/include/xarm_msgs/xarm_msgs/srv/detail/set_tcp_load__rosidl_typesupport_introspection_cpp.hpp
[2.765s] -- Up-to-date: /home/catcyber02/Mobile-Robots-2026-1/install/xarm_msgs/include/xarm_msgs/xarm_msgs/msg
[2.765s] -- Up-to-date: /home/catcyber02/Mobile-Robots-2026-1/install/xarm_msgs/include/xarm_msgs/xarm_msgs/msg/detail
[2.765s] -- Up-to-date: /home/catcyber02/Mobile-Robots-2026-1/install/xarm_msgs/include/xarm_msgs/xarm_msgs/msg/detail/move_velocity__rosidl_typesupport_introspection_cpp.hpp
[2.765s] -- Up-to-date: /home/catcyber02/Mobile-Robots-2026-1/install/xarm_msgs/include/xarm_msgs/xarm_msgs/msg/detail/cio_state__type_support.cpp
[2.765s] -- Up-to-date: /home/catcyber02/Mobile-Robots-2026-1/install/xarm_msgs/include/xarm_msgs/xarm_msgs/msg/detail/io_state__rosidl_typesupport_introspection_cpp.hpp
[2.766s] -- Up-to-date: /home/catcyber02/Mobile-Robots-2026-1/install/xarm_msgs/include/xarm_msgs/xarm_msgs/msg/detail/robot_msg__type_support.cpp
[2.766s] -- Up-to-date: /home/catcyber02/Mobile-Robots-2026-1/install/xarm_msgs/include/xarm_msgs/xarm_msgs/msg/detail/robot_msg__rosidl_typesupport_introspection_cpp.hpp
[2.766s] -- Up-to-date: /home/catcyber02/Mobile-Robots-2026-1/install/xarm_msgs/include/xarm_msgs/xarm_msgs/msg/detail/cio_state__rosidl_typesupport_introspection_cpp.hpp
[2.766s] -- Up-to-date: /home/catcyber02/Mobile-Robots-2026-1/install/xarm_msgs/include/xarm_msgs/xarm_msgs/msg/detail/move_velocity__type_support.cpp
[2.766s] -- Up-to-date: /home/catcyber02/Mobile-Robots-2026-1/install/xarm_msgs/include/xarm_msgs/xarm_msgs/msg/detail/io_state__type_support.cpp
[2.766s] -- Up-to-date: /home/catcyber02/Mobile-Robots-2026-1/install/xarm_msgs/lib/libxarm_msgs__rosidl_typesupport_introspection_cpp.so
[2.767s] -- Up-to-date: /home/catcyber02/Mobile-Robots-2026-1/install/xarm_msgs/lib/libxarm_msgs__rosidl_typesupport_cpp.so
[2.767s] -- Up-to-date: /home/catcyber02/Mobile-Robots-2026-1/install/xarm_msgs/share/xarm_msgs/environment/pythonpath.sh
[2.767s] -- Up-to-date: /home/catcyber02/Mobile-Robots-2026-1/install/xarm_msgs/share/xarm_msgs/environment/pythonpath.dsv
[2.767s] -- Up-to-date: /home/catcyber02/Mobile-Robots-2026-1/install/xarm_msgs/lib/python3.12/site-packages/xarm_msgs-0.0.0-py3.12.egg-info
[2.767s] -- Installing: /home/catcyber02/Mobile-Robots-2026-1/install/xarm_msgs/lib/python3.12/site-packages/xarm_msgs-0.0.0-py3.12.egg-info/PKG-INFO
[2.768s] -- Installing: /home/catcyber02/Mobile-Robots-2026-1/install/xarm_msgs/lib/python3.12/site-packages/xarm_msgs-0.0.0-py3.12.egg-info/top_level.txt
[2.768s] -- Installing: /home/catcyber02/Mobile-Robots-2026-1/install/xarm_msgs/lib/python3.12/site-packages/xarm_msgs-0.0.0-py3.12.egg-info/SOURCES.txt
[2.768s] -- Installing: /home/catcyber02/Mobile-Robots-2026-1/install/xarm_msgs/lib/python3.12/site-packages/xarm_msgs-0.0.0-py3.12.egg-info/dependency_links.txt
[2.768s] -- Up-to-date: /home/catcyber02/Mobile-Robots-2026-1/install/xarm_msgs/lib/python3.12/site-packages/xarm_msgs
[2.768s] -- Up-to-date: /home/catcyber02/Mobile-Robots-2026-1/install/xarm_msgs/lib/python3.12/site-packages/xarm_msgs/_xarm_msgs_s.ep.rosidl_typesupport_introspection_c.c
[2.769s] -- Up-to-date: /home/catcyber02/Mobile-Robots-2026-1/install/xarm_msgs/lib/python3.12/site-packages/xarm_msgs/xarm_msgs_s__rosidl_typesupport_fastrtps_c.so
[2.769s] -- Up-to-date: /home/catcyber02/Mobile-Robots-2026-1/install/xarm_msgs/lib/python3.12/site-packages/xarm_msgs/xarm_msgs_s__rosidl_typesupport_c.so
[2.769s] -- Up-to-date: /home/catcyber02/Mobile-Robots-2026-1/install/xarm_msgs/lib/python3.12/site-packages/xarm_msgs/_xarm_msgs_s.ep.rosidl_typesupport_fastrtps_c.c
[2.769s] -- Up-to-date: /home/catcyber02/Mobile-Robots-2026-1/install/xarm_msgs/lib/python3.12/site-packages/xarm_msgs/xarm_msgs_s__rosidl_typesupport_introspection_c.so
[2.769s] -- Up-to-date: /home/catcyber02/Mobile-Robots-2026-1/install/xarm_msgs/lib/python3.12/site-packages/xarm_msgs/srv
[2.769s] -- Up-to-date: /home/catcyber02/Mobile-Robots-2026-1/install/xarm_msgs/lib/python3.12/site-packages/xarm_msgs/srv/_ft_cali_load.py
[2.770s] -- Up-to-date: /home/catcyber02/Mobile-Robots-2026-1/install/xarm_msgs/lib/python3.12/site-packages/xarm_msgs/srv/_vacuum_gripper_ctrl.py
[2.770s] -- Up-to-date: /home/catcyber02/Mobile-Robots-2026-1/install/xarm_msgs/lib/python3.12/site-packages/xarm_msgs/srv/_set_int32.py
[2.770s] -- Up-to-date: /home/catcyber02/Mobile-Robots-2026-1/install/xarm_msgs/lib/python3.12/site-packages/xarm_msgs/srv/_set_tcp_load.py
[2.770s] -- Up-to-date: /home/catcyber02/Mobile-Robots-2026-1/install/xarm_msgs/lib/python3.12/site-packages/xarm_msgs/srv/_move_circle_s.c
[2.770s] -- Up-to-date: /home/catcyber02/Mobile-Robots-2026-1/install/xarm_msgs/lib/python3.12/site-packages/xarm_msgs/srv/_set_analog_io_s.c
[2.771s] -- Up-to-date: /home/catcyber02/Mobile-Robots-2026-1/install/xarm_msgs/lib/python3.12/site-packages/xarm_msgs/srv/_set_modbus_timeout.py
[2.771s] -- Up-to-date: /home/catcyber02/Mobile-Robots-2026-1/install/xarm_msgs/lib/python3.12/site-packages/xarm_msgs/srv/_set_int16_list_s.c
[2.771s] -- Up-to-date: /home/catcyber02/Mobile-Robots-2026-1/install/xarm_msgs/lib/python3.12/site-packages/xarm_msgs/srv/_set_int32_by_type_s.c
[2.771s] -- Up-to-date: /home/catcyber02/Mobile-Robots-2026-1/install/xarm_msgs/lib/python3.12/site-packages/xarm_msgs/srv/_get_analog_io.py
[2.771s] -- Up-to-date: /home/catcyber02/Mobile-Robots-2026-1/install/xarm_msgs/lib/python3.12/site-packages/xarm_msgs/srv/_set_int16.py
[2.772s] -- Up-to-date: /home/catcyber02/Mobile-Robots-2026-1/install/xarm_msgs/lib/python3.12/site-packages/xarm_msgs/srv/_get_int16.py
[2.772s] -- Up-to-date: /home/catcyber02/Mobile-Robots-2026-1/install/xarm_msgs/lib/python3.12/site-packages/xarm_msgs/srv/_move_joint.py
[2.772s] -- Up-to-date: /home/catcyber02/Mobile-Robots-2026-1/install/xarm_msgs/lib/python3.12/site-packages/xarm_msgs/srv/_linear_track_back_origin_s.c
[2.772s] -- Up-to-date: /home/catcyber02/Mobile-Robots-2026-1/install/xarm_msgs/lib/python3.12/site-packages/xarm_msgs/srv/_get_float32.py
[2.773s] -- Up-to-date: /home/catcyber02/Mobile-Robots-2026-1/install/xarm_msgs/lib/python3.12/site-packages/xarm_msgs/srv/_get_set_modbus_data_s.c
[2.773s] -- Up-to-date: /home/catcyber02/Mobile-Robots-2026-1/install/xarm_msgs/lib/python3.12/site-packages/xarm_msgs/srv/_set_float32_s.c
[2.773s] -- Up-to-date: /home/catcyber02/Mobile-Robots-2026-1/install/xarm_msgs/lib/python3.12/site-packages/xarm_msgs/srv/_get_digital_io_s.c
[2.773s] -- Up-to-date: /home/catcyber02/Mobile-Robots-2026-1/install/xarm_msgs/lib/python3.12/site-packages/xarm_msgs/srv/_linear_motor_set_pos_s.c
[2.773s] -- Up-to-date: /home/catcyber02/Mobile-Robots-2026-1/install/xarm_msgs/lib/python3.12/site-packages/xarm_msgs/srv/_call_s.c
[2.774s] -- Up-to-date: /home/catcyber02/Mobile-Robots-2026-1/install/xarm_msgs/lib/python3.12/site-packages/xarm_msgs/srv/_ft_cali_load_s.c
[2.774s] -- Up-to-date: /home/catcyber02/Mobile-Robots-2026-1/install/xarm_msgs/lib/python3.12/site-packages/xarm_msgs/srv/_set_float32_list.py
[2.774s] -- Up-to-date: /home/catcyber02/Mobile-Robots-2026-1/install/xarm_msgs/lib/python3.12/site-packages/xarm_msgs/srv/_plan_exec_s.c
[2.774s] -- Up-to-date: /home/catcyber02/Mobile-Robots-2026-1/install/xarm_msgs/lib/python3.12/site-packages/xarm_msgs/srv/_plan_joint_s.c
[2.775s] -- Up-to-date: /home/catcyber02/Mobile-Robots-2026-1/install/xarm_msgs/lib/python3.12/site-packages/xarm_msgs/srv/_get_float32_list.py
[2.775s] -- Up-to-date: /home/catcyber02/Mobile-Robots-2026-1/install/xarm_msgs/lib/python3.12/site-packages/xarm_msgs/srv/_get_float32_list_s.c
[2.775s] -- Up-to-date: /home/catcyber02/Mobile-Robots-2026-1/install/xarm_msgs/lib/python3.12/site-packages/xarm_msgs/srv/_move_cartesian_s.c
[2.775s] -- Up-to-date: /home/catcyber02/Mobile-Robots-2026-1/install/xarm_msgs/lib/python3.12/site-packages/xarm_msgs/srv/_set_int32_by_type.py
[2.776s] -- Up-to-date: /home/catcyber02/Mobile-Robots-2026-1/install/xarm_msgs/lib/python3.12/site-packages/xarm_msgs/srv/_set_float32_list_s.c
[2.776s] -- Up-to-date: /home/catcyber02/Mobile-Robots-2026-1/install/xarm_msgs/lib/python3.12/site-packages/xarm_msgs/srv/_move_joint_s.c
[2.776s] -- Up-to-date: /home/catcyber02/Mobile-Robots-2026-1/install/xarm_msgs/lib/python3.12/site-packages/xarm_msgs/srv/_move_velocity.py
[2.776s] -- Up-to-date: /home/catcyber02/Mobile-Robots-2026-1/install/xarm_msgs/lib/python3.12/site-packages/xarm_msgs/srv/_linear_track_back_origin.py
[2.776s] -- Up-to-date: /home/catcyber02/Mobile-Robots-2026-1/install/xarm_msgs/lib/python3.12/site-packages/xarm_msgs/srv/_robotiq_activate.py
[2.777s] -- Up-to-date: /home/catcyber02/Mobile-Robots-2026-1/install/xarm_msgs/lib/python3.12/site-packages/xarm_msgs/srv/_set_float32.py
[2.777s] -- Up-to-date: /home/catcyber02/Mobile-Robots-2026-1/install/xarm_msgs/lib/python3.12/site-packages/xarm_msgs/srv/_ft_force_pid_s.c
[2.777s] -- Up-to-date: /home/catcyber02/Mobile-Robots-2026-1/install/xarm_msgs/lib/python3.12/site-packages/xarm_msgs/srv/_traj_play_s.c
[2.778s] -- Up-to-date: /home/catcyber02/Mobile-Robots-2026-1/install/xarm_msgs/lib/python3.12/site-packages/xarm_msgs/srv/_get_set_modbus_data.py
[2.778s] -- Up-to-date: /home/catcyber02/Mobile-Robots-2026-1/install/xarm_msgs/lib/python3.12/site-packages/xarm_msgs/srv/_robotiq_move.py
[2.778s] -- Up-to-date: /home/catcyber02/Mobile-Robots-2026-1/install/xarm_msgs/lib/python3.12/site-packages/xarm_msgs/srv/_set_modbus_timeout_s.c
[2.778s] -- Up-to-date: /home/catcyber02/Mobile-Robots-2026-1/install/xarm_msgs/lib/python3.12/site-packages/xarm_msgs/srv/_linear_motor_set_pos.py
[2.778s] -- Up-to-date: /home/catcyber02/Mobile-Robots-2026-1/install/xarm_msgs/lib/python3.12/site-packages/xarm_msgs/srv/_robotiq_get_status.py
[2.779s] -- Up-to-date: /home/catcyber02/Mobile-Robots-2026-1/install/xarm_msgs/lib/python3.12/site-packages/xarm_msgs/srv/_plan_single_straight_s.c
[2.779s] -- Up-to-date: /home/catcyber02/Mobile-Robots-2026-1/install/xarm_msgs/lib/python3.12/site-packages/xarm_msgs/srv/_linear_track_set_pos_s.c
[2.779s] -- Up-to-date: /home/catcyber02/Mobile-Robots-2026-1/install/xarm_msgs/lib/python3.12/site-packages/xarm_msgs/srv/_move_velocity_s.c
[2.779s] -- Up-to-date: /home/catcyber02/Mobile-Robots-2026-1/install/xarm_msgs/lib/python3.12/site-packages/xarm_msgs/srv/_set_digital_io_s.c
[2.779s] -- Up-to-date: /home/catcyber02/Mobile-Robots-2026-1/install/xarm_msgs/lib/python3.12/site-packages/xarm_msgs/srv/_move_home.py
[2.779s] -- Up-to-date: /home/catcyber02/Mobile-Robots-2026-1/install/xarm_msgs/lib/python3.12/site-packages/xarm_msgs/srv/_plan_single_straight.py
[2.779s] -- Up-to-date: /home/catcyber02/Mobile-Robots-2026-1/install/xarm_msgs/lib/python3.12/site-packages/xarm_msgs/srv/_set_int32_s.c
[2.780s] -- Up-to-date: /home/catcyber02/Mobile-Robots-2026-1/install/xarm_msgs/lib/python3.12/site-packages/xarm_msgs/srv/_linear_motor_back_origin_s.c
[2.780s] -- Up-to-date: /home/catcyber02/Mobile-Robots-2026-1/install/xarm_msgs/lib/python3.12/site-packages/xarm_msgs/srv/_set_int16_s.c
[2.780s] -- Up-to-date: /home/catcyber02/Mobile-Robots-2026-1/install/xarm_msgs/lib/python3.12/site-packages/xarm_msgs/srv/_get_int16_s.c
[2.780s] -- Up-to-date: /home/catcyber02/Mobile-Robots-2026-1/install/xarm_msgs/lib/python3.12/site-packages/xarm_msgs/srv/_move_cartesian.py
[2.780s] -- Up-to-date: /home/catcyber02/Mobile-Robots-2026-1/install/xarm_msgs/lib/python3.12/site-packages/xarm_msgs/srv/_ft_impedance.py
[2.780s] -- Up-to-date: /home/catcyber02/Mobile-Robots-2026-1/install/xarm_msgs/lib/python3.12/site-packages/xarm_msgs/srv/_iden_load_s.c
[2.780s] -- Up-to-date: /home/catcyber02/Mobile-Robots-2026-1/install/xarm_msgs/lib/python3.12/site-packages/xarm_msgs/srv/_plan_joint.py
[2.781s] -- Up-to-date: /home/catcyber02/Mobile-Robots-2026-1/install/xarm_msgs/lib/python3.12/site-packages/xarm_msgs/srv/_bio_gripper_enable.py
[2.781s] -- Up-to-date: /home/catcyber02/Mobile-Robots-2026-1/install/xarm_msgs/lib/python3.12/site-packages/xarm_msgs/srv/_get_float32_s.c
[2.781s] -- Up-to-date: /home/catcyber02/Mobile-Robots-2026-1/install/xarm_msgs/lib/python3.12/site-packages/xarm_msgs/srv/_get_int32.py
[2.781s] -- Up-to-date: /home/catcyber02/Mobile-Robots-2026-1/install/xarm_msgs/lib/python3.12/site-packages/xarm_msgs/srv/_bio_gripper_ctrl.py
[2.781s] -- Up-to-date: /home/catcyber02/Mobile-Robots-2026-1/install/xarm_msgs/lib/python3.12/site-packages/xarm_msgs/srv/_get_analog_io_s.c
[2.781s] -- Up-to-date: /home/catcyber02/Mobile-Robots-2026-1/install/xarm_msgs/lib/python3.12/site-packages/xarm_msgs/srv/_traj_ctrl_s.c
[2.782s] -- Up-to-date: /home/catcyber02/Mobile-Robots-2026-1/install/xarm_msgs/lib/python3.12/site-packages/xarm_msgs/srv/_bio_gripper_ctrl_s.c
[2.782s] -- Up-to-date: /home/catcyber02/Mobile-Robots-2026-1/install/xarm_msgs/lib/python3.12/site-packages/xarm_msgs/srv/_iden_load.py
[2.782s] -- Up-to-date: /home/catcyber02/Mobile-Robots-2026-1/install/xarm_msgs/lib/python3.12/site-packages/xarm_msgs/srv/_robotiq_reset_s.c
[2.782s] -- Up-to-date: /home/catcyber02/Mobile-Robots-2026-1/install/xarm_msgs/lib/python3.12/site-packages/xarm_msgs/srv/_traj_play.py
[2.782s] -- Up-to-date: /home/catcyber02/Mobile-Robots-2026-1/install/xarm_msgs/lib/python3.12/site-packages/xarm_msgs/srv/__init__.py
[2.782s] -- Up-to-date: /home/catcyber02/Mobile-Robots-2026-1/install/xarm_msgs/lib/python3.12/site-packages/xarm_msgs/srv/_ft_impedance_s.c
[2.783s] -- Up-to-date: /home/catcyber02/Mobile-Robots-2026-1/install/xarm_msgs/lib/python3.12/site-packages/xarm_msgs/srv/_linear_track_set_pos.py
[2.783s] -- Up-to-date: /home/catcyber02/Mobile-Robots-2026-1/install/xarm_msgs/lib/python3.12/site-packages/xarm_msgs/srv/_gripper_move.py
[2.783s] -- Up-to-date: /home/catcyber02/Mobile-Robots-2026-1/install/xarm_msgs/lib/python3.12/site-packages/xarm_msgs/srv/_gripper_move_s.c
[2.783s] -- Up-to-date: /home/catcyber02/Mobile-Robots-2026-1/install/xarm_msgs/lib/python3.12/site-packages/xarm_msgs/srv/_set_analog_io.py
[2.783s] -- Up-to-date: /home/catcyber02/Mobile-Robots-2026-1/install/xarm_msgs/lib/python3.12/site-packages/xarm_msgs/srv/_call.py
[2.783s] -- Up-to-date: /home/catcyber02/Mobile-Robots-2026-1/install/xarm_msgs/lib/python3.12/site-packages/xarm_msgs/srv/_get_digital_io.py
[2.783s] -- Up-to-date: /home/catcyber02/Mobile-Robots-2026-1/install/xarm_msgs/lib/python3.12/site-packages/xarm_msgs/srv/_ft_force_params_s.c
[2.784s] -- Up-to-date: /home/catcyber02/Mobile-Robots-2026-1/install/xarm_msgs/lib/python3.12/site-packages/xarm_msgs/srv/_set_digital_io.py
[2.784s] -- Up-to-date: /home/catcyber02/Mobile-Robots-2026-1/install/xarm_msgs/lib/python3.12/site-packages/xarm_msgs/srv/_plan_exec.py
[2.784s] -- Up-to-date: /home/catcyber02/Mobile-Robots-2026-1/install/xarm_msgs/lib/python3.12/site-packages/xarm_msgs/srv/_bio_gripper_enable_s.c
[2.784s] -- Up-to-date: /home/catcyber02/Mobile-Robots-2026-1/install/xarm_msgs/lib/python3.12/site-packages/xarm_msgs/srv/_plan_pose.py
[2.784s] -- Up-to-date: /home/catcyber02/Mobile-Robots-2026-1/install/xarm_msgs/lib/python3.12/site-packages/xarm_msgs/srv/_robotiq_move_s.c
[2.784s] -- Up-to-date: /home/catcyber02/Mobile-Robots-2026-1/install/xarm_msgs/lib/python3.12/site-packages/xarm_msgs/srv/_ft_admittance_params_s.c
[2.785s] -- Up-to-date: /home/catcyber02/Mobile-Robots-2026-1/install/xarm_msgs/lib/python3.12/site-packages/xarm_msgs/srv/_robotiq_get_status_s.c
[2.785s] -- Up-to-date: /home/catcyber02/Mobile-Robots-2026-1/install/xarm_msgs/lib/python3.12/site-packages/xarm_msgs/srv/_traj_ctrl.py
[2.785s] -- Up-to-date: /home/catcyber02/Mobile-Robots-2026-1/install/xarm_msgs/lib/python3.12/site-packages/xarm_msgs/srv/_get_int32_by_type_s.c
[2.785s] -- Up-to-date: /home/catcyber02/Mobile-Robots-2026-1/install/xarm_msgs/lib/python3.12/site-packages/xarm_msgs/srv/_linear_motor_back_origin.py
[2.785s] -- Up-to-date: /home/catcyber02/Mobile-Robots-2026-1/install/xarm_msgs/lib/python3.12/site-packages/xarm_msgs/srv/_ft_force_config.py
[2.785s] -- Up-to-date: /home/catcyber02/Mobile-Robots-2026-1/install/xarm_msgs/lib/python3.12/site-packages/xarm_msgs/srv/_get_int32_by_type.py
[2.785s] -- Up-to-date: /home/catcyber02/Mobile-Robots-2026-1/install/xarm_msgs/lib/python3.12/site-packages/xarm_msgs/srv/_get_int16_list_s.c
[2.786s] -- Up-to-date: /home/catcyber02/Mobile-Robots-2026-1/install/xarm_msgs/lib/python3.12/site-packages/xarm_msgs/srv/_robotiq_reset.py
[2.786s] -- Up-to-date: /home/catcyber02/Mobile-Robots-2026-1/install/xarm_msgs/lib/python3.12/site-packages/xarm_msgs/srv/_move_circle.py
[2.786s] -- Up-to-date: /home/catcyber02/Mobile-Robots-2026-1/install/xarm_msgs/lib/python3.12/site-packages/xarm_msgs/srv/_vacuum_gripper_ctrl_s.c
[2.786s] -- Up-to-date: /home/catcyber02/Mobile-Robots-2026-1/install/xarm_msgs/lib/python3.12/site-packages/xarm_msgs/srv/_robotiq_activate_s.c
[2.786s] -- Up-to-date: /home/catcyber02/Mobile-Robots-2026-1/install/xarm_msgs/lib/python3.12/site-packages/xarm_msgs/srv/_set_int16_list.py
[2.786s] -- Up-to-date: /home/catcyber02/Mobile-Robots-2026-1/install/xarm_msgs/lib/python3.12/site-packages/xarm_msgs/srv/_plan_pose_s.c
[2.786s] -- Up-to-date: /home/catcyber02/Mobile-Robots-2026-1/install/xarm_msgs/lib/python3.12/site-packages/xarm_msgs/srv/_ft_force_pid.py
[2.786s] -- Up-to-date: /home/catcyber02/Mobile-Robots-2026-1/install/xarm_msgs/lib/python3.12/site-packages/xarm_msgs/srv/_set_int16_by_id.py
[2.787s] -- Up-to-date: /home/catcyber02/Mobile-Robots-2026-1/install/xarm_msgs/lib/python3.12/site-packages/xarm_msgs/srv/_get_int32_s.c
[2.787s] -- Up-to-date: /home/catcyber02/Mobile-Robots-2026-1/install/xarm_msgs/lib/python3.12/site-packages/xarm_msgs/srv/_set_tcp_load_s.c
[2.787s] -- Up-to-date: /home/catcyber02/Mobile-Robots-2026-1/install/xarm_msgs/lib/python3.12/site-packages/xarm_msgs/srv/_move_home_s.c
[2.787s] -- Up-to-date: /home/catcyber02/Mobile-Robots-2026-1/install/xarm_msgs/lib/python3.12/site-packages/xarm_msgs/srv/_set_int16_by_id_s.c
[2.787s] -- Up-to-date: /home/catcyber02/Mobile-Robots-2026-1/install/xarm_msgs/lib/python3.12/site-packages/xarm_msgs/srv/_ft_force_config_s.c
[2.788s] -- Up-to-date: /home/catcyber02/Mobile-Robots-2026-1/install/xarm_msgs/lib/python3.12/site-packages/xarm_msgs/srv/_ft_admittance_params.py
[2.788s] -- Up-to-date: /home/catcyber02/Mobile-Robots-2026-1/install/xarm_msgs/lib/python3.12/site-packages/xarm_msgs/srv/_ft_force_params.py
[2.788s] -- Up-to-date: /home/catcyber02/Mobile-Robots-2026-1/install/xarm_msgs/lib/python3.12/site-packages/xarm_msgs/srv/_get_int16_list.py
[2.788s] -- Up-to-date: /home/catcyber02/Mobile-Robots-2026-1/install/xarm_msgs/lib/python3.12/site-packages/xarm_msgs/__init__.py
[2.788s] -- Up-to-date: /home/catcyber02/Mobile-Robots-2026-1/install/xarm_msgs/lib/python3.12/site-packages/xarm_msgs/msg
[2.788s] -- Up-to-date: /home/catcyber02/Mobile-Robots-2026-1/install/xarm_msgs/lib/python3.12/site-packages/xarm_msgs/msg/_robot_msg.py
[2.788s] -- Up-to-date: /home/catcyber02/Mobile-Robots-2026-1/install/xarm_msgs/lib/python3.12/site-packages/xarm_msgs/msg/_move_velocity.py
[2.789s] -- Up-to-date: /home/catcyber02/Mobile-Robots-2026-1/install/xarm_msgs/lib/python3.12/site-packages/xarm_msgs/msg/_cio_state.py
[2.789s] -- Up-to-date: /home/catcyber02/Mobile-Robots-2026-1/install/xarm_msgs/lib/python3.12/site-packages/xarm_msgs/msg/_cio_state_s.c
[2.789s] -- Up-to-date: /home/catcyber02/Mobile-Robots-2026-1/install/xarm_msgs/lib/python3.12/site-packages/xarm_msgs/msg/_move_velocity_s.c
[2.789s] -- Up-to-date: /home/catcyber02/Mobile-Robots-2026-1/install/xarm_msgs/lib/python3.12/site-packages/xarm_msgs/msg/_io_state.py
[2.789s] -- Up-to-date: /home/catcyber02/Mobile-Robots-2026-1/install/xarm_msgs/lib/python3.12/site-packages/xarm_msgs/msg/__init__.py
[2.789s] -- Up-to-date: /home/catcyber02/Mobile-Robots-2026-1/install/xarm_msgs/lib/python3.12/site-packages/xarm_msgs/msg/_io_state_s.c
[2.789s] -- Up-to-date: /home/catcyber02/Mobile-Robots-2026-1/install/xarm_msgs/lib/python3.12/site-packages/xarm_msgs/msg/_robot_msg_s.c
[2.790s] -- Up-to-date: /home/catcyber02/Mobile-Robots-2026-1/install/xarm_msgs/lib/python3.12/site-packages/xarm_msgs/_xarm_msgs_s.ep.rosidl_typesupport_c.c
[2.790s] Listing '/home/catcyber02/Mobile-Robots-2026-1/install/xarm_msgs/lib/python3.12/site-packages/xarm_msgs'...
[2.790s] Listing '/home/catcyber02/Mobile-Robots-2026-1/install/xarm_msgs/lib/python3.12/site-packages/xarm_msgs/msg'...
[2.790s] Listing '/home/catcyber02/Mobile-Robots-2026-1/install/xarm_msgs/lib/python3.12/site-packages/xarm_msgs/srv'...
[2.790s] -- Up-to-date: /home/catcyber02/Mobile-Robots-2026-1/install/xarm_msgs/lib/python3.12/site-packages/xarm_msgs/xarm_msgs_s__rosidl_typesupport_fastrtps_c.so
[2.790s] -- Up-to-date: /home/catcyber02/Mobile-Robots-2026-1/install/xarm_msgs/lib/python3.12/site-packages/xarm_msgs/xarm_msgs_s__rosidl_typesupport_introspection_c.so
[2.790s] -- Up-to-date: /home/catcyber02/Mobile-Robots-2026-1/install/xarm_msgs/lib/python3.12/site-packages/xarm_msgs/xarm_msgs_s__rosidl_typesupport_c.so
[2.791s] -- Up-to-date: /home/catcyber02/Mobile-Robots-2026-1/install/xarm_msgs/lib/libxarm_msgs__rosidl_generator_py.so
[2.791s] -- Up-to-date: /home/catcyber02/Mobile-Robots-2026-1/install/xarm_msgs/share/xarm_msgs/msg/RobotMsg.idl
[2.791s] -- Up-to-date: /home/catcyber02/Mobile-Robots-2026-1/install/xarm_msgs/share/xarm_msgs/msg/IOState.idl
[2.791s] -- Up-to-date: /home/catcyber02/Mobile-Robots-2026-1/install/xarm_msgs/share/xarm_msgs/msg/CIOState.idl
[2.791s] -- Up-to-date: /home/catcyber02/Mobile-Robots-2026-1/install/xarm_msgs/share/xarm_msgs/msg/MoveVelocity.idl
[2.791s] -- Up-to-date: /home/catcyber02/Mobile-Robots-2026-1/install/xarm_msgs/share/xarm_msgs/srv/BioGripperCtrl.idl
[2.792s] -- Up-to-date: /home/catcyber02/Mobile-Robots-2026-1/install/xarm_msgs/share/xarm_msgs/srv/BioGripperEnable.idl
[2.792s] -- Up-to-date: /home/catcyber02/Mobile-Robots-2026-1/install/xarm_msgs/share/xarm_msgs/srv/Call.idl
[2.792s] -- Up-to-date: /home/catcyber02/Mobile-Robots-2026-1/install/xarm_msgs/share/xarm_msgs/srv/GetAnalogIO.idl
[2.792s] -- Up-to-date: /home/catcyber02/Mobile-Robots-2026-1/install/xarm_msgs/share/xarm_msgs/srv/GetDigitalIO.idl
[2.792s] -- Up-to-date: /home/catcyber02/Mobile-Robots-2026-1/install/xarm_msgs/share/xarm_msgs/srv/GetFloat32.idl
[2.792s] -- Up-to-date: /home/catcyber02/Mobile-Robots-2026-1/install/xarm_msgs/share/xarm_msgs/srv/GetFloat32List.idl
[2.792s] -- Up-to-date: /home/catcyber02/Mobile-Robots-2026-1/install/xarm_msgs/share/xarm_msgs/srv/GetInt16.idl
[2.793s] -- Up-to-date: /home/catcyber02/Mobile-Robots-2026-1/install/xarm_msgs/share/xarm_msgs/srv/GetInt16List.idl
[2.793s] -- Up-to-date: /home/catcyber02/Mobile-Robots-2026-1/install/xarm_msgs/share/xarm_msgs/srv/GetInt32.idl
[2.793s] -- Up-to-date: /home/catcyber02/Mobile-Robots-2026-1/install/xarm_msgs/share/xarm_msgs/srv/GetInt32ByType.idl
[2.793s] -- Up-to-date: /home/catcyber02/Mobile-Robots-2026-1/install/xarm_msgs/share/xarm_msgs/srv/GetSetModbusData.idl
[2.793s] -- Up-to-date: /home/catcyber02/Mobile-Robots-2026-1/install/xarm_msgs/share/xarm_msgs/srv/GripperMove.idl
[2.793s] -- Up-to-date: /home/catcyber02/Mobile-Robots-2026-1/install/xarm_msgs/share/xarm_msgs/srv/MoveCartesian.idl
[2.794s] -- Up-to-date: /home/catcyber02/Mobile-Robots-2026-1/install/xarm_msgs/share/xarm_msgs/srv/MoveCircle.idl
[2.794s] -- Up-to-date: /home/catcyber02/Mobile-Robots-2026-1/install/xarm_msgs/share/xarm_msgs/srv/MoveHome.idl
[2.794s] -- Up-to-date: /home/catcyber02/Mobile-Robots-2026-1/install/xarm_msgs/share/xarm_msgs/srv/MoveJoint.idl
[2.794s] -- Up-to-date: /home/catcyber02/Mobile-Robots-2026-1/install/xarm_msgs/share/xarm_msgs/srv/MoveVelocity.idl
[2.794s] -- Up-to-date: /home/catcyber02/Mobile-Robots-2026-1/install/xarm_msgs/share/xarm_msgs/srv/RobotiqActivate.idl
[2.794s] -- Up-to-date: /home/catcyber02/Mobile-Robots-2026-1/install/xarm_msgs/share/xarm_msgs/srv/RobotiqGetStatus.idl
[2.794s] -- Up-to-date: /home/catcyber02/Mobile-Robots-2026-1/install/xarm_msgs/share/xarm_msgs/srv/RobotiqMove.idl
[2.794s] -- Up-to-date: /home/catcyber02/Mobile-Robots-2026-1/install/xarm_msgs/share/xarm_msgs/srv/RobotiqReset.idl
[2.795s] -- Up-to-date: /home/catcyber02/Mobile-Robots-2026-1/install/xarm_msgs/share/xarm_msgs/srv/SetAnalogIO.idl
[2.795s] -- Up-to-date: /home/catcyber02/Mobile-Robots-2026-1/install/xarm_msgs/share/xarm_msgs/srv/SetDigitalIO.idl
[2.795s] -- Up-to-date: /home/catcyber02/Mobile-Robots-2026-1/install/xarm_msgs/share/xarm_msgs/srv/SetFloat32.idl
[2.795s] -- Up-to-date: /home/catcyber02/Mobile-Robots-2026-1/install/xarm_msgs/share/xarm_msgs/srv/SetFloat32List.idl
[2.795s] -- Up-to-date: /home/catcyber02/Mobile-Robots-2026-1/install/xarm_msgs/share/xarm_msgs/srv/SetInt16.idl
[2.795s] -- Up-to-date: /home/catcyber02/Mobile-Robots-2026-1/install/xarm_msgs/share/xarm_msgs/srv/SetInt16ById.idl
[2.796s] -- Up-to-date: /home/catcyber02/Mobile-Robots-2026-1/install/xarm_msgs/share/xarm_msgs/srv/SetInt16List.idl
[2.796s] -- Up-to-date: /home/catcyber02/Mobile-Robots-2026-1/install/xarm_msgs/share/xarm_msgs/srv/SetInt32.idl
[2.796s] -- Up-to-date: /home/catcyber02/Mobile-Robots-2026-1/install/xarm_msgs/share/xarm_msgs/srv/SetInt32ByType.idl
[2.796s] -- Up-to-date: /home/catcyber02/Mobile-Robots-2026-1/install/xarm_msgs/share/xarm_msgs/srv/TrajCtrl.idl
[2.796s] -- Up-to-date: /home/catcyber02/Mobile-Robots-2026-1/install/xarm_msgs/share/xarm_msgs/srv/TrajPlay.idl
[2.796s] -- Up-to-date: /home/catcyber02/Mobile-Robots-2026-1/install/xarm_msgs/share/xarm_msgs/srv/VacuumGripperCtrl.idl
[2.796s] -- Up-to-date: /home/catcyber02/Mobile-Robots-2026-1/install/xarm_msgs/share/xarm_msgs/srv/SetTcpLoad.idl
[2.797s] -- Up-to-date: /home/catcyber02/Mobile-Robots-2026-1/install/xarm_msgs/share/xarm_msgs/srv/SetModbusTimeout.idl
[2.797s] -- Up-to-date: /home/catcyber02/Mobile-Robots-2026-1/install/xarm_msgs/share/xarm_msgs/srv/IdenLoad.idl
[2.797s] -- Up-to-date: /home/catcyber02/Mobile-Robots-2026-1/install/xarm_msgs/share/xarm_msgs/srv/FtCaliLoad.idl
[2.797s] -- Up-to-date: /home/catcyber02/Mobile-Robots-2026-1/install/xarm_msgs/share/xarm_msgs/srv/FtForceParams.idl
[2.797s] -- Up-to-date: /home/catcyber02/Mobile-Robots-2026-1/install/xarm_msgs/share/xarm_msgs/srv/FtAdmittanceParams.idl
[2.797s] -- Up-to-date: /home/catcyber02/Mobile-Robots-2026-1/install/xarm_msgs/share/xarm_msgs/srv/LinearMotorBackOrigin.idl
[2.798s] -- Up-to-date: /home/catcyber02/Mobile-Robots-2026-1/install/xarm_msgs/share/xarm_msgs/srv/LinearMotorSetPos.idl
[2.798s] -- Up-to-date: /home/catcyber02/Mobile-Robots-2026-1/install/xarm_msgs/share/xarm_msgs/srv/PlanExec.idl
[2.798s] -- Up-to-date: /home/catcyber02/Mobile-Robots-2026-1/install/xarm_msgs/share/xarm_msgs/srv/PlanJoint.idl
[2.798s] -- Up-to-date: /home/catcyber02/Mobile-Robots-2026-1/install/xarm_msgs/share/xarm_msgs/srv/PlanPose.idl
[2.798s] -- Up-to-date: /home/catcyber02/Mobile-Robots-2026-1/install/xarm_msgs/share/xarm_msgs/srv/PlanSingleStraight.idl
[2.798s] -- Up-to-date: /home/catcyber02/Mobile-Robots-2026-1/install/xarm_msgs/share/xarm_msgs/srv/FtForceConfig.idl
[2.799s] -- Up-to-date: /home/catcyber02/Mobile-Robots-2026-1/install/xarm_msgs/share/xarm_msgs/srv/FtForcePid.idl
[2.799s] -- Up-to-date: /home/catcyber02/Mobile-Robots-2026-1/install/xarm_msgs/share/xarm_msgs/srv/FtImpedance.idl
[2.799s] -- Up-to-date: /home/catcyber02/Mobile-Robots-2026-1/install/xarm_msgs/share/xarm_msgs/srv/LinearTrackBackOrigin.idl
[2.799s] -- Up-to-date: /home/catcyber02/Mobile-Robots-2026-1/install/xarm_msgs/share/xarm_msgs/srv/LinearTrackSetPos.idl
[2.799s] -- Up-to-date: /home/catcyber02/Mobile-Robots-2026-1/install/xarm_msgs/share/xarm_msgs/msg/RobotMsg.msg
[2.799s] -- Up-to-date: /home/catcyber02/Mobile-Robots-2026-1/install/xarm_msgs/share/xarm_msgs/msg/IOState.msg
[2.799s] -- Up-to-date: /home/catcyber02/Mobile-Robots-2026-1/install/xarm_msgs/share/xarm_msgs/msg/CIOState.msg
[2.800s] -- Up-to-date: /home/catcyber02/Mobile-Robots-2026-1/install/xarm_msgs/share/xarm_msgs/msg/MoveVelocity.msg
[2.800s] -- Up-to-date: /home/catcyber02/Mobile-Robots-2026-1/install/xarm_msgs/share/xarm_msgs/srv/BioGripperCtrl.srv
[2.800s] -- Up-to-date: /home/catcyber02/Mobile-Robots-2026-1/install/xarm_msgs/share/xarm_msgs/srv/BioGripperEnable.srv
[2.800s] -- Up-to-date: /home/catcyber02/Mobile-Robots-2026-1/install/xarm_msgs/share/xarm_msgs/srv/Call.srv
[2.800s] -- Up-to-date: /home/catcyber02/Mobile-Robots-2026-1/install/xarm_msgs/share/xarm_msgs/srv/GetAnalogIO.srv
[2.800s] -- Up-to-date: /home/catcyber02/Mobile-Robots-2026-1/install/xarm_msgs/share/xarm_msgs/srv/GetDigitalIO.srv
[2.801s] -- Up-to-date: /home/catcyber02/Mobile-Robots-2026-1/install/xarm_msgs/share/xarm_msgs/srv/GetFloat32.srv
[2.801s] -- Up-to-date: /home/catcyber02/Mobile-Robots-2026-1/install/xarm_msgs/share/xarm_msgs/srv/GetFloat32List.srv
[2.801s] -- Up-to-date: /home/catcyber02/Mobile-Robots-2026-1/install/xarm_msgs/share/xarm_msgs/srv/GetInt16.srv
[2.801s] -- Up-to-date: /home/catcyber02/Mobile-Robots-2026-1/install/xarm_msgs/share/xarm_msgs/srv/GetInt16List.srv
[2.802s] -- Up-to-date: /home/catcyber02/Mobile-Robots-2026-1/install/xarm_msgs/share/xarm_msgs/srv/GetInt32.srv
[2.802s] -- Up-to-date: /home/catcyber02/Mobile-Robots-2026-1/install/xarm_msgs/share/xarm_msgs/srv/GetInt32ByType.srv
[2.803s] -- Up-to-date: /home/catcyber02/Mobile-Robots-2026-1/install/xarm_msgs/share/xarm_msgs/srv/GetSetModbusData.srv
[2.803s] -- Up-to-date: /home/catcyber02/Mobile-Robots-2026-1/install/xarm_msgs/share/xarm_msgs/srv/GripperMove.srv
[2.804s] -- Up-to-date: /home/catcyber02/Mobile-Robots-2026-1/install/xarm_msgs/share/xarm_msgs/srv/MoveCartesian.srv
[2.805s] -- Up-to-date: /home/catcyber02/Mobile-Robots-2026-1/install/xarm_msgs/share/xarm_msgs/srv/MoveCircle.srv
[2.806s] -- Up-to-date: /home/catcyber02/Mobile-Robots-2026-1/install/xarm_msgs/share/xarm_msgs/srv/MoveHome.srv
[2.806s] -- Up-to-date: /home/catcyber02/Mobile-Robots-2026-1/install/xarm_msgs/share/xarm_msgs/srv/MoveJoint.srv
[2.807s] -- Up-to-date: /home/catcyber02/Mobile-Robots-2026-1/install/xarm_msgs/share/xarm_msgs/srv/MoveVelocity.srv
[2.807s] -- Up-to-date: /home/catcyber02/Mobile-Robots-2026-1/install/xarm_msgs/share/xarm_msgs/srv/RobotiqActivate.srv
[2.808s] -- Up-to-date: /home/catcyber02/Mobile-Robots-2026-1/install/xarm_msgs/share/xarm_msgs/srv/RobotiqGetStatus.srv
[2.809s] -- Up-to-date: /home/catcyber02/Mobile-Robots-2026-1/install/xarm_msgs/share/xarm_msgs/srv/RobotiqMove.srv
[2.809s] -- Up-to-date: /home/catcyber02/Mobile-Robots-2026-1/install/xarm_msgs/share/xarm_msgs/srv/RobotiqReset.srv
[2.810s] -- Up-to-date: /home/catcyber02/Mobile-Robots-2026-1/install/xarm_msgs/share/xarm_msgs/srv/SetAnalogIO.srv
[2.810s] -- Up-to-date: /home/catcyber02/Mobile-Robots-2026-1/install/xarm_msgs/share/xarm_msgs/srv/SetDigitalIO.srv
[2.811s] -- Up-to-date: /home/catcyber02/Mobile-Robots-2026-1/install/xarm_msgs/share/xarm_msgs/srv/SetFloat32.srv
[2.811s] -- Up-to-date: /home/catcyber02/Mobile-Robots-2026-1/install/xarm_msgs/share/xarm_msgs/srv/SetFloat32List.srv
[2.811s] -- Up-to-date: /home/catcyber02/Mobile-Robots-2026-1/install/xarm_msgs/share/xarm_msgs/srv/SetInt16.srv
[2.812s] -- Up-to-date: /home/catcyber02/Mobile-Robots-2026-1/install/xarm_msgs/share/xarm_msgs/srv/SetInt16ById.srv
[2.813s] -- Up-to-date: /home/catcyber02/Mobile-Robots-2026-1/install/xarm_msgs/share/xarm_msgs/srv/SetInt16List.srv
[2.813s] -- Up-to-date: /home/catcyber02/Mobile-Robots-2026-1/install/xarm_msgs/share/xarm_msgs/srv/SetInt32.srv
[2.813s] -- Up-to-date: /home/catcyber02/Mobile-Robots-2026-1/install/xarm_msgs/share/xarm_msgs/srv/SetInt32ByType.srv
[2.814s] -- Up-to-date: /home/catcyber02/Mobile-Robots-2026-1/install/xarm_msgs/share/xarm_msgs/srv/TrajCtrl.srv
[2.814s] -- Up-to-date: /home/catcyber02/Mobile-Robots-2026-1/install/xarm_msgs/share/xarm_msgs/srv/TrajPlay.srv
[2.814s] -- Up-to-date: /home/catcyber02/Mobile-Robots-2026-1/install/xarm_msgs/share/xarm_msgs/srv/VacuumGripperCtrl.srv
[2.815s] -- Up-to-date: /home/catcyber02/Mobile-Robots-2026-1/install/xarm_msgs/share/xarm_msgs/srv/SetTcpLoad.srv
[2.815s] -- Up-to-date: /home/catcyber02/Mobile-Robots-2026-1/install/xarm_msgs/share/xarm_msgs/srv/SetModbusTimeout.srv
[2.816s] -- Up-to-date: /home/catcyber02/Mobile-Robots-2026-1/install/xarm_msgs/share/xarm_msgs/srv/IdenLoad.srv
[2.816s] -- Up-to-date: /home/catcyber02/Mobile-Robots-2026-1/install/xarm_msgs/share/xarm_msgs/srv/FtCaliLoad.srv
[2.816s] -- Up-to-date: /home/catcyber02/Mobile-Robots-2026-1/install/xarm_msgs/share/xarm_msgs/srv/FtForceParams.srv
[2.817s] -- Up-to-date: /home/catcyber02/Mobile-Robots-2026-1/install/xarm_msgs/share/xarm_msgs/srv/FtAdmittanceParams.srv
[2.817s] -- Up-to-date: /home/catcyber02/Mobile-Robots-2026-1/install/xarm_msgs/share/xarm_msgs/srv/LinearMotorBackOrigin.srv
[2.817s] -- Up-to-date: /home/catcyber02/Mobile-Robots-2026-1/install/xarm_msgs/share/xarm_msgs/srv/LinearMotorSetPos.srv
[2.818s] -- Up-to-date: /home/catcyber02/Mobile-Robots-2026-1/install/xarm_msgs/share/xarm_msgs/srv/PlanExec.srv
[2.818s] -- Up-to-date: /home/catcyber02/Mobile-Robots-2026-1/install/xarm_msgs/share/xarm_msgs/srv/PlanJoint.srv
[2.819s] -- Up-to-date: /home/catcyber02/Mobile-Robots-2026-1/install/xarm_msgs/share/xarm_msgs/srv/PlanPose.srv
[2.819s] -- Up-to-date: /home/catcyber02/Mobile-Robots-2026-1/install/xarm_msgs/share/xarm_msgs/srv/PlanSingleStraight.srv
[2.819s] -- Up-to-date: /home/catcyber02/Mobile-Robots-2026-1/install/xarm_msgs/share/xarm_msgs/srv/FtForceConfig.srv
[2.820s] -- Up-to-date: /home/catcyber02/Mobile-Robots-2026-1/install/xarm_msgs/share/xarm_msgs/srv/FtForcePid.srv
[2.820s] -- Up-to-date: /home/catcyber02/Mobile-Robots-2026-1/install/xarm_msgs/share/xarm_msgs/srv/FtImpedance.srv
[2.821s] -- Up-to-date: /home/catcyber02/Mobile-Robots-2026-1/install/xarm_msgs/share/xarm_msgs/srv/LinearTrackBackOrigin.srv
[2.821s] -- Up-to-date: /home/catcyber02/Mobile-Robots-2026-1/install/xarm_msgs/share/xarm_msgs/srv/LinearTrackSetPos.srv
[2.821s] -- Up-to-date: /home/catcyber02/Mobile-Robots-2026-1/install/xarm_msgs/share/ament_index/resource_index/package_run_dependencies/xarm_msgs
[2.822s] -- Up-to-date: /home/catcyber02/Mobile-Robots-2026-1/install/xarm_msgs/share/ament_index/resource_index/parent_prefix_path/xarm_msgs
[2.822s] -- Up-to-date: /home/catcyber02/Mobile-Robots-2026-1/install/xarm_msgs/share/xarm_msgs/environment/ament_prefix_path.sh
[2.822s] -- Up-to-date: /home/catcyber02/Mobile-Robots-2026-1/install/xarm_msgs/share/xarm_msgs/environment/ament_prefix_path.dsv
[2.823s] -- Up-to-date: /home/catcyber02/Mobile-Robots-2026-1/install/xarm_msgs/share/xarm_msgs/environment/path.sh
[2.823s] -- Up-to-date: /home/catcyber02/Mobile-Robots-2026-1/install/xarm_msgs/share/xarm_msgs/environment/path.dsv
[2.824s] -- Up-to-date: /home/catcyber02/Mobile-Robots-2026-1/install/xarm_msgs/share/xarm_msgs/local_setup.bash
[2.824s] -- Up-to-date: /home/catcyber02/Mobile-Robots-2026-1/install/xarm_msgs/share/xarm_msgs/local_setup.sh
[2.824s] -- Up-to-date: /home/catcyber02/Mobile-Robots-2026-1/install/xarm_msgs/share/xarm_msgs/local_setup.zsh
[2.825s] -- Up-to-date: /home/catcyber02/Mobile-Robots-2026-1/install/xarm_msgs/share/xarm_msgs/local_setup.dsv
[2.825s] -- Installing: /home/catcyber02/Mobile-Robots-2026-1/install/xarm_msgs/share/xarm_msgs/package.dsv
[2.826s] -- Up-to-date: /home/catcyber02/Mobile-Robots-2026-1/install/xarm_msgs/share/ament_index/resource_index/packages/xarm_msgs
[2.826s] -- Up-to-date: /home/catcyber02/Mobile-Robots-2026-1/install/xarm_msgs/share/xarm_msgs/cmake/export_xarm_msgs__rosidl_generator_cExport.cmake
[2.827s] -- Up-to-date: /home/catcyber02/Mobile-Robots-2026-1/install/xarm_msgs/share/xarm_msgs/cmake/export_xarm_msgs__rosidl_generator_cExport-noconfig.cmake
[2.827s] -- Up-to-date: /home/catcyber02/Mobile-Robots-2026-1/install/xarm_msgs/share/xarm_msgs/cmake/export_xarm_msgs__rosidl_typesupport_fastrtps_cExport.cmake
[2.827s] -- Up-to-date: /home/catcyber02/Mobile-Robots-2026-1/install/xarm_msgs/share/xarm_msgs/cmake/export_xarm_msgs__rosidl_typesupport_fastrtps_cExport-noconfig.cmake
[2.828s] -- Up-to-date: /home/catcyber02/Mobile-Robots-2026-1/install/xarm_msgs/share/xarm_msgs/cmake/export_xarm_msgs__rosidl_generator_cppExport.cmake
[2.829s] -- Up-to-date: /home/catcyber02/Mobile-Robots-2026-1/install/xarm_msgs/share/xarm_msgs/cmake/export_xarm_msgs__rosidl_typesupport_fastrtps_cppExport.cmake
[2.829s] -- Up-to-date: /home/catcyber02/Mobile-Robots-2026-1/install/xarm_msgs/share/xarm_msgs/cmake/export_xarm_msgs__rosidl_typesupport_fastrtps_cppExport-noconfig.cmake
[2.830s] -- Up-to-date: /home/catcyber02/Mobile-Robots-2026-1/install/xarm_msgs/share/xarm_msgs/cmake/xarm_msgs__rosidl_typesupport_introspection_cExport.cmake
[2.830s] -- Up-to-date: /home/catcyber02/Mobile-Robots-2026-1/install/xarm_msgs/share/xarm_msgs/cmake/xarm_msgs__rosidl_typesupport_introspection_cExport-noconfig.cmake
[2.831s] -- Up-to-date: /home/catcyber02/Mobile-Robots-2026-1/install/xarm_msgs/share/xarm_msgs/cmake/xarm_msgs__rosidl_typesupport_cExport.cmake
[2.831s] -- Up-to-date: /home/catcyber02/Mobile-Robots-2026-1/install/xarm_msgs/share/xarm_msgs/cmake/xarm_msgs__rosidl_typesupport_cExport-noconfig.cmake
[2.831s] -- Up-to-date: /home/catcyber02/Mobile-Robots-2026-1/install/xarm_msgs/share/xarm_msgs/cmake/xarm_msgs__rosidl_typesupport_introspection_cppExport.cmake
[2.832s] -- Up-to-date: /home/catcyber02/Mobile-Robots-2026-1/install/xarm_msgs/share/xarm_msgs/cmake/xarm_msgs__rosidl_typesupport_introspection_cppExport-noconfig.cmake
[2.832s] -- Up-to-date: /home/catcyber02/Mobile-Robots-2026-1/install/xarm_msgs/share/xarm_msgs/cmake/xarm_msgs__rosidl_typesupport_cppExport.cmake
[2.832s] -- Up-to-date: /home/catcyber02/Mobile-Robots-2026-1/install/xarm_msgs/share/xarm_msgs/cmake/xarm_msgs__rosidl_typesupport_cppExport-noconfig.cmake
[2.833s] -- Up-to-date: /home/catcyber02/Mobile-Robots-2026-1/install/xarm_msgs/share/xarm_msgs/cmake/export_xarm_msgs__rosidl_generator_pyExport.cmake
[2.833s] -- Up-to-date: /home/catcyber02/Mobile-Robots-2026-1/install/xarm_msgs/share/xarm_msgs/cmake/export_xarm_msgs__rosidl_generator_pyExport-noconfig.cmake
[2.834s] -- Up-to-date: /home/catcyber02/Mobile-Robots-2026-1/install/xarm_msgs/share/xarm_msgs/cmake/rosidl_cmake-extras.cmake
[2.834s] -- Up-to-date: /home/catcyber02/Mobile-Robots-2026-1/install/xarm_msgs/share/xarm_msgs/cmake/ament_cmake_export_dependencies-extras.cmake
[2.834s] -- Up-to-date: /home/catcyber02/Mobile-Robots-2026-1/install/xarm_msgs/share/xarm_msgs/cmake/ament_cmake_export_include_directories-extras.cmake
[2.835s] -- Up-to-date: /home/catcyber02/Mobile-Robots-2026-1/install/xarm_msgs/share/xarm_msgs/cmake/ament_cmake_export_libraries-extras.cmake
[2.835s] -- Up-to-date: /home/catcyber02/Mobile-Robots-2026-1/install/xarm_msgs/share/xarm_msgs/cmake/ament_cmake_export_targets-extras.cmake
[2.835s] -- Up-to-date: /home/catcyber02/Mobile-Robots-2026-1/install/xarm_msgs/share/xarm_msgs/cmake/rosidl_cmake_export_typesupport_targets-extras.cmake
[2.836s] -- Up-to-date: /home/catcyber02/Mobile-Robots-2026-1/install/xarm_msgs/share/xarm_msgs/cmake/rosidl_cmake_export_typesupport_libraries-extras.cmake
[2.836s] -- Up-to-date: /home/catcyber02/Mobile-Robots-2026-1/install/xarm_msgs/share/xarm_msgs/cmake/xarm_msgsConfig.cmake
[2.836s] -- Up-to-date: /home/catcyber02/Mobile-Robots-2026-1/install/xarm_msgs/share/xarm_msgs/cmake/xarm_msgsConfig-version.cmake
[2.837s] -- Up-to-date: /home/catcyber02/Mobile-Robots-2026-1/install/xarm_msgs/share/xarm_msgs/package.xml
[3.053s] Invoked command in '/home/catcyber02/Mobile-Robots-2026-1/build/xarm_msgs' returned '0': CMAKE_PREFIX_PATH=${CMAKE_PREFIX_PATH}:/home/catcyber02/Mobile-Robots-2026-1/ros2_ws/install/uf_ros_lib:/home/catcyber02/Mobile-Robots-2026-1/ros2_ws/install/simple_move:/opt/ros/jazzy DEBUGINFOD_URLS=https://debuginfod.ubuntu.com /usr/bin/cmake --install /home/catcyber02/Mobile-Robots-2026-1/build/xarm_msgs
