[0.127s] Invoking command in '/home/catcyber02/Mobile-Robots-2026-1/build/xarm_msgs': CMAKE_PREFIX_PATH=${CMAKE_PREFIX_PATH}:/home/catcyber02/Mobile-Robots-2026-1/install/uf_ros_lib:/home/catcyber02/Mobile-Robots-2026-1/install/simple_move:/home/catcyber02/Mobile-Robots-2026-1/install/path_planner:/home/catcyber02/Mobile-Robots-2026-1/install/map_augmenter:/home/catcyber02/Mobile-Robots-2026-1/ros2_ws/install/uf_ros_lib:/home/catcyber02/Mobile-Robots-2026-1/ros2_ws/install/simple_move:/home/catcyber02/Mobile-Robots-2026-1/ros2_ws/install/path_planner:/home/catcyber02/Mobile-Robots-2026-1/ros2_ws/install/map_augmenter:/opt/ros/jazzy DEBUGINFOD_URLS=https://debuginfod.ubuntu.com /usr/bin/cmake --build /home/catcyber02/Mobile-Robots-2026-1/build/xarm_msgs -- -j8 -l8
[0.435s] [  0%] Built target xarm_msgs__rosidl_generator_type_description
[0.525s] [  0%] Built target ament_cmake_python_copy_xarm_msgs
[0.549s] [  0%] Built target xarm_msgs__cpp
[0.637s] [ 29%] Built target xarm_msgs__rosidl_generator_c
[0.861s] [ 39%] Built target xarm_msgs__rosidl_typesupport_cpp
[0.879s] [ 49%] Built target xarm_msgs__rosidl_typesupport_introspection_c
[0.890s] [ 59%] Built target xarm_msgs__rosidl_typesupport_c
[0.932s] [ 68%] Built target xarm_msgs__rosidl_typesupport_introspection_cpp
[0.948s] [ 78%] Built target xarm_msgs__rosidl_typesupport_fastrtps_cpp
[0.956s] [ 88%] Built target xarm_msgs__rosidl_typesupport_fastrtps_c
[1.032s] [ 88%] Built target xarm_msgs
[1.121s] [ 88%] Built target xarm_msgs__py
[1.804s] [ 98%] Built target xarm_msgs__rosidl_generator_py
[2.025s] running egg_info
[2.034s] [ 98%] Built target xarm_msgs_s__rosidl_typesupport_fastrtps_c
[2.042s] [ 99%] Built target xarm_msgs_s__rosidl_typesupport_c
[2.043s] [100%] Built target xarm_msgs_s__rosidl_typesupport_introspection_c
[2.044s] writing xarm_msgs.egg-info/PKG-INFO
[2.044s] writing dependency_links to xarm_msgs.egg-info/dependency_links.txt
[2.044s] writing top-level names to xarm_msgs.egg-info/top_level.txt
[2.047s] reading manifest file 'xarm_msgs.egg-info/SOURCES.txt'
[2.047s] writing manifest file 'xarm_msgs.egg-info/SOURCES.txt'
[2.051s] [100%] Built target ament_cmake_python_build_xarm_msgs_egg
[2.661s] Invoked command in '/home/catcyber02/Mobile-Robots-2026-1/build/xarm_msgs' returned '0': CMAKE_PREFIX_PATH=${CMAKE_PREFIX_PATH}:/home/catcyber02/Mobile-Robots-2026-1/install/uf_ros_lib:/home/catcyber02/Mobile-Robots-2026-1/install/simple_move:/home/catcyber02/Mobile-Robots-2026-1/install/path_planner:/home/catcyber02/Mobile-Robots-2026-1/install/map_augmenter:/home/catcyber02/Mobile-Robots-2026-1/ros2_ws/install/uf_ros_lib:/home/catcyber02/Mobile-Robots-2026-1/ros2_ws/install/simple_move:/home/catcyber02/Mobile-Robots-2026-1/ros2_ws/install/path_planner:/home/catcyber02/Mobile-Robots-2026-1/ros2_ws/install/map_augmenter:/opt/ros/jazzy DEBUGINFOD_URLS=https://debuginfod.ubuntu.com /usr/bin/cmake --build /home/catcyber02/Mobile-Robots-2026-1/build/xarm_msgs -- -j8 -l8
[2.664s] Invoking command in '/home/catcyber02/Mobile-Robots-2026-1/build/xarm_msgs': CMAKE_PREFIX_PATH=${CMAKE_PREFIX_PATH}:/home/catcyber02/Mobile-Robots-2026-1/install/uf_ros_lib:/home/catcyber02/Mobile-Robots-2026-1/install/simple_move:/home/catcyber02/Mobile-Robots-2026-1/install/path_planner:/home/catcyber02/Mobile-Robots-2026-1/install/map_augmenter:/home/catcyber02/Mobile-Robots-2026-1/ros2_ws/install/uf_ros_lib:/home/catcyber02/Mobile-Robots-2026-1/ros2_ws/install/simple_move:/home/catcyber02/Mobile-Robots-2026-1/ros2_ws/install/path_planner:/home/catcyber02/Mobile-Robots-2026-1/ros2_ws/install/map_augmenter:/opt/ros/jazzy DEBUGINFOD_URLS=https://debuginfod.ubuntu.com /usr/bin/cmake --install /home/catcyber02/Mobile-Robots-2026-1/build/xarm_msgs
[2.692s] -- Install configuration: ""
[2.692s] -- Up-to-date: /home/catcyber02/Mobile-Robots-2026-1/install/xarm_msgs/share/ament_index/resource_index/rosidl_interfaces/xarm_msgs
[2.692s] -- Up-to-date: /home/catcyber02/Mobile-Robots-2026-1/install/xarm_msgs/share/xarm_msgs/msg/RobotMsg.json
[2.693s] -- Up-to-date: /home/catcyber02/Mobile-Robots-2026-1/install/xarm_msgs/share/xarm_msgs/msg/IOState.json
[2.693s] -- Up-to-date: /home/catcyber02/Mobile-Robots-2026-1/install/xarm_msgs/share/xarm_msgs/msg/CIOState.json
[2.693s] -- Up-to-date: /home/catcyber02/Mobile-Robots-2026-1/install/xarm_msgs/share/xarm_msgs/msg/MoveVelocity.json
[2.694s] -- Up-to-date: /home/catcyber02/Mobile-Robots-2026-1/install/xarm_msgs/share/xarm_msgs/srv/BioGripperCtrl.json
[2.694s] -- Up-to-date: /home/catcyber02/Mobile-Robots-2026-1/install/xarm_msgs/share/xarm_msgs/srv/BioGripperEnable.json
[2.694s] -- Up-to-date: /home/catcyber02/Mobile-Robots-2026-1/install/xarm_msgs/share/xarm_msgs/srv/Call.json
[2.694s] -- Up-to-date: /home/catcyber02/Mobile-Robots-2026-1/install/xarm_msgs/share/xarm_msgs/srv/GetAnalogIO.json
[2.695s] -- Up-to-date: /home/catcyber02/Mobile-Robots-2026-1/install/xarm_msgs/share/xarm_msgs/srv/GetDigitalIO.json
[2.695s] -- Up-to-date: /home/catcyber02/Mobile-Robots-2026-1/install/xarm_msgs/share/xarm_msgs/srv/GetFloat32.json
[2.695s] -- Up-to-date: /home/catcyber02/Mobile-Robots-2026-1/install/xarm_msgs/share/xarm_msgs/srv/GetFloat32List.json
[2.695s] -- Up-to-date: /home/catcyber02/Mobile-Robots-2026-1/install/xarm_msgs/share/xarm_msgs/srv/GetInt16.json
[2.696s] -- Up-to-date: /home/catcyber02/Mobile-Robots-2026-1/install/xarm_msgs/share/xarm_msgs/srv/GetInt16List.json
[2.696s] -- Up-to-date: /home/catcyber02/Mobile-Robots-2026-1/install/xarm_msgs/share/xarm_msgs/srv/GetInt32.json
[2.696s] -- Up-to-date: /home/catcyber02/Mobile-Robots-2026-1/install/xarm_msgs/share/xarm_msgs/srv/GetInt32ByType.json
[2.697s] -- Up-to-date: /home/catcyber02/Mobile-Robots-2026-1/install/xarm_msgs/share/xarm_msgs/srv/GetSetModbusData.json
[2.697s] -- Up-to-date: /home/catcyber02/Mobile-Robots-2026-1/install/xarm_msgs/share/xarm_msgs/srv/GripperMove.json
[2.697s] -- Up-to-date: /home/catcyber02/Mobile-Robots-2026-1/install/xarm_msgs/share/xarm_msgs/srv/MoveCartesian.json
[2.697s] -- Up-to-date: /home/catcyber02/Mobile-Robots-2026-1/install/xarm_msgs/share/xarm_msgs/srv/MoveCircle.json
[2.698s] -- Up-to-date: /home/catcyber02/Mobile-Robots-2026-1/install/xarm_msgs/share/xarm_msgs/srv/MoveHome.json
[2.698s] -- Up-to-date: /home/catcyber02/Mobile-Robots-2026-1/install/xarm_msgs/share/xarm_msgs/srv/MoveJoint.json
[2.698s] -- Up-to-date: /home/catcyber02/Mobile-Robots-2026-1/install/xarm_msgs/share/xarm_msgs/srv/MoveVelocity.json
[2.698s] -- Up-to-date: /home/catcyber02/Mobile-Robots-2026-1/install/xarm_msgs/share/xarm_msgs/srv/RobotiqActivate.json
[2.699s] -- Up-to-date: /home/catcyber02/Mobile-Robots-2026-1/install/xarm_msgs/share/xarm_msgs/srv/RobotiqGetStatus.json
[2.700s] -- Up-to-date: /home/catcyber02/Mobile-Robots-2026-1/install/xarm_msgs/share/xarm_msgs/srv/RobotiqMove.json
[2.700s] -- Up-to-date: /home/catcyber02/Mobile-Robots-2026-1/install/xarm_msgs/share/xarm_msgs/srv/RobotiqReset.json
[2.701s] -- Up-to-date: /home/catcyber02/Mobile-Robots-2026-1/install/xarm_msgs/share/xarm_msgs/srv/SetAnalogIO.json
[2.701s] -- Up-to-date: /home/catcyber02/Mobile-Robots-2026-1/install/xarm_msgs/share/xarm_msgs/srv/SetDigitalIO.json
[2.701s] -- Up-to-date: /home/catcyber02/Mobile-Robots-2026-1/install/xarm_msgs/share/xarm_msgs/srv/SetFloat32.json
[2.702s] -- Up-to-date: /home/catcyber02/Mobile-Robots-2026-1/install/xarm_msgs/share/xarm_msgs/srv/SetFloat32List.json
[2.702s] -- Up-to-date: /home/catcyber02/Mobile-Robots-2026-1/install/xarm_msgs/share/xarm_msgs/srv/SetInt16.json
[2.702s] -- Up-to-date: /home/catcyber02/Mobile-Robots-2026-1/install/xarm_msgs/share/xarm_msgs/srv/SetInt16ById.json
[2.702s] -- Up-to-date: /home/catcyber02/Mobile-Robots-2026-1/install/xarm_msgs/share/xarm_msgs/srv/SetInt16List.json
[2.703s] -- Up-to-date: /home/catcyber02/Mobile-Robots-2026-1/install/xarm_msgs/share/xarm_msgs/srv/SetInt32.json
[2.703s] -- Up-to-date: /home/catcyber02/Mobile-Robots-2026-1/install/xarm_msgs/share/xarm_msgs/srv/SetInt32ByType.json
[2.703s] -- Up-to-date: /home/catcyber02/Mobile-Robots-2026-1/install/xarm_msgs/share/xarm_msgs/srv/TrajCtrl.json
[2.703s] -- Up-to-date: /home/catcyber02/Mobile-Robots-2026-1/install/xarm_msgs/share/xarm_msgs/srv/TrajPlay.json
[2.708s] -- Up-to-date: /home/catcyber02/Mobile-Robots-2026-1/install/xarm_msgs/share/xarm_msgs/srv/VacuumGripperCtrl.json
[2.708s] -- Up-to-date: /home/catcyber02/Mobile-Robots-2026-1/install/xarm_msgs/share/xarm_msgs/srv/SetTcpLoad.json
[2.708s] -- Up-to-date: /home/catcyber02/Mobile-Robots-2026-1/install/xarm_msgs/share/xarm_msgs/srv/SetModbusTimeout.json
[2.709s] -- Up-to-date: /home/catcyber02/Mobile-Robots-2026-1/install/xarm_msgs/share/xarm_msgs/srv/IdenLoad.json
[2.709s] -- Up-to-date: /home/catcyber02/Mobile-Robots-2026-1/install/xarm_msgs/share/xarm_msgs/srv/FtCaliLoad.json
[2.709s] -- Up-to-date: /home/catcyber02/Mobile-Robots-2026-1/install/xarm_msgs/share/xarm_msgs/srv/FtForceParams.json
[2.710s] -- Up-to-date: /home/catcyber02/Mobile-Robots-2026-1/install/xarm_msgs/share/xarm_msgs/srv/FtAdmittanceParams.json
[2.711s] -- Up-to-date: /home/catcyber02/Mobile-Robots-2026-1/install/xarm_msgs/share/xarm_msgs/srv/LinearMotorBackOrigin.json
[2.712s] -- Up-to-date: /home/catcyber02/Mobile-Robots-2026-1/install/xarm_msgs/share/xarm_msgs/srv/LinearMotorSetPos.json
[2.712s] -- Up-to-date: /home/catcyber02/Mobile-Robots-2026-1/install/xarm_msgs/share/xarm_msgs/srv/PlanExec.json
[2.713s] -- Up-to-date: /home/catcyber02/Mobile-Robots-2026-1/install/xarm_msgs/share/xarm_msgs/srv/PlanJoint.json
[2.713s] -- Up-to-date: /home/catcyber02/Mobile-Robots-2026-1/install/xarm_msgs/share/xarm_msgs/srv/PlanPose.json
[2.713s] -- Up-to-date: /home/catcyber02/Mobile-Robots-2026-1/install/xarm_msgs/share/xarm_msgs/srv/PlanSingleStraight.json
[2.714s] -- Up-to-date: /home/catcyber02/Mobile-Robots-2026-1/install/xarm_msgs/share/xarm_msgs/srv/FtForceConfig.json
[2.714s] -- Up-to-date: /home/catcyber02/Mobile-Robots-2026-1/install/xarm_msgs/share/xarm_msgs/srv/FtForcePid.json
[2.714s] -- Up-to-date: /home/catcyber02/Mobile-Robots-2026-1/install/xarm_msgs/share/xarm_msgs/srv/FtImpedance.json
[2.715s] -- Up-to-date: /home/catcyber02/Mobile-Robots-2026-1/install/xarm_msgs/share/xarm_msgs/srv/LinearTrackBackOrigin.json
[2.716s] -- Up-to-date: /home/catcyber02/Mobile-Robots-2026-1/install/xarm_msgs/share/xarm_msgs/srv/LinearTrackSetPos.json
[2.716s] -- Up-to-date: /home/catcyber02/Mobile-Robots-2026-1/install/xarm_msgs/include/xarm_msgs/xarm_msgs
[2.716s] -- Up-to-date: /home/catcyber02/Mobile-Robots-2026-1/install/xarm_msgs/include/xarm_msgs/xarm_msgs/srv
[2.716s] -- Up-to-date: /home/catcyber02/Mobile-Robots-2026-1/install/xarm_msgs/include/xarm_msgs/xarm_msgs/srv/ft_force_params.h
[2.717s] -- Up-to-date: /home/catcyber02/Mobile-Robots-2026-1/install/xarm_msgs/include/xarm_msgs/xarm_msgs/srv/linear_track_back_origin.h
[2.717s] -- Up-to-date: /home/catcyber02/Mobile-Robots-2026-1/install/xarm_msgs/include/xarm_msgs/xarm_msgs/srv/bio_gripper_enable.h
[2.717s] -- Up-to-date: /home/catcyber02/Mobile-Robots-2026-1/install/xarm_msgs/include/xarm_msgs/xarm_msgs/srv/plan_joint.h
[2.717s] -- Up-to-date: /home/catcyber02/Mobile-Robots-2026-1/install/xarm_msgs/include/xarm_msgs/xarm_msgs/srv/plan_single_straight.h
[2.718s] -- Up-to-date: /home/catcyber02/Mobile-Robots-2026-1/install/xarm_msgs/include/xarm_msgs/xarm_msgs/srv/get_digital_io.h
[2.718s] -- Up-to-date: /home/catcyber02/Mobile-Robots-2026-1/install/xarm_msgs/include/xarm_msgs/xarm_msgs/srv/robotiq_reset.h
[2.718s] -- Up-to-date: /home/catcyber02/Mobile-Robots-2026-1/install/xarm_msgs/include/xarm_msgs/xarm_msgs/srv/iden_load.h
[2.718s] -- Up-to-date: /home/catcyber02/Mobile-Robots-2026-1/install/xarm_msgs/include/xarm_msgs/xarm_msgs/srv/ft_cali_load.h
[2.720s] -- Up-to-date: /home/catcyber02/Mobile-Robots-2026-1/install/xarm_msgs/include/xarm_msgs/xarm_msgs/srv/linear_motor_back_origin.h
[2.721s] -- Up-to-date: /home/catcyber02/Mobile-Robots-2026-1/install/xarm_msgs/include/xarm_msgs/xarm_msgs/srv/move_home.h
[2.721s] -- Up-to-date: /home/catcyber02/Mobile-Robots-2026-1/install/xarm_msgs/include/xarm_msgs/xarm_msgs/srv/get_float32_list.h
[2.722s] -- Up-to-date: /home/catcyber02/Mobile-Robots-2026-1/install/xarm_msgs/include/xarm_msgs/xarm_msgs/srv/set_digital_io.h
[2.722s] -- Up-to-date: /home/catcyber02/Mobile-Robots-2026-1/install/xarm_msgs/include/xarm_msgs/xarm_msgs/srv/traj_ctrl.h
[2.722s] -- Up-to-date: /home/catcyber02/Mobile-Robots-2026-1/install/xarm_msgs/include/xarm_msgs/xarm_msgs/srv/plan_pose.h
[2.723s] -- Up-to-date: /home/catcyber02/Mobile-Robots-2026-1/install/xarm_msgs/include/xarm_msgs/xarm_msgs/srv/move_cartesian.h
[2.723s] -- Up-to-date: /home/catcyber02/Mobile-Robots-2026-1/install/xarm_msgs/include/xarm_msgs/xarm_msgs/srv/set_int16_by_id.h
[2.723s] -- Up-to-date: /home/catcyber02/Mobile-Robots-2026-1/install/xarm_msgs/include/xarm_msgs/xarm_msgs/srv/detail
[2.724s] -- Up-to-date: /home/catcyber02/Mobile-Robots-2026-1/install/xarm_msgs/include/xarm_msgs/xarm_msgs/srv/detail/set_int16_by_id__struct.h
[2.724s] -- Installing: /home/catcyber02/Mobile-Robots-2026-1/install/xarm_msgs/include/xarm_msgs/xarm_msgs/srv/detail/linear_motor_back_origin__type_support.c
[2.724s] -- Up-to-date: /home/catcyber02/Mobile-Robots-2026-1/install/xarm_msgs/include/xarm_msgs/xarm_msgs/srv/detail/get_int16_list__functions.c
[2.725s] -- Up-to-date: /home/catcyber02/Mobile-Robots-2026-1/install/xarm_msgs/include/xarm_msgs/xarm_msgs/srv/detail/move_cartesian__functions.c
[2.725s] -- Up-to-date: /home/catcyber02/Mobile-Robots-2026-1/install/xarm_msgs/include/xarm_msgs/xarm_msgs/srv/detail/get_float32__struct.h
[2.725s] -- Up-to-date: /home/catcyber02/Mobile-Robots-2026-1/install/xarm_msgs/include/xarm_msgs/xarm_msgs/srv/detail/move_home__functions.c
[2.725s] -- Up-to-date: /home/catcyber02/Mobile-Robots-2026-1/install/xarm_msgs/include/xarm_msgs/xarm_msgs/srv/detail/gripper_move__struct.h
[2.726s] -- Up-to-date: /home/catcyber02/Mobile-Robots-2026-1/install/xarm_msgs/include/xarm_msgs/xarm_msgs/srv/detail/get_set_modbus_data__struct.h
[2.727s] -- Up-to-date: /home/catcyber02/Mobile-Robots-2026-1/install/xarm_msgs/include/xarm_msgs/xarm_msgs/srv/detail/get_int32_by_type__functions.c
[2.727s] -- Up-to-date: /home/catcyber02/Mobile-Robots-2026-1/install/xarm_msgs/include/xarm_msgs/xarm_msgs/srv/detail/plan_pose__type_support.h
[2.728s] -- Up-to-date: /home/catcyber02/Mobile-Robots-2026-1/install/xarm_msgs/include/xarm_msgs/xarm_msgs/srv/detail/robotiq_get_status__struct.h
[2.728s] -- Up-to-date: /home/catcyber02/Mobile-Robots-2026-1/install/xarm_msgs/include/xarm_msgs/xarm_msgs/srv/detail/get_set_modbus_data__functions.h
[2.728s] -- Up-to-date: /home/catcyber02/Mobile-Robots-2026-1/install/xarm_msgs/include/xarm_msgs/xarm_msgs/srv/detail/get_digital_io__functions.h
[2.728s] -- Up-to-date: /home/catcyber02/Mobile-Robots-2026-1/install/xarm_msgs/include/xarm_msgs/xarm_msgs/srv/detail/move_velocity__functions.h
[2.729s] -- Up-to-date: /home/catcyber02/Mobile-Robots-2026-1/install/xarm_msgs/include/xarm_msgs/xarm_msgs/srv/detail/get_float32_list__description.c
[2.730s] -- Installing: /home/catcyber02/Mobile-Robots-2026-1/install/xarm_msgs/include/xarm_msgs/xarm_msgs/srv/detail/get_set_modbus_data__type_support.c
[2.730s] -- Up-to-date: /home/catcyber02/Mobile-Robots-2026-1/install/xarm_msgs/include/xarm_msgs/xarm_msgs/srv/detail/ft_force_config__struct.h
[2.731s] -- Up-to-date: /home/catcyber02/Mobile-Robots-2026-1/install/xarm_msgs/include/xarm_msgs/xarm_msgs/srv/detail/vacuum_gripper_ctrl__functions.h
[2.731s] -- Up-to-date: /home/catcyber02/Mobile-Robots-2026-1/install/xarm_msgs/include/xarm_msgs/xarm_msgs/srv/detail/ft_cali_load__functions.c
[2.732s] -- Installing: /home/catcyber02/Mobile-Robots-2026-1/install/xarm_msgs/include/xarm_msgs/xarm_msgs/srv/detail/plan_pose__type_support.c
[2.732s] -- Up-to-date: /home/catcyber02/Mobile-Robots-2026-1/install/xarm_msgs/include/xarm_msgs/xarm_msgs/srv/detail/linear_track_back_origin__description.c
[2.733s] -- Up-to-date: /home/catcyber02/Mobile-Robots-2026-1/install/xarm_msgs/include/xarm_msgs/xarm_msgs/srv/detail/iden_load__functions.c
[2.733s] -- Up-to-date: /home/catcyber02/Mobile-Robots-2026-1/install/xarm_msgs/include/xarm_msgs/xarm_msgs/srv/detail/get_int32__struct.h
[2.733s] -- Up-to-date: /home/catcyber02/Mobile-Robots-2026-1/install/xarm_msgs/include/xarm_msgs/xarm_msgs/srv/detail/move_cartesian__description.c
[2.734s] -- Up-to-date: /home/catcyber02/Mobile-Robots-2026-1/install/xarm_msgs/include/xarm_msgs/xarm_msgs/srv/detail/plan_joint__functions.c
[2.734s] -- Installing: /home/catcyber02/Mobile-Robots-2026-1/install/xarm_msgs/include/xarm_msgs/xarm_msgs/srv/detail/bio_gripper_ctrl__type_support.c
[2.735s] -- Up-to-date: /home/catcyber02/Mobile-Robots-2026-1/install/xarm_msgs/include/xarm_msgs/xarm_msgs/srv/detail/set_modbus_timeout__type_support.h
[2.735s] -- Up-to-date: /home/catcyber02/Mobile-Robots-2026-1/install/xarm_msgs/include/xarm_msgs/xarm_msgs/srv/detail/plan_single_straight__type_support.h
[2.735s] -- Installing: /home/catcyber02/Mobile-Robots-2026-1/install/xarm_msgs/include/xarm_msgs/xarm_msgs/srv/detail/get_int32_by_type__type_support.c
[2.735s] -- Up-to-date: /home/catcyber02/Mobile-Robots-2026-1/install/xarm_msgs/include/xarm_msgs/xarm_msgs/srv/detail/robotiq_activate__functions.c
[2.736s] -- Up-to-date: /home/catcyber02/Mobile-Robots-2026-1/install/xarm_msgs/include/xarm_msgs/xarm_msgs/srv/detail/ft_admittance_params__description.c
[2.736s] -- Up-to-date: /home/catcyber02/Mobile-Robots-2026-1/install/xarm_msgs/include/xarm_msgs/xarm_msgs/srv/detail/get_int16_list__type_support.h
[2.737s] -- Up-to-date: /home/catcyber02/Mobile-Robots-2026-1/install/xarm_msgs/include/xarm_msgs/xarm_msgs/srv/detail/plan_exec__functions.h
[2.737s] -- Up-to-date: /home/catcyber02/Mobile-Robots-2026-1/install/xarm_msgs/include/xarm_msgs/xarm_msgs/srv/detail/get_digital_io__struct.h
[2.738s] -- Up-to-date: /home/catcyber02/Mobile-Robots-2026-1/install/xarm_msgs/include/xarm_msgs/xarm_msgs/srv/detail/get_digital_io__type_support.h
[2.738s] -- Up-to-date: /home/catcyber02/Mobile-Robots-2026-1/install/xarm_msgs/include/xarm_msgs/xarm_msgs/srv/detail/robotiq_move__type_support.h
[2.739s] -- Up-to-date: /home/catcyber02/Mobile-Robots-2026-1/install/xarm_msgs/include/xarm_msgs/xarm_msgs/srv/detail/set_digital_io__functions.c
[2.740s] -- Up-to-date: /home/catcyber02/Mobile-Robots-2026-1/install/xarm_msgs/include/xarm_msgs/xarm_msgs/srv/detail/set_tcp_load__functions.h
[2.740s] -- Installing: /home/catcyber02/Mobile-Robots-2026-1/install/xarm_msgs/include/xarm_msgs/xarm_msgs/srv/detail/robotiq_reset__type_support.c
[2.741s] -- Up-to-date: /home/catcyber02/Mobile-Robots-2026-1/install/xarm_msgs/include/xarm_msgs/xarm_msgs/srv/detail/bio_gripper_enable__description.c
[2.741s] -- Up-to-date: /home/catcyber02/Mobile-Robots-2026-1/install/xarm_msgs/include/xarm_msgs/xarm_msgs/srv/detail/set_analog_io__description.c
[2.742s] -- Up-to-date: /home/catcyber02/Mobile-Robots-2026-1/install/xarm_msgs/include/xarm_msgs/xarm_msgs/srv/detail/get_int32_by_type__functions.h
[2.742s] -- Up-to-date: /home/catcyber02/Mobile-Robots-2026-1/install/xarm_msgs/include/xarm_msgs/xarm_msgs/srv/detail/set_int32__struct.h
[2.742s] -- Up-to-date: /home/catcyber02/Mobile-Robots-2026-1/install/xarm_msgs/include/xarm_msgs/xarm_msgs/srv/detail/set_analog_io__struct.h
[2.743s] -- Up-to-date: /home/catcyber02/Mobile-Robots-2026-1/install/xarm_msgs/include/xarm_msgs/xarm_msgs/srv/detail/ft_impedance__functions.c
[2.743s] -- Up-to-date: /home/catcyber02/Mobile-Robots-2026-1/install/xarm_msgs/include/xarm_msgs/xarm_msgs/srv/detail/ft_force_config__functions.c
[2.743s] -- Installing: /home/catcyber02/Mobile-Robots-2026-1/install/xarm_msgs/include/xarm_msgs/xarm_msgs/srv/detail/get_float32_list__type_support.c
[2.744s] -- Installing: /home/catcyber02/Mobile-Robots-2026-1/install/xarm_msgs/include/xarm_msgs/xarm_msgs/srv/detail/plan_joint__type_support.c
[2.744s] -- Up-to-date: /home/catcyber02/Mobile-Robots-2026-1/install/xarm_msgs/include/xarm_msgs/xarm_msgs/srv/detail/linear_motor_back_origin__description.c
[2.745s] -- Up-to-date: /home/catcyber02/Mobile-Robots-2026-1/install/xarm_msgs/include/xarm_msgs/xarm_msgs/srv/detail/bio_gripper_ctrl__struct.h
[2.745s] -- Installing: /home/catcyber02/Mobile-Robots-2026-1/install/xarm_msgs/include/xarm_msgs/xarm_msgs/srv/detail/call__type_support.c
[2.745s] -- Up-to-date: /home/catcyber02/Mobile-Robots-2026-1/install/xarm_msgs/include/xarm_msgs/xarm_msgs/srv/detail/ft_admittance_params__functions.h
[2.746s] -- Up-to-date: /home/catcyber02/Mobile-Robots-2026-1/install/xarm_msgs/include/xarm_msgs/xarm_msgs/srv/detail/robotiq_move__functions.h
[2.746s] -- Up-to-date: /home/catcyber02/Mobile-Robots-2026-1/install/xarm_msgs/include/xarm_msgs/xarm_msgs/srv/detail/set_int32__type_support.h
[2.746s] -- Up-to-date: /home/catcyber02/Mobile-Robots-2026-1/install/xarm_msgs/include/xarm_msgs/xarm_msgs/srv/detail/move_circle__type_support.h
[2.747s] -- Up-to-date: /home/catcyber02/Mobile-Robots-2026-1/install/xarm_msgs/include/xarm_msgs/xarm_msgs/srv/detail/bio_gripper_ctrl__functions.c
[2.747s] -- Up-to-date: /home/catcyber02/Mobile-Robots-2026-1/install/xarm_msgs/include/xarm_msgs/xarm_msgs/srv/detail/linear_motor_back_origin__functions.h
[2.747s] -- Up-to-date: /home/catcyber02/Mobile-Robots-2026-1/install/xarm_msgs/include/xarm_msgs/xarm_msgs/srv/detail/plan_single_straight__struct.h
[2.748s] -- Up-to-date: /home/catcyber02/Mobile-Robots-2026-1/install/xarm_msgs/include/xarm_msgs/xarm_msgs/srv/detail/bio_gripper_enable__functions.c
[2.748s] -- Up-to-date: /home/catcyber02/Mobile-Robots-2026-1/install/xarm_msgs/include/xarm_msgs/xarm_msgs/srv/detail/set_int32_by_type__description.c
[2.751s] -- Up-to-date: /home/catcyber02/Mobile-Robots-2026-1/install/xarm_msgs/include/xarm_msgs/xarm_msgs/srv/detail/set_int32__functions.h
[2.751s] -- Up-to-date: /home/catcyber02/Mobile-Robots-2026-1/install/xarm_msgs/include/xarm_msgs/xarm_msgs/srv/detail/get_analog_io__functions.c
[2.751s] -- Up-to-date: /home/catcyber02/Mobile-Robots-2026-1/install/xarm_msgs/include/xarm_msgs/xarm_msgs/srv/detail/move_home__description.c
[2.752s] -- Up-to-date: /home/catcyber02/Mobile-Robots-2026-1/install/xarm_msgs/include/xarm_msgs/xarm_msgs/srv/detail/get_digital_io__functions.c
[2.752s] -- Up-to-date: /home/catcyber02/Mobile-Robots-2026-1/install/xarm_msgs/include/xarm_msgs/xarm_msgs/srv/detail/ft_force_config__description.c
[2.752s] -- Up-to-date: /home/catcyber02/Mobile-Robots-2026-1/install/xarm_msgs/include/xarm_msgs/xarm_msgs/srv/detail/move_joint__functions.h
[2.753s] -- Up-to-date: /home/catcyber02/Mobile-Robots-2026-1/install/xarm_msgs/include/xarm_msgs/xarm_msgs/srv/detail/set_tcp_load__functions.c
[2.753s] -- Up-to-date: /home/catcyber02/Mobile-Robots-2026-1/install/xarm_msgs/include/xarm_msgs/xarm_msgs/srv/detail/get_analog_io__type_support.h
[2.753s] -- Up-to-date: /home/catcyber02/Mobile-Robots-2026-1/install/xarm_msgs/include/xarm_msgs/xarm_msgs/srv/detail/robotiq_move__description.c
[2.753s] -- Installing: /home/catcyber02/Mobile-Robots-2026-1/install/xarm_msgs/include/xarm_msgs/xarm_msgs/srv/detail/traj_ctrl__type_support.c
[2.753s] -- Up-to-date: /home/catcyber02/Mobile-Robots-2026-1/install/xarm_msgs/include/xarm_msgs/xarm_msgs/srv/detail/linear_motor_back_origin__type_support.h
[2.754s] -- Up-to-date: /home/catcyber02/Mobile-Robots-2026-1/install/xarm_msgs/include/xarm_msgs/xarm_msgs/srv/detail/set_int16_list__struct.h
[2.754s] -- Up-to-date: /home/catcyber02/Mobile-Robots-2026-1/install/xarm_msgs/include/xarm_msgs/xarm_msgs/srv/detail/bio_gripper_ctrl__type_support.h
[2.754s] -- Up-to-date: /home/catcyber02/Mobile-Robots-2026-1/install/xarm_msgs/include/xarm_msgs/xarm_msgs/srv/detail/move_cartesian__type_support.h
[2.755s] -- Up-to-date: /home/catcyber02/Mobile-Robots-2026-1/install/xarm_msgs/include/xarm_msgs/xarm_msgs/srv/detail/ft_force_config__type_support.h
[2.755s] -- Up-to-date: /home/catcyber02/Mobile-Robots-2026-1/install/xarm_msgs/include/xarm_msgs/xarm_msgs/srv/detail/traj_ctrl__type_support.h
[2.755s] -- Up-to-date: /home/catcyber02/Mobile-Robots-2026-1/install/xarm_msgs/include/xarm_msgs/xarm_msgs/srv/detail/get_int16__description.c
[2.756s] -- Installing: /home/catcyber02/Mobile-Robots-2026-1/install/xarm_msgs/include/xarm_msgs/xarm_msgs/srv/detail/gripper_move__type_support.c
[2.756s] -- Up-to-date: /home/catcyber02/Mobile-Robots-2026-1/install/xarm_msgs/include/xarm_msgs/xarm_msgs/srv/detail/linear_motor_set_pos__type_support.h
[2.756s] -- Up-to-date: /home/catcyber02/Mobile-Robots-2026-1/install/xarm_msgs/include/xarm_msgs/xarm_msgs/srv/detail/traj_play__description.c
[2.757s] -- Up-to-date: /home/catcyber02/Mobile-Robots-2026-1/install/xarm_msgs/include/xarm_msgs/xarm_msgs/srv/detail/linear_track_back_origin__functions.h
[2.757s] -- Up-to-date: /home/catcyber02/Mobile-Robots-2026-1/install/xarm_msgs/include/xarm_msgs/xarm_msgs/srv/detail/plan_pose__description.c
[2.758s] -- Up-to-date: /home/catcyber02/Mobile-Robots-2026-1/install/xarm_msgs/include/xarm_msgs/xarm_msgs/srv/detail/get_digital_io__description.c
[2.758s] -- Up-to-date: /home/catcyber02/Mobile-Robots-2026-1/install/xarm_msgs/include/xarm_msgs/xarm_msgs/srv/detail/traj_play__type_support.h
[2.758s] -- Installing: /home/catcyber02/Mobile-Robots-2026-1/install/xarm_msgs/include/xarm_msgs/xarm_msgs/srv/detail/ft_cali_load__type_support.c
[2.759s] -- Up-to-date: /home/catcyber02/Mobile-Robots-2026-1/install/xarm_msgs/include/xarm_msgs/xarm_msgs/srv/detail/set_int16_list__description.c
[2.759s] -- Up-to-date: /home/catcyber02/Mobile-Robots-2026-1/install/xarm_msgs/include/xarm_msgs/xarm_msgs/srv/detail/set_int32__functions.c
[2.760s] -- Up-to-date: /home/catcyber02/Mobile-Robots-2026-1/install/xarm_msgs/include/xarm_msgs/xarm_msgs/srv/detail/ft_force_params__type_support.h
[2.760s] -- Up-to-date: /home/catcyber02/Mobile-Robots-2026-1/install/xarm_msgs/include/xarm_msgs/xarm_msgs/srv/detail/move_velocity__type_support.h
[2.760s] -- Installing: /home/catcyber02/Mobile-Robots-2026-1/install/xarm_msgs/include/xarm_msgs/xarm_msgs/srv/detail/ft_force_params__type_support.c
[2.761s] -- Up-to-date: /home/catcyber02/Mobile-Robots-2026-1/install/xarm_msgs/include/xarm_msgs/xarm_msgs/srv/detail/get_int16__functions.c
[2.761s] -- Up-to-date: /home/catcyber02/Mobile-Robots-2026-1/install/xarm_msgs/include/xarm_msgs/xarm_msgs/srv/detail/set_int16_by_id__functions.c
[2.761s] -- Installing: /home/catcyber02/Mobile-Robots-2026-1/install/xarm_msgs/include/xarm_msgs/xarm_msgs/srv/detail/get_int16_list__type_support.c
[2.762s] -- Up-to-date: /home/catcyber02/Mobile-Robots-2026-1/install/xarm_msgs/include/xarm_msgs/xarm_msgs/srv/detail/set_float32_list__struct.h
[2.762s] -- Up-to-date: /home/catcyber02/Mobile-Robots-2026-1/install/xarm_msgs/include/xarm_msgs/xarm_msgs/srv/detail/plan_pose__functions.h
[2.762s] -- Up-to-date: /home/catcyber02/Mobile-Robots-2026-1/install/xarm_msgs/include/xarm_msgs/xarm_msgs/srv/detail/move_cartesian__functions.h
[2.763s] -- Up-to-date: /home/catcyber02/Mobile-Robots-2026-1/install/xarm_msgs/include/xarm_msgs/xarm_msgs/srv/detail/linear_motor_back_origin__functions.c
[2.763s] -- Up-to-date: /home/catcyber02/Mobile-Robots-2026-1/install/xarm_msgs/include/xarm_msgs/xarm_msgs/srv/detail/move_joint__description.c
[2.763s] -- Up-to-date: /home/catcyber02/Mobile-Robots-2026-1/install/xarm_msgs/include/xarm_msgs/xarm_msgs/srv/detail/ft_cali_load__description.c
[2.764s] -- Up-to-date: /home/catcyber02/Mobile-Robots-2026-1/install/xarm_msgs/include/xarm_msgs/xarm_msgs/srv/detail/plan_single_straight__functions.c
[2.764s] -- Up-to-date: /home/catcyber02/Mobile-Robots-2026-1/install/xarm_msgs/include/xarm_msgs/xarm_msgs/srv/detail/ft_impedance__struct.h
[2.764s] -- Installing: /home/catcyber02/Mobile-Robots-2026-1/install/xarm_msgs/include/xarm_msgs/xarm_msgs/srv/detail/ft_impedance__type_support.c
[2.765s] -- Up-to-date: /home/catcyber02/Mobile-Robots-2026-1/install/xarm_msgs/include/xarm_msgs/xarm_msgs/srv/detail/call__functions.h
[2.765s] -- Up-to-date: /home/catcyber02/Mobile-Robots-2026-1/install/xarm_msgs/include/xarm_msgs/xarm_msgs/srv/detail/set_float32_list__type_support.h
[2.765s] -- Up-to-date: /home/catcyber02/Mobile-Robots-2026-1/install/xarm_msgs/include/xarm_msgs/xarm_msgs/srv/detail/plan_exec__type_support.h
[2.766s] -- Up-to-date: /home/catcyber02/Mobile-Robots-2026-1/install/xarm_msgs/include/xarm_msgs/xarm_msgs/srv/detail/linear_motor_back_origin__struct.h
[2.766s] -- Up-to-date: /home/catcyber02/Mobile-Robots-2026-1/install/xarm_msgs/include/xarm_msgs/xarm_msgs/srv/detail/get_int32__type_support.h
[2.766s] -- Up-to-date: /home/catcyber02/Mobile-Robots-2026-1/install/xarm_msgs/include/xarm_msgs/xarm_msgs/srv/detail/set_digital_io__functions.h
[2.767s] -- Up-to-date: /home/catcyber02/Mobile-Robots-2026-1/install/xarm_msgs/include/xarm_msgs/xarm_msgs/srv/detail/set_int16_list__functions.h
[2.767s] -- Installing: /home/catcyber02/Mobile-Robots-2026-1/install/xarm_msgs/include/xarm_msgs/xarm_msgs/srv/detail/move_cartesian__type_support.c
[2.768s] -- Up-to-date: /home/catcyber02/Mobile-Robots-2026-1/install/xarm_msgs/include/xarm_msgs/xarm_msgs/srv/detail/set_float32__functions.h
[2.768s] -- Up-to-date: /home/catcyber02/Mobile-Robots-2026-1/install/xarm_msgs/include/xarm_msgs/xarm_msgs/srv/detail/set_int16_by_id__functions.h
[2.768s] -- Up-to-date: /home/catcyber02/Mobile-Robots-2026-1/install/xarm_msgs/include/xarm_msgs/xarm_msgs/srv/detail/ft_force_pid__functions.h
[2.769s] -- Up-to-date: /home/catcyber02/Mobile-Robots-2026-1/install/xarm_msgs/include/xarm_msgs/xarm_msgs/srv/detail/get_float32__description.c
[2.769s] -- Up-to-date: /home/catcyber02/Mobile-Robots-2026-1/install/xarm_msgs/include/xarm_msgs/xarm_msgs/srv/detail/linear_track_back_origin__functions.c
[2.770s] -- Up-to-date: /home/catcyber02/Mobile-Robots-2026-1/install/xarm_msgs/include/xarm_msgs/xarm_msgs/srv/detail/vacuum_gripper_ctrl__struct.h
[2.770s] -- Up-to-date: /home/catcyber02/Mobile-Robots-2026-1/install/xarm_msgs/include/xarm_msgs/xarm_msgs/srv/detail/plan_pose__struct.h
[2.770s] -- Up-to-date: /home/catcyber02/Mobile-Robots-2026-1/install/xarm_msgs/include/xarm_msgs/xarm_msgs/srv/detail/bio_gripper_enable__struct.h
[2.771s] -- Up-to-date: /home/catcyber02/Mobile-Robots-2026-1/install/xarm_msgs/include/xarm_msgs/xarm_msgs/srv/detail/robotiq_get_status__type_support.h
[2.771s] -- Installing: /home/catcyber02/Mobile-Robots-2026-1/install/xarm_msgs/include/xarm_msgs/xarm_msgs/srv/detail/plan_single_straight__type_support.c
[2.771s] -- Up-to-date: /home/catcyber02/Mobile-Robots-2026-1/install/xarm_msgs/include/xarm_msgs/xarm_msgs/srv/detail/set_tcp_load__struct.h
[2.771s] -- Up-to-date: /home/catcyber02/Mobile-Robots-2026-1/install/xarm_msgs/include/xarm_msgs/xarm_msgs/srv/detail/robotiq_reset__description.c
[2.772s] -- Up-to-date: /home/catcyber02/Mobile-Robots-2026-1/install/xarm_msgs/include/xarm_msgs/xarm_msgs/srv/detail/ft_force_pid__description.c
[2.772s] -- Installing: /home/catcyber02/Mobile-Robots-2026-1/install/xarm_msgs/include/xarm_msgs/xarm_msgs/srv/detail/set_analog_io__type_support.c
[2.773s] -- Up-to-date: /home/catcyber02/Mobile-Robots-2026-1/install/xarm_msgs/include/xarm_msgs/xarm_msgs/srv/detail/iden_load__struct.h
[2.773s] -- Up-to-date: /home/catcyber02/Mobile-Robots-2026-1/install/xarm_msgs/include/xarm_msgs/xarm_msgs/srv/detail/ft_cali_load__type_support.h
[2.773s] -- Installing: /home/catcyber02/Mobile-Robots-2026-1/install/xarm_msgs/include/xarm_msgs/xarm_msgs/srv/detail/set_tcp_load__type_support.c
[2.774s] -- Up-to-date: /home/catcyber02/Mobile-Robots-2026-1/install/xarm_msgs/include/xarm_msgs/xarm_msgs/srv/detail/plan_joint__struct.h
[2.774s] -- Up-to-date: /home/catcyber02/Mobile-Robots-2026-1/install/xarm_msgs/include/xarm_msgs/xarm_msgs/srv/detail/iden_load__description.c
[2.775s] -- Up-to-date: /home/catcyber02/Mobile-Robots-2026-1/install/xarm_msgs/include/xarm_msgs/xarm_msgs/srv/detail/ft_force_pid__type_support.h
[2.775s] -- Up-to-date: /home/catcyber02/Mobile-Robots-2026-1/install/xarm_msgs/include/xarm_msgs/xarm_msgs/srv/detail/robotiq_get_status__functions.c
[2.775s] -- Installing: /home/catcyber02/Mobile-Robots-2026-1/install/xarm_msgs/include/xarm_msgs/xarm_msgs/srv/detail/set_digital_io__type_support.c
[2.776s] -- Up-to-date: /home/catcyber02/Mobile-Robots-2026-1/install/xarm_msgs/include/xarm_msgs/xarm_msgs/srv/detail/get_set_modbus_data__description.c
[2.776s] -- Up-to-date: /home/catcyber02/Mobile-Robots-2026-1/install/xarm_msgs/include/xarm_msgs/xarm_msgs/srv/detail/set_digital_io__type_support.h
[2.777s] -- Installing: /home/catcyber02/Mobile-Robots-2026-1/install/xarm_msgs/include/xarm_msgs/xarm_msgs/srv/detail/set_int16_list__type_support.c
[2.777s] -- Up-to-date: /home/catcyber02/Mobile-Robots-2026-1/install/xarm_msgs/include/xarm_msgs/xarm_msgs/srv/detail/ft_admittance_params__functions.c
[2.779s] -- Up-to-date: /home/catcyber02/Mobile-Robots-2026-1/install/xarm_msgs/include/xarm_msgs/xarm_msgs/srv/detail/move_joint__struct.h
[2.780s] -- Up-to-date: /home/catcyber02/Mobile-Robots-2026-1/install/xarm_msgs/include/xarm_msgs/xarm_msgs/srv/detail/call__type_support.h
[2.781s] -- Up-to-date: /home/catcyber02/Mobile-Robots-2026-1/install/xarm_msgs/include/xarm_msgs/xarm_msgs/srv/detail/ft_force_params__functions.c
[2.783s] -- Installing: /home/catcyber02/Mobile-Robots-2026-1/install/xarm_msgs/include/xarm_msgs/xarm_msgs/srv/detail/get_int16__type_support.c
[2.784s] -- Up-to-date: /home/catcyber02/Mobile-Robots-2026-1/install/xarm_msgs/include/xarm_msgs/xarm_msgs/srv/detail/set_int16__functions.c
[2.786s] -- Up-to-date: /home/catcyber02/Mobile-Robots-2026-1/install/xarm_msgs/include/xarm_msgs/xarm_msgs/srv/detail/set_tcp_load__description.c
[2.786s] -- Up-to-date: /home/catcyber02/Mobile-Robots-2026-1/install/xarm_msgs/include/xarm_msgs/xarm_msgs/srv/detail/get_int32__functions.h
[2.787s] -- Up-to-date: /home/catcyber02/Mobile-Robots-2026-1/install/xarm_msgs/include/xarm_msgs/xarm_msgs/srv/detail/set_tcp_load__type_support.h
[2.789s] -- Up-to-date: /home/catcyber02/Mobile-Robots-2026-1/install/xarm_msgs/include/xarm_msgs/xarm_msgs/srv/detail/gripper_move__type_support.h
[2.792s] -- Up-to-date: /home/catcyber02/Mobile-Robots-2026-1/install/xarm_msgs/include/xarm_msgs/xarm_msgs/srv/detail/set_int16_by_id__description.c
[2.793s] -- Up-to-date: /home/catcyber02/Mobile-Robots-2026-1/install/xarm_msgs/include/xarm_msgs/xarm_msgs/srv/detail/linear_track_back_origin__type_support.h
[2.796s] -- Up-to-date: /home/catcyber02/Mobile-Robots-2026-1/install/xarm_msgs/include/xarm_msgs/xarm_msgs/srv/detail/gripper_move__functions.h
[2.797s] -- Up-to-date: /home/catcyber02/Mobile-Robots-2026-1/install/xarm_msgs/include/xarm_msgs/xarm_msgs/srv/detail/bio_gripper_enable__type_support.h
[2.797s] -- Up-to-date: /home/catcyber02/Mobile-Robots-2026-1/install/xarm_msgs/include/xarm_msgs/xarm_msgs/srv/detail/traj_play__struct.h
[2.798s] -- Up-to-date: /home/catcyber02/Mobile-Robots-2026-1/install/xarm_msgs/include/xarm_msgs/xarm_msgs/srv/detail/move_home__struct.h
[2.798s] -- Up-to-date: /home/catcyber02/Mobile-Robots-2026-1/install/xarm_msgs/include/xarm_msgs/xarm_msgs/srv/detail/linear_track_set_pos__type_support.h
[2.802s] -- Up-to-date: /home/catcyber02/Mobile-Robots-2026-1/install/xarm_msgs/include/xarm_msgs/xarm_msgs/srv/detail/set_int32_by_type__functions.h
[2.804s] -- Up-to-date: /home/catcyber02/Mobile-Robots-2026-1/install/xarm_msgs/include/xarm_msgs/xarm_msgs/srv/detail/get_float32__functions.c
[2.804s] -- Up-to-date: /home/catcyber02/Mobile-Robots-2026-1/install/xarm_msgs/include/xarm_msgs/xarm_msgs/srv/detail/set_int16_by_id__type_support.h
[2.804s] -- Up-to-date: /home/catcyber02/Mobile-Robots-2026-1/install/xarm_msgs/include/xarm_msgs/xarm_msgs/srv/detail/get_int16_list__description.c
[2.805s] -- Up-to-date: /home/catcyber02/Mobile-Robots-2026-1/install/xarm_msgs/include/xarm_msgs/xarm_msgs/srv/detail/get_int16__struct.h
[2.805s] -- Installing: /home/catcyber02/Mobile-Robots-2026-1/install/xarm_msgs/include/xarm_msgs/xarm_msgs/srv/detail/robotiq_activate__type_support.c
[2.806s] -- Up-to-date: /home/catcyber02/Mobile-Robots-2026-1/install/xarm_msgs/include/xarm_msgs/xarm_msgs/srv/detail/robotiq_reset__functions.c
[2.806s] -- Up-to-date: /home/catcyber02/Mobile-Robots-2026-1/install/xarm_msgs/include/xarm_msgs/xarm_msgs/srv/detail/linear_motor_set_pos__description.c
[2.806s] -- Up-to-date: /home/catcyber02/Mobile-Robots-2026-1/install/xarm_msgs/include/xarm_msgs/xarm_msgs/srv/detail/vacuum_gripper_ctrl__description.c
[2.807s] -- Up-to-date: /home/catcyber02/Mobile-Robots-2026-1/install/xarm_msgs/include/xarm_msgs/xarm_msgs/srv/detail/linear_track_set_pos__functions.h
[2.807s] -- Up-to-date: /home/catcyber02/Mobile-Robots-2026-1/install/xarm_msgs/include/xarm_msgs/xarm_msgs/srv/detail/set_int32__description.c
[2.807s] -- Up-to-date: /home/catcyber02/Mobile-Robots-2026-1/install/xarm_msgs/include/xarm_msgs/xarm_msgs/srv/detail/gripper_move__functions.c
[2.807s] -- Up-to-date: /home/catcyber02/Mobile-Robots-2026-1/install/xarm_msgs/include/xarm_msgs/xarm_msgs/srv/detail/set_modbus_timeout__struct.h
[2.808s] -- Up-to-date: /home/catcyber02/Mobile-Robots-2026-1/install/xarm_msgs/include/xarm_msgs/xarm_msgs/srv/detail/set_digital_io__description.c
[2.808s] -- Installing: /home/catcyber02/Mobile-Robots-2026-1/install/xarm_msgs/include/xarm_msgs/xarm_msgs/srv/detail/robotiq_move__type_support.c
[2.809s] -- Up-to-date: /home/catcyber02/Mobile-Robots-2026-1/install/xarm_msgs/include/xarm_msgs/xarm_msgs/srv/detail/traj_ctrl__struct.h
[2.809s] -- Up-to-date: /home/catcyber02/Mobile-Robots-2026-1/install/xarm_msgs/include/xarm_msgs/xarm_msgs/srv/detail/call__description.c
[2.809s] -- Installing: /home/catcyber02/Mobile-Robots-2026-1/install/xarm_msgs/include/xarm_msgs/xarm_msgs/srv/detail/set_float32_list__type_support.c
[2.810s] -- Up-to-date: /home/catcyber02/Mobile-Robots-2026-1/install/xarm_msgs/include/xarm_msgs/xarm_msgs/srv/detail/set_float32__functions.c
[2.810s] -- Installing: /home/catcyber02/Mobile-Robots-2026-1/install/xarm_msgs/include/xarm_msgs/xarm_msgs/srv/detail/set_int32__type_support.c
[2.811s] -- Up-to-date: /home/catcyber02/Mobile-Robots-2026-1/install/xarm_msgs/include/xarm_msgs/xarm_msgs/srv/detail/traj_play__functions.h
[2.811s] -- Up-to-date: /home/catcyber02/Mobile-Robots-2026-1/install/xarm_msgs/include/xarm_msgs/xarm_msgs/srv/detail/linear_track_set_pos__functions.c
[2.811s] -- Up-to-date: /home/catcyber02/Mobile-Robots-2026-1/install/xarm_msgs/include/xarm_msgs/xarm_msgs/srv/detail/set_int16__type_support.h
[2.811s] -- Up-to-date: /home/catcyber02/Mobile-Robots-2026-1/install/xarm_msgs/include/xarm_msgs/xarm_msgs/srv/detail/set_analog_io__functions.h
[2.812s] -- Installing: /home/catcyber02/Mobile-Robots-2026-1/install/xarm_msgs/include/xarm_msgs/xarm_msgs/srv/detail/get_int32__type_support.c
[2.812s] -- Up-to-date: /home/catcyber02/Mobile-Robots-2026-1/install/xarm_msgs/include/xarm_msgs/xarm_msgs/srv/detail/get_analog_io__struct.h
[2.812s] -- Up-to-date: /home/catcyber02/Mobile-Robots-2026-1/install/xarm_msgs/include/xarm_msgs/xarm_msgs/srv/detail/set_analog_io__type_support.h
[2.813s] -- Up-to-date: /home/catcyber02/Mobile-Robots-2026-1/install/xarm_msgs/include/xarm_msgs/xarm_msgs/srv/detail/ft_admittance_params__type_support.h
[2.813s] -- Up-to-date: /home/catcyber02/Mobile-Robots-2026-1/install/xarm_msgs/include/xarm_msgs/xarm_msgs/srv/detail/ft_cali_load__functions.h
[2.813s] -- Up-to-date: /home/catcyber02/Mobile-Robots-2026-1/install/xarm_msgs/include/xarm_msgs/xarm_msgs/srv/detail/robotiq_get_status__description.c
[2.814s] -- Up-to-date: /home/catcyber02/Mobile-Robots-2026-1/install/xarm_msgs/include/xarm_msgs/xarm_msgs/srv/detail/get_int32_by_type__struct.h
[2.814s] -- Up-to-date: /home/catcyber02/Mobile-Robots-2026-1/install/xarm_msgs/include/xarm_msgs/xarm_msgs/srv/detail/plan_single_straight__functions.h
[2.814s] -- Up-to-date: /home/catcyber02/Mobile-Robots-2026-1/install/xarm_msgs/include/xarm_msgs/xarm_msgs/srv/detail/set_digital_io__struct.h
[2.815s] -- Up-to-date: /home/catcyber02/Mobile-Robots-2026-1/install/xarm_msgs/include/xarm_msgs/xarm_msgs/srv/detail/linear_motor_set_pos__functions.h
[2.815s] -- Up-to-date: /home/catcyber02/Mobile-Robots-2026-1/install/xarm_msgs/include/xarm_msgs/xarm_msgs/srv/detail/ft_admittance_params__struct.h
[2.815s] -- Up-to-date: /home/catcyber02/Mobile-Robots-2026-1/install/xarm_msgs/include/xarm_msgs/xarm_msgs/srv/detail/get_set_modbus_data__type_support.h
[2.815s] -- Up-to-date: /home/catcyber02/Mobile-Robots-2026-1/install/xarm_msgs/include/xarm_msgs/xarm_msgs/srv/detail/get_set_modbus_data__functions.c
[2.816s] -- Up-to-date: /home/catcyber02/Mobile-Robots-2026-1/install/xarm_msgs/include/xarm_msgs/xarm_msgs/srv/detail/ft_force_params__struct.h
[2.816s] -- Up-to-date: /home/catcyber02/Mobile-Robots-2026-1/install/xarm_msgs/include/xarm_msgs/xarm_msgs/srv/detail/bio_gripper_enable__functions.h
[2.816s] -- Up-to-date: /home/catcyber02/Mobile-Robots-2026-1/install/xarm_msgs/include/xarm_msgs/xarm_msgs/srv/detail/vacuum_gripper_ctrl__functions.c
[2.817s] -- Installing: /home/catcyber02/Mobile-Robots-2026-1/install/xarm_msgs/include/xarm_msgs/xarm_msgs/srv/detail/move_circle__type_support.c
[2.817s] -- Up-to-date: /home/catcyber02/Mobile-Robots-2026-1/install/xarm_msgs/include/xarm_msgs/xarm_msgs/srv/detail/plan_joint__functions.h
[2.817s] -- Up-to-date: /home/catcyber02/Mobile-Robots-2026-1/install/xarm_msgs/include/xarm_msgs/xarm_msgs/srv/detail/traj_ctrl__functions.c
[2.818s] -- Up-to-date: /home/catcyber02/Mobile-Robots-2026-1/install/xarm_msgs/include/xarm_msgs/xarm_msgs/srv/detail/set_float32__struct.h
[2.818s] -- Installing: /home/catcyber02/Mobile-Robots-2026-1/install/xarm_msgs/include/xarm_msgs/xarm_msgs/srv/detail/robotiq_get_status__type_support.c
[2.818s] -- Installing: /home/catcyber02/Mobile-Robots-2026-1/install/xarm_msgs/include/xarm_msgs/xarm_msgs/srv/detail/set_float32__type_support.c
[2.819s] -- Up-to-date: /home/catcyber02/Mobile-Robots-2026-1/install/xarm_msgs/include/xarm_msgs/xarm_msgs/srv/detail/plan_pose__functions.c
[2.819s] -- Up-to-date: /home/catcyber02/Mobile-Robots-2026-1/install/xarm_msgs/include/xarm_msgs/xarm_msgs/srv/detail/get_int32_by_type__description.c
[2.819s] -- Up-to-date: /home/catcyber02/Mobile-Robots-2026-1/install/xarm_msgs/include/xarm_msgs/xarm_msgs/srv/detail/get_int32_by_type__type_support.h
[2.819s] -- Up-to-date: /home/catcyber02/Mobile-Robots-2026-1/install/xarm_msgs/include/xarm_msgs/xarm_msgs/srv/detail/get_float32_list__struct.h
[2.821s] -- Up-to-date: /home/catcyber02/Mobile-Robots-2026-1/install/xarm_msgs/include/xarm_msgs/xarm_msgs/srv/detail/ft_impedance__functions.h
[2.821s] -- Up-to-date: /home/catcyber02/Mobile-Robots-2026-1/install/xarm_msgs/include/xarm_msgs/xarm_msgs/srv/detail/ft_impedance__description.c
[2.822s] -- Up-to-date: /home/catcyber02/Mobile-Robots-2026-1/install/xarm_msgs/include/xarm_msgs/xarm_msgs/srv/detail/ft_impedance__type_support.h
[2.822s] -- Up-to-date: /home/catcyber02/Mobile-Robots-2026-1/install/xarm_msgs/include/xarm_msgs/xarm_msgs/srv/detail/get_float32__type_support.h
[2.822s] -- Installing: /home/catcyber02/Mobile-Robots-2026-1/install/xarm_msgs/include/xarm_msgs/xarm_msgs/srv/detail/ft_force_pid__type_support.c
[2.823s] -- Up-to-date: /home/catcyber02/Mobile-Robots-2026-1/install/xarm_msgs/include/xarm_msgs/xarm_msgs/srv/detail/set_float32__description.c
[2.824s] -- Up-to-date: /home/catcyber02/Mobile-Robots-2026-1/install/xarm_msgs/include/xarm_msgs/xarm_msgs/srv/detail/get_analog_io__functions.h
[2.827s] -- Installing: /home/catcyber02/Mobile-Robots-2026-1/install/xarm_msgs/include/xarm_msgs/xarm_msgs/srv/detail/move_joint__type_support.c
[2.827s] -- Up-to-date: /home/catcyber02/Mobile-Robots-2026-1/install/xarm_msgs/include/xarm_msgs/xarm_msgs/srv/detail/set_int16_list__functions.c
[2.828s] -- Installing: /home/catcyber02/Mobile-Robots-2026-1/install/xarm_msgs/include/xarm_msgs/xarm_msgs/srv/detail/vacuum_gripper_ctrl__type_support.c
[2.828s] -- Up-to-date: /home/catcyber02/Mobile-Robots-2026-1/install/xarm_msgs/include/xarm_msgs/xarm_msgs/srv/detail/plan_joint__type_support.h
[2.828s] -- Up-to-date: /home/catcyber02/Mobile-Robots-2026-1/install/xarm_msgs/include/xarm_msgs/xarm_msgs/srv/detail/set_float32__type_support.h
[2.829s] -- Installing: /home/catcyber02/Mobile-Robots-2026-1/install/xarm_msgs/include/xarm_msgs/xarm_msgs/srv/detail/set_modbus_timeout__type_support.c
[2.829s] -- Installing: /home/catcyber02/Mobile-Robots-2026-1/install/xarm_msgs/include/xarm_msgs/xarm_msgs/srv/detail/iden_load__type_support.c
[2.829s] -- Up-to-date: /home/catcyber02/Mobile-Robots-2026-1/install/xarm_msgs/include/xarm_msgs/xarm_msgs/srv/detail/linear_track_back_origin__struct.h
[2.830s] -- Up-to-date: /home/catcyber02/Mobile-Robots-2026-1/install/xarm_msgs/include/xarm_msgs/xarm_msgs/srv/detail/get_float32_list__functions.c
[2.830s] -- Up-to-date: /home/catcyber02/Mobile-Robots-2026-1/install/xarm_msgs/include/xarm_msgs/xarm_msgs/srv/detail/get_int32__description.c
[2.831s] -- Up-to-date: /home/catcyber02/Mobile-Robots-2026-1/install/xarm_msgs/include/xarm_msgs/xarm_msgs/srv/detail/traj_ctrl__description.c
[2.831s] -- Up-to-date: /home/catcyber02/Mobile-Robots-2026-1/install/xarm_msgs/include/xarm_msgs/xarm_msgs/srv/detail/robotiq_activate__struct.h
[2.835s] -- Up-to-date: /home/catcyber02/Mobile-Robots-2026-1/install/xarm_msgs/include/xarm_msgs/xarm_msgs/srv/detail/ft_force_params__functions.h
[2.837s] -- Installing: /home/catcyber02/Mobile-Robots-2026-1/install/xarm_msgs/include/xarm_msgs/xarm_msgs/srv/detail/set_int16__type_support.c
[2.837s] -- Installing: /home/catcyber02/Mobile-Robots-2026-1/install/xarm_msgs/include/xarm_msgs/xarm_msgs/srv/detail/get_analog_io__type_support.c
[2.837s] -- Up-to-date: /home/catcyber02/Mobile-Robots-2026-1/install/xarm_msgs/include/xarm_msgs/xarm_msgs/srv/detail/robotiq_get_status__functions.h
[2.838s] -- Up-to-date: /home/catcyber02/Mobile-Robots-2026-1/install/xarm_msgs/include/xarm_msgs/xarm_msgs/srv/detail/set_float32_list__functions.c
[2.838s] -- Up-to-date: /home/catcyber02/Mobile-Robots-2026-1/install/xarm_msgs/include/xarm_msgs/xarm_msgs/srv/detail/set_int32_by_type__struct.h
[2.838s] -- Up-to-date: /home/catcyber02/Mobile-Robots-2026-1/install/xarm_msgs/include/xarm_msgs/xarm_msgs/srv/detail/move_home__functions.h
[2.839s] -- Up-to-date: /home/catcyber02/Mobile-Robots-2026-1/install/xarm_msgs/include/xarm_msgs/xarm_msgs/srv/detail/get_int32__functions.c
[2.839s] -- Up-to-date: /home/catcyber02/Mobile-Robots-2026-1/install/xarm_msgs/include/xarm_msgs/xarm_msgs/srv/detail/set_modbus_timeout__functions.c
[2.840s] -- Installing: /home/catcyber02/Mobile-Robots-2026-1/install/xarm_msgs/include/xarm_msgs/xarm_msgs/srv/detail/get_digital_io__type_support.c
[2.841s] -- Installing: /home/catcyber02/Mobile-Robots-2026-1/install/xarm_msgs/include/xarm_msgs/xarm_msgs/srv/detail/set_int32_by_type__type_support.c
[2.841s] -- Up-to-date: /home/catcyber02/Mobile-Robots-2026-1/install/xarm_msgs/include/xarm_msgs/xarm_msgs/srv/detail/get_int16_list__functions.h
[2.842s] -- Up-to-date: /home/catcyber02/Mobile-Robots-2026-1/install/xarm_msgs/include/xarm_msgs/xarm_msgs/srv/detail/ft_force_pid__struct.h
[2.846s] -- Up-to-date: /home/catcyber02/Mobile-Robots-2026-1/install/xarm_msgs/include/xarm_msgs/xarm_msgs/srv/detail/set_int32_by_type__type_support.h
[2.846s] -- Up-to-date: /home/catcyber02/Mobile-Robots-2026-1/install/xarm_msgs/include/xarm_msgs/xarm_msgs/srv/detail/set_modbus_timeout__description.c
[2.847s] -- Up-to-date: /home/catcyber02/Mobile-Robots-2026-1/install/xarm_msgs/include/xarm_msgs/xarm_msgs/srv/detail/get_float32_list__type_support.h
[2.847s] -- Installing: /home/catcyber02/Mobile-Robots-2026-1/install/xarm_msgs/include/xarm_msgs/xarm_msgs/srv/detail/linear_track_back_origin__type_support.c
[2.847s] -- Up-to-date: /home/catcyber02/Mobile-Robots-2026-1/install/xarm_msgs/include/xarm_msgs/xarm_msgs/srv/detail/move_cartesian__struct.h
[2.848s] -- Up-to-date: /home/catcyber02/Mobile-Robots-2026-1/install/xarm_msgs/include/xarm_msgs/xarm_msgs/srv/detail/get_int16_list__struct.h
[2.849s] -- Up-to-date: /home/catcyber02/Mobile-Robots-2026-1/install/xarm_msgs/include/xarm_msgs/xarm_msgs/srv/detail/call__struct.h
[2.849s] -- Up-to-date: /home/catcyber02/Mobile-Robots-2026-1/install/xarm_msgs/include/xarm_msgs/xarm_msgs/srv/detail/plan_joint__description.c
[2.849s] -- Up-to-date: /home/catcyber02/Mobile-Robots-2026-1/install/xarm_msgs/include/xarm_msgs/xarm_msgs/srv/detail/bio_gripper_ctrl__functions.h
[2.850s] -- Up-to-date: /home/catcyber02/Mobile-Robots-2026-1/install/xarm_msgs/include/xarm_msgs/xarm_msgs/srv/detail/linear_track_set_pos__description.c
[2.850s] -- Up-to-date: /home/catcyber02/Mobile-Robots-2026-1/install/xarm_msgs/include/xarm_msgs/xarm_msgs/srv/detail/move_circle__functions.c
[2.850s] -- Up-to-date: /home/catcyber02/Mobile-Robots-2026-1/install/xarm_msgs/include/xarm_msgs/xarm_msgs/srv/detail/plan_single_straight__description.c
[2.850s] -- Up-to-date: /home/catcyber02/Mobile-Robots-2026-1/install/xarm_msgs/include/xarm_msgs/xarm_msgs/srv/detail/robotiq_move__struct.h
[2.851s] -- Up-to-date: /home/catcyber02/Mobile-Robots-2026-1/install/xarm_msgs/include/xarm_msgs/xarm_msgs/srv/detail/ft_force_params__description.c
[2.851s] -- Up-to-date: /home/catcyber02/Mobile-Robots-2026-1/install/xarm_msgs/include/xarm_msgs/xarm_msgs/srv/detail/plan_exec__description.c
[2.851s] -- Up-to-date: /home/catcyber02/Mobile-Robots-2026-1/install/xarm_msgs/include/xarm_msgs/xarm_msgs/srv/detail/set_int16__description.c
[2.852s] -- Up-to-date: /home/catcyber02/Mobile-Robots-2026-1/install/xarm_msgs/include/xarm_msgs/xarm_msgs/srv/detail/robotiq_reset__functions.h
[2.852s] -- Up-to-date: /home/catcyber02/Mobile-Robots-2026-1/install/xarm_msgs/include/xarm_msgs/xarm_msgs/srv/detail/move_joint__type_support.h
[2.856s] -- Installing: /home/catcyber02/Mobile-Robots-2026-1/install/xarm_msgs/include/xarm_msgs/xarm_msgs/srv/detail/set_int16_by_id__type_support.c
[2.856s] -- Up-to-date: /home/catcyber02/Mobile-Robots-2026-1/install/xarm_msgs/include/xarm_msgs/xarm_msgs/srv/detail/get_int16__functions.h
[2.857s] -- Installing: /home/catcyber02/Mobile-Robots-2026-1/install/xarm_msgs/include/xarm_msgs/xarm_msgs/srv/detail/linear_motor_set_pos__type_support.c
[2.857s] -- Up-to-date: /home/catcyber02/Mobile-Robots-2026-1/install/xarm_msgs/include/xarm_msgs/xarm_msgs/srv/detail/robotiq_activate__type_support.h
[2.857s] -- Up-to-date: /home/catcyber02/Mobile-Robots-2026-1/install/xarm_msgs/include/xarm_msgs/xarm_msgs/srv/detail/move_circle__description.c
[2.859s] -- Up-to-date: /home/catcyber02/Mobile-Robots-2026-1/install/xarm_msgs/include/xarm_msgs/xarm_msgs/srv/detail/set_int32_by_type__functions.c
[2.860s] -- Up-to-date: /home/catcyber02/Mobile-Robots-2026-1/install/xarm_msgs/include/xarm_msgs/xarm_msgs/srv/detail/gripper_move__description.c
[2.860s] -- Up-to-date: /home/catcyber02/Mobile-Robots-2026-1/install/xarm_msgs/include/xarm_msgs/xarm_msgs/srv/detail/set_float32_list__functions.h
[2.861s] -- Installing: /home/catcyber02/Mobile-Robots-2026-1/install/xarm_msgs/include/xarm_msgs/xarm_msgs/srv/detail/get_float32__type_support.c
[2.862s] -- Up-to-date: /home/catcyber02/Mobile-Robots-2026-1/install/xarm_msgs/include/xarm_msgs/xarm_msgs/srv/detail/move_velocity__functions.c
[2.862s] -- Up-to-date: /home/catcyber02/Mobile-Robots-2026-1/install/xarm_msgs/include/xarm_msgs/xarm_msgs/srv/detail/call__functions.c
[2.862s] -- Installing: /home/catcyber02/Mobile-Robots-2026-1/install/xarm_msgs/include/xarm_msgs/xarm_msgs/srv/detail/plan_exec__type_support.c
[2.867s] -- Up-to-date: /home/catcyber02/Mobile-Robots-2026-1/install/xarm_msgs/include/xarm_msgs/xarm_msgs/srv/detail/move_velocity__description.c
[2.870s] -- Up-to-date: /home/catcyber02/Mobile-Robots-2026-1/install/xarm_msgs/include/xarm_msgs/xarm_msgs/srv/detail/set_int16__functions.h
[2.872s] -- Up-to-date: /home/catcyber02/Mobile-Robots-2026-1/install/xarm_msgs/include/xarm_msgs/xarm_msgs/srv/detail/move_circle__struct.h
[2.873s] -- Up-to-date: /home/catcyber02/Mobile-Robots-2026-1/install/xarm_msgs/include/xarm_msgs/xarm_msgs/srv/detail/robotiq_activate__description.c
[2.873s] -- Up-to-date: /home/catcyber02/Mobile-Robots-2026-1/install/xarm_msgs/include/xarm_msgs/xarm_msgs/srv/detail/plan_exec__struct.h
[2.873s] -- Up-to-date: /home/catcyber02/Mobile-Robots-2026-1/install/xarm_msgs/include/xarm_msgs/xarm_msgs/srv/detail/robotiq_reset__type_support.h
[2.874s] -- Up-to-date: /home/catcyber02/Mobile-Robots-2026-1/install/xarm_msgs/include/xarm_msgs/xarm_msgs/srv/detail/get_float32_list__functions.h
[2.874s] -- Up-to-date: /home/catcyber02/Mobile-Robots-2026-1/install/xarm_msgs/include/xarm_msgs/xarm_msgs/srv/detail/set_int16_list__type_support.h
[2.874s] -- Up-to-date: /home/catcyber02/Mobile-Robots-2026-1/install/xarm_msgs/include/xarm_msgs/xarm_msgs/srv/detail/robotiq_activate__functions.h
[2.875s] -- Up-to-date: /home/catcyber02/Mobile-Robots-2026-1/install/xarm_msgs/include/xarm_msgs/xarm_msgs/srv/detail/ft_force_config__functions.h
[2.876s] -- Up-to-date: /home/catcyber02/Mobile-Robots-2026-1/install/xarm_msgs/include/xarm_msgs/xarm_msgs/srv/detail/move_joint__functions.c
[2.877s] -- Up-to-date: /home/catcyber02/Mobile-Robots-2026-1/install/xarm_msgs/include/xarm_msgs/xarm_msgs/srv/detail/linear_motor_set_pos__struct.h
[2.877s] -- Up-to-date: /home/catcyber02/Mobile-Robots-2026-1/install/xarm_msgs/include/xarm_msgs/xarm_msgs/srv/detail/ft_cali_load__struct.h
[2.878s] -- Up-to-date: /home/catcyber02/Mobile-Robots-2026-1/install/xarm_msgs/include/xarm_msgs/xarm_msgs/srv/detail/set_int16__struct.h
[2.878s] -- Up-to-date: /home/catcyber02/Mobile-Robots-2026-1/install/xarm_msgs/include/xarm_msgs/xarm_msgs/srv/detail/set_analog_io__functions.c
[2.878s] -- Up-to-date: /home/catcyber02/Mobile-Robots-2026-1/install/xarm_msgs/include/xarm_msgs/xarm_msgs/srv/detail/move_velocity__struct.h
[2.879s] -- Up-to-date: /home/catcyber02/Mobile-Robots-2026-1/install/xarm_msgs/include/xarm_msgs/xarm_msgs/srv/detail/bio_gripper_ctrl__description.c
[2.879s] -- Installing: /home/catcyber02/Mobile-Robots-2026-1/install/xarm_msgs/include/xarm_msgs/xarm_msgs/srv/detail/move_velocity__type_support.c
[2.879s] -- Up-to-date: /home/catcyber02/Mobile-Robots-2026-1/install/xarm_msgs/include/xarm_msgs/xarm_msgs/srv/detail/iden_load__functions.h
[2.880s] -- Up-to-date: /home/catcyber02/Mobile-Robots-2026-1/install/xarm_msgs/include/xarm_msgs/xarm_msgs/srv/detail/move_circle__functions.h
[2.880s] -- Up-to-date: /home/catcyber02/Mobile-Robots-2026-1/install/xarm_msgs/include/xarm_msgs/xarm_msgs/srv/detail/get_int16__type_support.h
[2.880s] -- Up-to-date: /home/catcyber02/Mobile-Robots-2026-1/install/xarm_msgs/include/xarm_msgs/xarm_msgs/srv/detail/traj_ctrl__functions.h
[2.881s] -- Installing: /home/catcyber02/Mobile-Robots-2026-1/install/xarm_msgs/include/xarm_msgs/xarm_msgs/srv/detail/traj_play__type_support.c
[2.882s] -- Installing: /home/catcyber02/Mobile-Robots-2026-1/install/xarm_msgs/include/xarm_msgs/xarm_msgs/srv/detail/move_home__type_support.c
[2.883s] -- Installing: /home/catcyber02/Mobile-Robots-2026-1/install/xarm_msgs/include/xarm_msgs/xarm_msgs/srv/detail/ft_admittance_params__type_support.c
[2.884s] -- Up-to-date: /home/catcyber02/Mobile-Robots-2026-1/install/xarm_msgs/include/xarm_msgs/xarm_msgs/srv/detail/linear_track_set_pos__struct.h
[2.886s] -- Up-to-date: /home/catcyber02/Mobile-Robots-2026-1/install/xarm_msgs/include/xarm_msgs/xarm_msgs/srv/detail/vacuum_gripper_ctrl__type_support.h
[2.886s] -- Up-to-date: /home/catcyber02/Mobile-Robots-2026-1/install/xarm_msgs/include/xarm_msgs/xarm_msgs/srv/detail/traj_play__functions.c
[2.887s] -- Installing: /home/catcyber02/Mobile-Robots-2026-1/install/xarm_msgs/include/xarm_msgs/xarm_msgs/srv/detail/bio_gripper_enable__type_support.c
[2.887s] -- Installing: /home/catcyber02/Mobile-Robots-2026-1/install/xarm_msgs/include/xarm_msgs/xarm_msgs/srv/detail/ft_force_config__type_support.c
[2.888s] -- Up-to-date: /home/catcyber02/Mobile-Robots-2026-1/install/xarm_msgs/include/xarm_msgs/xarm_msgs/srv/detail/iden_load__type_support.h
[2.888s] -- Up-to-date: /home/catcyber02/Mobile-Robots-2026-1/install/xarm_msgs/include/xarm_msgs/xarm_msgs/srv/detail/move_home__type_support.h
[2.889s] -- Up-to-date: /home/catcyber02/Mobile-Robots-2026-1/install/xarm_msgs/include/xarm_msgs/xarm_msgs/srv/detail/get_float32__functions.h
[2.889s] -- Up-to-date: /home/catcyber02/Mobile-Robots-2026-1/install/xarm_msgs/include/xarm_msgs/xarm_msgs/srv/detail/ft_force_pid__functions.c
[2.889s] -- Up-to-date: /home/catcyber02/Mobile-Robots-2026-1/install/xarm_msgs/include/xarm_msgs/xarm_msgs/srv/detail/get_analog_io__description.c
[2.890s] -- Up-to-date: /home/catcyber02/Mobile-Robots-2026-1/install/xarm_msgs/include/xarm_msgs/xarm_msgs/srv/detail/set_float32_list__description.c
[2.890s] -- Up-to-date: /home/catcyber02/Mobile-Robots-2026-1/install/xarm_msgs/include/xarm_msgs/xarm_msgs/srv/detail/robotiq_move__functions.c
[2.891s] -- Up-to-date: /home/catcyber02/Mobile-Robots-2026-1/install/xarm_msgs/include/xarm_msgs/xarm_msgs/srv/detail/set_modbus_timeout__functions.h
[2.891s] -- Installing: /home/catcyber02/Mobile-Robots-2026-1/install/xarm_msgs/include/xarm_msgs/xarm_msgs/srv/detail/linear_track_set_pos__type_support.c
[2.891s] -- Up-to-date: /home/catcyber02/Mobile-Robots-2026-1/install/xarm_msgs/include/xarm_msgs/xarm_msgs/srv/detail/plan_exec__functions.c
[2.891s] -- Up-to-date: /home/catcyber02/Mobile-Robots-2026-1/install/xarm_msgs/include/xarm_msgs/xarm_msgs/srv/detail/linear_motor_set_pos__functions.c
[2.892s] -- Up-to-date: /home/catcyber02/Mobile-Robots-2026-1/install/xarm_msgs/include/xarm_msgs/xarm_msgs/srv/detail/robotiq_reset__struct.h
[2.892s] -- Up-to-date: /home/catcyber02/Mobile-Robots-2026-1/install/xarm_msgs/include/xarm_msgs/xarm_msgs/srv/robotiq_activate.h
[2.892s] -- Up-to-date: /home/catcyber02/Mobile-Robots-2026-1/install/xarm_msgs/include/xarm_msgs/xarm_msgs/srv/set_analog_io.h
[2.893s] -- Up-to-date: /home/catcyber02/Mobile-Robots-2026-1/install/xarm_msgs/include/xarm_msgs/xarm_msgs/srv/get_int16_list.h
[2.898s] -- Up-to-date: /home/catcyber02/Mobile-Robots-2026-1/install/xarm_msgs/include/xarm_msgs/xarm_msgs/srv/set_float32.h
[2.899s] -- Up-to-date: /home/catcyber02/Mobile-Robots-2026-1/install/xarm_msgs/include/xarm_msgs/xarm_msgs/srv/set_float32_list.h
[2.899s] -- Up-to-date: /home/catcyber02/Mobile-Robots-2026-1/install/xarm_msgs/include/xarm_msgs/xarm_msgs/srv/set_tcp_load.h
[2.899s] -- Up-to-date: /home/catcyber02/Mobile-Robots-2026-1/install/xarm_msgs/include/xarm_msgs/xarm_msgs/srv/plan_exec.h
[2.900s] -- Up-to-date: /home/catcyber02/Mobile-Robots-2026-1/install/xarm_msgs/include/xarm_msgs/xarm_msgs/srv/gripper_move.h
[2.900s] -- Up-to-date: /home/catcyber02/Mobile-Robots-2026-1/install/xarm_msgs/include/xarm_msgs/xarm_msgs/srv/get_float32.h
[2.901s] -- Up-to-date: /home/catcyber02/Mobile-Robots-2026-1/install/xarm_msgs/include/xarm_msgs/xarm_msgs/srv/move_velocity.h
[2.901s] -- Up-to-date: /home/catcyber02/Mobile-Robots-2026-1/install/xarm_msgs/include/xarm_msgs/xarm_msgs/srv/linear_motor_set_pos.h
[2.901s] -- Up-to-date: /home/catcyber02/Mobile-Robots-2026-1/install/xarm_msgs/include/xarm_msgs/xarm_msgs/srv/ft_force_pid.h
[2.902s] -- Up-to-date: /home/catcyber02/Mobile-Robots-2026-1/install/xarm_msgs/include/xarm_msgs/xarm_msgs/srv/set_int32.h
[2.902s] -- Up-to-date: /home/catcyber02/Mobile-Robots-2026-1/install/xarm_msgs/include/xarm_msgs/xarm_msgs/srv/set_modbus_timeout.h
[2.902s] -- Up-to-date: /home/catcyber02/Mobile-Robots-2026-1/install/xarm_msgs/include/xarm_msgs/xarm_msgs/srv/get_set_modbus_data.h
[2.903s] -- Up-to-date: /home/catcyber02/Mobile-Robots-2026-1/install/xarm_msgs/include/xarm_msgs/xarm_msgs/srv/ft_force_config.h
[2.903s] -- Up-to-date: /home/catcyber02/Mobile-Robots-2026-1/install/xarm_msgs/include/xarm_msgs/xarm_msgs/srv/call.h
[2.903s] -- Up-to-date: /home/catcyber02/Mobile-Robots-2026-1/install/xarm_msgs/include/xarm_msgs/xarm_msgs/srv/get_int16.h
[2.904s] -- Up-to-date: /home/catcyber02/Mobile-Robots-2026-1/install/xarm_msgs/include/xarm_msgs/xarm_msgs/srv/move_joint.h
[2.904s] -- Up-to-date: /home/catcyber02/Mobile-Robots-2026-1/install/xarm_msgs/include/xarm_msgs/xarm_msgs/srv/set_int16_list.h
[2.904s] -- Up-to-date: /home/catcyber02/Mobile-Robots-2026-1/install/xarm_msgs/include/xarm_msgs/xarm_msgs/srv/robotiq_move.h
[2.905s] -- Up-to-date: /home/catcyber02/Mobile-Robots-2026-1/install/xarm_msgs/include/xarm_msgs/xarm_msgs/srv/vacuum_gripper_ctrl.h
[2.905s] -- Up-to-date: /home/catcyber02/Mobile-Robots-2026-1/install/xarm_msgs/include/xarm_msgs/xarm_msgs/srv/robotiq_get_status.h
[2.905s] -- Up-to-date: /home/catcyber02/Mobile-Robots-2026-1/install/xarm_msgs/include/xarm_msgs/xarm_msgs/srv/get_int32_by_type.h
[2.906s] -- Up-to-date: /home/catcyber02/Mobile-Robots-2026-1/install/xarm_msgs/include/xarm_msgs/xarm_msgs/srv/linear_track_set_pos.h
[2.908s] -- Up-to-date: /home/catcyber02/Mobile-Robots-2026-1/install/xarm_msgs/include/xarm_msgs/xarm_msgs/srv/ft_admittance_params.h
[2.911s] -- Up-to-date: /home/catcyber02/Mobile-Robots-2026-1/install/xarm_msgs/include/xarm_msgs/xarm_msgs/srv/move_circle.h
[2.912s] -- Up-to-date: /home/catcyber02/Mobile-Robots-2026-1/install/xarm_msgs/include/xarm_msgs/xarm_msgs/srv/get_int32.h
[2.913s] -- Up-to-date: /home/catcyber02/Mobile-Robots-2026-1/install/xarm_msgs/include/xarm_msgs/xarm_msgs/srv/bio_gripper_ctrl.h
[2.913s] -- Up-to-date: /home/catcyber02/Mobile-Robots-2026-1/install/xarm_msgs/include/xarm_msgs/xarm_msgs/srv/ft_impedance.h
[2.913s] -- Up-to-date: /home/catcyber02/Mobile-Robots-2026-1/install/xarm_msgs/include/xarm_msgs/xarm_msgs/srv/set_int16.h
[2.914s] -- Up-to-date: /home/catcyber02/Mobile-Robots-2026-1/install/xarm_msgs/include/xarm_msgs/xarm_msgs/srv/get_analog_io.h
[2.914s] -- Up-to-date: /home/catcyber02/Mobile-Robots-2026-1/install/xarm_msgs/include/xarm_msgs/xarm_msgs/srv/set_int32_by_type.h
[2.915s] -- Up-to-date: /home/catcyber02/Mobile-Robots-2026-1/install/xarm_msgs/include/xarm_msgs/xarm_msgs/srv/traj_play.h
[2.919s] -- Up-to-date: /home/catcyber02/Mobile-Robots-2026-1/install/xarm_msgs/include/xarm_msgs/xarm_msgs/msg
[2.920s] -- Up-to-date: /home/catcyber02/Mobile-Robots-2026-1/install/xarm_msgs/include/xarm_msgs/xarm_msgs/msg/rosidl_generator_c__visibility_control.h
[2.920s] -- Up-to-date: /home/catcyber02/Mobile-Robots-2026-1/install/xarm_msgs/include/xarm_msgs/xarm_msgs/msg/detail
[2.921s] -- Up-to-date: /home/catcyber02/Mobile-Robots-2026-1/install/xarm_msgs/include/xarm_msgs/xarm_msgs/msg/detail/move_velocity__functions.h
[2.921s] -- Up-to-date: /home/catcyber02/Mobile-Robots-2026-1/install/xarm_msgs/include/xarm_msgs/xarm_msgs/msg/detail/robot_msg__struct.h
[2.922s] -- Up-to-date: /home/catcyber02/Mobile-Robots-2026-1/install/xarm_msgs/include/xarm_msgs/xarm_msgs/msg/detail/cio_state__functions.c
[2.922s] -- Up-to-date: /home/catcyber02/Mobile-Robots-2026-1/install/xarm_msgs/include/xarm_msgs/xarm_msgs/msg/detail/robot_msg__functions.h
[2.923s] -- Up-to-date: /home/catcyber02/Mobile-Robots-2026-1/install/xarm_msgs/include/xarm_msgs/xarm_msgs/msg/detail/cio_state__functions.h
[2.925s] -- Up-to-date: /home/catcyber02/Mobile-Robots-2026-1/install/xarm_msgs/include/xarm_msgs/xarm_msgs/msg/detail/move_velocity__type_support.h
[2.927s] -- Up-to-date: /home/catcyber02/Mobile-Robots-2026-1/install/xarm_msgs/include/xarm_msgs/xarm_msgs/msg/detail/cio_state__struct.h
[2.930s] -- Up-to-date: /home/catcyber02/Mobile-Robots-2026-1/install/xarm_msgs/include/xarm_msgs/xarm_msgs/msg/detail/io_state__type_support.h
[2.930s] -- Up-to-date: /home/catcyber02/Mobile-Robots-2026-1/install/xarm_msgs/include/xarm_msgs/xarm_msgs/msg/detail/robot_msg__type_support.h
[2.931s] -- Installing: /home/catcyber02/Mobile-Robots-2026-1/install/xarm_msgs/include/xarm_msgs/xarm_msgs/msg/detail/robot_msg__type_support.c
[2.931s] -- Up-to-date: /home/catcyber02/Mobile-Robots-2026-1/install/xarm_msgs/include/xarm_msgs/xarm_msgs/msg/detail/cio_state__type_support.h
[2.932s] -- Up-to-date: /home/catcyber02/Mobile-Robots-2026-1/install/xarm_msgs/include/xarm_msgs/xarm_msgs/msg/detail/robot_msg__description.c
[2.932s] -- Installing: /home/catcyber02/Mobile-Robots-2026-1/install/xarm_msgs/include/xarm_msgs/xarm_msgs/msg/detail/io_state__type_support.c
[2.932s] -- Up-to-date: /home/catcyber02/Mobile-Robots-2026-1/install/xarm_msgs/include/xarm_msgs/xarm_msgs/msg/detail/io_state__functions.c
[2.933s] -- Up-to-date: /home/catcyber02/Mobile-Robots-2026-1/install/xarm_msgs/include/xarm_msgs/xarm_msgs/msg/detail/io_state__functions.h
[2.933s] -- Up-to-date: /home/catcyber02/Mobile-Robots-2026-1/install/xarm_msgs/include/xarm_msgs/xarm_msgs/msg/detail/cio_state__description.c
[2.933s] -- Up-to-date: /home/catcyber02/Mobile-Robots-2026-1/install/xarm_msgs/include/xarm_msgs/xarm_msgs/msg/detail/move_velocity__functions.c
[2.934s] -- Up-to-date: /home/catcyber02/Mobile-Robots-2026-1/install/xarm_msgs/include/xarm_msgs/xarm_msgs/msg/detail/move_velocity__description.c
[2.938s] -- Up-to-date: /home/catcyber02/Mobile-Robots-2026-1/install/xarm_msgs/include/xarm_msgs/xarm_msgs/msg/detail/move_velocity__struct.h
[2.939s] -- Installing: /home/catcyber02/Mobile-Robots-2026-1/install/xarm_msgs/include/xarm_msgs/xarm_msgs/msg/detail/move_velocity__type_support.c
[2.939s] -- Up-to-date: /home/catcyber02/Mobile-Robots-2026-1/install/xarm_msgs/include/xarm_msgs/xarm_msgs/msg/detail/robot_msg__functions.c
[2.939s] -- Up-to-date: /home/catcyber02/Mobile-Robots-2026-1/install/xarm_msgs/include/xarm_msgs/xarm_msgs/msg/detail/io_state__struct.h
[2.940s] -- Up-to-date: /home/catcyber02/Mobile-Robots-2026-1/install/xarm_msgs/include/xarm_msgs/xarm_msgs/msg/detail/io_state__description.c
[2.940s] -- Installing: /home/catcyber02/Mobile-Robots-2026-1/install/xarm_msgs/include/xarm_msgs/xarm_msgs/msg/detail/cio_state__type_support.c
[2.940s] -- Up-to-date: /home/catcyber02/Mobile-Robots-2026-1/install/xarm_msgs/include/xarm_msgs/xarm_msgs/msg/robot_msg.h
[2.940s] -- Up-to-date: /home/catcyber02/Mobile-Robots-2026-1/install/xarm_msgs/include/xarm_msgs/xarm_msgs/msg/move_velocity.h
[2.941s] -- Up-to-date: /home/catcyber02/Mobile-Robots-2026-1/install/xarm_msgs/include/xarm_msgs/xarm_msgs/msg/io_state.h
[2.941s] -- Up-to-date: /home/catcyber02/Mobile-Robots-2026-1/install/xarm_msgs/include/xarm_msgs/xarm_msgs/msg/cio_state.h
[2.941s] -- Up-to-date: /home/catcyber02/Mobile-Robots-2026-1/install/xarm_msgs/share/xarm_msgs/environment/library_path.sh
[2.941s] -- Up-to-date: /home/catcyber02/Mobile-Robots-2026-1/install/xarm_msgs/share/xarm_msgs/environment/library_path.dsv
[2.942s] -- Up-to-date: /home/catcyber02/Mobile-Robots-2026-1/install/xarm_msgs/lib/libxarm_msgs__rosidl_generator_c.so
[2.942s] -- Up-to-date: /home/catcyber02/Mobile-Robots-2026-1/install/xarm_msgs/include/xarm_msgs/xarm_msgs
[2.942s] -- Up-to-date: /home/catcyber02/Mobile-Robots-2026-1/install/xarm_msgs/include/xarm_msgs/xarm_msgs/srv
[2.942s] -- Up-to-date: /home/catcyber02/Mobile-Robots-2026-1/install/xarm_msgs/include/xarm_msgs/xarm_msgs/srv/detail
[2.943s] -- Up-to-date: /home/catcyber02/Mobile-Robots-2026-1/install/xarm_msgs/include/xarm_msgs/xarm_msgs/srv/detail/plan_pose__rosidl_typesupport_fastrtps_c.h
[2.943s] -- Up-to-date: /home/catcyber02/Mobile-Robots-2026-1/install/xarm_msgs/include/xarm_msgs/xarm_msgs/srv/detail/set_modbus_timeout__rosidl_typesupport_fastrtps_c.h
[2.943s] -- Up-to-date: /home/catcyber02/Mobile-Robots-2026-1/install/xarm_msgs/include/xarm_msgs/xarm_msgs/srv/detail/get_int32_by_type__rosidl_typesupport_fastrtps_c.h
[2.944s] -- Up-to-date: /home/catcyber02/Mobile-Robots-2026-1/install/xarm_msgs/include/xarm_msgs/xarm_msgs/srv/detail/robotiq_activate__rosidl_typesupport_fastrtps_c.h
[2.944s] -- Up-to-date: /home/catcyber02/Mobile-Robots-2026-1/install/xarm_msgs/include/xarm_msgs/xarm_msgs/srv/detail/ft_cali_load__rosidl_typesupport_fastrtps_c.h
[2.944s] -- Up-to-date: /home/catcyber02/Mobile-Robots-2026-1/install/xarm_msgs/include/xarm_msgs/xarm_msgs/srv/detail/vacuum_gripper_ctrl__rosidl_typesupport_fastrtps_c.h
[2.944s] -- Up-to-date: /home/catcyber02/Mobile-Robots-2026-1/install/xarm_msgs/include/xarm_msgs/xarm_msgs/srv/detail/linear_track_set_pos__rosidl_typesupport_fastrtps_c.h
[2.945s] -- Up-to-date: /home/catcyber02/Mobile-Robots-2026-1/install/xarm_msgs/include/xarm_msgs/xarm_msgs/srv/detail/ft_force_pid__rosidl_typesupport_fastrtps_c.h
[2.945s] -- Up-to-date: /home/catcyber02/Mobile-Robots-2026-1/install/xarm_msgs/include/xarm_msgs/xarm_msgs/srv/detail/set_int32__rosidl_typesupport_fastrtps_c.h
[2.945s] -- Up-to-date: /home/catcyber02/Mobile-Robots-2026-1/install/xarm_msgs/include/xarm_msgs/xarm_msgs/srv/detail/move_joint__rosidl_typesupport_fastrtps_c.h
[2.946s] -- Up-to-date: /home/catcyber02/Mobile-Robots-2026-1/install/xarm_msgs/include/xarm_msgs/xarm_msgs/srv/detail/ft_force_config__rosidl_typesupport_fastrtps_c.h
[2.946s] -- Up-to-date: /home/catcyber02/Mobile-Robots-2026-1/install/xarm_msgs/include/xarm_msgs/xarm_msgs/srv/detail/set_int32_by_type__rosidl_typesupport_fastrtps_c.h
[2.946s] -- Up-to-date: /home/catcyber02/Mobile-Robots-2026-1/install/xarm_msgs/include/xarm_msgs/xarm_msgs/srv/detail/set_tcp_load__rosidl_typesupport_fastrtps_c.h
[2.946s] -- Up-to-date: /home/catcyber02/Mobile-Robots-2026-1/install/xarm_msgs/include/xarm_msgs/xarm_msgs/srv/detail/gripper_move__rosidl_typesupport_fastrtps_c.h
[2.947s] -- Up-to-date: /home/catcyber02/Mobile-Robots-2026-1/install/xarm_msgs/include/xarm_msgs/xarm_msgs/srv/detail/set_analog_io__rosidl_typesupport_fastrtps_c.h
[2.947s] -- Up-to-date: /home/catcyber02/Mobile-Robots-2026-1/install/xarm_msgs/include/xarm_msgs/xarm_msgs/srv/detail/traj_play__rosidl_typesupport_fastrtps_c.h
[2.947s] -- Up-to-date: /home/catcyber02/Mobile-Robots-2026-1/install/xarm_msgs/include/xarm_msgs/xarm_msgs/srv/detail/get_float32_list__rosidl_typesupport_fastrtps_c.h
[2.948s] -- Up-to-date: /home/catcyber02/Mobile-Robots-2026-1/install/xarm_msgs/include/xarm_msgs/xarm_msgs/srv/detail/get_set_modbus_data__rosidl_typesupport_fastrtps_c.h
[2.948s] -- Up-to-date: /home/catcyber02/Mobile-Robots-2026-1/install/xarm_msgs/include/xarm_msgs/xarm_msgs/srv/detail/robotiq_reset__rosidl_typesupport_fastrtps_c.h
[2.948s] -- Up-to-date: /home/catcyber02/Mobile-Robots-2026-1/install/xarm_msgs/include/xarm_msgs/xarm_msgs/srv/detail/set_float32_list__rosidl_typesupport_fastrtps_c.h
[2.948s] -- Up-to-date: /home/catcyber02/Mobile-Robots-2026-1/install/xarm_msgs/include/xarm_msgs/xarm_msgs/srv/detail/set_int16_list__rosidl_typesupport_fastrtps_c.h
[2.949s] -- Up-to-date: /home/catcyber02/Mobile-Robots-2026-1/install/xarm_msgs/include/xarm_msgs/xarm_msgs/srv/detail/get_digital_io__rosidl_typesupport_fastrtps_c.h
[2.949s] -- Up-to-date: /home/catcyber02/Mobile-Robots-2026-1/install/xarm_msgs/include/xarm_msgs/xarm_msgs/srv/detail/call__rosidl_typesupport_fastrtps_c.h
[2.949s] -- Up-to-date: /home/catcyber02/Mobile-Robots-2026-1/install/xarm_msgs/include/xarm_msgs/xarm_msgs/srv/detail/move_circle__rosidl_typesupport_fastrtps_c.h
[2.949s] -- Up-to-date: /home/catcyber02/Mobile-Robots-2026-1/install/xarm_msgs/include/xarm_msgs/xarm_msgs/srv/detail/linear_motor_set_pos__rosidl_typesupport_fastrtps_c.h
[2.950s] -- Up-to-date: /home/catcyber02/Mobile-Robots-2026-1/install/xarm_msgs/include/xarm_msgs/xarm_msgs/srv/detail/plan_single_straight__rosidl_typesupport_fastrtps_c.h
[2.950s] -- Up-to-date: /home/catcyber02/Mobile-Robots-2026-1/install/xarm_msgs/include/xarm_msgs/xarm_msgs/srv/detail/get_int16_list__rosidl_typesupport_fastrtps_c.h
[2.950s] -- Up-to-date: /home/catcyber02/Mobile-Robots-2026-1/install/xarm_msgs/include/xarm_msgs/xarm_msgs/srv/detail/get_analog_io__rosidl_typesupport_fastrtps_c.h
[2.950s] -- Up-to-date: /home/catcyber02/Mobile-Robots-2026-1/install/xarm_msgs/include/xarm_msgs/xarm_msgs/srv/detail/linear_motor_back_origin__rosidl_typesupport_fastrtps_c.h
[2.951s] -- Up-to-date: /home/catcyber02/Mobile-Robots-2026-1/install/xarm_msgs/include/xarm_msgs/xarm_msgs/srv/detail/move_cartesian__rosidl_typesupport_fastrtps_c.h
[2.951s] -- Up-to-date: /home/catcyber02/Mobile-Robots-2026-1/install/xarm_msgs/include/xarm_msgs/xarm_msgs/srv/detail/ft_impedance__rosidl_typesupport_fastrtps_c.h
[2.951s] -- Up-to-date: /home/catcyber02/Mobile-Robots-2026-1/install/xarm_msgs/include/xarm_msgs/xarm_msgs/srv/detail/set_int16__rosidl_typesupport_fastrtps_c.h
[2.952s] -- Up-to-date: /home/catcyber02/Mobile-Robots-2026-1/install/xarm_msgs/include/xarm_msgs/xarm_msgs/srv/detail/traj_ctrl__rosidl_typesupport_fastrtps_c.h
[2.952s] -- Up-to-date: /home/catcyber02/Mobile-Robots-2026-1/install/xarm_msgs/include/xarm_msgs/xarm_msgs/srv/detail/ft_force_params__rosidl_typesupport_fastrtps_c.h
[2.952s] -- Up-to-date: /home/catcyber02/Mobile-Robots-2026-1/install/xarm_msgs/include/xarm_msgs/xarm_msgs/srv/detail/bio_gripper_enable__rosidl_typesupport_fastrtps_c.h
[2.953s] -- Up-to-date: /home/catcyber02/Mobile-Robots-2026-1/install/xarm_msgs/include/xarm_msgs/xarm_msgs/srv/detail/move_home__rosidl_typesupport_fastrtps_c.h
[2.953s] -- Up-to-date: /home/catcyber02/Mobile-Robots-2026-1/install/xarm_msgs/include/xarm_msgs/xarm_msgs/srv/detail/robotiq_move__rosidl_typesupport_fastrtps_c.h
[2.953s] -- Up-to-date: /home/catcyber02/Mobile-Robots-2026-1/install/xarm_msgs/include/xarm_msgs/xarm_msgs/srv/detail/iden_load__rosidl_typesupport_fastrtps_c.h
[2.954s] -- Up-to-date: /home/catcyber02/Mobile-Robots-2026-1/install/xarm_msgs/include/xarm_msgs/xarm_msgs/srv/detail/get_float32__rosidl_typesupport_fastrtps_c.h
[2.954s] -- Up-to-date: /home/catcyber02/Mobile-Robots-2026-1/install/xarm_msgs/include/xarm_msgs/xarm_msgs/srv/detail/ft_admittance_params__rosidl_typesupport_fastrtps_c.h
[2.954s] -- Up-to-date: /home/catcyber02/Mobile-Robots-2026-1/install/xarm_msgs/include/xarm_msgs/xarm_msgs/srv/detail/get_int32__rosidl_typesupport_fastrtps_c.h
[2.954s] -- Up-to-date: /home/catcyber02/Mobile-Robots-2026-1/install/xarm_msgs/include/xarm_msgs/xarm_msgs/srv/detail/set_float32__rosidl_typesupport_fastrtps_c.h
[2.954s] -- Up-to-date: /home/catcyber02/Mobile-Robots-2026-1/install/xarm_msgs/include/xarm_msgs/xarm_msgs/srv/detail/plan_joint__rosidl_typesupport_fastrtps_c.h
[2.955s] -- Up-to-date: /home/catcyber02/Mobile-Robots-2026-1/install/xarm_msgs/include/xarm_msgs/xarm_msgs/srv/detail/move_velocity__rosidl_typesupport_fastrtps_c.h
[2.955s] -- Up-to-date: /home/catcyber02/Mobile-Robots-2026-1/install/xarm_msgs/include/xarm_msgs/xarm_msgs/srv/detail/bio_gripper_ctrl__rosidl_typesupport_fastrtps_c.h
[2.955s] -- Up-to-date: /home/catcyber02/Mobile-Robots-2026-1/install/xarm_msgs/include/xarm_msgs/xarm_msgs/srv/detail/plan_exec__rosidl_typesupport_fastrtps_c.h
[2.955s] -- Up-to-date: /home/catcyber02/Mobile-Robots-2026-1/install/xarm_msgs/include/xarm_msgs/xarm_msgs/srv/detail/linear_track_back_origin__rosidl_typesupport_fastrtps_c.h
[2.955s] -- Up-to-date: /home/catcyber02/Mobile-Robots-2026-1/install/xarm_msgs/include/xarm_msgs/xarm_msgs/srv/detail/set_int16_by_id__rosidl_typesupport_fastrtps_c.h
[2.956s] -- Up-to-date: /home/catcyber02/Mobile-Robots-2026-1/install/xarm_msgs/include/xarm_msgs/xarm_msgs/srv/detail/robotiq_get_status__rosidl_typesupport_fastrtps_c.h
[2.956s] -- Up-to-date: /home/catcyber02/Mobile-Robots-2026-1/install/xarm_msgs/include/xarm_msgs/xarm_msgs/srv/detail/set_digital_io__rosidl_typesupport_fastrtps_c.h
[2.956s] -- Up-to-date: /home/catcyber02/Mobile-Robots-2026-1/install/xarm_msgs/include/xarm_msgs/xarm_msgs/srv/detail/get_int16__rosidl_typesupport_fastrtps_c.h
[2.957s] -- Up-to-date: /home/catcyber02/Mobile-Robots-2026-1/install/xarm_msgs/include/xarm_msgs/xarm_msgs/msg
[2.957s] -- Up-to-date: /home/catcyber02/Mobile-Robots-2026-1/install/xarm_msgs/include/xarm_msgs/xarm_msgs/msg/rosidl_typesupport_fastrtps_c__visibility_control.h
[2.957s] -- Up-to-date: /home/catcyber02/Mobile-Robots-2026-1/install/xarm_msgs/include/xarm_msgs/xarm_msgs/msg/detail
[2.958s] -- Up-to-date: /home/catcyber02/Mobile-Robots-2026-1/install/xarm_msgs/include/xarm_msgs/xarm_msgs/msg/detail/io_state__rosidl_typesupport_fastrtps_c.h
[2.958s] -- Up-to-date: /home/catcyber02/Mobile-Robots-2026-1/install/xarm_msgs/include/xarm_msgs/xarm_msgs/msg/detail/robot_msg__rosidl_typesupport_fastrtps_c.h
[2.958s] -- Up-to-date: /home/catcyber02/Mobile-Robots-2026-1/install/xarm_msgs/include/xarm_msgs/xarm_msgs/msg/detail/cio_state__rosidl_typesupport_fastrtps_c.h
[2.958s] -- Up-to-date: /home/catcyber02/Mobile-Robots-2026-1/install/xarm_msgs/include/xarm_msgs/xarm_msgs/msg/detail/move_velocity__rosidl_typesupport_fastrtps_c.h
[2.959s] -- Up-to-date: /home/catcyber02/Mobile-Robots-2026-1/install/xarm_msgs/lib/libxarm_msgs__rosidl_typesupport_fastrtps_c.so
[2.959s] -- Up-to-date: /home/catcyber02/Mobile-Robots-2026-1/install/xarm_msgs/include/xarm_msgs/xarm_msgs
[2.959s] -- Up-to-date: /home/catcyber02/Mobile-Robots-2026-1/install/xarm_msgs/include/xarm_msgs/xarm_msgs/srv
[2.960s] -- Up-to-date: /home/catcyber02/Mobile-Robots-2026-1/install/xarm_msgs/include/xarm_msgs/xarm_msgs/srv/move_joint.hpp
[2.960s] -- Up-to-date: /home/catcyber02/Mobile-Robots-2026-1/install/xarm_msgs/include/xarm_msgs/xarm_msgs/srv/set_float32.hpp
[2.960s] -- Up-to-date: /home/catcyber02/Mobile-Robots-2026-1/install/xarm_msgs/include/xarm_msgs/xarm_msgs/srv/ft_admittance_params.hpp
[2.960s] -- Up-to-date: /home/catcyber02/Mobile-Robots-2026-1/install/xarm_msgs/include/xarm_msgs/xarm_msgs/srv/get_set_modbus_data.hpp
[2.961s] -- Up-to-date: /home/catcyber02/Mobile-Robots-2026-1/install/xarm_msgs/include/xarm_msgs/xarm_msgs/srv/get_int16_list.hpp
[2.961s] -- Up-to-date: /home/catcyber02/Mobile-Robots-2026-1/install/xarm_msgs/include/xarm_msgs/xarm_msgs/srv/move_velocity.hpp
[2.961s] -- Up-to-date: /home/catcyber02/Mobile-Robots-2026-1/install/xarm_msgs/include/xarm_msgs/xarm_msgs/srv/call.hpp
[2.961s] -- Up-to-date: /home/catcyber02/Mobile-Robots-2026-1/install/xarm_msgs/include/xarm_msgs/xarm_msgs/srv/detail
[2.962s] -- Up-to-date: /home/catcyber02/Mobile-Robots-2026-1/install/xarm_msgs/include/xarm_msgs/xarm_msgs/srv/detail/ft_admittance_params__struct.hpp
[2.962s] -- Up-to-date: /home/catcyber02/Mobile-Robots-2026-1/install/xarm_msgs/include/xarm_msgs/xarm_msgs/srv/detail/set_digital_io__type_support.hpp
[2.962s] -- Up-to-date: /home/catcyber02/Mobile-Robots-2026-1/install/xarm_msgs/include/xarm_msgs/xarm_msgs/srv/detail/set_int16_list__builder.hpp
[2.963s] -- Up-to-date: /home/catcyber02/Mobile-Robots-2026-1/install/xarm_msgs/include/xarm_msgs/xarm_msgs/srv/detail/set_int32_by_type__type_support.hpp
[2.963s] -- Up-to-date: /home/catcyber02/Mobile-Robots-2026-1/install/xarm_msgs/include/xarm_msgs/xarm_msgs/srv/detail/robotiq_activate__type_support.hpp
[2.963s] -- Up-to-date: /home/catcyber02/Mobile-Robots-2026-1/install/xarm_msgs/include/xarm_msgs/xarm_msgs/srv/detail/gripper_move__builder.hpp
[2.963s] -- Up-to-date: /home/catcyber02/Mobile-Robots-2026-1/install/xarm_msgs/include/xarm_msgs/xarm_msgs/srv/detail/traj_play__traits.hpp
[2.963s] -- Up-to-date: /home/catcyber02/Mobile-Robots-2026-1/install/xarm_msgs/include/xarm_msgs/xarm_msgs/srv/detail/get_set_modbus_data__type_support.hpp
[2.964s] -- Up-to-date: /home/catcyber02/Mobile-Robots-2026-1/install/xarm_msgs/include/xarm_msgs/xarm_msgs/srv/detail/get_int32_by_type__type_support.hpp
[2.964s] -- Up-to-date: /home/catcyber02/Mobile-Robots-2026-1/install/xarm_msgs/include/xarm_msgs/xarm_msgs/srv/detail/gripper_move__struct.hpp
[2.964s] -- Up-to-date: /home/catcyber02/Mobile-Robots-2026-1/install/xarm_msgs/include/xarm_msgs/xarm_msgs/srv/detail/linear_track_set_pos__traits.hpp
[2.964s] -- Up-to-date: /home/catcyber02/Mobile-Robots-2026-1/install/xarm_msgs/include/xarm_msgs/xarm_msgs/srv/detail/robotiq_move__builder.hpp
[2.964s] -- Up-to-date: /home/catcyber02/Mobile-Robots-2026-1/install/xarm_msgs/include/xarm_msgs/xarm_msgs/srv/detail/iden_load__struct.hpp
[2.965s] -- Up-to-date: /home/catcyber02/Mobile-Robots-2026-1/install/xarm_msgs/include/xarm_msgs/xarm_msgs/srv/detail/call__struct.hpp
[2.965s] -- Up-to-date: /home/catcyber02/Mobile-Robots-2026-1/install/xarm_msgs/include/xarm_msgs/xarm_msgs/srv/detail/traj_ctrl__builder.hpp
[2.965s] -- Up-to-date: /home/catcyber02/Mobile-Robots-2026-1/install/xarm_msgs/include/xarm_msgs/xarm_msgs/srv/detail/get_int16__traits.hpp
[2.965s] -- Up-to-date: /home/catcyber02/Mobile-Robots-2026-1/install/xarm_msgs/include/xarm_msgs/xarm_msgs/srv/detail/plan_joint__struct.hpp
[2.965s] -- Up-to-date: /home/catcyber02/Mobile-Robots-2026-1/install/xarm_msgs/include/xarm_msgs/xarm_msgs/srv/detail/set_int32__type_support.hpp
[2.966s] -- Up-to-date: /home/catcyber02/Mobile-Robots-2026-1/install/xarm_msgs/include/xarm_msgs/xarm_msgs/srv/detail/get_int16_list__type_support.hpp
[2.966s] -- Up-to-date: /home/catcyber02/Mobile-Robots-2026-1/install/xarm_msgs/include/xarm_msgs/xarm_msgs/srv/detail/linear_motor_back_origin__type_support.hpp
[2.966s] -- Up-to-date: /home/catcyber02/Mobile-Robots-2026-1/install/xarm_msgs/include/xarm_msgs/xarm_msgs/srv/detail/move_joint__builder.hpp
[2.966s] -- Up-to-date: /home/catcyber02/Mobile-Robots-2026-1/install/xarm_msgs/include/xarm_msgs/xarm_msgs/srv/detail/robotiq_move__type_support.hpp
[2.967s] -- Up-to-date: /home/catcyber02/Mobile-Robots-2026-1/install/xarm_msgs/include/xarm_msgs/xarm_msgs/srv/detail/set_analog_io__type_support.hpp
[2.967s] -- Up-to-date: /home/catcyber02/Mobile-Robots-2026-1/install/xarm_msgs/include/xarm_msgs/xarm_msgs/srv/detail/set_float32_list__traits.hpp
[2.967s] -- Up-to-date: /home/catcyber02/Mobile-Robots-2026-1/install/xarm_msgs/include/xarm_msgs/xarm_msgs/srv/detail/get_float32_list__type_support.hpp
[2.967s] -- Up-to-date: /home/catcyber02/Mobile-Robots-2026-1/install/xarm_msgs/include/xarm_msgs/xarm_msgs/srv/detail/iden_load__builder.hpp
[2.967s] -- Up-to-date: /home/catcyber02/Mobile-Robots-2026-1/install/xarm_msgs/include/xarm_msgs/xarm_msgs/srv/detail/ft_force_config__struct.hpp
[2.968s] -- Up-to-date: /home/catcyber02/Mobile-Robots-2026-1/install/xarm_msgs/include/xarm_msgs/xarm_msgs/srv/detail/move_circle__type_support.hpp
[2.968s] -- Up-to-date: /home/catcyber02/Mobile-Robots-2026-1/install/xarm_msgs/include/xarm_msgs/xarm_msgs/srv/detail/plan_exec__builder.hpp
[2.968s] -- Up-to-date: /home/catcyber02/Mobile-Robots-2026-1/install/xarm_msgs/include/xarm_msgs/xarm_msgs/srv/detail/set_modbus_timeout__builder.hpp
[2.969s] -- Up-to-date: /home/catcyber02/Mobile-Robots-2026-1/install/xarm_msgs/include/xarm_msgs/xarm_msgs/srv/detail/set_tcp_load__traits.hpp
[2.969s] -- Up-to-date: /home/catcyber02/Mobile-Robots-2026-1/install/xarm_msgs/include/xarm_msgs/xarm_msgs/srv/detail/plan_exec__traits.hpp
[2.969s] -- Up-to-date: /home/catcyber02/Mobile-Robots-2026-1/install/xarm_msgs/include/xarm_msgs/xarm_msgs/srv/detail/ft_force_pid__traits.hpp
[2.969s] -- Up-to-date: /home/catcyber02/Mobile-Robots-2026-1/install/xarm_msgs/include/xarm_msgs/xarm_msgs/srv/detail/traj_play__struct.hpp
[2.970s] -- Up-to-date: /home/catcyber02/Mobile-Robots-2026-1/install/xarm_msgs/include/xarm_msgs/xarm_msgs/srv/detail/robotiq_move__traits.hpp
[2.970s] -- Up-to-date: /home/catcyber02/Mobile-Robots-2026-1/install/xarm_msgs/include/xarm_msgs/xarm_msgs/srv/detail/set_int32__traits.hpp
[2.970s] -- Up-to-date: /home/catcyber02/Mobile-Robots-2026-1/install/xarm_msgs/include/xarm_msgs/xarm_msgs/srv/detail/robotiq_reset__struct.hpp
[2.970s] -- Up-to-date: /home/catcyber02/Mobile-Robots-2026-1/install/xarm_msgs/include/xarm_msgs/xarm_msgs/srv/detail/plan_exec__struct.hpp
[2.971s] -- Up-to-date: /home/catcyber02/Mobile-Robots-2026-1/install/xarm_msgs/include/xarm_msgs/xarm_msgs/srv/detail/linear_motor_back_origin__struct.hpp
[2.971s] -- Up-to-date: /home/catcyber02/Mobile-Robots-2026-1/install/xarm_msgs/include/xarm_msgs/xarm_msgs/srv/detail/linear_track_back_origin__struct.hpp
[2.971s] -- Up-to-date: /home/catcyber02/Mobile-Robots-2026-1/install/xarm_msgs/include/xarm_msgs/xarm_msgs/srv/detail/robotiq_move__struct.hpp
[2.971s] -- Up-to-date: /home/catcyber02/Mobile-Robots-2026-1/install/xarm_msgs/include/xarm_msgs/xarm_msgs/srv/detail/set_float32_list__builder.hpp
[2.972s] -- Up-to-date: /home/catcyber02/Mobile-Robots-2026-1/install/xarm_msgs/include/xarm_msgs/xarm_msgs/srv/detail/set_analog_io__builder.hpp
[2.972s] -- Up-to-date: /home/catcyber02/Mobile-Robots-2026-1/install/xarm_msgs/include/xarm_msgs/xarm_msgs/srv/detail/ft_cali_load__builder.hpp
[2.972s] -- Up-to-date: /home/catcyber02/Mobile-Robots-2026-1/install/xarm_msgs/include/xarm_msgs/xarm_msgs/srv/detail/robotiq_get_status__traits.hpp
[2.973s] -- Up-to-date: /home/catcyber02/Mobile-Robots-2026-1/install/xarm_msgs/include/xarm_msgs/xarm_msgs/srv/detail/move_velocity__traits.hpp
[2.973s] -- Up-to-date: /home/catcyber02/Mobile-Robots-2026-1/install/xarm_msgs/include/xarm_msgs/xarm_msgs/srv/detail/get_int32__builder.hpp
[2.973s] -- Up-to-date: /home/catcyber02/Mobile-Robots-2026-1/install/xarm_msgs/include/xarm_msgs/xarm_msgs/srv/detail/ft_cali_load__traits.hpp
[2.973s] -- Up-to-date: /home/catcyber02/Mobile-Robots-2026-1/install/xarm_msgs/include/xarm_msgs/xarm_msgs/srv/detail/set_int32__builder.hpp
[2.974s] -- Up-to-date: /home/catcyber02/Mobile-Robots-2026-1/install/xarm_msgs/include/xarm_msgs/xarm_msgs/srv/detail/ft_force_pid__struct.hpp
[2.974s] -- Up-to-date: /home/catcyber02/Mobile-Robots-2026-1/install/xarm_msgs/include/xarm_msgs/xarm_msgs/srv/detail/set_int16_list__struct.hpp
[2.974s] -- Up-to-date: /home/catcyber02/Mobile-Robots-2026-1/install/xarm_msgs/include/xarm_msgs/xarm_msgs/srv/detail/get_float32_list__builder.hpp
[2.974s] -- Up-to-date: /home/catcyber02/Mobile-Robots-2026-1/install/xarm_msgs/include/xarm_msgs/xarm_msgs/srv/detail/call__builder.hpp
[2.975s] -- Up-to-date: /home/catcyber02/Mobile-Robots-2026-1/install/xarm_msgs/include/xarm_msgs/xarm_msgs/srv/detail/bio_gripper_ctrl__struct.hpp
[2.975s] -- Up-to-date: /home/catcyber02/Mobile-Robots-2026-1/install/xarm_msgs/include/xarm_msgs/xarm_msgs/srv/detail/get_float32__type_support.hpp
[2.975s] -- Up-to-date: /home/catcyber02/Mobile-Robots-2026-1/install/xarm_msgs/include/xarm_msgs/xarm_msgs/srv/detail/get_set_modbus_data__traits.hpp
[2.975s] -- Up-to-date: /home/catcyber02/Mobile-Robots-2026-1/install/xarm_msgs/include/xarm_msgs/xarm_msgs/srv/detail/set_int16_by_id__type_support.hpp
[2.976s] -- Up-to-date: /home/catcyber02/Mobile-Robots-2026-1/install/xarm_msgs/include/xarm_msgs/xarm_msgs/srv/detail/move_circle__struct.hpp
[2.976s] -- Up-to-date: /home/catcyber02/Mobile-Robots-2026-1/install/xarm_msgs/include/xarm_msgs/xarm_msgs/srv/detail/linear_motor_back_origin__traits.hpp
[2.976s] -- Up-to-date: /home/catcyber02/Mobile-Robots-2026-1/install/xarm_msgs/include/xarm_msgs/xarm_msgs/srv/detail/plan_joint__builder.hpp
[2.976s] -- Up-to-date: /home/catcyber02/Mobile-Robots-2026-1/install/xarm_msgs/include/xarm_msgs/xarm_msgs/srv/detail/get_int32__struct.hpp
[2.976s] -- Up-to-date: /home/catcyber02/Mobile-Robots-2026-1/install/xarm_msgs/include/xarm_msgs/xarm_msgs/srv/detail/get_analog_io__builder.hpp
[2.977s] -- Up-to-date: /home/catcyber02/Mobile-Robots-2026-1/install/xarm_msgs/include/xarm_msgs/xarm_msgs/srv/detail/set_int16_by_id__builder.hpp
[2.977s] -- Up-to-date: /home/catcyber02/Mobile-Robots-2026-1/install/xarm_msgs/include/xarm_msgs/xarm_msgs/srv/detail/set_float32__struct.hpp
[2.977s] -- Up-to-date: /home/catcyber02/Mobile-Robots-2026-1/install/xarm_msgs/include/xarm_msgs/xarm_msgs/srv/detail/get_set_modbus_data__builder.hpp
[2.977s] -- Up-to-date: /home/catcyber02/Mobile-Robots-2026-1/install/xarm_msgs/include/xarm_msgs/xarm_msgs/srv/detail/get_int16_list__traits.hpp
[2.977s] -- Up-to-date: /home/catcyber02/Mobile-Robots-2026-1/install/xarm_msgs/include/xarm_msgs/xarm_msgs/srv/detail/set_digital_io__traits.hpp
[2.978s] -- Up-to-date: /home/catcyber02/Mobile-Robots-2026-1/install/xarm_msgs/include/xarm_msgs/xarm_msgs/srv/detail/set_int16__struct.hpp
[2.978s] -- Up-to-date: /home/catcyber02/Mobile-Robots-2026-1/install/xarm_msgs/include/xarm_msgs/xarm_msgs/srv/detail/linear_motor_set_pos__builder.hpp
[2.978s] -- Up-to-date: /home/catcyber02/Mobile-Robots-2026-1/install/xarm_msgs/include/xarm_msgs/xarm_msgs/srv/detail/gripper_move__type_support.hpp
[2.978s] -- Up-to-date: /home/catcyber02/Mobile-Robots-2026-1/install/xarm_msgs/include/xarm_msgs/xarm_msgs/srv/detail/ft_force_params__struct.hpp
[2.979s] -- Up-to-date: /home/catcyber02/Mobile-Robots-2026-1/install/xarm_msgs/include/xarm_msgs/xarm_msgs/srv/detail/robotiq_get_status__type_support.hpp
[2.979s] -- Up-to-date: /home/catcyber02/Mobile-Robots-2026-1/install/xarm_msgs/include/xarm_msgs/xarm_msgs/srv/detail/bio_gripper_ctrl__builder.hpp
[2.979s] -- Up-to-date: /home/catcyber02/Mobile-Robots-2026-1/install/xarm_msgs/include/xarm_msgs/xarm_msgs/srv/detail/get_int32_by_type__traits.hpp
[2.980s] -- Up-to-date: /home/catcyber02/Mobile-Robots-2026-1/install/xarm_msgs/include/xarm_msgs/xarm_msgs/srv/detail/set_int16_list__traits.hpp
[2.980s] -- Up-to-date: /home/catcyber02/Mobile-Robots-2026-1/install/xarm_msgs/include/xarm_msgs/xarm_msgs/srv/detail/get_int32_by_type__struct.hpp
[2.980s] -- Up-to-date: /home/catcyber02/Mobile-Robots-2026-1/install/xarm_msgs/include/xarm_msgs/xarm_msgs/srv/detail/ft_impedance__struct.hpp
[2.980s] -- Up-to-date: /home/catcyber02/Mobile-Robots-2026-1/install/xarm_msgs/include/xarm_msgs/xarm_msgs/srv/detail/vacuum_gripper_ctrl__builder.hpp
[2.981s] -- Up-to-date: /home/catcyber02/Mobile-Robots-2026-1/install/xarm_msgs/include/xarm_msgs/xarm_msgs/srv/detail/plan_single_straight__traits.hpp
[2.981s] -- Up-to-date: /home/catcyber02/Mobile-Robots-2026-1/install/xarm_msgs/include/xarm_msgs/xarm_msgs/srv/detail/get_digital_io__traits.hpp
[2.981s] -- Up-to-date: /home/catcyber02/Mobile-Robots-2026-1/install/xarm_msgs/include/xarm_msgs/xarm_msgs/srv/detail/ft_force_params__builder.hpp
[2.981s] -- Up-to-date: /home/catcyber02/Mobile-Robots-2026-1/install/xarm_msgs/include/xarm_msgs/xarm_msgs/srv/detail/move_circle__traits.hpp
[2.982s] -- Up-to-date: /home/catcyber02/Mobile-Robots-2026-1/install/xarm_msgs/include/xarm_msgs/xarm_msgs/srv/detail/robotiq_activate__builder.hpp
[2.982s] -- Up-to-date: /home/catcyber02/Mobile-Robots-2026-1/install/xarm_msgs/include/xarm_msgs/xarm_msgs/srv/detail/plan_joint__traits.hpp
[2.982s] -- Up-to-date: /home/catcyber02/Mobile-Robots-2026-1/install/xarm_msgs/include/xarm_msgs/xarm_msgs/srv/detail/bio_gripper_ctrl__traits.hpp
[2.982s] -- Up-to-date: /home/catcyber02/Mobile-Robots-2026-1/install/xarm_msgs/include/xarm_msgs/xarm_msgs/srv/detail/move_velocity__type_support.hpp
[2.983s] -- Up-to-date: /home/catcyber02/Mobile-Robots-2026-1/install/xarm_msgs/include/xarm_msgs/xarm_msgs/srv/detail/get_int32__type_support.hpp
[2.983s] -- Up-to-date: /home/catcyber02/Mobile-Robots-2026-1/install/xarm_msgs/include/xarm_msgs/xarm_msgs/srv/detail/move_cartesian__struct.hpp
[2.983s] -- Up-to-date: /home/catcyber02/Mobile-Robots-2026-1/install/xarm_msgs/include/xarm_msgs/xarm_msgs/srv/detail/ft_cali_load__type_support.hpp
[2.983s] -- Up-to-date: /home/catcyber02/Mobile-Robots-2026-1/install/xarm_msgs/include/xarm_msgs/xarm_msgs/srv/detail/set_float32__type_support.hpp
[2.983s] -- Up-to-date: /home/catcyber02/Mobile-Robots-2026-1/install/xarm_msgs/include/xarm_msgs/xarm_msgs/srv/detail/move_cartesian__traits.hpp
[2.984s] -- Up-to-date: /home/catcyber02/Mobile-Robots-2026-1/install/xarm_msgs/include/xarm_msgs/xarm_msgs/srv/detail/ft_force_config__traits.hpp
[2.984s] -- Up-to-date: /home/catcyber02/Mobile-Robots-2026-1/install/xarm_msgs/include/xarm_msgs/xarm_msgs/srv/detail/set_int16_list__type_support.hpp
[2.984s] -- Up-to-date: /home/catcyber02/Mobile-Robots-2026-1/install/xarm_msgs/include/xarm_msgs/xarm_msgs/srv/detail/vacuum_gripper_ctrl__traits.hpp
[2.985s] -- Up-to-date: /home/catcyber02/Mobile-Robots-2026-1/install/xarm_msgs/include/xarm_msgs/xarm_msgs/srv/detail/bio_gripper_enable__struct.hpp
[2.985s] -- Up-to-date: /home/catcyber02/Mobile-Robots-2026-1/install/xarm_msgs/include/xarm_msgs/xarm_msgs/srv/detail/plan_single_straight__type_support.hpp
[2.985s] -- Up-to-date: /home/catcyber02/Mobile-Robots-2026-1/install/xarm_msgs/include/xarm_msgs/xarm_msgs/srv/detail/set_tcp_load__struct.hpp
[2.986s] -- Up-to-date: /home/catcyber02/Mobile-Robots-2026-1/install/xarm_msgs/include/xarm_msgs/xarm_msgs/srv/detail/linear_track_set_pos__type_support.hpp
[2.986s] -- Up-to-date: /home/catcyber02/Mobile-Robots-2026-1/install/xarm_msgs/include/xarm_msgs/xarm_msgs/srv/detail/robotiq_reset__type_support.hpp
[2.986s] -- Up-to-date: /home/catcyber02/Mobile-Robots-2026-1/install/xarm_msgs/include/xarm_msgs/xarm_msgs/srv/detail/move_joint__type_support.hpp
[2.987s] -- Up-to-date: /home/catcyber02/Mobile-Robots-2026-1/install/xarm_msgs/include/xarm_msgs/xarm_msgs/srv/detail/ft_admittance_params__traits.hpp
[2.987s] -- Up-to-date: /home/catcyber02/Mobile-Robots-2026-1/install/xarm_msgs/include/xarm_msgs/xarm_msgs/srv/detail/set_float32_list__struct.hpp
[2.987s] -- Up-to-date: /home/catcyber02/Mobile-Robots-2026-1/install/xarm_msgs/include/xarm_msgs/xarm_msgs/srv/detail/bio_gripper_enable__traits.hpp
[2.987s] -- Up-to-date: /home/catcyber02/Mobile-Robots-2026-1/install/xarm_msgs/include/xarm_msgs/xarm_msgs/srv/detail/iden_load__traits.hpp
[2.988s] -- Up-to-date: /home/catcyber02/Mobile-Robots-2026-1/install/xarm_msgs/include/xarm_msgs/xarm_msgs/srv/detail/set_int32__struct.hpp
[2.988s] -- Up-to-date: /home/catcyber02/Mobile-Robots-2026-1/install/xarm_msgs/include/xarm_msgs/xarm_msgs/srv/detail/get_digital_io__type_support.hpp
[2.988s] -- Up-to-date: /home/catcyber02/Mobile-Robots-2026-1/install/xarm_msgs/include/xarm_msgs/xarm_msgs/srv/detail/set_modbus_timeout__struct.hpp
[2.989s] -- Up-to-date: /home/catcyber02/Mobile-Robots-2026-1/install/xarm_msgs/include/xarm_msgs/xarm_msgs/srv/detail/move_cartesian__type_support.hpp
[2.989s] -- Up-to-date: /home/catcyber02/Mobile-Robots-2026-1/install/xarm_msgs/include/xarm_msgs/xarm_msgs/srv/detail/ft_impedance__traits.hpp
[2.989s] -- Up-to-date: /home/catcyber02/Mobile-Robots-2026-1/install/xarm_msgs/include/xarm_msgs/xarm_msgs/srv/detail/traj_ctrl__struct.hpp
[2.990s] -- Up-to-date: /home/catcyber02/Mobile-Robots-2026-1/install/xarm_msgs/include/xarm_msgs/xarm_msgs/srv/detail/robotiq_reset__builder.hpp
[2.990s] -- Up-to-date: /home/catcyber02/Mobile-Robots-2026-1/install/xarm_msgs/include/xarm_msgs/xarm_msgs/srv/detail/robotiq_activate__traits.hpp
[2.990s] -- Up-to-date: /home/catcyber02/Mobile-Robots-2026-1/install/xarm_msgs/include/xarm_msgs/xarm_msgs/srv/detail/robotiq_activate__struct.hpp
[2.991s] -- Up-to-date: /home/catcyber02/Mobile-Robots-2026-1/install/xarm_msgs/include/xarm_msgs/xarm_msgs/srv/detail/linear_motor_set_pos__traits.hpp
[2.991s] -- Up-to-date: /home/catcyber02/Mobile-Robots-2026-1/install/xarm_msgs/include/xarm_msgs/xarm_msgs/srv/detail/get_int16_list__builder.hpp
[2.991s] -- Up-to-date: /home/catcyber02/Mobile-Robots-2026-1/install/xarm_msgs/include/xarm_msgs/xarm_msgs/srv/detail/plan_joint__type_support.hpp
[2.992s] -- Up-to-date: /home/catcyber02/Mobile-Robots-2026-1/install/xarm_msgs/include/xarm_msgs/xarm_msgs/srv/detail/robotiq_get_status__builder.hpp
[2.992s] -- Up-to-date: /home/catcyber02/Mobile-Robots-2026-1/install/xarm_msgs/include/xarm_msgs/xarm_msgs/srv/detail/move_home__builder.hpp
[2.992s] -- Up-to-date: /home/catcyber02/Mobile-Robots-2026-1/install/xarm_msgs/include/xarm_msgs/xarm_msgs/srv/detail/ft_impedance__type_support.hpp
[2.993s] -- Up-to-date: /home/catcyber02/Mobile-Robots-2026-1/install/xarm_msgs/include/xarm_msgs/xarm_msgs/srv/detail/set_digital_io__struct.hpp
[2.993s] -- Up-to-date: /home/catcyber02/Mobile-Robots-2026-1/install/xarm_msgs/include/xarm_msgs/xarm_msgs/srv/detail/ft_admittance_params__builder.hpp
[2.993s] -- Up-to-date: /home/catcyber02/Mobile-Robots-2026-1/install/xarm_msgs/include/xarm_msgs/xarm_msgs/srv/detail/linear_track_back_origin__builder.hpp
[2.994s] -- Up-to-date: /home/catcyber02/Mobile-Robots-2026-1/install/xarm_msgs/include/xarm_msgs/xarm_msgs/srv/detail/set_float32__builder.hpp
[2.994s] -- Up-to-date: /home/catcyber02/Mobile-Robots-2026-1/install/xarm_msgs/include/xarm_msgs/xarm_msgs/srv/detail/set_float32_list__type_support.hpp
[2.994s] -- Up-to-date: /home/catcyber02/Mobile-Robots-2026-1/install/xarm_msgs/include/xarm_msgs/xarm_msgs/srv/detail/get_digital_io__struct.hpp
[2.995s] -- Up-to-date: /home/catcyber02/Mobile-Robots-2026-1/install/xarm_msgs/include/xarm_msgs/xarm_msgs/srv/detail/ft_force_params__type_support.hpp
[2.995s] -- Up-to-date: /home/catcyber02/Mobile-Robots-2026-1/install/xarm_msgs/include/xarm_msgs/xarm_msgs/srv/detail/bio_gripper_enable__type_support.hpp
[2.995s] -- Up-to-date: /home/catcyber02/Mobile-Robots-2026-1/install/xarm_msgs/include/xarm_msgs/xarm_msgs/srv/detail/set_digital_io__builder.hpp
[2.995s] -- Up-to-date: /home/catcyber02/Mobile-Robots-2026-1/install/xarm_msgs/include/xarm_msgs/xarm_msgs/srv/detail/move_home__struct.hpp
[2.996s] -- Up-to-date: /home/catcyber02/Mobile-Robots-2026-1/install/xarm_msgs/include/xarm_msgs/xarm_msgs/srv/detail/move_home__type_support.hpp
[2.996s] -- Up-to-date: /home/catcyber02/Mobile-Robots-2026-1/install/xarm_msgs/include/xarm_msgs/xarm_msgs/srv/detail/ft_cali_load__struct.hpp
[2.996s] -- Up-to-date: /home/catcyber02/Mobile-Robots-2026-1/install/xarm_msgs/include/xarm_msgs/xarm_msgs/srv/detail/set_modbus_timeout__traits.hpp
[2.997s] -- Up-to-date: /home/catcyber02/Mobile-Robots-2026-1/install/xarm_msgs/include/xarm_msgs/xarm_msgs/srv/detail/get_int32__traits.hpp
[2.997s] -- Up-to-date: /home/catcyber02/Mobile-Robots-2026-1/install/xarm_msgs/include/xarm_msgs/xarm_msgs/srv/detail/ft_force_config__type_support.hpp
[2.997s] -- Up-to-date: /home/catcyber02/Mobile-Robots-2026-1/install/xarm_msgs/include/xarm_msgs/xarm_msgs/srv/detail/ft_force_params__traits.hpp
[2.997s] -- Up-to-date: /home/catcyber02/Mobile-Robots-2026-1/install/xarm_msgs/include/xarm_msgs/xarm_msgs/srv/detail/linear_motor_set_pos__type_support.hpp
[2.998s] -- Up-to-date: /home/catcyber02/Mobile-Robots-2026-1/install/xarm_msgs/include/xarm_msgs/xarm_msgs/srv/detail/move_circle__builder.hpp
[2.998s] -- Up-to-date: /home/catcyber02/Mobile-Robots-2026-1/install/xarm_msgs/include/xarm_msgs/xarm_msgs/srv/detail/ft_admittance_params__type_support.hpp
[2.999s] -- Up-to-date: /home/catcyber02/Mobile-Robots-2026-1/install/xarm_msgs/include/xarm_msgs/xarm_msgs/srv/detail/traj_ctrl__type_support.hpp
[2.999s] -- Up-to-date: /home/catcyber02/Mobile-Robots-2026-1/install/xarm_msgs/include/xarm_msgs/xarm_msgs/srv/detail/set_tcp_load__builder.hpp
[2.999s] -- Up-to-date: /home/catcyber02/Mobile-Robots-2026-1/install/xarm_msgs/include/xarm_msgs/xarm_msgs/srv/detail/set_int16_by_id__traits.hpp
[3.000s] -- Up-to-date: /home/catcyber02/Mobile-Robots-2026-1/install/xarm_msgs/include/xarm_msgs/xarm_msgs/srv/detail/linear_track_set_pos__builder.hpp
[3.000s] -- Up-to-date: /home/catcyber02/Mobile-Robots-2026-1/install/xarm_msgs/include/xarm_msgs/xarm_msgs/srv/detail/get_analog_io__type_support.hpp
[3.000s] -- Up-to-date: /home/catcyber02/Mobile-Robots-2026-1/install/xarm_msgs/include/xarm_msgs/xarm_msgs/srv/detail/linear_motor_back_origin__builder.hpp
[3.001s] -- Up-to-date: /home/catcyber02/Mobile-Robots-2026-1/install/xarm_msgs/include/xarm_msgs/xarm_msgs/srv/detail/set_float32__traits.hpp
[3.001s] -- Up-to-date: /home/catcyber02/Mobile-Robots-2026-1/install/xarm_msgs/include/xarm_msgs/xarm_msgs/srv/detail/set_int16__traits.hpp
[3.001s] -- Up-to-date: /home/catcyber02/Mobile-Robots-2026-1/install/xarm_msgs/include/xarm_msgs/xarm_msgs/srv/detail/traj_ctrl__traits.hpp
[3.002s] -- Up-to-date: /home/catcyber02/Mobile-Robots-2026-1/install/xarm_msgs/include/xarm_msgs/xarm_msgs/srv/detail/ft_force_config__builder.hpp
[3.002s] -- Up-to-date: /home/catcyber02/Mobile-Robots-2026-1/install/xarm_msgs/include/xarm_msgs/xarm_msgs/srv/detail/get_int16_list__struct.hpp
[3.002s] -- Up-to-date: /home/catcyber02/Mobile-Robots-2026-1/install/xarm_msgs/include/xarm_msgs/xarm_msgs/srv/detail/plan_single_straight__builder.hpp
[3.002s] -- Up-to-date: /home/catcyber02/Mobile-Robots-2026-1/install/xarm_msgs/include/xarm_msgs/xarm_msgs/srv/detail/ft_force_pid__builder.hpp
[3.003s] -- Up-to-date: /home/catcyber02/Mobile-Robots-2026-1/install/xarm_msgs/include/xarm_msgs/xarm_msgs/srv/detail/set_int16_by_id__struct.hpp
[3.003s] -- Up-to-date: /home/catcyber02/Mobile-Robots-2026-1/install/xarm_msgs/include/xarm_msgs/xarm_msgs/srv/detail/set_int32_by_type__builder.hpp
[3.003s] -- Up-to-date: /home/catcyber02/Mobile-Robots-2026-1/install/xarm_msgs/include/xarm_msgs/xarm_msgs/srv/detail/get_set_modbus_data__struct.hpp
[3.003s] -- Up-to-date: /home/catcyber02/Mobile-Robots-2026-1/install/xarm_msgs/include/xarm_msgs/xarm_msgs/srv/detail/ft_impedance__builder.hpp
[3.004s] -- Up-to-date: /home/catcyber02/Mobile-Robots-2026-1/install/xarm_msgs/include/xarm_msgs/xarm_msgs/srv/detail/plan_pose__builder.hpp
[3.004s] -- Up-to-date: /home/catcyber02/Mobile-Robots-2026-1/install/xarm_msgs/include/xarm_msgs/xarm_msgs/srv/detail/set_analog_io__traits.hpp
[3.004s] -- Up-to-date: /home/catcyber02/Mobile-Robots-2026-1/install/xarm_msgs/include/xarm_msgs/xarm_msgs/srv/detail/vacuum_gripper_ctrl__type_support.hpp
[3.004s] -- Up-to-date: /home/catcyber02/Mobile-Robots-2026-1/install/xarm_msgs/include/xarm_msgs/xarm_msgs/srv/detail/call__traits.hpp
[3.004s] -- Up-to-date: /home/catcyber02/Mobile-Robots-2026-1/install/xarm_msgs/include/xarm_msgs/xarm_msgs/srv/detail/gripper_move__traits.hpp
[3.005s] -- Up-to-date: /home/catcyber02/Mobile-Robots-2026-1/install/xarm_msgs/include/xarm_msgs/xarm_msgs/srv/detail/call__type_support.hpp
[3.005s] -- Up-to-date: /home/catcyber02/Mobile-Robots-2026-1/install/xarm_msgs/include/xarm_msgs/xarm_msgs/srv/detail/vacuum_gripper_ctrl__struct.hpp
[3.005s] -- Up-to-date: /home/catcyber02/Mobile-Robots-2026-1/install/xarm_msgs/include/xarm_msgs/xarm_msgs/srv/detail/robotiq_reset__traits.hpp
[3.005s] -- Up-to-date: /home/catcyber02/Mobile-Robots-2026-1/install/xarm_msgs/include/xarm_msgs/xarm_msgs/srv/detail/get_float32__struct.hpp
[3.005s] -- Up-to-date: /home/catcyber02/Mobile-Robots-2026-1/install/xarm_msgs/include/xarm_msgs/xarm_msgs/srv/detail/get_float32_list__traits.hpp
[3.006s] -- Up-to-date: /home/catcyber02/Mobile-Robots-2026-1/install/xarm_msgs/include/xarm_msgs/xarm_msgs/srv/detail/move_cartesian__builder.hpp
[3.006s] -- Up-to-date: /home/catcyber02/Mobile-Robots-2026-1/install/xarm_msgs/include/xarm_msgs/xarm_msgs/srv/detail/bio_gripper_ctrl__type_support.hpp
[3.006s] -- Up-to-date: /home/catcyber02/Mobile-Robots-2026-1/install/xarm_msgs/include/xarm_msgs/xarm_msgs/srv/detail/traj_play__builder.hpp
[3.006s] -- Up-to-date: /home/catcyber02/Mobile-Robots-2026-1/install/xarm_msgs/include/xarm_msgs/xarm_msgs/srv/detail/set_int32_by_type__struct.hpp
[3.007s] -- Up-to-date: /home/catcyber02/Mobile-Robots-2026-1/install/xarm_msgs/include/xarm_msgs/xarm_msgs/srv/detail/move_joint__traits.hpp
[3.007s] -- Up-to-date: /home/catcyber02/Mobile-Robots-2026-1/install/xarm_msgs/include/xarm_msgs/xarm_msgs/srv/detail/plan_exec__type_support.hpp
[3.007s] -- Up-to-date: /home/catcyber02/Mobile-Robots-2026-1/install/xarm_msgs/include/xarm_msgs/xarm_msgs/srv/detail/plan_pose__type_support.hpp
[3.007s] -- Up-to-date: /home/catcyber02/Mobile-Robots-2026-1/install/xarm_msgs/include/xarm_msgs/xarm_msgs/srv/detail/get_digital_io__builder.hpp
[3.007s] -- Up-to-date: /home/catcyber02/Mobile-Robots-2026-1/install/xarm_msgs/include/xarm_msgs/xarm_msgs/srv/detail/iden_load__type_support.hpp
[3.008s] -- Up-to-date: /home/catcyber02/Mobile-Robots-2026-1/install/xarm_msgs/include/xarm_msgs/xarm_msgs/srv/detail/set_int16__type_support.hpp
[3.008s] -- Up-to-date: /home/catcyber02/Mobile-Robots-2026-1/install/xarm_msgs/include/xarm_msgs/xarm_msgs/srv/detail/linear_track_back_origin__type_support.hpp
[3.008s] -- Up-to-date: /home/catcyber02/Mobile-Robots-2026-1/install/xarm_msgs/include/xarm_msgs/xarm_msgs/srv/detail/get_float32_list__struct.hpp
[3.009s] -- Up-to-date: /home/catcyber02/Mobile-Robots-2026-1/install/xarm_msgs/include/xarm_msgs/xarm_msgs/srv/detail/set_int32_by_type__traits.hpp
[3.009s] -- Up-to-date: /home/catcyber02/Mobile-Robots-2026-1/install/xarm_msgs/include/xarm_msgs/xarm_msgs/srv/detail/move_home__traits.hpp
[3.009s] -- Up-to-date: /home/catcyber02/Mobile-Robots-2026-1/install/xarm_msgs/include/xarm_msgs/xarm_msgs/srv/detail/get_int16__struct.hpp
[3.010s] -- Up-to-date: /home/catcyber02/Mobile-Robots-2026-1/install/xarm_msgs/include/xarm_msgs/xarm_msgs/srv/detail/plan_pose__struct.hpp
[3.010s] -- Up-to-date: /home/catcyber02/Mobile-Robots-2026-1/install/xarm_msgs/include/xarm_msgs/xarm_msgs/srv/detail/set_int16__builder.hpp
[3.010s] -- Up-to-date: /home/catcyber02/Mobile-Robots-2026-1/install/xarm_msgs/include/xarm_msgs/xarm_msgs/srv/detail/get_int32_by_type__builder.hpp
[3.011s] -- Up-to-date: /home/catcyber02/Mobile-Robots-2026-1/install/xarm_msgs/include/xarm_msgs/xarm_msgs/srv/detail/linear_track_back_origin__traits.hpp
[3.011s] -- Up-to-date: /home/catcyber02/Mobile-Robots-2026-1/install/xarm_msgs/include/xarm_msgs/xarm_msgs/srv/detail/get_int16__type_support.hpp
[3.011s] -- Up-to-date: /home/catcyber02/Mobile-Robots-2026-1/install/xarm_msgs/include/xarm_msgs/xarm_msgs/srv/detail/set_analog_io__struct.hpp
[3.011s] -- Up-to-date: /home/catcyber02/Mobile-Robots-2026-1/install/xarm_msgs/include/xarm_msgs/xarm_msgs/srv/detail/get_float32__traits.hpp
[3.012s] -- Up-to-date: /home/catcyber02/Mobile-Robots-2026-1/install/xarm_msgs/include/xarm_msgs/xarm_msgs/srv/detail/set_modbus_timeout__type_support.hpp
[3.012s] -- Up-to-date: /home/catcyber02/Mobile-Robots-2026-1/install/xarm_msgs/include/xarm_msgs/xarm_msgs/srv/detail/linear_motor_set_pos__struct.hpp
[3.012s] -- Up-to-date: /home/catcyber02/Mobile-Robots-2026-1/install/xarm_msgs/include/xarm_msgs/xarm_msgs/srv/detail/move_velocity__struct.hpp
[3.013s] -- Up-to-date: /home/catcyber02/Mobile-Robots-2026-1/install/xarm_msgs/include/xarm_msgs/xarm_msgs/srv/detail/get_int16__builder.hpp
[3.013s] -- Up-to-date: /home/catcyber02/Mobile-Robots-2026-1/install/xarm_msgs/include/xarm_msgs/xarm_msgs/srv/detail/bio_gripper_enable__builder.hpp
[3.013s] -- Up-to-date: /home/catcyber02/Mobile-Robots-2026-1/install/xarm_msgs/include/xarm_msgs/xarm_msgs/srv/detail/get_analog_io__struct.hpp
[3.014s] -- Up-to-date: /home/catcyber02/Mobile-Robots-2026-1/install/xarm_msgs/include/xarm_msgs/xarm_msgs/srv/detail/move_joint__struct.hpp
[3.014s] -- Up-to-date: /home/catcyber02/Mobile-Robots-2026-1/install/xarm_msgs/include/xarm_msgs/xarm_msgs/srv/detail/traj_play__type_support.hpp
[3.014s] -- Up-to-date: /home/catcyber02/Mobile-Robots-2026-1/install/xarm_msgs/include/xarm_msgs/xarm_msgs/srv/detail/ft_force_pid__type_support.hpp
[3.014s] -- Up-to-date: /home/catcyber02/Mobile-Robots-2026-1/install/xarm_msgs/include/xarm_msgs/xarm_msgs/srv/detail/move_velocity__builder.hpp
[3.014s] -- Up-to-date: /home/catcyber02/Mobile-Robots-2026-1/install/xarm_msgs/include/xarm_msgs/xarm_msgs/srv/detail/robotiq_get_status__struct.hpp
[3.015s] -- Up-to-date: /home/catcyber02/Mobile-Robots-2026-1/install/xarm_msgs/include/xarm_msgs/xarm_msgs/srv/detail/get_analog_io__traits.hpp
[3.015s] -- Up-to-date: /home/catcyber02/Mobile-Robots-2026-1/install/xarm_msgs/include/xarm_msgs/xarm_msgs/srv/detail/set_tcp_load__type_support.hpp
[3.015s] -- Up-to-date: /home/catcyber02/Mobile-Robots-2026-1/install/xarm_msgs/include/xarm_msgs/xarm_msgs/srv/detail/get_float32__builder.hpp
[3.015s] -- Up-to-date: /home/catcyber02/Mobile-Robots-2026-1/install/xarm_msgs/include/xarm_msgs/xarm_msgs/srv/detail/plan_pose__traits.hpp
[3.015s] -- Up-to-date: /home/catcyber02/Mobile-Robots-2026-1/install/xarm_msgs/include/xarm_msgs/xarm_msgs/srv/detail/plan_single_straight__struct.hpp
[3.016s] -- Up-to-date: /home/catcyber02/Mobile-Robots-2026-1/install/xarm_msgs/include/xarm_msgs/xarm_msgs/srv/detail/linear_track_set_pos__struct.hpp
[3.016s] -- Up-to-date: /home/catcyber02/Mobile-Robots-2026-1/install/xarm_msgs/include/xarm_msgs/xarm_msgs/srv/get_digital_io.hpp
[3.016s] -- Up-to-date: /home/catcyber02/Mobile-Robots-2026-1/install/xarm_msgs/include/xarm_msgs/xarm_msgs/srv/robotiq_activate.hpp
[3.017s] -- Up-to-date: /home/catcyber02/Mobile-Robots-2026-1/install/xarm_msgs/include/xarm_msgs/xarm_msgs/srv/set_analog_io.hpp
[3.017s] -- Up-to-date: /home/catcyber02/Mobile-Robots-2026-1/install/xarm_msgs/include/xarm_msgs/xarm_msgs/srv/robotiq_move.hpp
[3.017s] -- Up-to-date: /home/catcyber02/Mobile-Robots-2026-1/install/xarm_msgs/include/xarm_msgs/xarm_msgs/srv/iden_load.hpp
[3.018s] -- Up-to-date: /home/catcyber02/Mobile-Robots-2026-1/install/xarm_msgs/include/xarm_msgs/xarm_msgs/srv/linear_track_back_origin.hpp
[3.018s] -- Up-to-date: /home/catcyber02/Mobile-Robots-2026-1/install/xarm_msgs/include/xarm_msgs/xarm_msgs/srv/get_float32.hpp
[3.018s] -- Up-to-date: /home/catcyber02/Mobile-Robots-2026-1/install/xarm_msgs/include/xarm_msgs/xarm_msgs/srv/move_home.hpp
[3.019s] -- Up-to-date: /home/catcyber02/Mobile-Robots-2026-1/install/xarm_msgs/include/xarm_msgs/xarm_msgs/srv/get_int32_by_type.hpp
[3.019s] -- Up-to-date: /home/catcyber02/Mobile-Robots-2026-1/install/xarm_msgs/include/xarm_msgs/xarm_msgs/srv/get_int16.hpp
[3.019s] -- Up-to-date: /home/catcyber02/Mobile-Robots-2026-1/install/xarm_msgs/include/xarm_msgs/xarm_msgs/srv/traj_ctrl.hpp
[3.020s] -- Up-to-date: /home/catcyber02/Mobile-Robots-2026-1/install/xarm_msgs/include/xarm_msgs/xarm_msgs/srv/robotiq_get_status.hpp
[3.020s] -- Up-to-date: /home/catcyber02/Mobile-Robots-2026-1/install/xarm_msgs/include/xarm_msgs/xarm_msgs/srv/gripper_move.hpp
[3.020s] -- Up-to-date: /home/catcyber02/Mobile-Robots-2026-1/install/xarm_msgs/include/xarm_msgs/xarm_msgs/srv/set_digital_io.hpp
[3.020s] -- Up-to-date: /home/catcyber02/Mobile-Robots-2026-1/install/xarm_msgs/include/xarm_msgs/xarm_msgs/srv/ft_impedance.hpp
[3.021s] -- Up-to-date: /home/catcyber02/Mobile-Robots-2026-1/install/xarm_msgs/include/xarm_msgs/xarm_msgs/srv/set_int16_by_id.hpp
[3.021s] -- Up-to-date: /home/catcyber02/Mobile-Robots-2026-1/install/xarm_msgs/include/xarm_msgs/xarm_msgs/srv/ft_force_config.hpp
[3.021s] -- Up-to-date: /home/catcyber02/Mobile-Robots-2026-1/install/xarm_msgs/include/xarm_msgs/xarm_msgs/srv/traj_play.hpp
[3.021s] -- Up-to-date: /home/catcyber02/Mobile-Robots-2026-1/install/xarm_msgs/include/xarm_msgs/xarm_msgs/srv/set_modbus_timeout.hpp
[3.022s] -- Up-to-date: /home/catcyber02/Mobile-Robots-2026-1/install/xarm_msgs/include/xarm_msgs/xarm_msgs/srv/set_int16_list.hpp
[3.022s] -- Up-to-date: /home/catcyber02/Mobile-Robots-2026-1/install/xarm_msgs/include/xarm_msgs/xarm_msgs/srv/ft_cali_load.hpp
[3.022s] -- Up-to-date: /home/catcyber02/Mobile-Robots-2026-1/install/xarm_msgs/include/xarm_msgs/xarm_msgs/srv/ft_force_pid.hpp
[3.023s] -- Up-to-date: /home/catcyber02/Mobile-Robots-2026-1/install/xarm_msgs/include/xarm_msgs/xarm_msgs/srv/linear_track_set_pos.hpp
[3.023s] -- Up-to-date: /home/catcyber02/Mobile-Robots-2026-1/install/xarm_msgs/include/xarm_msgs/xarm_msgs/srv/linear_motor_back_origin.hpp
[3.023s] -- Up-to-date: /home/catcyber02/Mobile-Robots-2026-1/install/xarm_msgs/include/xarm_msgs/xarm_msgs/srv/robotiq_reset.hpp
[3.024s] -- Up-to-date: /home/catcyber02/Mobile-Robots-2026-1/install/xarm_msgs/include/xarm_msgs/xarm_msgs/srv/bio_gripper_enable.hpp
[3.024s] -- Up-to-date: /home/catcyber02/Mobile-Robots-2026-1/install/xarm_msgs/include/xarm_msgs/xarm_msgs/srv/plan_exec.hpp
[3.024s] -- Up-to-date: /home/catcyber02/Mobile-Robots-2026-1/install/xarm_msgs/include/xarm_msgs/xarm_msgs/srv/move_circle.hpp
[3.025s] -- Up-to-date: /home/catcyber02/Mobile-Robots-2026-1/install/xarm_msgs/include/xarm_msgs/xarm_msgs/srv/get_analog_io.hpp
[3.025s] -- Up-to-date: /home/catcyber02/Mobile-Robots-2026-1/install/xarm_msgs/include/xarm_msgs/xarm_msgs/srv/get_float32_list.hpp
[3.025s] -- Up-to-date: /home/catcyber02/Mobile-Robots-2026-1/install/xarm_msgs/include/xarm_msgs/xarm_msgs/srv/plan_single_straight.hpp
[3.025s] -- Up-to-date: /home/catcyber02/Mobile-Robots-2026-1/install/xarm_msgs/include/xarm_msgs/xarm_msgs/srv/plan_pose.hpp
[3.025s] -- Up-to-date: /home/catcyber02/Mobile-Robots-2026-1/install/xarm_msgs/include/xarm_msgs/xarm_msgs/srv/ft_force_params.hpp
[3.026s] -- Up-to-date: /home/catcyber02/Mobile-Robots-2026-1/install/xarm_msgs/include/xarm_msgs/xarm_msgs/srv/set_int16.hpp
[3.026s] -- Up-to-date: /home/catcyber02/Mobile-Robots-2026-1/install/xarm_msgs/include/xarm_msgs/xarm_msgs/srv/get_int32.hpp
[3.026s] -- Up-to-date: /home/catcyber02/Mobile-Robots-2026-1/install/xarm_msgs/include/xarm_msgs/xarm_msgs/srv/set_float32_list.hpp
[3.026s] -- Up-to-date: /home/catcyber02/Mobile-Robots-2026-1/install/xarm_msgs/include/xarm_msgs/xarm_msgs/srv/move_cartesian.hpp
[3.026s] -- Up-to-date: /home/catcyber02/Mobile-Robots-2026-1/install/xarm_msgs/include/xarm_msgs/xarm_msgs/srv/plan_joint.hpp
[3.027s] -- Up-to-date: /home/catcyber02/Mobile-Robots-2026-1/install/xarm_msgs/include/xarm_msgs/xarm_msgs/srv/set_tcp_load.hpp
[3.027s] -- Up-to-date: /home/catcyber02/Mobile-Robots-2026-1/install/xarm_msgs/include/xarm_msgs/xarm_msgs/srv/bio_gripper_ctrl.hpp
[3.027s] -- Up-to-date: /home/catcyber02/Mobile-Robots-2026-1/install/xarm_msgs/include/xarm_msgs/xarm_msgs/srv/set_int32.hpp
[3.027s] -- Up-to-date: /home/catcyber02/Mobile-Robots-2026-1/install/xarm_msgs/include/xarm_msgs/xarm_msgs/srv/vacuum_gripper_ctrl.hpp
[3.028s] -- Up-to-date: /home/catcyber02/Mobile-Robots-2026-1/install/xarm_msgs/include/xarm_msgs/xarm_msgs/srv/linear_motor_set_pos.hpp
[3.028s] -- Up-to-date: /home/catcyber02/Mobile-Robots-2026-1/install/xarm_msgs/include/xarm_msgs/xarm_msgs/srv/set_int32_by_type.hpp
[3.029s] -- Up-to-date: /home/catcyber02/Mobile-Robots-2026-1/install/xarm_msgs/include/xarm_msgs/xarm_msgs/msg
[3.029s] -- Up-to-date: /home/catcyber02/Mobile-Robots-2026-1/install/xarm_msgs/include/xarm_msgs/xarm_msgs/msg/robot_msg.hpp
[3.029s] -- Up-to-date: /home/catcyber02/Mobile-Robots-2026-1/install/xarm_msgs/include/xarm_msgs/xarm_msgs/msg/move_velocity.hpp
[3.030s] -- Up-to-date: /home/catcyber02/Mobile-Robots-2026-1/install/xarm_msgs/include/xarm_msgs/xarm_msgs/msg/detail
[3.030s] -- Up-to-date: /home/catcyber02/Mobile-Robots-2026-1/install/xarm_msgs/include/xarm_msgs/xarm_msgs/msg/detail/cio_state__traits.hpp
[3.030s] -- Up-to-date: /home/catcyber02/Mobile-Robots-2026-1/install/xarm_msgs/include/xarm_msgs/xarm_msgs/msg/detail/robot_msg__traits.hpp
[3.030s] -- Up-to-date: /home/catcyber02/Mobile-Robots-2026-1/install/xarm_msgs/include/xarm_msgs/xarm_msgs/msg/detail/move_velocity__traits.hpp
[3.031s] -- Up-to-date: /home/catcyber02/Mobile-Robots-2026-1/install/xarm_msgs/include/xarm_msgs/xarm_msgs/msg/detail/robot_msg__type_support.hpp
[3.031s] -- Up-to-date: /home/catcyber02/Mobile-Robots-2026-1/install/xarm_msgs/include/xarm_msgs/xarm_msgs/msg/detail/move_velocity__type_support.hpp
[3.031s] -- Up-to-date: /home/catcyber02/Mobile-Robots-2026-1/install/xarm_msgs/include/xarm_msgs/xarm_msgs/msg/detail/io_state__traits.hpp
[3.032s] -- Up-to-date: /home/catcyber02/Mobile-Robots-2026-1/install/xarm_msgs/include/xarm_msgs/xarm_msgs/msg/detail/robot_msg__builder.hpp
[3.032s] -- Up-to-date: /home/catcyber02/Mobile-Robots-2026-1/install/xarm_msgs/include/xarm_msgs/xarm_msgs/msg/detail/io_state__struct.hpp
[3.032s] -- Up-to-date: /home/catcyber02/Mobile-Robots-2026-1/install/xarm_msgs/include/xarm_msgs/xarm_msgs/msg/detail/robot_msg__struct.hpp
[3.033s] -- Up-to-date: /home/catcyber02/Mobile-Robots-2026-1/install/xarm_msgs/include/xarm_msgs/xarm_msgs/msg/detail/io_state__type_support.hpp
[3.033s] -- Up-to-date: /home/catcyber02/Mobile-Robots-2026-1/install/xarm_msgs/include/xarm_msgs/xarm_msgs/msg/detail/cio_state__type_support.hpp
[3.033s] -- Up-to-date: /home/catcyber02/Mobile-Robots-2026-1/install/xarm_msgs/include/xarm_msgs/xarm_msgs/msg/detail/move_velocity__struct.hpp
[3.034s] -- Up-to-date: /home/catcyber02/Mobile-Robots-2026-1/install/xarm_msgs/include/xarm_msgs/xarm_msgs/msg/detail/cio_state__builder.hpp
[3.034s] -- Up-to-date: /home/catcyber02/Mobile-Robots-2026-1/install/xarm_msgs/include/xarm_msgs/xarm_msgs/msg/detail/move_velocity__builder.hpp
[3.034s] -- Up-to-date: /home/catcyber02/Mobile-Robots-2026-1/install/xarm_msgs/include/xarm_msgs/xarm_msgs/msg/detail/io_state__builder.hpp
[3.035s] -- Up-to-date: /home/catcyber02/Mobile-Robots-2026-1/install/xarm_msgs/include/xarm_msgs/xarm_msgs/msg/detail/cio_state__struct.hpp
[3.035s] -- Up-to-date: /home/catcyber02/Mobile-Robots-2026-1/install/xarm_msgs/include/xarm_msgs/xarm_msgs/msg/rosidl_generator_cpp__visibility_control.hpp
[3.035s] -- Up-to-date: /home/catcyber02/Mobile-Robots-2026-1/install/xarm_msgs/include/xarm_msgs/xarm_msgs/msg/cio_state.hpp
[3.035s] -- Up-to-date: /home/catcyber02/Mobile-Robots-2026-1/install/xarm_msgs/include/xarm_msgs/xarm_msgs/msg/io_state.hpp
[3.036s] -- Up-to-date: /home/catcyber02/Mobile-Robots-2026-1/install/xarm_msgs/include/xarm_msgs/xarm_msgs
[3.036s] -- Up-to-date: /home/catcyber02/Mobile-Robots-2026-1/install/xarm_msgs/include/xarm_msgs/xarm_msgs/srv
[3.036s] -- Up-to-date: /home/catcyber02/Mobile-Robots-2026-1/install/xarm_msgs/include/xarm_msgs/xarm_msgs/srv/detail
[3.037s] -- Up-to-date: /home/catcyber02/Mobile-Robots-2026-1/install/xarm_msgs/include/xarm_msgs/xarm_msgs/srv/detail/traj_ctrl__rosidl_typesupport_fastrtps_cpp.hpp
[3.037s] -- Up-to-date: /home/catcyber02/Mobile-Robots-2026-1/install/xarm_msgs/include/xarm_msgs/xarm_msgs/srv/detail/traj_play__rosidl_typesupport_fastrtps_cpp.hpp
[3.037s] -- Up-to-date: /home/catcyber02/Mobile-Robots-2026-1/install/xarm_msgs/include/xarm_msgs/xarm_msgs/srv/detail/get_set_modbus_data__rosidl_typesupport_fastrtps_cpp.hpp
[3.038s] -- Up-to-date: /home/catcyber02/Mobile-Robots-2026-1/install/xarm_msgs/include/xarm_msgs/xarm_msgs/srv/detail/linear_track_set_pos__rosidl_typesupport_fastrtps_cpp.hpp
[3.038s] -- Up-to-date: /home/catcyber02/Mobile-Robots-2026-1/install/xarm_msgs/include/xarm_msgs/xarm_msgs/srv/detail/bio_gripper_ctrl__rosidl_typesupport_fastrtps_cpp.hpp
[3.038s] -- Up-to-date: /home/catcyber02/Mobile-Robots-2026-1/install/xarm_msgs/include/xarm_msgs/xarm_msgs/srv/detail/get_int16__rosidl_typesupport_fastrtps_cpp.hpp
[3.039s] -- Up-to-date: /home/catcyber02/Mobile-Robots-2026-1/install/xarm_msgs/include/xarm_msgs/xarm_msgs/srv/detail/gripper_move__rosidl_typesupport_fastrtps_cpp.hpp
[3.039s] -- Up-to-date: /home/catcyber02/Mobile-Robots-2026-1/install/xarm_msgs/include/xarm_msgs/xarm_msgs/srv/detail/ft_force_config__rosidl_typesupport_fastrtps_cpp.hpp
[3.039s] -- Up-to-date: /home/catcyber02/Mobile-Robots-2026-1/install/xarm_msgs/include/xarm_msgs/xarm_msgs/srv/detail/move_circle__rosidl_typesupport_fastrtps_cpp.hpp
[3.039s] -- Up-to-date: /home/catcyber02/Mobile-Robots-2026-1/install/xarm_msgs/include/xarm_msgs/xarm_msgs/srv/detail/set_modbus_timeout__rosidl_typesupport_fastrtps_cpp.hpp
[3.040s] -- Up-to-date: /home/catcyber02/Mobile-Robots-2026-1/install/xarm_msgs/include/xarm_msgs/xarm_msgs/srv/detail/set_float32_list__rosidl_typesupport_fastrtps_cpp.hpp
[3.040s] -- Up-to-date: /home/catcyber02/Mobile-Robots-2026-1/install/xarm_msgs/include/xarm_msgs/xarm_msgs/srv/detail/robotiq_get_status__rosidl_typesupport_fastrtps_cpp.hpp
[3.040s] -- Up-to-date: /home/catcyber02/Mobile-Robots-2026-1/install/xarm_msgs/include/xarm_msgs/xarm_msgs/srv/detail/set_int16__rosidl_typesupport_fastrtps_cpp.hpp
[3.041s] -- Up-to-date: /home/catcyber02/Mobile-Robots-2026-1/install/xarm_msgs/include/xarm_msgs/xarm_msgs/srv/detail/set_analog_io__rosidl_typesupport_fastrtps_cpp.hpp
[3.041s] -- Up-to-date: /home/catcyber02/Mobile-Robots-2026-1/install/xarm_msgs/include/xarm_msgs/xarm_msgs/srv/detail/set_tcp_load__rosidl_typesupport_fastrtps_cpp.hpp
[3.041s] -- Up-to-date: /home/catcyber02/Mobile-Robots-2026-1/install/xarm_msgs/include/xarm_msgs/xarm_msgs/srv/detail/robotiq_activate__rosidl_typesupport_fastrtps_cpp.hpp
[3.041s] -- Up-to-date: /home/catcyber02/Mobile-Robots-2026-1/install/xarm_msgs/include/xarm_msgs/xarm_msgs/srv/detail/ft_impedance__rosidl_typesupport_fastrtps_cpp.hpp
[3.042s] -- Up-to-date: /home/catcyber02/Mobile-Robots-2026-1/install/xarm_msgs/include/xarm_msgs/xarm_msgs/srv/detail/bio_gripper_enable__rosidl_typesupport_fastrtps_cpp.hpp
[3.042s] -- Up-to-date: /home/catcyber02/Mobile-Robots-2026-1/install/xarm_msgs/include/xarm_msgs/xarm_msgs/srv/detail/iden_load__rosidl_typesupport_fastrtps_cpp.hpp
[3.043s] -- Up-to-date: /home/catcyber02/Mobile-Robots-2026-1/install/xarm_msgs/include/xarm_msgs/xarm_msgs/srv/detail/plan_exec__rosidl_typesupport_fastrtps_cpp.hpp
[3.043s] -- Up-to-date: /home/catcyber02/Mobile-Robots-2026-1/install/xarm_msgs/include/xarm_msgs/xarm_msgs/srv/detail/ft_cali_load__rosidl_typesupport_fastrtps_cpp.hpp
[3.043s] -- Up-to-date: /home/catcyber02/Mobile-Robots-2026-1/install/xarm_msgs/include/xarm_msgs/xarm_msgs/srv/detail/move_joint__rosidl_typesupport_fastrtps_cpp.hpp
[3.044s] -- Up-to-date: /home/catcyber02/Mobile-Robots-2026-1/install/xarm_msgs/include/xarm_msgs/xarm_msgs/srv/detail/get_analog_io__rosidl_typesupport_fastrtps_cpp.hpp
[3.044s] -- Up-to-date: /home/catcyber02/Mobile-Robots-2026-1/install/xarm_msgs/include/xarm_msgs/xarm_msgs/srv/detail/ft_admittance_params__rosidl_typesupport_fastrtps_cpp.hpp
[3.044s] -- Up-to-date: /home/catcyber02/Mobile-Robots-2026-1/install/xarm_msgs/include/xarm_msgs/xarm_msgs/srv/detail/get_int32_by_type__rosidl_typesupport_fastrtps_cpp.hpp
[3.045s] -- Up-to-date: /home/catcyber02/Mobile-Robots-2026-1/install/xarm_msgs/include/xarm_msgs/xarm_msgs/srv/detail/get_int32__rosidl_typesupport_fastrtps_cpp.hpp
[3.045s] -- Up-to-date: /home/catcyber02/Mobile-Robots-2026-1/install/xarm_msgs/include/xarm_msgs/xarm_msgs/srv/detail/get_digital_io__rosidl_typesupport_fastrtps_cpp.hpp
[3.045s] -- Up-to-date: /home/catcyber02/Mobile-Robots-2026-1/install/xarm_msgs/include/xarm_msgs/xarm_msgs/srv/detail/get_float32_list__rosidl_typesupport_fastrtps_cpp.hpp
[3.046s] -- Up-to-date: /home/catcyber02/Mobile-Robots-2026-1/install/xarm_msgs/include/xarm_msgs/xarm_msgs/srv/detail/set_digital_io__rosidl_typesupport_fastrtps_cpp.hpp
[3.046s] -- Up-to-date: /home/catcyber02/Mobile-Robots-2026-1/install/xarm_msgs/include/xarm_msgs/xarm_msgs/srv/detail/linear_motor_back_origin__rosidl_typesupport_fastrtps_cpp.hpp
[3.046s] -- Up-to-date: /home/catcyber02/Mobile-Robots-2026-1/install/xarm_msgs/include/xarm_msgs/xarm_msgs/srv/detail/call__rosidl_typesupport_fastrtps_cpp.hpp
[3.047s] -- Up-to-date: /home/catcyber02/Mobile-Robots-2026-1/install/xarm_msgs/include/xarm_msgs/xarm_msgs/srv/detail/linear_track_back_origin__rosidl_typesupport_fastrtps_cpp.hpp
[3.047s] -- Up-to-date: /home/catcyber02/Mobile-Robots-2026-1/install/xarm_msgs/include/xarm_msgs/xarm_msgs/srv/detail/robotiq_reset__rosidl_typesupport_fastrtps_cpp.hpp
[3.047s] -- Up-to-date: /home/catcyber02/Mobile-Robots-2026-1/install/xarm_msgs/include/xarm_msgs/xarm_msgs/srv/detail/ft_force_params__rosidl_typesupport_fastrtps_cpp.hpp
[3.047s] -- Up-to-date: /home/catcyber02/Mobile-Robots-2026-1/install/xarm_msgs/include/xarm_msgs/xarm_msgs/srv/detail/ft_force_pid__rosidl_typesupport_fastrtps_cpp.hpp
[3.048s] -- Up-to-date: /home/catcyber02/Mobile-Robots-2026-1/install/xarm_msgs/include/xarm_msgs/xarm_msgs/srv/detail/set_float32__rosidl_typesupport_fastrtps_cpp.hpp
[3.048s] -- Up-to-date: /home/catcyber02/Mobile-Robots-2026-1/install/xarm_msgs/include/xarm_msgs/xarm_msgs/srv/detail/plan_single_straight__rosidl_typesupport_fastrtps_cpp.hpp
[3.048s] -- Up-to-date: /home/catcyber02/Mobile-Robots-2026-1/install/xarm_msgs/include/xarm_msgs/xarm_msgs/srv/detail/set_int16_by_id__rosidl_typesupport_fastrtps_cpp.hpp
[3.049s] -- Up-to-date: /home/catcyber02/Mobile-Robots-2026-1/install/xarm_msgs/include/xarm_msgs/xarm_msgs/srv/detail/robotiq_move__rosidl_typesupport_fastrtps_cpp.hpp
[3.049s] -- Up-to-date: /home/catcyber02/Mobile-Robots-2026-1/install/xarm_msgs/include/xarm_msgs/xarm_msgs/srv/detail/get_float32__rosidl_typesupport_fastrtps_cpp.hpp
[3.050s] -- Up-to-date: /home/catcyber02/Mobile-Robots-2026-1/install/xarm_msgs/include/xarm_msgs/xarm_msgs/srv/detail/set_int32__rosidl_typesupport_fastrtps_cpp.hpp
[3.050s] -- Up-to-date: /home/catcyber02/Mobile-Robots-2026-1/install/xarm_msgs/include/xarm_msgs/xarm_msgs/srv/detail/vacuum_gripper_ctrl__rosidl_typesupport_fastrtps_cpp.hpp
[3.050s] -- Up-to-date: /home/catcyber02/Mobile-Robots-2026-1/install/xarm_msgs/include/xarm_msgs/xarm_msgs/srv/detail/move_velocity__rosidl_typesupport_fastrtps_cpp.hpp
[3.051s] -- Up-to-date: /home/catcyber02/Mobile-Robots-2026-1/install/xarm_msgs/include/xarm_msgs/xarm_msgs/srv/detail/get_int16_list__rosidl_typesupport_fastrtps_cpp.hpp
[3.051s] -- Up-to-date: /home/catcyber02/Mobile-Robots-2026-1/install/xarm_msgs/include/xarm_msgs/xarm_msgs/srv/detail/set_int32_by_type__rosidl_typesupport_fastrtps_cpp.hpp
[3.052s] -- Up-to-date: /home/catcyber02/Mobile-Robots-2026-1/install/xarm_msgs/include/xarm_msgs/xarm_msgs/srv/detail/dds_fastrtps
[3.052s] -- Up-to-date: /home/catcyber02/Mobile-Robots-2026-1/install/xarm_msgs/include/xarm_msgs/xarm_msgs/srv/detail/move_home__rosidl_typesupport_fastrtps_cpp.hpp
[3.052s] -- Up-to-date: /home/catcyber02/Mobile-Robots-2026-1/install/xarm_msgs/include/xarm_msgs/xarm_msgs/srv/detail/move_cartesian__rosidl_typesupport_fastrtps_cpp.hpp
[3.053s] -- Up-to-date: /home/catcyber02/Mobile-Robots-2026-1/install/xarm_msgs/include/xarm_msgs/xarm_msgs/srv/detail/plan_joint__rosidl_typesupport_fastrtps_cpp.hpp
[3.053s] -- Up-to-date: /home/catcyber02/Mobile-Robots-2026-1/install/xarm_msgs/include/xarm_msgs/xarm_msgs/srv/detail/linear_motor_set_pos__rosidl_typesupport_fastrtps_cpp.hpp
[3.054s] -- Up-to-date: /home/catcyber02/Mobile-Robots-2026-1/install/xarm_msgs/include/xarm_msgs/xarm_msgs/srv/detail/plan_pose__rosidl_typesupport_fastrtps_cpp.hpp
[3.054s] -- Up-to-date: /home/catcyber02/Mobile-Robots-2026-1/install/xarm_msgs/include/xarm_msgs/xarm_msgs/srv/detail/set_int16_list__rosidl_typesupport_fastrtps_cpp.hpp
[3.055s] -- Up-to-date: /home/catcyber02/Mobile-Robots-2026-1/install/xarm_msgs/include/xarm_msgs/xarm_msgs/msg
[3.055s] -- Up-to-date: /home/catcyber02/Mobile-Robots-2026-1/install/xarm_msgs/include/xarm_msgs/xarm_msgs/msg/detail
[3.055s] -- Up-to-date: /home/catcyber02/Mobile-Robots-2026-1/install/xarm_msgs/include/xarm_msgs/xarm_msgs/msg/detail/io_state__rosidl_typesupport_fastrtps_cpp.hpp
[3.056s] -- Up-to-date: /home/catcyber02/Mobile-Robots-2026-1/install/xarm_msgs/include/xarm_msgs/xarm_msgs/msg/detail/cio_state__rosidl_typesupport_fastrtps_cpp.hpp
[3.056s] -- Up-to-date: /home/catcyber02/Mobile-Robots-2026-1/install/xarm_msgs/include/xarm_msgs/xarm_msgs/msg/detail/robot_msg__rosidl_typesupport_fastrtps_cpp.hpp
[3.058s] -- Up-to-date: /home/catcyber02/Mobile-Robots-2026-1/install/xarm_msgs/include/xarm_msgs/xarm_msgs/msg/detail/move_velocity__rosidl_typesupport_fastrtps_cpp.hpp
[3.058s] -- Up-to-date: /home/catcyber02/Mobile-Robots-2026-1/install/xarm_msgs/include/xarm_msgs/xarm_msgs/msg/detail/dds_fastrtps
[3.059s] -- Up-to-date: /home/catcyber02/Mobile-Robots-2026-1/install/xarm_msgs/include/xarm_msgs/xarm_msgs/msg/rosidl_typesupport_fastrtps_cpp__visibility_control.h
[3.059s] -- Up-to-date: /home/catcyber02/Mobile-Robots-2026-1/install/xarm_msgs/lib/libxarm_msgs__rosidl_typesupport_fastrtps_cpp.so
[3.059s] -- Up-to-date: /home/catcyber02/Mobile-Robots-2026-1/install/xarm_msgs/include/xarm_msgs/xarm_msgs
[3.059s] -- Up-to-date: /home/catcyber02/Mobile-Robots-2026-1/install/xarm_msgs/include/xarm_msgs/xarm_msgs/srv
[3.060s] -- Up-to-date: /home/catcyber02/Mobile-Robots-2026-1/install/xarm_msgs/include/xarm_msgs/xarm_msgs/srv/detail
[3.061s] -- Installing: /home/catcyber02/Mobile-Robots-2026-1/install/xarm_msgs/include/xarm_msgs/xarm_msgs/srv/detail/linear_motor_back_origin__type_support.c
[3.061s] -- Up-to-date: /home/catcyber02/Mobile-Robots-2026-1/install/xarm_msgs/include/xarm_msgs/xarm_msgs/srv/detail/plan_exec__rosidl_typesupport_introspection_c.h
[3.062s] -- Up-to-date: /home/catcyber02/Mobile-Robots-2026-1/install/xarm_msgs/include/xarm_msgs/xarm_msgs/srv/detail/get_int32_by_type__rosidl_typesupport_introspection_c.h
[3.062s] -- Installing: /home/catcyber02/Mobile-Robots-2026-1/install/xarm_msgs/include/xarm_msgs/xarm_msgs/srv/detail/get_set_modbus_data__type_support.c
[3.063s] -- Installing: /home/catcyber02/Mobile-Robots-2026-1/install/xarm_msgs/include/xarm_msgs/xarm_msgs/srv/detail/plan_pose__type_support.c
[3.064s] -- Up-to-date: /home/catcyber02/Mobile-Robots-2026-1/install/xarm_msgs/include/xarm_msgs/xarm_msgs/srv/detail/call__rosidl_typesupport_introspection_c.h
[3.064s] -- Installing: /home/catcyber02/Mobile-Robots-2026-1/install/xarm_msgs/include/xarm_msgs/xarm_msgs/srv/detail/bio_gripper_ctrl__type_support.c
[3.064s] -- Up-to-date: /home/catcyber02/Mobile-Robots-2026-1/install/xarm_msgs/include/xarm_msgs/xarm_msgs/srv/detail/move_velocity__rosidl_typesupport_introspection_c.h
[3.065s] -- Installing: /home/catcyber02/Mobile-Robots-2026-1/install/xarm_msgs/include/xarm_msgs/xarm_msgs/srv/detail/get_int32_by_type__type_support.c
[3.065s] -- Up-to-date: /home/catcyber02/Mobile-Robots-2026-1/install/xarm_msgs/include/xarm_msgs/xarm_msgs/srv/detail/set_int32__rosidl_typesupport_introspection_c.h
[3.065s] -- Up-to-date: /home/catcyber02/Mobile-Robots-2026-1/install/xarm_msgs/include/xarm_msgs/xarm_msgs/srv/detail/get_digital_io__rosidl_typesupport_introspection_c.h
[3.066s] -- Up-to-date: /home/catcyber02/Mobile-Robots-2026-1/install/xarm_msgs/include/xarm_msgs/xarm_msgs/srv/detail/plan_joint__rosidl_typesupport_introspection_c.h
[3.066s] -- Installing: /home/catcyber02/Mobile-Robots-2026-1/install/xarm_msgs/include/xarm_msgs/xarm_msgs/srv/detail/robotiq_reset__type_support.c
[3.066s] -- Up-to-date: /home/catcyber02/Mobile-Robots-2026-1/install/xarm_msgs/include/xarm_msgs/xarm_msgs/srv/detail/set_int16_list__rosidl_typesupport_introspection_c.h
[3.067s] -- Installing: /home/catcyber02/Mobile-Robots-2026-1/install/xarm_msgs/include/xarm_msgs/xarm_msgs/srv/detail/get_float32_list__type_support.c
[3.067s] -- Installing: /home/catcyber02/Mobile-Robots-2026-1/install/xarm_msgs/include/xarm_msgs/xarm_msgs/srv/detail/plan_joint__type_support.c
[3.067s] -- Installing: /home/catcyber02/Mobile-Robots-2026-1/install/xarm_msgs/include/xarm_msgs/xarm_msgs/srv/detail/call__type_support.c
[3.067s] -- Up-to-date: /home/catcyber02/Mobile-Robots-2026-1/install/xarm_msgs/include/xarm_msgs/xarm_msgs/srv/detail/ft_impedance__rosidl_typesupport_introspection_c.h
[3.068s] -- Installing: /home/catcyber02/Mobile-Robots-2026-1/install/xarm_msgs/include/xarm_msgs/xarm_msgs/srv/detail/traj_ctrl__type_support.c
[3.068s] -- Up-to-date: /home/catcyber02/Mobile-Robots-2026-1/install/xarm_msgs/include/xarm_msgs/xarm_msgs/srv/detail/get_analog_io__rosidl_typesupport_introspection_c.h
[3.068s] -- Up-to-date: /home/catcyber02/Mobile-Robots-2026-1/install/xarm_msgs/include/xarm_msgs/xarm_msgs/srv/detail/move_cartesian__rosidl_typesupport_introspection_c.h
[3.069s] -- Up-to-date: /home/catcyber02/Mobile-Robots-2026-1/install/xarm_msgs/include/xarm_msgs/xarm_msgs/srv/detail/plan_pose__rosidl_typesupport_introspection_c.h
[3.069s] -- Installing: /home/catcyber02/Mobile-Robots-2026-1/install/xarm_msgs/include/xarm_msgs/xarm_msgs/srv/detail/gripper_move__type_support.c
[3.069s] -- Installing: /home/catcyber02/Mobile-Robots-2026-1/install/xarm_msgs/include/xarm_msgs/xarm_msgs/srv/detail/ft_cali_load__type_support.c
[3.070s] -- Up-to-date: /home/catcyber02/Mobile-Robots-2026-1/install/xarm_msgs/include/xarm_msgs/xarm_msgs/srv/detail/set_float32__rosidl_typesupport_introspection_c.h
[3.070s] -- Installing: /home/catcyber02/Mobile-Robots-2026-1/install/xarm_msgs/include/xarm_msgs/xarm_msgs/srv/detail/ft_force_params__type_support.c
[3.070s] -- Installing: /home/catcyber02/Mobile-Robots-2026-1/install/xarm_msgs/include/xarm_msgs/xarm_msgs/srv/detail/get_int16_list__type_support.c
[3.071s] -- Installing: /home/catcyber02/Mobile-Robots-2026-1/install/xarm_msgs/include/xarm_msgs/xarm_msgs/srv/detail/ft_impedance__type_support.c
[3.071s] -- Installing: /home/catcyber02/Mobile-Robots-2026-1/install/xarm_msgs/include/xarm_msgs/xarm_msgs/srv/detail/move_cartesian__type_support.c
[3.071s] -- Up-to-date: /home/catcyber02/Mobile-Robots-2026-1/install/xarm_msgs/include/xarm_msgs/xarm_msgs/srv/detail/vacuum_gripper_ctrl__rosidl_typesupport_introspection_c.h
[3.071s] -- Up-to-date: /home/catcyber02/Mobile-Robots-2026-1/install/xarm_msgs/include/xarm_msgs/xarm_msgs/srv/detail/robotiq_move__rosidl_typesupport_introspection_c.h
[3.072s] -- Up-to-date: /home/catcyber02/Mobile-Robots-2026-1/install/xarm_msgs/include/xarm_msgs/xarm_msgs/srv/detail/ft_force_params__rosidl_typesupport_introspection_c.h
[3.072s] -- Up-to-date: /home/catcyber02/Mobile-Robots-2026-1/install/xarm_msgs/include/xarm_msgs/xarm_msgs/srv/detail/get_int32__rosidl_typesupport_introspection_c.h
[3.072s] -- Up-to-date: /home/catcyber02/Mobile-Robots-2026-1/install/xarm_msgs/include/xarm_msgs/xarm_msgs/srv/detail/set_int16_by_id__rosidl_typesupport_introspection_c.h
[3.073s] -- Installing: /home/catcyber02/Mobile-Robots-2026-1/install/xarm_msgs/include/xarm_msgs/xarm_msgs/srv/detail/plan_single_straight__type_support.c
[3.073s] -- Installing: /home/catcyber02/Mobile-Robots-2026-1/install/xarm_msgs/include/xarm_msgs/xarm_msgs/srv/detail/set_analog_io__type_support.c
[3.073s] -- Installing: /home/catcyber02/Mobile-Robots-2026-1/install/xarm_msgs/include/xarm_msgs/xarm_msgs/srv/detail/set_tcp_load__type_support.c
[3.074s] -- Installing: /home/catcyber02/Mobile-Robots-2026-1/install/xarm_msgs/include/xarm_msgs/xarm_msgs/srv/detail/set_digital_io__type_support.c
[3.074s] -- Up-to-date: /home/catcyber02/Mobile-Robots-2026-1/install/xarm_msgs/include/xarm_msgs/xarm_msgs/srv/detail/set_int32_by_type__rosidl_typesupport_introspection_c.h
[3.075s] -- Installing: /home/catcyber02/Mobile-Robots-2026-1/install/xarm_msgs/include/xarm_msgs/xarm_msgs/srv/detail/set_int16_list__type_support.c
[3.075s] -- Up-to-date: /home/catcyber02/Mobile-Robots-2026-1/install/xarm_msgs/include/xarm_msgs/xarm_msgs/srv/detail/set_int16__rosidl_typesupport_introspection_c.h
[3.075s] -- Up-to-date: /home/catcyber02/Mobile-Robots-2026-1/install/xarm_msgs/include/xarm_msgs/xarm_msgs/srv/detail/get_float32_list__rosidl_typesupport_introspection_c.h
[3.075s] -- Installing: /home/catcyber02/Mobile-Robots-2026-1/install/xarm_msgs/include/xarm_msgs/xarm_msgs/srv/detail/get_int16__type_support.c
[3.076s] -- Up-to-date: /home/catcyber02/Mobile-Robots-2026-1/install/xarm_msgs/include/xarm_msgs/xarm_msgs/srv/detail/ft_admittance_params__rosidl_typesupport_introspection_c.h
[3.076s] -- Installing: /home/catcyber02/Mobile-Robots-2026-1/install/xarm_msgs/include/xarm_msgs/xarm_msgs/srv/detail/robotiq_activate__type_support.c
[3.077s] -- Up-to-date: /home/catcyber02/Mobile-Robots-2026-1/install/xarm_msgs/include/xarm_msgs/xarm_msgs/srv/detail/bio_gripper_enable__rosidl_typesupport_introspection_c.h
[3.077s] -- Up-to-date: /home/catcyber02/Mobile-Robots-2026-1/install/xarm_msgs/include/xarm_msgs/xarm_msgs/srv/detail/linear_motor_set_pos__rosidl_typesupport_introspection_c.h
[3.077s] -- Up-to-date: /home/catcyber02/Mobile-Robots-2026-1/install/xarm_msgs/include/xarm_msgs/xarm_msgs/srv/detail/linear_motor_back_origin__rosidl_typesupport_introspection_c.h
[3.077s] -- Up-to-date: /home/catcyber02/Mobile-Robots-2026-1/install/xarm_msgs/include/xarm_msgs/xarm_msgs/srv/detail/robotiq_get_status__rosidl_typesupport_introspection_c.h
[3.078s] -- Up-to-date: /home/catcyber02/Mobile-Robots-2026-1/install/xarm_msgs/include/xarm_msgs/xarm_msgs/srv/detail/set_digital_io__rosidl_typesupport_introspection_c.h
[3.078s] -- Installing: /home/catcyber02/Mobile-Robots-2026-1/install/xarm_msgs/include/xarm_msgs/xarm_msgs/srv/detail/robotiq_move__type_support.c
[3.078s] -- Up-to-date: /home/catcyber02/Mobile-Robots-2026-1/install/xarm_msgs/include/xarm_msgs/xarm_msgs/srv/detail/plan_single_straight__rosidl_typesupport_introspection_c.h
[3.079s] -- Up-to-date: /home/catcyber02/Mobile-Robots-2026-1/install/xarm_msgs/include/xarm_msgs/xarm_msgs/srv/detail/ft_cali_load__rosidl_typesupport_introspection_c.h
[3.079s] -- Installing: /home/catcyber02/Mobile-Robots-2026-1/install/xarm_msgs/include/xarm_msgs/xarm_msgs/srv/detail/set_float32_list__type_support.c
[3.079s] -- Installing: /home/catcyber02/Mobile-Robots-2026-1/install/xarm_msgs/include/xarm_msgs/xarm_msgs/srv/detail/set_int32__type_support.c
[3.080s] -- Installing: /home/catcyber02/Mobile-Robots-2026-1/install/xarm_msgs/include/xarm_msgs/xarm_msgs/srv/detail/get_int32__type_support.c
[3.080s] -- Up-to-date: /home/catcyber02/Mobile-Robots-2026-1/install/xarm_msgs/include/xarm_msgs/xarm_msgs/srv/detail/move_home__rosidl_typesupport_introspection_c.h
[3.080s] -- Up-to-date: /home/catcyber02/Mobile-Robots-2026-1/install/xarm_msgs/include/xarm_msgs/xarm_msgs/srv/detail/set_float32_list__rosidl_typesupport_introspection_c.h
[3.081s] -- Up-to-date: /home/catcyber02/Mobile-Robots-2026-1/install/xarm_msgs/include/xarm_msgs/xarm_msgs/srv/detail/linear_track_back_origin__rosidl_typesupport_introspection_c.h
[3.081s] -- Up-to-date: /home/catcyber02/Mobile-Robots-2026-1/install/xarm_msgs/include/xarm_msgs/xarm_msgs/srv/detail/ft_force_pid__rosidl_typesupport_introspection_c.h
[3.081s] -- Installing: /home/catcyber02/Mobile-Robots-2026-1/install/xarm_msgs/include/xarm_msgs/xarm_msgs/srv/detail/move_circle__type_support.c
[3.082s] -- Up-to-date: /home/catcyber02/Mobile-Robots-2026-1/install/xarm_msgs/include/xarm_msgs/xarm_msgs/srv/detail/robotiq_activate__rosidl_typesupport_introspection_c.h
[3.082s] -- Up-to-date: /home/catcyber02/Mobile-Robots-2026-1/install/xarm_msgs/include/xarm_msgs/xarm_msgs/srv/detail/linear_track_set_pos__rosidl_typesupport_introspection_c.h
[3.082s] -- Installing: /home/catcyber02/Mobile-Robots-2026-1/install/xarm_msgs/include/xarm_msgs/xarm_msgs/srv/detail/robotiq_get_status__type_support.c
[3.082s] -- Up-to-date: /home/catcyber02/Mobile-Robots-2026-1/install/xarm_msgs/include/xarm_msgs/xarm_msgs/srv/detail/robotiq_reset__rosidl_typesupport_introspection_c.h
[3.083s] -- Installing: /home/catcyber02/Mobile-Robots-2026-1/install/xarm_msgs/include/xarm_msgs/xarm_msgs/srv/detail/set_float32__type_support.c
[3.083s] -- Up-to-date: /home/catcyber02/Mobile-Robots-2026-1/install/xarm_msgs/include/xarm_msgs/xarm_msgs/srv/detail/get_set_modbus_data__rosidl_typesupport_introspection_c.h
[3.083s] -- Installing: /home/catcyber02/Mobile-Robots-2026-1/install/xarm_msgs/include/xarm_msgs/xarm_msgs/srv/detail/ft_force_pid__type_support.c
[3.085s] -- Installing: /home/catcyber02/Mobile-Robots-2026-1/install/xarm_msgs/include/xarm_msgs/xarm_msgs/srv/detail/move_joint__type_support.c
[3.086s] -- Up-to-date: /home/catcyber02/Mobile-Robots-2026-1/install/xarm_msgs/include/xarm_msgs/xarm_msgs/srv/detail/set_modbus_timeout__rosidl_typesupport_introspection_c.h
[3.086s] -- Installing: /home/catcyber02/Mobile-Robots-2026-1/install/xarm_msgs/include/xarm_msgs/xarm_msgs/srv/detail/vacuum_gripper_ctrl__type_support.c
[3.086s] -- Installing: /home/catcyber02/Mobile-Robots-2026-1/install/xarm_msgs/include/xarm_msgs/xarm_msgs/srv/detail/set_modbus_timeout__type_support.c
[3.087s] -- Up-to-date: /home/catcyber02/Mobile-Robots-2026-1/install/xarm_msgs/include/xarm_msgs/xarm_msgs/srv/detail/set_analog_io__rosidl_typesupport_introspection_c.h
[3.087s] -- Installing: /home/catcyber02/Mobile-Robots-2026-1/install/xarm_msgs/include/xarm_msgs/xarm_msgs/srv/detail/iden_load__type_support.c
[3.087s] -- Up-to-date: /home/catcyber02/Mobile-Robots-2026-1/install/xarm_msgs/include/xarm_msgs/xarm_msgs/srv/detail/traj_play__rosidl_typesupport_introspection_c.h
[3.088s] -- Up-to-date: /home/catcyber02/Mobile-Robots-2026-1/install/xarm_msgs/include/xarm_msgs/xarm_msgs/srv/detail/iden_load__rosidl_typesupport_introspection_c.h
[3.088s] -- Up-to-date: /home/catcyber02/Mobile-Robots-2026-1/install/xarm_msgs/include/xarm_msgs/xarm_msgs/srv/detail/get_int16_list__rosidl_typesupport_introspection_c.h
[3.088s] -- Installing: /home/catcyber02/Mobile-Robots-2026-1/install/xarm_msgs/include/xarm_msgs/xarm_msgs/srv/detail/set_int16__type_support.c
[3.089s] -- Installing: /home/catcyber02/Mobile-Robots-2026-1/install/xarm_msgs/include/xarm_msgs/xarm_msgs/srv/detail/get_analog_io__type_support.c
[3.089s] -- Installing: /home/catcyber02/Mobile-Robots-2026-1/install/xarm_msgs/include/xarm_msgs/xarm_msgs/srv/detail/get_digital_io__type_support.c
[3.089s] -- Installing: /home/catcyber02/Mobile-Robots-2026-1/install/xarm_msgs/include/xarm_msgs/xarm_msgs/srv/detail/set_int32_by_type__type_support.c
[3.089s] -- Installing: /home/catcyber02/Mobile-Robots-2026-1/install/xarm_msgs/include/xarm_msgs/xarm_msgs/srv/detail/linear_track_back_origin__type_support.c
[3.090s] -- Up-to-date: /home/catcyber02/Mobile-Robots-2026-1/install/xarm_msgs/include/xarm_msgs/xarm_msgs/srv/detail/gripper_move__rosidl_typesupport_introspection_c.h
[3.090s] -- Up-to-date: /home/catcyber02/Mobile-Robots-2026-1/install/xarm_msgs/include/xarm_msgs/xarm_msgs/srv/detail/get_int16__rosidl_typesupport_introspection_c.h
[3.090s] -- Up-to-date: /home/catcyber02/Mobile-Robots-2026-1/install/xarm_msgs/include/xarm_msgs/xarm_msgs/srv/detail/get_float32__rosidl_typesupport_introspection_c.h
[3.090s] -- Installing: /home/catcyber02/Mobile-Robots-2026-1/install/xarm_msgs/include/xarm_msgs/xarm_msgs/srv/detail/set_int16_by_id__type_support.c
[3.091s] -- Installing: /home/catcyber02/Mobile-Robots-2026-1/install/xarm_msgs/include/xarm_msgs/xarm_msgs/srv/detail/linear_motor_set_pos__type_support.c
[3.091s] -- Up-to-date: /home/catcyber02/Mobile-Robots-2026-1/install/xarm_msgs/include/xarm_msgs/xarm_msgs/srv/detail/set_tcp_load__rosidl_typesupport_introspection_c.h
[3.092s] -- Installing: /home/catcyber02/Mobile-Robots-2026-1/install/xarm_msgs/include/xarm_msgs/xarm_msgs/srv/detail/get_float32__type_support.c
[3.092s] -- Installing: /home/catcyber02/Mobile-Robots-2026-1/install/xarm_msgs/include/xarm_msgs/xarm_msgs/srv/detail/plan_exec__type_support.c
[3.092s] -- Up-to-date: /home/catcyber02/Mobile-Robots-2026-1/install/xarm_msgs/include/xarm_msgs/xarm_msgs/srv/detail/ft_force_config__rosidl_typesupport_introspection_c.h
[3.093s] -- Up-to-date: /home/catcyber02/Mobile-Robots-2026-1/install/xarm_msgs/include/xarm_msgs/xarm_msgs/srv/detail/move_joint__rosidl_typesupport_introspection_c.h
[3.093s] -- Installing: /home/catcyber02/Mobile-Robots-2026-1/install/xarm_msgs/include/xarm_msgs/xarm_msgs/srv/detail/move_velocity__type_support.c
[3.093s] -- Up-to-date: /home/catcyber02/Mobile-Robots-2026-1/install/xarm_msgs/include/xarm_msgs/xarm_msgs/srv/detail/traj_ctrl__rosidl_typesupport_introspection_c.h
[3.094s] -- Installing: /home/catcyber02/Mobile-Robots-2026-1/install/xarm_msgs/include/xarm_msgs/xarm_msgs/srv/detail/traj_play__type_support.c
[3.094s] -- Installing: /home/catcyber02/Mobile-Robots-2026-1/install/xarm_msgs/include/xarm_msgs/xarm_msgs/srv/detail/move_home__type_support.c
[3.094s] -- Installing: /home/catcyber02/Mobile-Robots-2026-1/install/xarm_msgs/include/xarm_msgs/xarm_msgs/srv/detail/ft_admittance_params__type_support.c
[3.095s] -- Installing: /home/catcyber02/Mobile-Robots-2026-1/install/xarm_msgs/include/xarm_msgs/xarm_msgs/srv/detail/bio_gripper_enable__type_support.c
[3.095s] -- Installing: /home/catcyber02/Mobile-Robots-2026-1/install/xarm_msgs/include/xarm_msgs/xarm_msgs/srv/detail/ft_force_config__type_support.c
[3.095s] -- Up-to-date: /home/catcyber02/Mobile-Robots-2026-1/install/xarm_msgs/include/xarm_msgs/xarm_msgs/srv/detail/move_circle__rosidl_typesupport_introspection_c.h
[3.096s] -- Up-to-date: /home/catcyber02/Mobile-Robots-2026-1/install/xarm_msgs/include/xarm_msgs/xarm_msgs/srv/detail/bio_gripper_ctrl__rosidl_typesupport_introspection_c.h
[3.096s] -- Installing: /home/catcyber02/Mobile-Robots-2026-1/install/xarm_msgs/include/xarm_msgs/xarm_msgs/srv/detail/linear_track_set_pos__type_support.c
[3.096s] -- Up-to-date: /home/catcyber02/Mobile-Robots-2026-1/install/xarm_msgs/include/xarm_msgs/xarm_msgs/msg
[3.096s] -- Up-to-date: /home/catcyber02/Mobile-Robots-2026-1/install/xarm_msgs/include/xarm_msgs/xarm_msgs/msg/detail
[3.097s] -- Up-to-date: /home/catcyber02/Mobile-Robots-2026-1/install/xarm_msgs/include/xarm_msgs/xarm_msgs/msg/detail/io_state__rosidl_typesupport_introspection_c.h
[3.097s] -- Up-to-date: /home/catcyber02/Mobile-Robots-2026-1/install/xarm_msgs/include/xarm_msgs/xarm_msgs/msg/detail/move_velocity__rosidl_typesupport_introspection_c.h
[3.097s] -- Up-to-date: /home/catcyber02/Mobile-Robots-2026-1/install/xarm_msgs/include/xarm_msgs/xarm_msgs/msg/detail/cio_state__rosidl_typesupport_introspection_c.h
[3.098s] -- Installing: /home/catcyber02/Mobile-Robots-2026-1/install/xarm_msgs/include/xarm_msgs/xarm_msgs/msg/detail/robot_msg__type_support.c
[3.098s] -- Installing: /home/catcyber02/Mobile-Robots-2026-1/install/xarm_msgs/include/xarm_msgs/xarm_msgs/msg/detail/io_state__type_support.c
[3.098s] -- Up-to-date: /home/catcyber02/Mobile-Robots-2026-1/install/xarm_msgs/include/xarm_msgs/xarm_msgs/msg/detail/robot_msg__rosidl_typesupport_introspection_c.h
[3.099s] -- Installing: /home/catcyber02/Mobile-Robots-2026-1/install/xarm_msgs/include/xarm_msgs/xarm_msgs/msg/detail/move_velocity__type_support.c
[3.099s] -- Installing: /home/catcyber02/Mobile-Robots-2026-1/install/xarm_msgs/include/xarm_msgs/xarm_msgs/msg/detail/cio_state__type_support.c
[3.099s] -- Up-to-date: /home/catcyber02/Mobile-Robots-2026-1/install/xarm_msgs/include/xarm_msgs/xarm_msgs/msg/rosidl_typesupport_introspection_c__visibility_control.h
[3.100s] -- Up-to-date: /home/catcyber02/Mobile-Robots-2026-1/install/xarm_msgs/lib/libxarm_msgs__rosidl_typesupport_introspection_c.so
[3.100s] -- Up-to-date: /home/catcyber02/Mobile-Robots-2026-1/install/xarm_msgs/lib/libxarm_msgs__rosidl_typesupport_c.so
[3.100s] -- Up-to-date: /home/catcyber02/Mobile-Robots-2026-1/install/xarm_msgs/include/xarm_msgs/xarm_msgs
[3.101s] -- Up-to-date: /home/catcyber02/Mobile-Robots-2026-1/install/xarm_msgs/include/xarm_msgs/xarm_msgs/srv
[3.101s] -- Up-to-date: /home/catcyber02/Mobile-Robots-2026-1/install/xarm_msgs/include/xarm_msgs/xarm_msgs/srv/detail
[3.101s] -- Up-to-date: /home/catcyber02/Mobile-Robots-2026-1/install/xarm_msgs/include/xarm_msgs/xarm_msgs/srv/detail/set_float32__type_support.cpp
[3.102s] -- Up-to-date: /home/catcyber02/Mobile-Robots-2026-1/install/xarm_msgs/include/xarm_msgs/xarm_msgs/srv/detail/get_analog_io__rosidl_typesupport_introspection_cpp.hpp
[3.102s] -- Up-to-date: /home/catcyber02/Mobile-Robots-2026-1/install/xarm_msgs/include/xarm_msgs/xarm_msgs/srv/detail/linear_track_set_pos__type_support.cpp
[3.102s] -- Up-to-date: /home/catcyber02/Mobile-Robots-2026-1/install/xarm_msgs/include/xarm_msgs/xarm_msgs/srv/detail/set_digital_io__rosidl_typesupport_introspection_cpp.hpp
[3.103s] -- Up-to-date: /home/catcyber02/Mobile-Robots-2026-1/install/xarm_msgs/include/xarm_msgs/xarm_msgs/srv/detail/move_circle__type_support.cpp
[3.103s] -- Up-to-date: /home/catcyber02/Mobile-Robots-2026-1/install/xarm_msgs/include/xarm_msgs/xarm_msgs/srv/detail/linear_motor_set_pos__rosidl_typesupport_introspection_cpp.hpp
[3.103s] -- Up-to-date: /home/catcyber02/Mobile-Robots-2026-1/install/xarm_msgs/include/xarm_msgs/xarm_msgs/srv/detail/set_float32_list__type_support.cpp
[3.103s] -- Up-to-date: /home/catcyber02/Mobile-Robots-2026-1/install/xarm_msgs/include/xarm_msgs/xarm_msgs/srv/detail/bio_gripper_ctrl__rosidl_typesupport_introspection_cpp.hpp
[3.104s] -- Up-to-date: /home/catcyber02/Mobile-Robots-2026-1/install/xarm_msgs/include/xarm_msgs/xarm_msgs/srv/detail/call__rosidl_typesupport_introspection_cpp.hpp
[3.104s] -- Up-to-date: /home/catcyber02/Mobile-Robots-2026-1/install/xarm_msgs/include/xarm_msgs/xarm_msgs/srv/detail/move_velocity__rosidl_typesupport_introspection_cpp.hpp
[3.104s] -- Up-to-date: /home/catcyber02/Mobile-Robots-2026-1/install/xarm_msgs/include/xarm_msgs/xarm_msgs/srv/detail/set_int16_by_id__type_support.cpp
[3.105s] -- Up-to-date: /home/catcyber02/Mobile-Robots-2026-1/install/xarm_msgs/include/xarm_msgs/xarm_msgs/srv/detail/get_int32_by_type__type_support.cpp
[3.105s] -- Up-to-date: /home/catcyber02/Mobile-Robots-2026-1/install/xarm_msgs/include/xarm_msgs/xarm_msgs/srv/detail/traj_ctrl__type_support.cpp
[3.105s] -- Up-to-date: /home/catcyber02/Mobile-Robots-2026-1/install/xarm_msgs/include/xarm_msgs/xarm_msgs/srv/detail/move_home__type_support.cpp
[3.105s] -- Up-to-date: /home/catcyber02/Mobile-Robots-2026-1/install/xarm_msgs/include/xarm_msgs/xarm_msgs/srv/detail/robotiq_activate__rosidl_typesupport_introspection_cpp.hpp
[3.106s] -- Up-to-date: /home/catcyber02/Mobile-Robots-2026-1/install/xarm_msgs/include/xarm_msgs/xarm_msgs/srv/detail/plan_exec__rosidl_typesupport_introspection_cpp.hpp
[3.106s] -- Up-to-date: /home/catcyber02/Mobile-Robots-2026-1/install/xarm_msgs/include/xarm_msgs/xarm_msgs/srv/detail/robotiq_reset__type_support.cpp
[3.107s] -- Up-to-date: /home/catcyber02/Mobile-Robots-2026-1/install/xarm_msgs/include/xarm_msgs/xarm_msgs/srv/detail/get_float32__type_support.cpp
[3.107s] -- Up-to-date: /home/catcyber02/Mobile-Robots-2026-1/install/xarm_msgs/include/xarm_msgs/xarm_msgs/srv/detail/ft_impedance__type_support.cpp
[3.107s] -- Up-to-date: /home/catcyber02/Mobile-Robots-2026-1/install/xarm_msgs/include/xarm_msgs/xarm_msgs/srv/detail/get_float32_list__type_support.cpp
[3.108s] -- Up-to-date: /home/catcyber02/Mobile-Robots-2026-1/install/xarm_msgs/include/xarm_msgs/xarm_msgs/srv/detail/ft_cali_load__type_support.cpp
[3.108s] -- Up-to-date: /home/catcyber02/Mobile-Robots-2026-1/install/xarm_msgs/include/xarm_msgs/xarm_msgs/srv/detail/call__type_support.cpp
[3.108s] -- Up-to-date: /home/catcyber02/Mobile-Robots-2026-1/install/xarm_msgs/include/xarm_msgs/xarm_msgs/srv/detail/ft_admittance_params__type_support.cpp
[3.109s] -- Up-to-date: /home/catcyber02/Mobile-Robots-2026-1/install/xarm_msgs/include/xarm_msgs/xarm_msgs/srv/detail/linear_track_back_origin__rosidl_typesupport_introspection_cpp.hpp
[3.109s] -- Up-to-date: /home/catcyber02/Mobile-Robots-2026-1/install/xarm_msgs/include/xarm_msgs/xarm_msgs/srv/detail/bio_gripper_ctrl__type_support.cpp
[3.109s] -- Up-to-date: /home/catcyber02/Mobile-Robots-2026-1/install/xarm_msgs/include/xarm_msgs/xarm_msgs/srv/detail/set_modbus_timeout__rosidl_typesupport_introspection_cpp.hpp
[3.110s] -- Up-to-date: /home/catcyber02/Mobile-Robots-2026-1/install/xarm_msgs/include/xarm_msgs/xarm_msgs/srv/detail/move_circle__rosidl_typesupport_introspection_cpp.hpp
[3.110s] -- Up-to-date: /home/catcyber02/Mobile-Robots-2026-1/install/xarm_msgs/include/xarm_msgs/xarm_msgs/srv/detail/traj_ctrl__rosidl_typesupport_introspection_cpp.hpp
[3.110s] -- Up-to-date: /home/catcyber02/Mobile-Robots-2026-1/install/xarm_msgs/include/xarm_msgs/xarm_msgs/srv/detail/move_cartesian__rosidl_typesupport_introspection_cpp.hpp
[3.110s] -- Up-to-date: /home/catcyber02/Mobile-Robots-2026-1/install/xarm_msgs/include/xarm_msgs/xarm_msgs/srv/detail/ft_force_config__rosidl_typesupport_introspection_cpp.hpp
[3.111s] -- Up-to-date: /home/catcyber02/Mobile-Robots-2026-1/install/xarm_msgs/include/xarm_msgs/xarm_msgs/srv/detail/robotiq_get_status__type_support.cpp
[3.111s] -- Up-to-date: /home/catcyber02/Mobile-Robots-2026-1/install/xarm_msgs/include/xarm_msgs/xarm_msgs/srv/detail/robotiq_move__rosidl_typesupport_introspection_cpp.hpp
[3.111s] -- Up-to-date: /home/catcyber02/Mobile-Robots-2026-1/install/xarm_msgs/include/xarm_msgs/xarm_msgs/srv/detail/get_analog_io__type_support.cpp
[3.111s] -- Up-to-date: /home/catcyber02/Mobile-Robots-2026-1/install/xarm_msgs/include/xarm_msgs/xarm_msgs/srv/detail/set_int16__type_support.cpp
[3.112s] -- Up-to-date: /home/catcyber02/Mobile-Robots-2026-1/install/xarm_msgs/include/xarm_msgs/xarm_msgs/srv/detail/linear_motor_back_origin__type_support.cpp
[3.112s] -- Up-to-date: /home/catcyber02/Mobile-Robots-2026-1/install/xarm_msgs/include/xarm_msgs/xarm_msgs/srv/detail/traj_play__rosidl_typesupport_introspection_cpp.hpp
[3.112s] -- Up-to-date: /home/catcyber02/Mobile-Robots-2026-1/install/xarm_msgs/include/xarm_msgs/xarm_msgs/srv/detail/get_int32_by_type__rosidl_typesupport_introspection_cpp.hpp
[3.112s] -- Up-to-date: /home/catcyber02/Mobile-Robots-2026-1/install/xarm_msgs/include/xarm_msgs/xarm_msgs/srv/detail/get_int32__rosidl_typesupport_introspection_cpp.hpp
[3.113s] -- Up-to-date: /home/catcyber02/Mobile-Robots-2026-1/install/xarm_msgs/include/xarm_msgs/xarm_msgs/srv/detail/get_float32_list__rosidl_typesupport_introspection_cpp.hpp
[3.113s] -- Up-to-date: /home/catcyber02/Mobile-Robots-2026-1/install/xarm_msgs/include/xarm_msgs/xarm_msgs/srv/detail/robotiq_activate__type_support.cpp
[3.113s] -- Up-to-date: /home/catcyber02/Mobile-Robots-2026-1/install/xarm_msgs/include/xarm_msgs/xarm_msgs/srv/detail/plan_joint__rosidl_typesupport_introspection_cpp.hpp
[3.114s] -- Up-to-date: /home/catcyber02/Mobile-Robots-2026-1/install/xarm_msgs/include/xarm_msgs/xarm_msgs/srv/detail/set_int16_by_id__rosidl_typesupport_introspection_cpp.hpp
[3.114s] -- Up-to-date: /home/catcyber02/Mobile-Robots-2026-1/install/xarm_msgs/include/xarm_msgs/xarm_msgs/srv/detail/plan_single_straight__type_support.cpp
[3.115s] -- Up-to-date: /home/catcyber02/Mobile-Robots-2026-1/install/xarm_msgs/include/xarm_msgs/xarm_msgs/srv/detail/move_home__rosidl_typesupport_introspection_cpp.hpp
[3.115s] -- Up-to-date: /home/catcyber02/Mobile-Robots-2026-1/install/xarm_msgs/include/xarm_msgs/xarm_msgs/srv/detail/plan_pose__type_support.cpp
[3.115s] -- Up-to-date: /home/catcyber02/Mobile-Robots-2026-1/install/xarm_msgs/include/xarm_msgs/xarm_msgs/srv/detail/set_int32__rosidl_typesupport_introspection_cpp.hpp
[3.116s] -- Up-to-date: /home/catcyber02/Mobile-Robots-2026-1/install/xarm_msgs/include/xarm_msgs/xarm_msgs/srv/detail/set_analog_io__rosidl_typesupport_introspection_cpp.hpp
[3.116s] -- Up-to-date: /home/catcyber02/Mobile-Robots-2026-1/install/xarm_msgs/include/xarm_msgs/xarm_msgs/srv/detail/robotiq_get_status__rosidl_typesupport_introspection_cpp.hpp
[3.116s] -- Up-to-date: /home/catcyber02/Mobile-Robots-2026-1/install/xarm_msgs/include/xarm_msgs/xarm_msgs/srv/detail/get_digital_io__type_support.cpp
[3.117s] -- Up-to-date: /home/catcyber02/Mobile-Robots-2026-1/install/xarm_msgs/include/xarm_msgs/xarm_msgs/srv/detail/set_int32_by_type__rosidl_typesupport_introspection_cpp.hpp
[3.117s] -- Up-to-date: /home/catcyber02/Mobile-Robots-2026-1/install/xarm_msgs/include/xarm_msgs/xarm_msgs/srv/detail/move_joint__type_support.cpp
[3.118s] -- Up-to-date: /home/catcyber02/Mobile-Robots-2026-1/install/xarm_msgs/include/xarm_msgs/xarm_msgs/srv/detail/set_int16_list__type_support.cpp
[3.118s] -- Up-to-date: /home/catcyber02/Mobile-Robots-2026-1/install/xarm_msgs/include/xarm_msgs/xarm_msgs/srv/detail/vacuum_gripper_ctrl__type_support.cpp
[3.118s] -- Up-to-date: /home/catcyber02/Mobile-Robots-2026-1/install/xarm_msgs/include/xarm_msgs/xarm_msgs/srv/detail/ft_impedance__rosidl_typesupport_introspection_cpp.hpp
[3.119s] -- Up-to-date: /home/catcyber02/Mobile-Robots-2026-1/install/xarm_msgs/include/xarm_msgs/xarm_msgs/srv/detail/get_int16__type_support.cpp
[3.119s] -- Up-to-date: /home/catcyber02/Mobile-Robots-2026-1/install/xarm_msgs/include/xarm_msgs/xarm_msgs/srv/detail/get_set_modbus_data__rosidl_typesupport_introspection_cpp.hpp
[3.119s] -- Up-to-date: /home/catcyber02/Mobile-Robots-2026-1/install/xarm_msgs/include/xarm_msgs/xarm_msgs/srv/detail/set_tcp_load__type_support.cpp
[3.120s] -- Up-to-date: /home/catcyber02/Mobile-Robots-2026-1/install/xarm_msgs/include/xarm_msgs/xarm_msgs/srv/detail/get_int32__type_support.cpp
[3.120s] -- Up-to-date: /home/catcyber02/Mobile-Robots-2026-1/install/xarm_msgs/include/xarm_msgs/xarm_msgs/srv/detail/iden_load__type_support.cpp
[3.120s] -- Up-to-date: /home/catcyber02/Mobile-Robots-2026-1/install/xarm_msgs/include/xarm_msgs/xarm_msgs/srv/detail/iden_load__rosidl_typesupport_introspection_cpp.hpp
[3.121s] -- Up-to-date: /home/catcyber02/Mobile-Robots-2026-1/install/xarm_msgs/include/xarm_msgs/xarm_msgs/srv/detail/ft_force_pid__rosidl_typesupport_introspection_cpp.hpp
[3.121s] -- Up-to-date: /home/catcyber02/Mobile-Robots-2026-1/install/xarm_msgs/include/xarm_msgs/xarm_msgs/srv/detail/set_float32_list__rosidl_typesupport_introspection_cpp.hpp
[3.121s] -- Up-to-date: /home/catcyber02/Mobile-Robots-2026-1/install/xarm_msgs/include/xarm_msgs/xarm_msgs/srv/detail/get_int16__rosidl_typesupport_introspection_cpp.hpp
[3.122s] -- Up-to-date: /home/catcyber02/Mobile-Robots-2026-1/install/xarm_msgs/include/xarm_msgs/xarm_msgs/srv/detail/set_int16_list__rosidl_typesupport_introspection_cpp.hpp
[3.122s] -- Up-to-date: /home/catcyber02/Mobile-Robots-2026-1/install/xarm_msgs/include/xarm_msgs/xarm_msgs/srv/detail/gripper_move__rosidl_typesupport_introspection_cpp.hpp
[3.123s] -- Up-to-date: /home/catcyber02/Mobile-Robots-2026-1/install/xarm_msgs/include/xarm_msgs/xarm_msgs/srv/detail/linear_track_set_pos__rosidl_typesupport_introspection_cpp.hpp
[3.123s] -- Up-to-date: /home/catcyber02/Mobile-Robots-2026-1/install/xarm_msgs/include/xarm_msgs/xarm_msgs/srv/detail/linear_motor_set_pos__type_support.cpp
[3.123s] -- Up-to-date: /home/catcyber02/Mobile-Robots-2026-1/install/xarm_msgs/include/xarm_msgs/xarm_msgs/srv/detail/move_cartesian__type_support.cpp
[3.124s] -- Up-to-date: /home/catcyber02/Mobile-Robots-2026-1/install/xarm_msgs/include/xarm_msgs/xarm_msgs/srv/detail/move_joint__rosidl_typesupport_introspection_cpp.hpp
[3.124s] -- Up-to-date: /home/catcyber02/Mobile-Robots-2026-1/install/xarm_msgs/include/xarm_msgs/xarm_msgs/srv/detail/bio_gripper_enable__rosidl_typesupport_introspection_cpp.hpp
[3.124s] -- Up-to-date: /home/catcyber02/Mobile-Robots-2026-1/install/xarm_msgs/include/xarm_msgs/xarm_msgs/srv/detail/ft_cali_load__rosidl_typesupport_introspection_cpp.hpp
[3.125s] -- Up-to-date: /home/catcyber02/Mobile-Robots-2026-1/install/xarm_msgs/include/xarm_msgs/xarm_msgs/srv/detail/ft_force_params__type_support.cpp
[3.126s] -- Up-to-date: /home/catcyber02/Mobile-Robots-2026-1/install/xarm_msgs/include/xarm_msgs/xarm_msgs/srv/detail/get_float32__rosidl_typesupport_introspection_cpp.hpp
[3.126s] -- Up-to-date: /home/catcyber02/Mobile-Robots-2026-1/install/xarm_msgs/include/xarm_msgs/xarm_msgs/srv/detail/linear_track_back_origin__type_support.cpp
[3.126s] -- Up-to-date: /home/catcyber02/Mobile-Robots-2026-1/install/xarm_msgs/include/xarm_msgs/xarm_msgs/srv/detail/set_analog_io__type_support.cpp
[3.127s] -- Up-to-date: /home/catcyber02/Mobile-Robots-2026-1/install/xarm_msgs/include/xarm_msgs/xarm_msgs/srv/detail/get_int16_list__rosidl_typesupport_introspection_cpp.hpp
[3.127s] -- Up-to-date: /home/catcyber02/Mobile-Robots-2026-1/install/xarm_msgs/include/xarm_msgs/xarm_msgs/srv/detail/bio_gripper_enable__type_support.cpp
[3.127s] -- Up-to-date: /home/catcyber02/Mobile-Robots-2026-1/install/xarm_msgs/include/xarm_msgs/xarm_msgs/srv/detail/vacuum_gripper_ctrl__rosidl_typesupport_introspection_cpp.hpp
[3.128s] -- Up-to-date: /home/catcyber02/Mobile-Robots-2026-1/install/xarm_msgs/include/xarm_msgs/xarm_msgs/srv/detail/ft_force_pid__type_support.cpp
[3.128s] -- Up-to-date: /home/catcyber02/Mobile-Robots-2026-1/install/xarm_msgs/include/xarm_msgs/xarm_msgs/srv/detail/ft_admittance_params__rosidl_typesupport_introspection_cpp.hpp
[3.128s] -- Up-to-date: /home/catcyber02/Mobile-Robots-2026-1/install/xarm_msgs/include/xarm_msgs/xarm_msgs/srv/detail/set_float32__rosidl_typesupport_introspection_cpp.hpp
[3.129s] -- Up-to-date: /home/catcyber02/Mobile-Robots-2026-1/install/xarm_msgs/include/xarm_msgs/xarm_msgs/srv/detail/move_velocity__type_support.cpp
[3.129s] -- Up-to-date: /home/catcyber02/Mobile-Robots-2026-1/install/xarm_msgs/include/xarm_msgs/xarm_msgs/srv/detail/set_int16__rosidl_typesupport_introspection_cpp.hpp
[3.129s] -- Up-to-date: /home/catcyber02/Mobile-Robots-2026-1/install/xarm_msgs/include/xarm_msgs/xarm_msgs/srv/detail/traj_play__type_support.cpp
[3.129s] -- Up-to-date: /home/catcyber02/Mobile-Robots-2026-1/install/xarm_msgs/include/xarm_msgs/xarm_msgs/srv/detail/set_digital_io__type_support.cpp
[3.130s] -- Up-to-date: /home/catcyber02/Mobile-Robots-2026-1/install/xarm_msgs/include/xarm_msgs/xarm_msgs/srv/detail/set_int32_by_type__type_support.cpp
[3.130s] -- Up-to-date: /home/catcyber02/Mobile-Robots-2026-1/install/xarm_msgs/include/xarm_msgs/xarm_msgs/srv/detail/get_set_modbus_data__type_support.cpp
[3.130s] -- Up-to-date: /home/catcyber02/Mobile-Robots-2026-1/install/xarm_msgs/include/xarm_msgs/xarm_msgs/srv/detail/plan_joint__type_support.cpp
[3.131s] -- Up-to-date: /home/catcyber02/Mobile-Robots-2026-1/install/xarm_msgs/include/xarm_msgs/xarm_msgs/srv/detail/get_digital_io__rosidl_typesupport_introspection_cpp.hpp
[3.132s] -- Up-to-date: /home/catcyber02/Mobile-Robots-2026-1/install/xarm_msgs/include/xarm_msgs/xarm_msgs/srv/detail/plan_exec__type_support.cpp
[3.132s] -- Up-to-date: /home/catcyber02/Mobile-Robots-2026-1/install/xarm_msgs/include/xarm_msgs/xarm_msgs/srv/detail/set_modbus_timeout__type_support.cpp
[3.132s] -- Up-to-date: /home/catcyber02/Mobile-Robots-2026-1/install/xarm_msgs/include/xarm_msgs/xarm_msgs/srv/detail/ft_force_params__rosidl_typesupport_introspection_cpp.hpp
[3.132s] -- Up-to-date: /home/catcyber02/Mobile-Robots-2026-1/install/xarm_msgs/include/xarm_msgs/xarm_msgs/srv/detail/gripper_move__type_support.cpp
[3.132s] -- Up-to-date: /home/catcyber02/Mobile-Robots-2026-1/install/xarm_msgs/include/xarm_msgs/xarm_msgs/srv/detail/linear_motor_back_origin__rosidl_typesupport_introspection_cpp.hpp
[3.133s] -- Up-to-date: /home/catcyber02/Mobile-Robots-2026-1/install/xarm_msgs/include/xarm_msgs/xarm_msgs/srv/detail/plan_single_straight__rosidl_typesupport_introspection_cpp.hpp
[3.133s] -- Up-to-date: /home/catcyber02/Mobile-Robots-2026-1/install/xarm_msgs/include/xarm_msgs/xarm_msgs/srv/detail/set_int32__type_support.cpp
[3.133s] -- Up-to-date: /home/catcyber02/Mobile-Robots-2026-1/install/xarm_msgs/include/xarm_msgs/xarm_msgs/srv/detail/robotiq_move__type_support.cpp
[3.133s] -- Up-to-date: /home/catcyber02/Mobile-Robots-2026-1/install/xarm_msgs/include/xarm_msgs/xarm_msgs/srv/detail/robotiq_reset__rosidl_typesupport_introspection_cpp.hpp
[3.133s] -- Up-to-date: /home/catcyber02/Mobile-Robots-2026-1/install/xarm_msgs/include/xarm_msgs/xarm_msgs/srv/detail/get_int16_list__type_support.cpp
[3.134s] -- Up-to-date: /home/catcyber02/Mobile-Robots-2026-1/install/xarm_msgs/include/xarm_msgs/xarm_msgs/srv/detail/plan_pose__rosidl_typesupport_introspection_cpp.hpp
[3.134s] -- Up-to-date: /home/catcyber02/Mobile-Robots-2026-1/install/xarm_msgs/include/xarm_msgs/xarm_msgs/srv/detail/ft_force_config__type_support.cpp
[3.134s] -- Up-to-date: /home/catcyber02/Mobile-Robots-2026-1/install/xarm_msgs/include/xarm_msgs/xarm_msgs/srv/detail/set_tcp_load__rosidl_typesupport_introspection_cpp.hpp
[3.134s] -- Up-to-date: /home/catcyber02/Mobile-Robots-2026-1/install/xarm_msgs/include/xarm_msgs/xarm_msgs/msg
[3.134s] -- Up-to-date: /home/catcyber02/Mobile-Robots-2026-1/install/xarm_msgs/include/xarm_msgs/xarm_msgs/msg/detail
[3.135s] -- Up-to-date: /home/catcyber02/Mobile-Robots-2026-1/install/xarm_msgs/include/xarm_msgs/xarm_msgs/msg/detail/move_velocity__rosidl_typesupport_introspection_cpp.hpp
[3.135s] -- Up-to-date: /home/catcyber02/Mobile-Robots-2026-1/install/xarm_msgs/include/xarm_msgs/xarm_msgs/msg/detail/cio_state__type_support.cpp
[3.135s] -- Up-to-date: /home/catcyber02/Mobile-Robots-2026-1/install/xarm_msgs/include/xarm_msgs/xarm_msgs/msg/detail/io_state__rosidl_typesupport_introspection_cpp.hpp
[3.136s] -- Up-to-date: /home/catcyber02/Mobile-Robots-2026-1/install/xarm_msgs/include/xarm_msgs/xarm_msgs/msg/detail/robot_msg__type_support.cpp
[3.136s] -- Up-to-date: /home/catcyber02/Mobile-Robots-2026-1/install/xarm_msgs/include/xarm_msgs/xarm_msgs/msg/detail/robot_msg__rosidl_typesupport_introspection_cpp.hpp
[3.137s] -- Up-to-date: /home/catcyber02/Mobile-Robots-2026-1/install/xarm_msgs/include/xarm_msgs/xarm_msgs/msg/detail/cio_state__rosidl_typesupport_introspection_cpp.hpp
[3.137s] -- Up-to-date: /home/catcyber02/Mobile-Robots-2026-1/install/xarm_msgs/include/xarm_msgs/xarm_msgs/msg/detail/move_velocity__type_support.cpp
[3.137s] -- Up-to-date: /home/catcyber02/Mobile-Robots-2026-1/install/xarm_msgs/include/xarm_msgs/xarm_msgs/msg/detail/io_state__type_support.cpp
[3.138s] -- Up-to-date: /home/catcyber02/Mobile-Robots-2026-1/install/xarm_msgs/lib/libxarm_msgs__rosidl_typesupport_introspection_cpp.so
[3.138s] -- Up-to-date: /home/catcyber02/Mobile-Robots-2026-1/install/xarm_msgs/lib/libxarm_msgs__rosidl_typesupport_cpp.so
[3.138s] -- Up-to-date: /home/catcyber02/Mobile-Robots-2026-1/install/xarm_msgs/share/xarm_msgs/environment/pythonpath.sh
[3.138s] -- Up-to-date: /home/catcyber02/Mobile-Robots-2026-1/install/xarm_msgs/share/xarm_msgs/environment/pythonpath.dsv
[3.139s] -- Up-to-date: /home/catcyber02/Mobile-Robots-2026-1/install/xarm_msgs/lib/python3.12/site-packages/xarm_msgs-0.0.0-py3.12.egg-info
[3.139s] -- Installing: /home/catcyber02/Mobile-Robots-2026-1/install/xarm_msgs/lib/python3.12/site-packages/xarm_msgs-0.0.0-py3.12.egg-info/PKG-INFO
[3.139s] -- Installing: /home/catcyber02/Mobile-Robots-2026-1/install/xarm_msgs/lib/python3.12/site-packages/xarm_msgs-0.0.0-py3.12.egg-info/top_level.txt
[3.139s] -- Installing: /home/catcyber02/Mobile-Robots-2026-1/install/xarm_msgs/lib/python3.12/site-packages/xarm_msgs-0.0.0-py3.12.egg-info/SOURCES.txt
[3.140s] -- Installing: /home/catcyber02/Mobile-Robots-2026-1/install/xarm_msgs/lib/python3.12/site-packages/xarm_msgs-0.0.0-py3.12.egg-info/dependency_links.txt
[3.140s] -- Up-to-date: /home/catcyber02/Mobile-Robots-2026-1/install/xarm_msgs/lib/python3.12/site-packages/xarm_msgs
[3.140s] -- Up-to-date: /home/catcyber02/Mobile-Robots-2026-1/install/xarm_msgs/lib/python3.12/site-packages/xarm_msgs/_xarm_msgs_s.ep.rosidl_typesupport_introspection_c.c
[3.140s] -- Up-to-date: /home/catcyber02/Mobile-Robots-2026-1/install/xarm_msgs/lib/python3.12/site-packages/xarm_msgs/xarm_msgs_s__rosidl_typesupport_fastrtps_c.so
[3.140s] -- Up-to-date: /home/catcyber02/Mobile-Robots-2026-1/install/xarm_msgs/lib/python3.12/site-packages/xarm_msgs/xarm_msgs_s__rosidl_typesupport_c.so
[3.141s] -- Up-to-date: /home/catcyber02/Mobile-Robots-2026-1/install/xarm_msgs/lib/python3.12/site-packages/xarm_msgs/_xarm_msgs_s.ep.rosidl_typesupport_fastrtps_c.c
[3.141s] -- Up-to-date: /home/catcyber02/Mobile-Robots-2026-1/install/xarm_msgs/lib/python3.12/site-packages/xarm_msgs/xarm_msgs_s__rosidl_typesupport_introspection_c.so
[3.141s] -- Up-to-date: /home/catcyber02/Mobile-Robots-2026-1/install/xarm_msgs/lib/python3.12/site-packages/xarm_msgs/srv
[3.142s] -- Up-to-date: /home/catcyber02/Mobile-Robots-2026-1/install/xarm_msgs/lib/python3.12/site-packages/xarm_msgs/srv/_ft_cali_load.py
[3.142s] -- Up-to-date: /home/catcyber02/Mobile-Robots-2026-1/install/xarm_msgs/lib/python3.12/site-packages/xarm_msgs/srv/_vacuum_gripper_ctrl.py
[3.142s] -- Up-to-date: /home/catcyber02/Mobile-Robots-2026-1/install/xarm_msgs/lib/python3.12/site-packages/xarm_msgs/srv/_set_int32.py
[3.142s] -- Up-to-date: /home/catcyber02/Mobile-Robots-2026-1/install/xarm_msgs/lib/python3.12/site-packages/xarm_msgs/srv/_set_tcp_load.py
[3.143s] -- Up-to-date: /home/catcyber02/Mobile-Robots-2026-1/install/xarm_msgs/lib/python3.12/site-packages/xarm_msgs/srv/_move_circle_s.c
[3.143s] -- Up-to-date: /home/catcyber02/Mobile-Robots-2026-1/install/xarm_msgs/lib/python3.12/site-packages/xarm_msgs/srv/_set_analog_io_s.c
[3.143s] -- Up-to-date: /home/catcyber02/Mobile-Robots-2026-1/install/xarm_msgs/lib/python3.12/site-packages/xarm_msgs/srv/_set_modbus_timeout.py
[3.143s] -- Up-to-date: /home/catcyber02/Mobile-Robots-2026-1/install/xarm_msgs/lib/python3.12/site-packages/xarm_msgs/srv/_set_int16_list_s.c
[3.144s] -- Up-to-date: /home/catcyber02/Mobile-Robots-2026-1/install/xarm_msgs/lib/python3.12/site-packages/xarm_msgs/srv/_set_int32_by_type_s.c
[3.144s] -- Up-to-date: /home/catcyber02/Mobile-Robots-2026-1/install/xarm_msgs/lib/python3.12/site-packages/xarm_msgs/srv/_get_analog_io.py
[3.144s] -- Up-to-date: /home/catcyber02/Mobile-Robots-2026-1/install/xarm_msgs/lib/python3.12/site-packages/xarm_msgs/srv/_set_int16.py
[3.144s] -- Up-to-date: /home/catcyber02/Mobile-Robots-2026-1/install/xarm_msgs/lib/python3.12/site-packages/xarm_msgs/srv/_get_int16.py
[3.145s] -- Up-to-date: /home/catcyber02/Mobile-Robots-2026-1/install/xarm_msgs/lib/python3.12/site-packages/xarm_msgs/srv/_move_joint.py
[3.145s] -- Up-to-date: /home/catcyber02/Mobile-Robots-2026-1/install/xarm_msgs/lib/python3.12/site-packages/xarm_msgs/srv/_linear_track_back_origin_s.c
[3.145s] -- Up-to-date: /home/catcyber02/Mobile-Robots-2026-1/install/xarm_msgs/lib/python3.12/site-packages/xarm_msgs/srv/_get_float32.py
[3.146s] -- Up-to-date: /home/catcyber02/Mobile-Robots-2026-1/install/xarm_msgs/lib/python3.12/site-packages/xarm_msgs/srv/_get_set_modbus_data_s.c
[3.146s] -- Up-to-date: /home/catcyber02/Mobile-Robots-2026-1/install/xarm_msgs/lib/python3.12/site-packages/xarm_msgs/srv/_set_float32_s.c
[3.146s] -- Up-to-date: /home/catcyber02/Mobile-Robots-2026-1/install/xarm_msgs/lib/python3.12/site-packages/xarm_msgs/srv/_get_digital_io_s.c
[3.146s] -- Up-to-date: /home/catcyber02/Mobile-Robots-2026-1/install/xarm_msgs/lib/python3.12/site-packages/xarm_msgs/srv/_linear_motor_set_pos_s.c
[3.147s] -- Up-to-date: /home/catcyber02/Mobile-Robots-2026-1/install/xarm_msgs/lib/python3.12/site-packages/xarm_msgs/srv/_call_s.c
[3.147s] -- Up-to-date: /home/catcyber02/Mobile-Robots-2026-1/install/xarm_msgs/lib/python3.12/site-packages/xarm_msgs/srv/_ft_cali_load_s.c
[3.147s] -- Up-to-date: /home/catcyber02/Mobile-Robots-2026-1/install/xarm_msgs/lib/python3.12/site-packages/xarm_msgs/srv/_set_float32_list.py
[3.148s] -- Up-to-date: /home/catcyber02/Mobile-Robots-2026-1/install/xarm_msgs/lib/python3.12/site-packages/xarm_msgs/srv/_plan_exec_s.c
[3.148s] -- Up-to-date: /home/catcyber02/Mobile-Robots-2026-1/install/xarm_msgs/lib/python3.12/site-packages/xarm_msgs/srv/_plan_joint_s.c
[3.148s] -- Up-to-date: /home/catcyber02/Mobile-Robots-2026-1/install/xarm_msgs/lib/python3.12/site-packages/xarm_msgs/srv/_get_float32_list.py
[3.148s] -- Up-to-date: /home/catcyber02/Mobile-Robots-2026-1/install/xarm_msgs/lib/python3.12/site-packages/xarm_msgs/srv/_get_float32_list_s.c
[3.149s] -- Up-to-date: /home/catcyber02/Mobile-Robots-2026-1/install/xarm_msgs/lib/python3.12/site-packages/xarm_msgs/srv/_move_cartesian_s.c
[3.149s] -- Up-to-date: /home/catcyber02/Mobile-Robots-2026-1/install/xarm_msgs/lib/python3.12/site-packages/xarm_msgs/srv/_set_int32_by_type.py
[3.149s] -- Up-to-date: /home/catcyber02/Mobile-Robots-2026-1/install/xarm_msgs/lib/python3.12/site-packages/xarm_msgs/srv/_set_float32_list_s.c
[3.149s] -- Up-to-date: /home/catcyber02/Mobile-Robots-2026-1/install/xarm_msgs/lib/python3.12/site-packages/xarm_msgs/srv/_move_joint_s.c
[3.150s] -- Up-to-date: /home/catcyber02/Mobile-Robots-2026-1/install/xarm_msgs/lib/python3.12/site-packages/xarm_msgs/srv/_move_velocity.py
[3.150s] -- Up-to-date: /home/catcyber02/Mobile-Robots-2026-1/install/xarm_msgs/lib/python3.12/site-packages/xarm_msgs/srv/_linear_track_back_origin.py
[3.150s] -- Up-to-date: /home/catcyber02/Mobile-Robots-2026-1/install/xarm_msgs/lib/python3.12/site-packages/xarm_msgs/srv/_robotiq_activate.py
[3.151s] -- Up-to-date: /home/catcyber02/Mobile-Robots-2026-1/install/xarm_msgs/lib/python3.12/site-packages/xarm_msgs/srv/_set_float32.py
[3.151s] -- Up-to-date: /home/catcyber02/Mobile-Robots-2026-1/install/xarm_msgs/lib/python3.12/site-packages/xarm_msgs/srv/_ft_force_pid_s.c
[3.151s] -- Up-to-date: /home/catcyber02/Mobile-Robots-2026-1/install/xarm_msgs/lib/python3.12/site-packages/xarm_msgs/srv/_traj_play_s.c
[3.152s] -- Up-to-date: /home/catcyber02/Mobile-Robots-2026-1/install/xarm_msgs/lib/python3.12/site-packages/xarm_msgs/srv/_get_set_modbus_data.py
[3.152s] -- Up-to-date: /home/catcyber02/Mobile-Robots-2026-1/install/xarm_msgs/lib/python3.12/site-packages/xarm_msgs/srv/_robotiq_move.py
[3.152s] -- Up-to-date: /home/catcyber02/Mobile-Robots-2026-1/install/xarm_msgs/lib/python3.12/site-packages/xarm_msgs/srv/_set_modbus_timeout_s.c
[3.153s] -- Up-to-date: /home/catcyber02/Mobile-Robots-2026-1/install/xarm_msgs/lib/python3.12/site-packages/xarm_msgs/srv/_linear_motor_set_pos.py
[3.153s] -- Up-to-date: /home/catcyber02/Mobile-Robots-2026-1/install/xarm_msgs/lib/python3.12/site-packages/xarm_msgs/srv/_robotiq_get_status.py
[3.153s] -- Up-to-date: /home/catcyber02/Mobile-Robots-2026-1/install/xarm_msgs/lib/python3.12/site-packages/xarm_msgs/srv/_plan_single_straight_s.c
[3.154s] -- Up-to-date: /home/catcyber02/Mobile-Robots-2026-1/install/xarm_msgs/lib/python3.12/site-packages/xarm_msgs/srv/_linear_track_set_pos_s.c
[3.154s] -- Up-to-date: /home/catcyber02/Mobile-Robots-2026-1/install/xarm_msgs/lib/python3.12/site-packages/xarm_msgs/srv/_move_velocity_s.c
[3.154s] -- Up-to-date: /home/catcyber02/Mobile-Robots-2026-1/install/xarm_msgs/lib/python3.12/site-packages/xarm_msgs/srv/_set_digital_io_s.c
[3.155s] -- Up-to-date: /home/catcyber02/Mobile-Robots-2026-1/install/xarm_msgs/lib/python3.12/site-packages/xarm_msgs/srv/_move_home.py
[3.155s] -- Up-to-date: /home/catcyber02/Mobile-Robots-2026-1/install/xarm_msgs/lib/python3.12/site-packages/xarm_msgs/srv/_plan_single_straight.py
[3.155s] -- Up-to-date: /home/catcyber02/Mobile-Robots-2026-1/install/xarm_msgs/lib/python3.12/site-packages/xarm_msgs/srv/_set_int32_s.c
[3.156s] -- Up-to-date: /home/catcyber02/Mobile-Robots-2026-1/install/xarm_msgs/lib/python3.12/site-packages/xarm_msgs/srv/_linear_motor_back_origin_s.c
[3.156s] -- Up-to-date: /home/catcyber02/Mobile-Robots-2026-1/install/xarm_msgs/lib/python3.12/site-packages/xarm_msgs/srv/_set_int16_s.c
[3.156s] -- Up-to-date: /home/catcyber02/Mobile-Robots-2026-1/install/xarm_msgs/lib/python3.12/site-packages/xarm_msgs/srv/_get_int16_s.c
[3.156s] -- Up-to-date: /home/catcyber02/Mobile-Robots-2026-1/install/xarm_msgs/lib/python3.12/site-packages/xarm_msgs/srv/_move_cartesian.py
[3.157s] -- Up-to-date: /home/catcyber02/Mobile-Robots-2026-1/install/xarm_msgs/lib/python3.12/site-packages/xarm_msgs/srv/_ft_impedance.py
[3.157s] -- Up-to-date: /home/catcyber02/Mobile-Robots-2026-1/install/xarm_msgs/lib/python3.12/site-packages/xarm_msgs/srv/_iden_load_s.c
[3.157s] -- Up-to-date: /home/catcyber02/Mobile-Robots-2026-1/install/xarm_msgs/lib/python3.12/site-packages/xarm_msgs/srv/_plan_joint.py
[3.158s] -- Up-to-date: /home/catcyber02/Mobile-Robots-2026-1/install/xarm_msgs/lib/python3.12/site-packages/xarm_msgs/srv/_bio_gripper_enable.py
[3.158s] -- Up-to-date: /home/catcyber02/Mobile-Robots-2026-1/install/xarm_msgs/lib/python3.12/site-packages/xarm_msgs/srv/_get_float32_s.c
[3.158s] -- Up-to-date: /home/catcyber02/Mobile-Robots-2026-1/install/xarm_msgs/lib/python3.12/site-packages/xarm_msgs/srv/_get_int32.py
[3.159s] -- Up-to-date: /home/catcyber02/Mobile-Robots-2026-1/install/xarm_msgs/lib/python3.12/site-packages/xarm_msgs/srv/_bio_gripper_ctrl.py
[3.159s] -- Up-to-date: /home/catcyber02/Mobile-Robots-2026-1/install/xarm_msgs/lib/python3.12/site-packages/xarm_msgs/srv/_get_analog_io_s.c
[3.159s] -- Up-to-date: /home/catcyber02/Mobile-Robots-2026-1/install/xarm_msgs/lib/python3.12/site-packages/xarm_msgs/srv/_traj_ctrl_s.c
[3.159s] -- Up-to-date: /home/catcyber02/Mobile-Robots-2026-1/install/xarm_msgs/lib/python3.12/site-packages/xarm_msgs/srv/_bio_gripper_ctrl_s.c
[3.160s] -- Up-to-date: /home/catcyber02/Mobile-Robots-2026-1/install/xarm_msgs/lib/python3.12/site-packages/xarm_msgs/srv/_iden_load.py
[3.160s] -- Up-to-date: /home/catcyber02/Mobile-Robots-2026-1/install/xarm_msgs/lib/python3.12/site-packages/xarm_msgs/srv/_robotiq_reset_s.c
[3.160s] -- Up-to-date: /home/catcyber02/Mobile-Robots-2026-1/install/xarm_msgs/lib/python3.12/site-packages/xarm_msgs/srv/_traj_play.py
[3.160s] -- Up-to-date: /home/catcyber02/Mobile-Robots-2026-1/install/xarm_msgs/lib/python3.12/site-packages/xarm_msgs/srv/__init__.py
[3.161s] -- Up-to-date: /home/catcyber02/Mobile-Robots-2026-1/install/xarm_msgs/lib/python3.12/site-packages/xarm_msgs/srv/_ft_impedance_s.c
[3.161s] -- Up-to-date: /home/catcyber02/Mobile-Robots-2026-1/install/xarm_msgs/lib/python3.12/site-packages/xarm_msgs/srv/_linear_track_set_pos.py
[3.161s] -- Up-to-date: /home/catcyber02/Mobile-Robots-2026-1/install/xarm_msgs/lib/python3.12/site-packages/xarm_msgs/srv/_gripper_move.py
[3.161s] -- Up-to-date: /home/catcyber02/Mobile-Robots-2026-1/install/xarm_msgs/lib/python3.12/site-packages/xarm_msgs/srv/_gripper_move_s.c
[3.161s] -- Up-to-date: /home/catcyber02/Mobile-Robots-2026-1/install/xarm_msgs/lib/python3.12/site-packages/xarm_msgs/srv/_set_analog_io.py
[3.162s] -- Up-to-date: /home/catcyber02/Mobile-Robots-2026-1/install/xarm_msgs/lib/python3.12/site-packages/xarm_msgs/srv/_call.py
[3.162s] -- Up-to-date: /home/catcyber02/Mobile-Robots-2026-1/install/xarm_msgs/lib/python3.12/site-packages/xarm_msgs/srv/_get_digital_io.py
[3.162s] -- Up-to-date: /home/catcyber02/Mobile-Robots-2026-1/install/xarm_msgs/lib/python3.12/site-packages/xarm_msgs/srv/_ft_force_params_s.c
[3.162s] -- Up-to-date: /home/catcyber02/Mobile-Robots-2026-1/install/xarm_msgs/lib/python3.12/site-packages/xarm_msgs/srv/_set_digital_io.py
[3.162s] -- Up-to-date: /home/catcyber02/Mobile-Robots-2026-1/install/xarm_msgs/lib/python3.12/site-packages/xarm_msgs/srv/_plan_exec.py
[3.163s] -- Up-to-date: /home/catcyber02/Mobile-Robots-2026-1/install/xarm_msgs/lib/python3.12/site-packages/xarm_msgs/srv/_bio_gripper_enable_s.c
[3.163s] -- Up-to-date: /home/catcyber02/Mobile-Robots-2026-1/install/xarm_msgs/lib/python3.12/site-packages/xarm_msgs/srv/_plan_pose.py
[3.163s] -- Up-to-date: /home/catcyber02/Mobile-Robots-2026-1/install/xarm_msgs/lib/python3.12/site-packages/xarm_msgs/srv/_robotiq_move_s.c
[3.163s] -- Up-to-date: /home/catcyber02/Mobile-Robots-2026-1/install/xarm_msgs/lib/python3.12/site-packages/xarm_msgs/srv/_ft_admittance_params_s.c
[3.163s] -- Up-to-date: /home/catcyber02/Mobile-Robots-2026-1/install/xarm_msgs/lib/python3.12/site-packages/xarm_msgs/srv/_robotiq_get_status_s.c
[3.164s] -- Up-to-date: /home/catcyber02/Mobile-Robots-2026-1/install/xarm_msgs/lib/python3.12/site-packages/xarm_msgs/srv/_traj_ctrl.py
[3.164s] -- Up-to-date: /home/catcyber02/Mobile-Robots-2026-1/install/xarm_msgs/lib/python3.12/site-packages/xarm_msgs/srv/_get_int32_by_type_s.c
[3.164s] -- Up-to-date: /home/catcyber02/Mobile-Robots-2026-1/install/xarm_msgs/lib/python3.12/site-packages/xarm_msgs/srv/_linear_motor_back_origin.py
[3.164s] -- Up-to-date: /home/catcyber02/Mobile-Robots-2026-1/install/xarm_msgs/lib/python3.12/site-packages/xarm_msgs/srv/_ft_force_config.py
[3.164s] -- Up-to-date: /home/catcyber02/Mobile-Robots-2026-1/install/xarm_msgs/lib/python3.12/site-packages/xarm_msgs/srv/_get_int32_by_type.py
[3.164s] -- Up-to-date: /home/catcyber02/Mobile-Robots-2026-1/install/xarm_msgs/lib/python3.12/site-packages/xarm_msgs/srv/_get_int16_list_s.c
[3.165s] -- Up-to-date: /home/catcyber02/Mobile-Robots-2026-1/install/xarm_msgs/lib/python3.12/site-packages/xarm_msgs/srv/_robotiq_reset.py
[3.165s] -- Up-to-date: /home/catcyber02/Mobile-Robots-2026-1/install/xarm_msgs/lib/python3.12/site-packages/xarm_msgs/srv/_move_circle.py
[3.165s] -- Up-to-date: /home/catcyber02/Mobile-Robots-2026-1/install/xarm_msgs/lib/python3.12/site-packages/xarm_msgs/srv/_vacuum_gripper_ctrl_s.c
[3.165s] -- Up-to-date: /home/catcyber02/Mobile-Robots-2026-1/install/xarm_msgs/lib/python3.12/site-packages/xarm_msgs/srv/_robotiq_activate_s.c
[3.166s] -- Up-to-date: /home/catcyber02/Mobile-Robots-2026-1/install/xarm_msgs/lib/python3.12/site-packages/xarm_msgs/srv/_set_int16_list.py
[3.166s] -- Up-to-date: /home/catcyber02/Mobile-Robots-2026-1/install/xarm_msgs/lib/python3.12/site-packages/xarm_msgs/srv/_plan_pose_s.c
[3.166s] -- Up-to-date: /home/catcyber02/Mobile-Robots-2026-1/install/xarm_msgs/lib/python3.12/site-packages/xarm_msgs/srv/_ft_force_pid.py
[3.166s] -- Up-to-date: /home/catcyber02/Mobile-Robots-2026-1/install/xarm_msgs/lib/python3.12/site-packages/xarm_msgs/srv/_set_int16_by_id.py
[3.166s] -- Up-to-date: /home/catcyber02/Mobile-Robots-2026-1/install/xarm_msgs/lib/python3.12/site-packages/xarm_msgs/srv/_get_int32_s.c
[3.167s] -- Up-to-date: /home/catcyber02/Mobile-Robots-2026-1/install/xarm_msgs/lib/python3.12/site-packages/xarm_msgs/srv/_set_tcp_load_s.c
[3.167s] -- Up-to-date: /home/catcyber02/Mobile-Robots-2026-1/install/xarm_msgs/lib/python3.12/site-packages/xarm_msgs/srv/_move_home_s.c
[3.167s] -- Up-to-date: /home/catcyber02/Mobile-Robots-2026-1/install/xarm_msgs/lib/python3.12/site-packages/xarm_msgs/srv/_set_int16_by_id_s.c
[3.167s] -- Up-to-date: /home/catcyber02/Mobile-Robots-2026-1/install/xarm_msgs/lib/python3.12/site-packages/xarm_msgs/srv/_ft_force_config_s.c
[3.168s] -- Up-to-date: /home/catcyber02/Mobile-Robots-2026-1/install/xarm_msgs/lib/python3.12/site-packages/xarm_msgs/srv/_ft_admittance_params.py
[3.168s] -- Up-to-date: /home/catcyber02/Mobile-Robots-2026-1/install/xarm_msgs/lib/python3.12/site-packages/xarm_msgs/srv/_ft_force_params.py
[3.168s] -- Up-to-date: /home/catcyber02/Mobile-Robots-2026-1/install/xarm_msgs/lib/python3.12/site-packages/xarm_msgs/srv/_get_int16_list.py
[3.168s] -- Up-to-date: /home/catcyber02/Mobile-Robots-2026-1/install/xarm_msgs/lib/python3.12/site-packages/xarm_msgs/__init__.py
[3.169s] -- Up-to-date: /home/catcyber02/Mobile-Robots-2026-1/install/xarm_msgs/lib/python3.12/site-packages/xarm_msgs/msg
[3.169s] -- Up-to-date: /home/catcyber02/Mobile-Robots-2026-1/install/xarm_msgs/lib/python3.12/site-packages/xarm_msgs/msg/_robot_msg.py
[3.169s] -- Up-to-date: /home/catcyber02/Mobile-Robots-2026-1/install/xarm_msgs/lib/python3.12/site-packages/xarm_msgs/msg/_move_velocity.py
[3.170s] -- Up-to-date: /home/catcyber02/Mobile-Robots-2026-1/install/xarm_msgs/lib/python3.12/site-packages/xarm_msgs/msg/_cio_state.py
[3.170s] -- Up-to-date: /home/catcyber02/Mobile-Robots-2026-1/install/xarm_msgs/lib/python3.12/site-packages/xarm_msgs/msg/_cio_state_s.c
[3.170s] -- Up-to-date: /home/catcyber02/Mobile-Robots-2026-1/install/xarm_msgs/lib/python3.12/site-packages/xarm_msgs/msg/_move_velocity_s.c
[3.171s] -- Up-to-date: /home/catcyber02/Mobile-Robots-2026-1/install/xarm_msgs/lib/python3.12/site-packages/xarm_msgs/msg/_io_state.py
[3.171s] -- Up-to-date: /home/catcyber02/Mobile-Robots-2026-1/install/xarm_msgs/lib/python3.12/site-packages/xarm_msgs/msg/__init__.py
[3.171s] -- Up-to-date: /home/catcyber02/Mobile-Robots-2026-1/install/xarm_msgs/lib/python3.12/site-packages/xarm_msgs/msg/_io_state_s.c
[3.171s] -- Up-to-date: /home/catcyber02/Mobile-Robots-2026-1/install/xarm_msgs/lib/python3.12/site-packages/xarm_msgs/msg/_robot_msg_s.c
[3.172s] -- Up-to-date: /home/catcyber02/Mobile-Robots-2026-1/install/xarm_msgs/lib/python3.12/site-packages/xarm_msgs/_xarm_msgs_s.ep.rosidl_typesupport_c.c
[3.172s] Listing '/home/catcyber02/Mobile-Robots-2026-1/install/xarm_msgs/lib/python3.12/site-packages/xarm_msgs'...
[3.172s] Listing '/home/catcyber02/Mobile-Robots-2026-1/install/xarm_msgs/lib/python3.12/site-packages/xarm_msgs/msg'...
[3.173s] Listing '/home/catcyber02/Mobile-Robots-2026-1/install/xarm_msgs/lib/python3.12/site-packages/xarm_msgs/srv'...
[3.173s] -- Up-to-date: /home/catcyber02/Mobile-Robots-2026-1/install/xarm_msgs/lib/python3.12/site-packages/xarm_msgs/xarm_msgs_s__rosidl_typesupport_fastrtps_c.so
[3.173s] -- Up-to-date: /home/catcyber02/Mobile-Robots-2026-1/install/xarm_msgs/lib/python3.12/site-packages/xarm_msgs/xarm_msgs_s__rosidl_typesupport_introspection_c.so
[3.173s] -- Up-to-date: /home/catcyber02/Mobile-Robots-2026-1/install/xarm_msgs/lib/python3.12/site-packages/xarm_msgs/xarm_msgs_s__rosidl_typesupport_c.so
[3.173s] -- Up-to-date: /home/catcyber02/Mobile-Robots-2026-1/install/xarm_msgs/lib/libxarm_msgs__rosidl_generator_py.so
[3.174s] -- Up-to-date: /home/catcyber02/Mobile-Robots-2026-1/install/xarm_msgs/share/xarm_msgs/msg/RobotMsg.idl
[3.174s] -- Up-to-date: /home/catcyber02/Mobile-Robots-2026-1/install/xarm_msgs/share/xarm_msgs/msg/IOState.idl
[3.174s] -- Up-to-date: /home/catcyber02/Mobile-Robots-2026-1/install/xarm_msgs/share/xarm_msgs/msg/CIOState.idl
[3.174s] -- Up-to-date: /home/catcyber02/Mobile-Robots-2026-1/install/xarm_msgs/share/xarm_msgs/msg/MoveVelocity.idl
[3.175s] -- Up-to-date: /home/catcyber02/Mobile-Robots-2026-1/install/xarm_msgs/share/xarm_msgs/srv/BioGripperCtrl.idl
[3.175s] -- Up-to-date: /home/catcyber02/Mobile-Robots-2026-1/install/xarm_msgs/share/xarm_msgs/srv/BioGripperEnable.idl
[3.175s] -- Up-to-date: /home/catcyber02/Mobile-Robots-2026-1/install/xarm_msgs/share/xarm_msgs/srv/Call.idl
[3.176s] -- Up-to-date: /home/catcyber02/Mobile-Robots-2026-1/install/xarm_msgs/share/xarm_msgs/srv/GetAnalogIO.idl
[3.176s] -- Up-to-date: /home/catcyber02/Mobile-Robots-2026-1/install/xarm_msgs/share/xarm_msgs/srv/GetDigitalIO.idl
[3.176s] -- Up-to-date: /home/catcyber02/Mobile-Robots-2026-1/install/xarm_msgs/share/xarm_msgs/srv/GetFloat32.idl
[3.176s] -- Up-to-date: /home/catcyber02/Mobile-Robots-2026-1/install/xarm_msgs/share/xarm_msgs/srv/GetFloat32List.idl
[3.177s] -- Up-to-date: /home/catcyber02/Mobile-Robots-2026-1/install/xarm_msgs/share/xarm_msgs/srv/GetInt16.idl
[3.177s] -- Up-to-date: /home/catcyber02/Mobile-Robots-2026-1/install/xarm_msgs/share/xarm_msgs/srv/GetInt16List.idl
[3.177s] -- Up-to-date: /home/catcyber02/Mobile-Robots-2026-1/install/xarm_msgs/share/xarm_msgs/srv/GetInt32.idl
[3.177s] -- Up-to-date: /home/catcyber02/Mobile-Robots-2026-1/install/xarm_msgs/share/xarm_msgs/srv/GetInt32ByType.idl
[3.178s] -- Up-to-date: /home/catcyber02/Mobile-Robots-2026-1/install/xarm_msgs/share/xarm_msgs/srv/GetSetModbusData.idl
[3.178s] -- Up-to-date: /home/catcyber02/Mobile-Robots-2026-1/install/xarm_msgs/share/xarm_msgs/srv/GripperMove.idl
[3.178s] -- Up-to-date: /home/catcyber02/Mobile-Robots-2026-1/install/xarm_msgs/share/xarm_msgs/srv/MoveCartesian.idl
[3.178s] -- Up-to-date: /home/catcyber02/Mobile-Robots-2026-1/install/xarm_msgs/share/xarm_msgs/srv/MoveCircle.idl
[3.179s] -- Up-to-date: /home/catcyber02/Mobile-Robots-2026-1/install/xarm_msgs/share/xarm_msgs/srv/MoveHome.idl
[3.179s] -- Up-to-date: /home/catcyber02/Mobile-Robots-2026-1/install/xarm_msgs/share/xarm_msgs/srv/MoveJoint.idl
[3.179s] -- Up-to-date: /home/catcyber02/Mobile-Robots-2026-1/install/xarm_msgs/share/xarm_msgs/srv/MoveVelocity.idl
[3.180s] -- Up-to-date: /home/catcyber02/Mobile-Robots-2026-1/install/xarm_msgs/share/xarm_msgs/srv/RobotiqActivate.idl
[3.180s] -- Up-to-date: /home/catcyber02/Mobile-Robots-2026-1/install/xarm_msgs/share/xarm_msgs/srv/RobotiqGetStatus.idl
[3.180s] -- Up-to-date: /home/catcyber02/Mobile-Robots-2026-1/install/xarm_msgs/share/xarm_msgs/srv/RobotiqMove.idl
[3.180s] -- Up-to-date: /home/catcyber02/Mobile-Robots-2026-1/install/xarm_msgs/share/xarm_msgs/srv/RobotiqReset.idl
[3.181s] -- Up-to-date: /home/catcyber02/Mobile-Robots-2026-1/install/xarm_msgs/share/xarm_msgs/srv/SetAnalogIO.idl
[3.181s] -- Up-to-date: /home/catcyber02/Mobile-Robots-2026-1/install/xarm_msgs/share/xarm_msgs/srv/SetDigitalIO.idl
[3.181s] -- Up-to-date: /home/catcyber02/Mobile-Robots-2026-1/install/xarm_msgs/share/xarm_msgs/srv/SetFloat32.idl
[3.181s] -- Up-to-date: /home/catcyber02/Mobile-Robots-2026-1/install/xarm_msgs/share/xarm_msgs/srv/SetFloat32List.idl
[3.182s] -- Up-to-date: /home/catcyber02/Mobile-Robots-2026-1/install/xarm_msgs/share/xarm_msgs/srv/SetInt16.idl
[3.182s] -- Up-to-date: /home/catcyber02/Mobile-Robots-2026-1/install/xarm_msgs/share/xarm_msgs/srv/SetInt16ById.idl
[3.182s] -- Up-to-date: /home/catcyber02/Mobile-Robots-2026-1/install/xarm_msgs/share/xarm_msgs/srv/SetInt16List.idl
[3.182s] -- Up-to-date: /home/catcyber02/Mobile-Robots-2026-1/install/xarm_msgs/share/xarm_msgs/srv/SetInt32.idl
[3.183s] -- Up-to-date: /home/catcyber02/Mobile-Robots-2026-1/install/xarm_msgs/share/xarm_msgs/srv/SetInt32ByType.idl
[3.183s] -- Up-to-date: /home/catcyber02/Mobile-Robots-2026-1/install/xarm_msgs/share/xarm_msgs/srv/TrajCtrl.idl
[3.183s] -- Up-to-date: /home/catcyber02/Mobile-Robots-2026-1/install/xarm_msgs/share/xarm_msgs/srv/TrajPlay.idl
[3.183s] -- Up-to-date: /home/catcyber02/Mobile-Robots-2026-1/install/xarm_msgs/share/xarm_msgs/srv/VacuumGripperCtrl.idl
[3.184s] -- Up-to-date: /home/catcyber02/Mobile-Robots-2026-1/install/xarm_msgs/share/xarm_msgs/srv/SetTcpLoad.idl
[3.184s] -- Up-to-date: /home/catcyber02/Mobile-Robots-2026-1/install/xarm_msgs/share/xarm_msgs/srv/SetModbusTimeout.idl
[3.184s] -- Up-to-date: /home/catcyber02/Mobile-Robots-2026-1/install/xarm_msgs/share/xarm_msgs/srv/IdenLoad.idl
[3.184s] -- Up-to-date: /home/catcyber02/Mobile-Robots-2026-1/install/xarm_msgs/share/xarm_msgs/srv/FtCaliLoad.idl
[3.185s] -- Up-to-date: /home/catcyber02/Mobile-Robots-2026-1/install/xarm_msgs/share/xarm_msgs/srv/FtForceParams.idl
[3.185s] -- Up-to-date: /home/catcyber02/Mobile-Robots-2026-1/install/xarm_msgs/share/xarm_msgs/srv/FtAdmittanceParams.idl
[3.185s] -- Up-to-date: /home/catcyber02/Mobile-Robots-2026-1/install/xarm_msgs/share/xarm_msgs/srv/LinearMotorBackOrigin.idl
[3.185s] -- Up-to-date: /home/catcyber02/Mobile-Robots-2026-1/install/xarm_msgs/share/xarm_msgs/srv/LinearMotorSetPos.idl
[3.185s] -- Up-to-date: /home/catcyber02/Mobile-Robots-2026-1/install/xarm_msgs/share/xarm_msgs/srv/PlanExec.idl
[3.186s] -- Up-to-date: /home/catcyber02/Mobile-Robots-2026-1/install/xarm_msgs/share/xarm_msgs/srv/PlanJoint.idl
[3.186s] -- Up-to-date: /home/catcyber02/Mobile-Robots-2026-1/install/xarm_msgs/share/xarm_msgs/srv/PlanPose.idl
[3.186s] -- Up-to-date: /home/catcyber02/Mobile-Robots-2026-1/install/xarm_msgs/share/xarm_msgs/srv/PlanSingleStraight.idl
[3.186s] -- Up-to-date: /home/catcyber02/Mobile-Robots-2026-1/install/xarm_msgs/share/xarm_msgs/srv/FtForceConfig.idl
[3.187s] -- Up-to-date: /home/catcyber02/Mobile-Robots-2026-1/install/xarm_msgs/share/xarm_msgs/srv/FtForcePid.idl
[3.187s] -- Up-to-date: /home/catcyber02/Mobile-Robots-2026-1/install/xarm_msgs/share/xarm_msgs/srv/FtImpedance.idl
[3.187s] -- Up-to-date: /home/catcyber02/Mobile-Robots-2026-1/install/xarm_msgs/share/xarm_msgs/srv/LinearTrackBackOrigin.idl
[3.187s] -- Up-to-date: /home/catcyber02/Mobile-Robots-2026-1/install/xarm_msgs/share/xarm_msgs/srv/LinearTrackSetPos.idl
[3.187s] -- Up-to-date: /home/catcyber02/Mobile-Robots-2026-1/install/xarm_msgs/share/xarm_msgs/msg/RobotMsg.msg
[3.188s] -- Up-to-date: /home/catcyber02/Mobile-Robots-2026-1/install/xarm_msgs/share/xarm_msgs/msg/IOState.msg
[3.188s] -- Up-to-date: /home/catcyber02/Mobile-Robots-2026-1/install/xarm_msgs/share/xarm_msgs/msg/CIOState.msg
[3.188s] -- Up-to-date: /home/catcyber02/Mobile-Robots-2026-1/install/xarm_msgs/share/xarm_msgs/msg/MoveVelocity.msg
[3.188s] -- Up-to-date: /home/catcyber02/Mobile-Robots-2026-1/install/xarm_msgs/share/xarm_msgs/srv/BioGripperCtrl.srv
[3.188s] -- Up-to-date: /home/catcyber02/Mobile-Robots-2026-1/install/xarm_msgs/share/xarm_msgs/srv/BioGripperEnable.srv
[3.189s] -- Up-to-date: /home/catcyber02/Mobile-Robots-2026-1/install/xarm_msgs/share/xarm_msgs/srv/Call.srv
[3.189s] -- Up-to-date: /home/catcyber02/Mobile-Robots-2026-1/install/xarm_msgs/share/xarm_msgs/srv/GetAnalogIO.srv
[3.189s] -- Up-to-date: /home/catcyber02/Mobile-Robots-2026-1/install/xarm_msgs/share/xarm_msgs/srv/GetDigitalIO.srv
[3.189s] -- Up-to-date: /home/catcyber02/Mobile-Robots-2026-1/install/xarm_msgs/share/xarm_msgs/srv/GetFloat32.srv
[3.189s] -- Up-to-date: /home/catcyber02/Mobile-Robots-2026-1/install/xarm_msgs/share/xarm_msgs/srv/GetFloat32List.srv
[3.190s] -- Up-to-date: /home/catcyber02/Mobile-Robots-2026-1/install/xarm_msgs/share/xarm_msgs/srv/GetInt16.srv
[3.190s] -- Up-to-date: /home/catcyber02/Mobile-Robots-2026-1/install/xarm_msgs/share/xarm_msgs/srv/GetInt16List.srv
[3.190s] -- Up-to-date: /home/catcyber02/Mobile-Robots-2026-1/install/xarm_msgs/share/xarm_msgs/srv/GetInt32.srv
[3.190s] -- Up-to-date: /home/catcyber02/Mobile-Robots-2026-1/install/xarm_msgs/share/xarm_msgs/srv/GetInt32ByType.srv
[3.190s] -- Up-to-date: /home/catcyber02/Mobile-Robots-2026-1/install/xarm_msgs/share/xarm_msgs/srv/GetSetModbusData.srv
[3.190s] -- Up-to-date: /home/catcyber02/Mobile-Robots-2026-1/install/xarm_msgs/share/xarm_msgs/srv/GripperMove.srv
[3.191s] -- Up-to-date: /home/catcyber02/Mobile-Robots-2026-1/install/xarm_msgs/share/xarm_msgs/srv/MoveCartesian.srv
[3.191s] -- Up-to-date: /home/catcyber02/Mobile-Robots-2026-1/install/xarm_msgs/share/xarm_msgs/srv/MoveCircle.srv
[3.191s] -- Up-to-date: /home/catcyber02/Mobile-Robots-2026-1/install/xarm_msgs/share/xarm_msgs/srv/MoveHome.srv
[3.191s] -- Up-to-date: /home/catcyber02/Mobile-Robots-2026-1/install/xarm_msgs/share/xarm_msgs/srv/MoveJoint.srv
[3.191s] -- Up-to-date: /home/catcyber02/Mobile-Robots-2026-1/install/xarm_msgs/share/xarm_msgs/srv/MoveVelocity.srv
[3.191s] -- Up-to-date: /home/catcyber02/Mobile-Robots-2026-1/install/xarm_msgs/share/xarm_msgs/srv/RobotiqActivate.srv
[3.192s] -- Up-to-date: /home/catcyber02/Mobile-Robots-2026-1/install/xarm_msgs/share/xarm_msgs/srv/RobotiqGetStatus.srv
[3.192s] -- Up-to-date: /home/catcyber02/Mobile-Robots-2026-1/install/xarm_msgs/share/xarm_msgs/srv/RobotiqMove.srv
[3.192s] -- Up-to-date: /home/catcyber02/Mobile-Robots-2026-1/install/xarm_msgs/share/xarm_msgs/srv/RobotiqReset.srv
[3.192s] -- Up-to-date: /home/catcyber02/Mobile-Robots-2026-1/install/xarm_msgs/share/xarm_msgs/srv/SetAnalogIO.srv
[3.192s] -- Up-to-date: /home/catcyber02/Mobile-Robots-2026-1/install/xarm_msgs/share/xarm_msgs/srv/SetDigitalIO.srv
[3.193s] -- Up-to-date: /home/catcyber02/Mobile-Robots-2026-1/install/xarm_msgs/share/xarm_msgs/srv/SetFloat32.srv
[3.193s] -- Up-to-date: /home/catcyber02/Mobile-Robots-2026-1/install/xarm_msgs/share/xarm_msgs/srv/SetFloat32List.srv
[3.193s] -- Up-to-date: /home/catcyber02/Mobile-Robots-2026-1/install/xarm_msgs/share/xarm_msgs/srv/SetInt16.srv
[3.193s] -- Up-to-date: /home/catcyber02/Mobile-Robots-2026-1/install/xarm_msgs/share/xarm_msgs/srv/SetInt16ById.srv
[3.194s] -- Up-to-date: /home/catcyber02/Mobile-Robots-2026-1/install/xarm_msgs/share/xarm_msgs/srv/SetInt16List.srv
[3.194s] -- Up-to-date: /home/catcyber02/Mobile-Robots-2026-1/install/xarm_msgs/share/xarm_msgs/srv/SetInt32.srv
[3.194s] -- Up-to-date: /home/catcyber02/Mobile-Robots-2026-1/install/xarm_msgs/share/xarm_msgs/srv/SetInt32ByType.srv
[3.194s] -- Up-to-date: /home/catcyber02/Mobile-Robots-2026-1/install/xarm_msgs/share/xarm_msgs/srv/TrajCtrl.srv
[3.194s] -- Up-to-date: /home/catcyber02/Mobile-Robots-2026-1/install/xarm_msgs/share/xarm_msgs/srv/TrajPlay.srv
[3.195s] -- Up-to-date: /home/catcyber02/Mobile-Robots-2026-1/install/xarm_msgs/share/xarm_msgs/srv/VacuumGripperCtrl.srv
[3.195s] -- Up-to-date: /home/catcyber02/Mobile-Robots-2026-1/install/xarm_msgs/share/xarm_msgs/srv/SetTcpLoad.srv
[3.195s] -- Up-to-date: /home/catcyber02/Mobile-Robots-2026-1/install/xarm_msgs/share/xarm_msgs/srv/SetModbusTimeout.srv
[3.195s] -- Up-to-date: /home/catcyber02/Mobile-Robots-2026-1/install/xarm_msgs/share/xarm_msgs/srv/IdenLoad.srv
[3.195s] -- Up-to-date: /home/catcyber02/Mobile-Robots-2026-1/install/xarm_msgs/share/xarm_msgs/srv/FtCaliLoad.srv
[3.196s] -- Up-to-date: /home/catcyber02/Mobile-Robots-2026-1/install/xarm_msgs/share/xarm_msgs/srv/FtForceParams.srv
[3.196s] -- Up-to-date: /home/catcyber02/Mobile-Robots-2026-1/install/xarm_msgs/share/xarm_msgs/srv/FtAdmittanceParams.srv
[3.196s] -- Up-to-date: /home/catcyber02/Mobile-Robots-2026-1/install/xarm_msgs/share/xarm_msgs/srv/LinearMotorBackOrigin.srv
[3.196s] -- Up-to-date: /home/catcyber02/Mobile-Robots-2026-1/install/xarm_msgs/share/xarm_msgs/srv/LinearMotorSetPos.srv
[3.197s] -- Up-to-date: /home/catcyber02/Mobile-Robots-2026-1/install/xarm_msgs/share/xarm_msgs/srv/PlanExec.srv
[3.197s] -- Up-to-date: /home/catcyber02/Mobile-Robots-2026-1/install/xarm_msgs/share/xarm_msgs/srv/PlanJoint.srv
[3.197s] -- Up-to-date: /home/catcyber02/Mobile-Robots-2026-1/install/xarm_msgs/share/xarm_msgs/srv/PlanPose.srv
[3.197s] -- Up-to-date: /home/catcyber02/Mobile-Robots-2026-1/install/xarm_msgs/share/xarm_msgs/srv/PlanSingleStraight.srv
[3.198s] -- Up-to-date: /home/catcyber02/Mobile-Robots-2026-1/install/xarm_msgs/share/xarm_msgs/srv/FtForceConfig.srv
[3.198s] -- Up-to-date: /home/catcyber02/Mobile-Robots-2026-1/install/xarm_msgs/share/xarm_msgs/srv/FtForcePid.srv
[3.198s] -- Up-to-date: /home/catcyber02/Mobile-Robots-2026-1/install/xarm_msgs/share/xarm_msgs/srv/FtImpedance.srv
[3.198s] -- Up-to-date: /home/catcyber02/Mobile-Robots-2026-1/install/xarm_msgs/share/xarm_msgs/srv/LinearTrackBackOrigin.srv
[3.198s] -- Up-to-date: /home/catcyber02/Mobile-Robots-2026-1/install/xarm_msgs/share/xarm_msgs/srv/LinearTrackSetPos.srv
[3.198s] -- Up-to-date: /home/catcyber02/Mobile-Robots-2026-1/install/xarm_msgs/share/ament_index/resource_index/package_run_dependencies/xarm_msgs
[3.199s] -- Up-to-date: /home/catcyber02/Mobile-Robots-2026-1/install/xarm_msgs/share/ament_index/resource_index/parent_prefix_path/xarm_msgs
[3.199s] -- Up-to-date: /home/catcyber02/Mobile-Robots-2026-1/install/xarm_msgs/share/xarm_msgs/environment/ament_prefix_path.sh
[3.199s] -- Up-to-date: /home/catcyber02/Mobile-Robots-2026-1/install/xarm_msgs/share/xarm_msgs/environment/ament_prefix_path.dsv
[3.199s] -- Up-to-date: /home/catcyber02/Mobile-Robots-2026-1/install/xarm_msgs/share/xarm_msgs/environment/path.sh
[3.199s] -- Up-to-date: /home/catcyber02/Mobile-Robots-2026-1/install/xarm_msgs/share/xarm_msgs/environment/path.dsv
[3.200s] -- Up-to-date: /home/catcyber02/Mobile-Robots-2026-1/install/xarm_msgs/share/xarm_msgs/local_setup.bash
[3.200s] -- Up-to-date: /home/catcyber02/Mobile-Robots-2026-1/install/xarm_msgs/share/xarm_msgs/local_setup.sh
[3.200s] -- Up-to-date: /home/catcyber02/Mobile-Robots-2026-1/install/xarm_msgs/share/xarm_msgs/local_setup.zsh
[3.200s] -- Up-to-date: /home/catcyber02/Mobile-Robots-2026-1/install/xarm_msgs/share/xarm_msgs/local_setup.dsv
[3.200s] -- Installing: /home/catcyber02/Mobile-Robots-2026-1/install/xarm_msgs/share/xarm_msgs/package.dsv
[3.200s] -- Up-to-date: /home/catcyber02/Mobile-Robots-2026-1/install/xarm_msgs/share/ament_index/resource_index/packages/xarm_msgs
[3.201s] -- Up-to-date: /home/catcyber02/Mobile-Robots-2026-1/install/xarm_msgs/share/xarm_msgs/cmake/export_xarm_msgs__rosidl_generator_cExport.cmake
[3.201s] -- Up-to-date: /home/catcyber02/Mobile-Robots-2026-1/install/xarm_msgs/share/xarm_msgs/cmake/export_xarm_msgs__rosidl_generator_cExport-noconfig.cmake
[3.201s] -- Up-to-date: /home/catcyber02/Mobile-Robots-2026-1/install/xarm_msgs/share/xarm_msgs/cmake/export_xarm_msgs__rosidl_typesupport_fastrtps_cExport.cmake
[3.201s] -- Up-to-date: /home/catcyber02/Mobile-Robots-2026-1/install/xarm_msgs/share/xarm_msgs/cmake/export_xarm_msgs__rosidl_typesupport_fastrtps_cExport-noconfig.cmake
[3.201s] -- Up-to-date: /home/catcyber02/Mobile-Robots-2026-1/install/xarm_msgs/share/xarm_msgs/cmake/export_xarm_msgs__rosidl_generator_cppExport.cmake
[3.201s] -- Up-to-date: /home/catcyber02/Mobile-Robots-2026-1/install/xarm_msgs/share/xarm_msgs/cmake/export_xarm_msgs__rosidl_typesupport_fastrtps_cppExport.cmake
[3.202s] -- Up-to-date: /home/catcyber02/Mobile-Robots-2026-1/install/xarm_msgs/share/xarm_msgs/cmake/export_xarm_msgs__rosidl_typesupport_fastrtps_cppExport-noconfig.cmake
[3.202s] -- Up-to-date: /home/catcyber02/Mobile-Robots-2026-1/install/xarm_msgs/share/xarm_msgs/cmake/xarm_msgs__rosidl_typesupport_introspection_cExport.cmake
[3.202s] -- Up-to-date: /home/catcyber02/Mobile-Robots-2026-1/install/xarm_msgs/share/xarm_msgs/cmake/xarm_msgs__rosidl_typesupport_introspection_cExport-noconfig.cmake
[3.202s] -- Up-to-date: /home/catcyber02/Mobile-Robots-2026-1/install/xarm_msgs/share/xarm_msgs/cmake/xarm_msgs__rosidl_typesupport_cExport.cmake
[3.203s] -- Up-to-date: /home/catcyber02/Mobile-Robots-2026-1/install/xarm_msgs/share/xarm_msgs/cmake/xarm_msgs__rosidl_typesupport_cExport-noconfig.cmake
[3.203s] -- Up-to-date: /home/catcyber02/Mobile-Robots-2026-1/install/xarm_msgs/share/xarm_msgs/cmake/xarm_msgs__rosidl_typesupport_introspection_cppExport.cmake
[3.203s] -- Up-to-date: /home/catcyber02/Mobile-Robots-2026-1/install/xarm_msgs/share/xarm_msgs/cmake/xarm_msgs__rosidl_typesupport_introspection_cppExport-noconfig.cmake
[3.203s] -- Up-to-date: /home/catcyber02/Mobile-Robots-2026-1/install/xarm_msgs/share/xarm_msgs/cmake/xarm_msgs__rosidl_typesupport_cppExport.cmake
[3.203s] -- Up-to-date: /home/catcyber02/Mobile-Robots-2026-1/install/xarm_msgs/share/xarm_msgs/cmake/xarm_msgs__rosidl_typesupport_cppExport-noconfig.cmake
[3.204s] -- Up-to-date: /home/catcyber02/Mobile-Robots-2026-1/install/xarm_msgs/share/xarm_msgs/cmake/export_xarm_msgs__rosidl_generator_pyExport.cmake
[3.204s] -- Up-to-date: /home/catcyber02/Mobile-Robots-2026-1/install/xarm_msgs/share/xarm_msgs/cmake/export_xarm_msgs__rosidl_generator_pyExport-noconfig.cmake
[3.204s] -- Up-to-date: /home/catcyber02/Mobile-Robots-2026-1/install/xarm_msgs/share/xarm_msgs/cmake/rosidl_cmake-extras.cmake
[3.204s] -- Up-to-date: /home/catcyber02/Mobile-Robots-2026-1/install/xarm_msgs/share/xarm_msgs/cmake/ament_cmake_export_dependencies-extras.cmake
[3.204s] -- Up-to-date: /home/catcyber02/Mobile-Robots-2026-1/install/xarm_msgs/share/xarm_msgs/cmake/ament_cmake_export_include_directories-extras.cmake
[3.205s] -- Up-to-date: /home/catcyber02/Mobile-Robots-2026-1/install/xarm_msgs/share/xarm_msgs/cmake/ament_cmake_export_libraries-extras.cmake
[3.205s] -- Up-to-date: /home/catcyber02/Mobile-Robots-2026-1/install/xarm_msgs/share/xarm_msgs/cmake/ament_cmake_export_targets-extras.cmake
[3.205s] -- Up-to-date: /home/catcyber02/Mobile-Robots-2026-1/install/xarm_msgs/share/xarm_msgs/cmake/rosidl_cmake_export_typesupport_targets-extras.cmake
[3.205s] -- Up-to-date: /home/catcyber02/Mobile-Robots-2026-1/install/xarm_msgs/share/xarm_msgs/cmake/rosidl_cmake_export_typesupport_libraries-extras.cmake
[3.205s] -- Up-to-date: /home/catcyber02/Mobile-Robots-2026-1/install/xarm_msgs/share/xarm_msgs/cmake/xarm_msgsConfig.cmake
[3.205s] -- Up-to-date: /home/catcyber02/Mobile-Robots-2026-1/install/xarm_msgs/share/xarm_msgs/cmake/xarm_msgsConfig-version.cmake
[3.206s] -- Up-to-date: /home/catcyber02/Mobile-Robots-2026-1/install/xarm_msgs/share/xarm_msgs/package.xml
[3.810s] Invoked command in '/home/catcyber02/Mobile-Robots-2026-1/build/xarm_msgs' returned '0': CMAKE_PREFIX_PATH=${CMAKE_PREFIX_PATH}:/home/catcyber02/Mobile-Robots-2026-1/install/uf_ros_lib:/home/catcyber02/Mobile-Robots-2026-1/install/simple_move:/home/catcyber02/Mobile-Robots-2026-1/install/path_planner:/home/catcyber02/Mobile-Robots-2026-1/install/map_augmenter:/home/catcyber02/Mobile-Robots-2026-1/ros2_ws/install/uf_ros_lib:/home/catcyber02/Mobile-Robots-2026-1/ros2_ws/install/simple_move:/home/catcyber02/Mobile-Robots-2026-1/ros2_ws/install/path_planner:/home/catcyber02/Mobile-Robots-2026-1/ros2_ws/install/map_augmenter:/opt/ros/jazzy DEBUGINFOD_URLS=https://debuginfod.ubuntu.com /usr/bin/cmake --install /home/catcyber02/Mobile-Robots-2026-1/build/xarm_msgs
