[0.153s] Invoking command in '/home/catcyber02/Mobile-Robots-2026-1/build/xarm_msgs': CMAKE_PREFIX_PATH=${CMAKE_PREFIX_PATH}:/home/catcyber02/Mobile-Robots-2026-1/ros2_ws/install/uf_ros_lib:/home/catcyber02/Mobile-Robots-2026-1/ros2_ws/install/simple_move:/opt/ros/jazzy DEBUGINFOD_URLS=https://debuginfod.ubuntu.com /usr/bin/cmake --build /home/catcyber02/Mobile-Robots-2026-1/build/xarm_msgs -- -j8 -l8
[0.549s] [  0%] Built target xarm_msgs__rosidl_generator_type_description
[0.698s] [  0%] Built target xarm_msgs__cpp
[0.703s] [  0%] Built target ament_cmake_python_copy_xarm_msgs
[0.795s] [ 29%] Built target xarm_msgs__rosidl_generator_c
[1.067s] [ 39%] Built target xarm_msgs__rosidl_typesupport_c
[1.085s] [ 49%] Built target xarm_msgs__rosidl_typesupport_introspection_c
[1.111s] [ 59%] Built target xarm_msgs__rosidl_typesupport_cpp
[1.117s] [ 69%] Built target xarm_msgs__rosidl_typesupport_fastrtps_cpp
[1.154s] [ 78%] Built target xarm_msgs__rosidl_typesupport_introspection_cpp
[1.158s] [ 88%] Built target xarm_msgs__rosidl_typesupport_fastrtps_c
[1.237s] [ 88%] Built target xarm_msgs
[1.343s] [ 88%] Built target xarm_msgs__py
[2.074s] [ 98%] Built target xarm_msgs__rosidl_generator_py
[2.306s] [ 98%] Built target xarm_msgs_s__rosidl_typesupport_fastrtps_c
[2.411s] [ 99%] Built target xarm_msgs_s__rosidl_typesupport_c
[2.490s] [100%] Built target xarm_msgs_s__rosidl_typesupport_introspection_c
[2.494s] running egg_info
[2.497s] writing xarm_msgs.egg-info/PKG-INFO
[2.498s] writing dependency_links to xarm_msgs.egg-info/dependency_links.txt
[2.498s] writing top-level names to xarm_msgs.egg-info/top_level.txt
[2.502s] reading manifest file 'xarm_msgs.egg-info/SOURCES.txt'
[2.503s] writing manifest file 'xarm_msgs.egg-info/SOURCES.txt'
[2.504s] [100%] Built target ament_cmake_python_build_xarm_msgs_egg
[3.183s] Invoked command in '/home/catcyber02/Mobile-Robots-2026-1/build/xarm_msgs' returned '0': CMAKE_PREFIX_PATH=${CMAKE_PREFIX_PATH}:/home/catcyber02/Mobile-Robots-2026-1/ros2_ws/install/uf_ros_lib:/home/catcyber02/Mobile-Robots-2026-1/ros2_ws/install/simple_move:/opt/ros/jazzy DEBUGINFOD_URLS=https://debuginfod.ubuntu.com /usr/bin/cmake --build /home/catcyber02/Mobile-Robots-2026-1/build/xarm_msgs -- -j8 -l8
[3.188s] Invoking command in '/home/catcyber02/Mobile-Robots-2026-1/build/xarm_msgs': CMAKE_PREFIX_PATH=${CMAKE_PREFIX_PATH}:/home/catcyber02/Mobile-Robots-2026-1/ros2_ws/install/uf_ros_lib:/home/catcyber02/Mobile-Robots-2026-1/ros2_ws/install/simple_move:/opt/ros/jazzy DEBUGINFOD_URLS=https://debuginfod.ubuntu.com /usr/bin/cmake --install /home/catcyber02/Mobile-Robots-2026-1/build/xarm_msgs
[4.614s] -- Install configuration: ""
[4.617s] -- Up-to-date: /home/catcyber02/Mobile-Robots-2026-1/install/xarm_msgs/share/ament_index/resource_index/rosidl_interfaces/xarm_msgs
[4.619s] -- Up-to-date: /home/catcyber02/Mobile-Robots-2026-1/install/xarm_msgs/share/xarm_msgs/msg/RobotMsg.json
[4.619s] -- Up-to-date: /home/catcyber02/Mobile-Robots-2026-1/install/xarm_msgs/share/xarm_msgs/msg/IOState.json
[4.621s] -- Up-to-date: /home/catcyber02/Mobile-Robots-2026-1/install/xarm_msgs/share/xarm_msgs/msg/CIOState.json
[4.622s] -- Up-to-date: /home/catcyber02/Mobile-Robots-2026-1/install/xarm_msgs/share/xarm_msgs/msg/MoveVelocity.json
[4.625s] -- Up-to-date: /home/catcyber02/Mobile-Robots-2026-1/install/xarm_msgs/share/xarm_msgs/srv/BioGripperCtrl.json
[4.625s] -- Up-to-date: /home/catcyber02/Mobile-Robots-2026-1/install/xarm_msgs/share/xarm_msgs/srv/BioGripperEnable.json
[4.626s] -- Up-to-date: /home/catcyber02/Mobile-Robots-2026-1/install/xarm_msgs/share/xarm_msgs/srv/Call.json
[4.626s] -- Up-to-date: /home/catcyber02/Mobile-Robots-2026-1/install/xarm_msgs/share/xarm_msgs/srv/GetAnalogIO.json
[4.627s] -- Up-to-date: /home/catcyber02/Mobile-Robots-2026-1/install/xarm_msgs/share/xarm_msgs/srv/GetDigitalIO.json
[4.631s] -- Up-to-date: /home/catcyber02/Mobile-Robots-2026-1/install/xarm_msgs/share/xarm_msgs/srv/GetFloat32.json
[4.631s] -- Up-to-date: /home/catcyber02/Mobile-Robots-2026-1/install/xarm_msgs/share/xarm_msgs/srv/GetFloat32List.json
[4.632s] -- Up-to-date: /home/catcyber02/Mobile-Robots-2026-1/install/xarm_msgs/share/xarm_msgs/srv/GetInt16.json
[4.633s] -- Up-to-date: /home/catcyber02/Mobile-Robots-2026-1/install/xarm_msgs/share/xarm_msgs/srv/GetInt16List.json
[4.635s] -- Up-to-date: /home/catcyber02/Mobile-Robots-2026-1/install/xarm_msgs/share/xarm_msgs/srv/GetInt32.json
[4.636s] -- Up-to-date: /home/catcyber02/Mobile-Robots-2026-1/install/xarm_msgs/share/xarm_msgs/srv/GetInt32ByType.json
[4.637s] -- Up-to-date: /home/catcyber02/Mobile-Robots-2026-1/install/xarm_msgs/share/xarm_msgs/srv/GetSetModbusData.json
[4.638s] -- Up-to-date: /home/catcyber02/Mobile-Robots-2026-1/install/xarm_msgs/share/xarm_msgs/srv/GripperMove.json
[4.639s] -- Up-to-date: /home/catcyber02/Mobile-Robots-2026-1/install/xarm_msgs/share/xarm_msgs/srv/MoveCartesian.json
[4.639s] -- Up-to-date: /home/catcyber02/Mobile-Robots-2026-1/install/xarm_msgs/share/xarm_msgs/srv/MoveCircle.json
[4.640s] -- Up-to-date: /home/catcyber02/Mobile-Robots-2026-1/install/xarm_msgs/share/xarm_msgs/srv/MoveHome.json
[4.640s] -- Up-to-date: /home/catcyber02/Mobile-Robots-2026-1/install/xarm_msgs/share/xarm_msgs/srv/MoveJoint.json
[4.640s] -- Up-to-date: /home/catcyber02/Mobile-Robots-2026-1/install/xarm_msgs/share/xarm_msgs/srv/MoveVelocity.json
[4.642s] -- Up-to-date: /home/catcyber02/Mobile-Robots-2026-1/install/xarm_msgs/share/xarm_msgs/srv/RobotiqActivate.json
[4.644s] -- Up-to-date: /home/catcyber02/Mobile-Robots-2026-1/install/xarm_msgs/share/xarm_msgs/srv/RobotiqGetStatus.json
[4.647s] -- Up-to-date: /home/catcyber02/Mobile-Robots-2026-1/install/xarm_msgs/share/xarm_msgs/srv/RobotiqMove.json
[4.647s] -- Up-to-date: /home/catcyber02/Mobile-Robots-2026-1/install/xarm_msgs/share/xarm_msgs/srv/RobotiqReset.json
[4.648s] -- Up-to-date: /home/catcyber02/Mobile-Robots-2026-1/install/xarm_msgs/share/xarm_msgs/srv/SetAnalogIO.json
[4.648s] -- Up-to-date: /home/catcyber02/Mobile-Robots-2026-1/install/xarm_msgs/share/xarm_msgs/srv/SetDigitalIO.json
[4.648s] -- Up-to-date: /home/catcyber02/Mobile-Robots-2026-1/install/xarm_msgs/share/xarm_msgs/srv/SetFloat32.json
[4.648s] -- Up-to-date: /home/catcyber02/Mobile-Robots-2026-1/install/xarm_msgs/share/xarm_msgs/srv/SetFloat32List.json
[4.648s] -- Up-to-date: /home/catcyber02/Mobile-Robots-2026-1/install/xarm_msgs/share/xarm_msgs/srv/SetInt16.json
[4.653s] -- Up-to-date: /home/catcyber02/Mobile-Robots-2026-1/install/xarm_msgs/share/xarm_msgs/srv/SetInt16ById.json
[4.655s] -- Up-to-date: /home/catcyber02/Mobile-Robots-2026-1/install/xarm_msgs/share/xarm_msgs/srv/SetInt16List.json
[4.659s] -- Up-to-date: /home/catcyber02/Mobile-Robots-2026-1/install/xarm_msgs/share/xarm_msgs/srv/SetInt32.json
[4.666s] -- Up-to-date: /home/catcyber02/Mobile-Robots-2026-1/install/xarm_msgs/share/xarm_msgs/srv/SetInt32ByType.json
[4.669s] -- Up-to-date: /home/catcyber02/Mobile-Robots-2026-1/install/xarm_msgs/share/xarm_msgs/srv/TrajCtrl.json
[4.670s] -- Up-to-date: /home/catcyber02/Mobile-Robots-2026-1/install/xarm_msgs/share/xarm_msgs/srv/TrajPlay.json
[4.671s] -- Up-to-date: /home/catcyber02/Mobile-Robots-2026-1/install/xarm_msgs/share/xarm_msgs/srv/VacuumGripperCtrl.json
[4.671s] -- Up-to-date: /home/catcyber02/Mobile-Robots-2026-1/install/xarm_msgs/share/xarm_msgs/srv/SetTcpLoad.json
[4.672s] -- Up-to-date: /home/catcyber02/Mobile-Robots-2026-1/install/xarm_msgs/share/xarm_msgs/srv/SetModbusTimeout.json
[4.673s] -- Up-to-date: /home/catcyber02/Mobile-Robots-2026-1/install/xarm_msgs/share/xarm_msgs/srv/IdenLoad.json
[4.674s] -- Up-to-date: /home/catcyber02/Mobile-Robots-2026-1/install/xarm_msgs/share/xarm_msgs/srv/FtCaliLoad.json
[4.675s] -- Up-to-date: /home/catcyber02/Mobile-Robots-2026-1/install/xarm_msgs/share/xarm_msgs/srv/FtForceParams.json
[4.676s] -- Up-to-date: /home/catcyber02/Mobile-Robots-2026-1/install/xarm_msgs/share/xarm_msgs/srv/FtAdmittanceParams.json
[4.677s] -- Up-to-date: /home/catcyber02/Mobile-Robots-2026-1/install/xarm_msgs/share/xarm_msgs/srv/LinearMotorBackOrigin.json
[4.678s] -- Up-to-date: /home/catcyber02/Mobile-Robots-2026-1/install/xarm_msgs/share/xarm_msgs/srv/LinearMotorSetPos.json
[4.678s] -- Up-to-date: /home/catcyber02/Mobile-Robots-2026-1/install/xarm_msgs/share/xarm_msgs/srv/PlanExec.json
[4.679s] -- Up-to-date: /home/catcyber02/Mobile-Robots-2026-1/install/xarm_msgs/share/xarm_msgs/srv/PlanJoint.json
[4.680s] -- Up-to-date: /home/catcyber02/Mobile-Robots-2026-1/install/xarm_msgs/share/xarm_msgs/srv/PlanPose.json
[4.681s] -- Up-to-date: /home/catcyber02/Mobile-Robots-2026-1/install/xarm_msgs/share/xarm_msgs/srv/PlanSingleStraight.json
[4.683s] -- Up-to-date: /home/catcyber02/Mobile-Robots-2026-1/install/xarm_msgs/share/xarm_msgs/srv/FtForceConfig.json
[4.684s] -- Up-to-date: /home/catcyber02/Mobile-Robots-2026-1/install/xarm_msgs/share/xarm_msgs/srv/FtForcePid.json
[4.685s] -- Up-to-date: /home/catcyber02/Mobile-Robots-2026-1/install/xarm_msgs/share/xarm_msgs/srv/FtImpedance.json
[4.685s] -- Up-to-date: /home/catcyber02/Mobile-Robots-2026-1/install/xarm_msgs/share/xarm_msgs/srv/LinearTrackBackOrigin.json
[4.685s] -- Up-to-date: /home/catcyber02/Mobile-Robots-2026-1/install/xarm_msgs/share/xarm_msgs/srv/LinearTrackSetPos.json
[4.685s] -- Up-to-date: /home/catcyber02/Mobile-Robots-2026-1/install/xarm_msgs/include/xarm_msgs/xarm_msgs
[4.686s] -- Up-to-date: /home/catcyber02/Mobile-Robots-2026-1/install/xarm_msgs/include/xarm_msgs/xarm_msgs/srv
[4.692s] -- Up-to-date: /home/catcyber02/Mobile-Robots-2026-1/install/xarm_msgs/include/xarm_msgs/xarm_msgs/srv/ft_force_params.h
[4.693s] -- Up-to-date: /home/catcyber02/Mobile-Robots-2026-1/install/xarm_msgs/include/xarm_msgs/xarm_msgs/srv/linear_track_back_origin.h
[4.694s] -- Up-to-date: /home/catcyber02/Mobile-Robots-2026-1/install/xarm_msgs/include/xarm_msgs/xarm_msgs/srv/bio_gripper_enable.h
[4.697s] -- Up-to-date: /home/catcyber02/Mobile-Robots-2026-1/install/xarm_msgs/include/xarm_msgs/xarm_msgs/srv/plan_joint.h
[4.702s] -- Up-to-date: /home/catcyber02/Mobile-Robots-2026-1/install/xarm_msgs/include/xarm_msgs/xarm_msgs/srv/plan_single_straight.h
[4.702s] -- Up-to-date: /home/catcyber02/Mobile-Robots-2026-1/install/xarm_msgs/include/xarm_msgs/xarm_msgs/srv/get_digital_io.h
[4.703s] -- Up-to-date: /home/catcyber02/Mobile-Robots-2026-1/install/xarm_msgs/include/xarm_msgs/xarm_msgs/srv/robotiq_reset.h
[4.703s] -- Up-to-date: /home/catcyber02/Mobile-Robots-2026-1/install/xarm_msgs/include/xarm_msgs/xarm_msgs/srv/iden_load.h
[4.708s] -- Up-to-date: /home/catcyber02/Mobile-Robots-2026-1/install/xarm_msgs/include/xarm_msgs/xarm_msgs/srv/ft_cali_load.h
[4.710s] -- Up-to-date: /home/catcyber02/Mobile-Robots-2026-1/install/xarm_msgs/include/xarm_msgs/xarm_msgs/srv/linear_motor_back_origin.h
[4.713s] -- Up-to-date: /home/catcyber02/Mobile-Robots-2026-1/install/xarm_msgs/include/xarm_msgs/xarm_msgs/srv/move_home.h
[4.714s] -- Up-to-date: /home/catcyber02/Mobile-Robots-2026-1/install/xarm_msgs/include/xarm_msgs/xarm_msgs/srv/get_float32_list.h
[4.714s] -- Up-to-date: /home/catcyber02/Mobile-Robots-2026-1/install/xarm_msgs/include/xarm_msgs/xarm_msgs/srv/set_digital_io.h
[4.715s] -- Up-to-date: /home/catcyber02/Mobile-Robots-2026-1/install/xarm_msgs/include/xarm_msgs/xarm_msgs/srv/traj_ctrl.h
[4.716s] -- Up-to-date: /home/catcyber02/Mobile-Robots-2026-1/install/xarm_msgs/include/xarm_msgs/xarm_msgs/srv/plan_pose.h
[4.716s] -- Up-to-date: /home/catcyber02/Mobile-Robots-2026-1/install/xarm_msgs/include/xarm_msgs/xarm_msgs/srv/move_cartesian.h
[4.717s] -- Up-to-date: /home/catcyber02/Mobile-Robots-2026-1/install/xarm_msgs/include/xarm_msgs/xarm_msgs/srv/set_int16_by_id.h
[4.717s] -- Up-to-date: /home/catcyber02/Mobile-Robots-2026-1/install/xarm_msgs/include/xarm_msgs/xarm_msgs/srv/detail
[4.718s] -- Up-to-date: /home/catcyber02/Mobile-Robots-2026-1/install/xarm_msgs/include/xarm_msgs/xarm_msgs/srv/detail/set_int16_by_id__struct.h
[4.718s] -- Installing: /home/catcyber02/Mobile-Robots-2026-1/install/xarm_msgs/include/xarm_msgs/xarm_msgs/srv/detail/linear_motor_back_origin__type_support.c
[4.719s] -- Up-to-date: /home/catcyber02/Mobile-Robots-2026-1/install/xarm_msgs/include/xarm_msgs/xarm_msgs/srv/detail/get_int16_list__functions.c
[4.719s] -- Up-to-date: /home/catcyber02/Mobile-Robots-2026-1/install/xarm_msgs/include/xarm_msgs/xarm_msgs/srv/detail/move_cartesian__functions.c
[4.720s] -- Up-to-date: /home/catcyber02/Mobile-Robots-2026-1/install/xarm_msgs/include/xarm_msgs/xarm_msgs/srv/detail/get_float32__struct.h
[4.720s] -- Up-to-date: /home/catcyber02/Mobile-Robots-2026-1/install/xarm_msgs/include/xarm_msgs/xarm_msgs/srv/detail/move_home__functions.c
[4.721s] -- Up-to-date: /home/catcyber02/Mobile-Robots-2026-1/install/xarm_msgs/include/xarm_msgs/xarm_msgs/srv/detail/gripper_move__struct.h
[4.721s] -- Up-to-date: /home/catcyber02/Mobile-Robots-2026-1/install/xarm_msgs/include/xarm_msgs/xarm_msgs/srv/detail/get_set_modbus_data__struct.h
[4.722s] -- Up-to-date: /home/catcyber02/Mobile-Robots-2026-1/install/xarm_msgs/include/xarm_msgs/xarm_msgs/srv/detail/get_int32_by_type__functions.c
[4.723s] -- Up-to-date: /home/catcyber02/Mobile-Robots-2026-1/install/xarm_msgs/include/xarm_msgs/xarm_msgs/srv/detail/plan_pose__type_support.h
[4.724s] -- Up-to-date: /home/catcyber02/Mobile-Robots-2026-1/install/xarm_msgs/include/xarm_msgs/xarm_msgs/srv/detail/robotiq_get_status__struct.h
[4.725s] -- Up-to-date: /home/catcyber02/Mobile-Robots-2026-1/install/xarm_msgs/include/xarm_msgs/xarm_msgs/srv/detail/get_set_modbus_data__functions.h
[4.726s] -- Up-to-date: /home/catcyber02/Mobile-Robots-2026-1/install/xarm_msgs/include/xarm_msgs/xarm_msgs/srv/detail/get_digital_io__functions.h
[4.726s] -- Up-to-date: /home/catcyber02/Mobile-Robots-2026-1/install/xarm_msgs/include/xarm_msgs/xarm_msgs/srv/detail/move_velocity__functions.h
[4.727s] -- Up-to-date: /home/catcyber02/Mobile-Robots-2026-1/install/xarm_msgs/include/xarm_msgs/xarm_msgs/srv/detail/get_float32_list__description.c
[4.727s] -- Installing: /home/catcyber02/Mobile-Robots-2026-1/install/xarm_msgs/include/xarm_msgs/xarm_msgs/srv/detail/get_set_modbus_data__type_support.c
[4.728s] -- Up-to-date: /home/catcyber02/Mobile-Robots-2026-1/install/xarm_msgs/include/xarm_msgs/xarm_msgs/srv/detail/ft_force_config__struct.h
[4.728s] -- Up-to-date: /home/catcyber02/Mobile-Robots-2026-1/install/xarm_msgs/include/xarm_msgs/xarm_msgs/srv/detail/vacuum_gripper_ctrl__functions.h
[4.730s] -- Up-to-date: /home/catcyber02/Mobile-Robots-2026-1/install/xarm_msgs/include/xarm_msgs/xarm_msgs/srv/detail/ft_cali_load__functions.c
[4.732s] -- Installing: /home/catcyber02/Mobile-Robots-2026-1/install/xarm_msgs/include/xarm_msgs/xarm_msgs/srv/detail/plan_pose__type_support.c
[4.733s] -- Up-to-date: /home/catcyber02/Mobile-Robots-2026-1/install/xarm_msgs/include/xarm_msgs/xarm_msgs/srv/detail/linear_track_back_origin__description.c
[4.733s] -- Up-to-date: /home/catcyber02/Mobile-Robots-2026-1/install/xarm_msgs/include/xarm_msgs/xarm_msgs/srv/detail/iden_load__functions.c
[4.733s] -- Up-to-date: /home/catcyber02/Mobile-Robots-2026-1/install/xarm_msgs/include/xarm_msgs/xarm_msgs/srv/detail/get_int32__struct.h
[4.734s] -- Up-to-date: /home/catcyber02/Mobile-Robots-2026-1/install/xarm_msgs/include/xarm_msgs/xarm_msgs/srv/detail/move_cartesian__description.c
[4.735s] -- Up-to-date: /home/catcyber02/Mobile-Robots-2026-1/install/xarm_msgs/include/xarm_msgs/xarm_msgs/srv/detail/plan_joint__functions.c
[4.736s] -- Installing: /home/catcyber02/Mobile-Robots-2026-1/install/xarm_msgs/include/xarm_msgs/xarm_msgs/srv/detail/bio_gripper_ctrl__type_support.c
[4.737s] -- Up-to-date: /home/catcyber02/Mobile-Robots-2026-1/install/xarm_msgs/include/xarm_msgs/xarm_msgs/srv/detail/set_modbus_timeout__type_support.h
[4.738s] -- Up-to-date: /home/catcyber02/Mobile-Robots-2026-1/install/xarm_msgs/include/xarm_msgs/xarm_msgs/srv/detail/plan_single_straight__type_support.h
[4.738s] -- Installing: /home/catcyber02/Mobile-Robots-2026-1/install/xarm_msgs/include/xarm_msgs/xarm_msgs/srv/detail/get_int32_by_type__type_support.c
[4.739s] -- Up-to-date: /home/catcyber02/Mobile-Robots-2026-1/install/xarm_msgs/include/xarm_msgs/xarm_msgs/srv/detail/robotiq_activate__functions.c
[4.740s] -- Up-to-date: /home/catcyber02/Mobile-Robots-2026-1/install/xarm_msgs/include/xarm_msgs/xarm_msgs/srv/detail/ft_admittance_params__description.c
[4.740s] -- Up-to-date: /home/catcyber02/Mobile-Robots-2026-1/install/xarm_msgs/include/xarm_msgs/xarm_msgs/srv/detail/get_int16_list__type_support.h
[4.744s] -- Up-to-date: /home/catcyber02/Mobile-Robots-2026-1/install/xarm_msgs/include/xarm_msgs/xarm_msgs/srv/detail/plan_exec__functions.h
[4.746s] -- Up-to-date: /home/catcyber02/Mobile-Robots-2026-1/install/xarm_msgs/include/xarm_msgs/xarm_msgs/srv/detail/get_digital_io__struct.h
[4.746s] -- Up-to-date: /home/catcyber02/Mobile-Robots-2026-1/install/xarm_msgs/include/xarm_msgs/xarm_msgs/srv/detail/get_digital_io__type_support.h
[4.747s] -- Up-to-date: /home/catcyber02/Mobile-Robots-2026-1/install/xarm_msgs/include/xarm_msgs/xarm_msgs/srv/detail/robotiq_move__type_support.h
[4.747s] -- Up-to-date: /home/catcyber02/Mobile-Robots-2026-1/install/xarm_msgs/include/xarm_msgs/xarm_msgs/srv/detail/set_digital_io__functions.c
[4.748s] -- Up-to-date: /home/catcyber02/Mobile-Robots-2026-1/install/xarm_msgs/include/xarm_msgs/xarm_msgs/srv/detail/set_tcp_load__functions.h
[4.748s] -- Installing: /home/catcyber02/Mobile-Robots-2026-1/install/xarm_msgs/include/xarm_msgs/xarm_msgs/srv/detail/robotiq_reset__type_support.c
[4.749s] -- Up-to-date: /home/catcyber02/Mobile-Robots-2026-1/install/xarm_msgs/include/xarm_msgs/xarm_msgs/srv/detail/bio_gripper_enable__description.c
[4.749s] -- Up-to-date: /home/catcyber02/Mobile-Robots-2026-1/install/xarm_msgs/include/xarm_msgs/xarm_msgs/srv/detail/set_analog_io__description.c
[4.750s] -- Up-to-date: /home/catcyber02/Mobile-Robots-2026-1/install/xarm_msgs/include/xarm_msgs/xarm_msgs/srv/detail/get_int32_by_type__functions.h
[4.750s] -- Up-to-date: /home/catcyber02/Mobile-Robots-2026-1/install/xarm_msgs/include/xarm_msgs/xarm_msgs/srv/detail/set_int32__struct.h
[4.750s] -- Up-to-date: /home/catcyber02/Mobile-Robots-2026-1/install/xarm_msgs/include/xarm_msgs/xarm_msgs/srv/detail/set_analog_io__struct.h
[4.751s] -- Up-to-date: /home/catcyber02/Mobile-Robots-2026-1/install/xarm_msgs/include/xarm_msgs/xarm_msgs/srv/detail/ft_impedance__functions.c
[4.751s] -- Up-to-date: /home/catcyber02/Mobile-Robots-2026-1/install/xarm_msgs/include/xarm_msgs/xarm_msgs/srv/detail/ft_force_config__functions.c
[4.752s] -- Installing: /home/catcyber02/Mobile-Robots-2026-1/install/xarm_msgs/include/xarm_msgs/xarm_msgs/srv/detail/get_float32_list__type_support.c
[4.752s] -- Installing: /home/catcyber02/Mobile-Robots-2026-1/install/xarm_msgs/include/xarm_msgs/xarm_msgs/srv/detail/plan_joint__type_support.c
[4.753s] -- Up-to-date: /home/catcyber02/Mobile-Robots-2026-1/install/xarm_msgs/include/xarm_msgs/xarm_msgs/srv/detail/linear_motor_back_origin__description.c
[4.753s] -- Up-to-date: /home/catcyber02/Mobile-Robots-2026-1/install/xarm_msgs/include/xarm_msgs/xarm_msgs/srv/detail/bio_gripper_ctrl__struct.h
[4.754s] -- Installing: /home/catcyber02/Mobile-Robots-2026-1/install/xarm_msgs/include/xarm_msgs/xarm_msgs/srv/detail/call__type_support.c
[4.755s] -- Up-to-date: /home/catcyber02/Mobile-Robots-2026-1/install/xarm_msgs/include/xarm_msgs/xarm_msgs/srv/detail/ft_admittance_params__functions.h
[4.755s] -- Up-to-date: /home/catcyber02/Mobile-Robots-2026-1/install/xarm_msgs/include/xarm_msgs/xarm_msgs/srv/detail/robotiq_move__functions.h
[4.755s] -- Up-to-date: /home/catcyber02/Mobile-Robots-2026-1/install/xarm_msgs/include/xarm_msgs/xarm_msgs/srv/detail/set_int32__type_support.h
[4.757s] -- Up-to-date: /home/catcyber02/Mobile-Robots-2026-1/install/xarm_msgs/include/xarm_msgs/xarm_msgs/srv/detail/move_circle__type_support.h
[4.757s] -- Up-to-date: /home/catcyber02/Mobile-Robots-2026-1/install/xarm_msgs/include/xarm_msgs/xarm_msgs/srv/detail/bio_gripper_ctrl__functions.c
[4.758s] -- Up-to-date: /home/catcyber02/Mobile-Robots-2026-1/install/xarm_msgs/include/xarm_msgs/xarm_msgs/srv/detail/linear_motor_back_origin__functions.h
[4.758s] -- Up-to-date: /home/catcyber02/Mobile-Robots-2026-1/install/xarm_msgs/include/xarm_msgs/xarm_msgs/srv/detail/plan_single_straight__struct.h
[4.758s] -- Up-to-date: /home/catcyber02/Mobile-Robots-2026-1/install/xarm_msgs/include/xarm_msgs/xarm_msgs/srv/detail/bio_gripper_enable__functions.c
[4.759s] -- Up-to-date: /home/catcyber02/Mobile-Robots-2026-1/install/xarm_msgs/include/xarm_msgs/xarm_msgs/srv/detail/set_int32_by_type__description.c
[4.759s] -- Up-to-date: /home/catcyber02/Mobile-Robots-2026-1/install/xarm_msgs/include/xarm_msgs/xarm_msgs/srv/detail/set_int32__functions.h
[4.761s] -- Up-to-date: /home/catcyber02/Mobile-Robots-2026-1/install/xarm_msgs/include/xarm_msgs/xarm_msgs/srv/detail/get_analog_io__functions.c
[4.761s] -- Up-to-date: /home/catcyber02/Mobile-Robots-2026-1/install/xarm_msgs/include/xarm_msgs/xarm_msgs/srv/detail/move_home__description.c
[4.762s] -- Up-to-date: /home/catcyber02/Mobile-Robots-2026-1/install/xarm_msgs/include/xarm_msgs/xarm_msgs/srv/detail/get_digital_io__functions.c
[4.762s] -- Up-to-date: /home/catcyber02/Mobile-Robots-2026-1/install/xarm_msgs/include/xarm_msgs/xarm_msgs/srv/detail/ft_force_config__description.c
[4.763s] -- Up-to-date: /home/catcyber02/Mobile-Robots-2026-1/install/xarm_msgs/include/xarm_msgs/xarm_msgs/srv/detail/move_joint__functions.h
[4.764s] -- Up-to-date: /home/catcyber02/Mobile-Robots-2026-1/install/xarm_msgs/include/xarm_msgs/xarm_msgs/srv/detail/set_tcp_load__functions.c
[4.766s] -- Up-to-date: /home/catcyber02/Mobile-Robots-2026-1/install/xarm_msgs/include/xarm_msgs/xarm_msgs/srv/detail/get_analog_io__type_support.h
[4.767s] -- Up-to-date: /home/catcyber02/Mobile-Robots-2026-1/install/xarm_msgs/include/xarm_msgs/xarm_msgs/srv/detail/robotiq_move__description.c
[4.767s] -- Installing: /home/catcyber02/Mobile-Robots-2026-1/install/xarm_msgs/include/xarm_msgs/xarm_msgs/srv/detail/traj_ctrl__type_support.c
[4.768s] -- Up-to-date: /home/catcyber02/Mobile-Robots-2026-1/install/xarm_msgs/include/xarm_msgs/xarm_msgs/srv/detail/linear_motor_back_origin__type_support.h
[4.768s] -- Up-to-date: /home/catcyber02/Mobile-Robots-2026-1/install/xarm_msgs/include/xarm_msgs/xarm_msgs/srv/detail/set_int16_list__struct.h
[4.768s] -- Up-to-date: /home/catcyber02/Mobile-Robots-2026-1/install/xarm_msgs/include/xarm_msgs/xarm_msgs/srv/detail/bio_gripper_ctrl__type_support.h
[4.769s] -- Up-to-date: /home/catcyber02/Mobile-Robots-2026-1/install/xarm_msgs/include/xarm_msgs/xarm_msgs/srv/detail/move_cartesian__type_support.h
[4.769s] -- Up-to-date: /home/catcyber02/Mobile-Robots-2026-1/install/xarm_msgs/include/xarm_msgs/xarm_msgs/srv/detail/ft_force_config__type_support.h
[4.770s] -- Up-to-date: /home/catcyber02/Mobile-Robots-2026-1/install/xarm_msgs/include/xarm_msgs/xarm_msgs/srv/detail/traj_ctrl__type_support.h
[4.771s] -- Up-to-date: /home/catcyber02/Mobile-Robots-2026-1/install/xarm_msgs/include/xarm_msgs/xarm_msgs/srv/detail/get_int16__description.c
[4.771s] -- Installing: /home/catcyber02/Mobile-Robots-2026-1/install/xarm_msgs/include/xarm_msgs/xarm_msgs/srv/detail/gripper_move__type_support.c
[4.772s] -- Up-to-date: /home/catcyber02/Mobile-Robots-2026-1/install/xarm_msgs/include/xarm_msgs/xarm_msgs/srv/detail/linear_motor_set_pos__type_support.h
[4.773s] -- Up-to-date: /home/catcyber02/Mobile-Robots-2026-1/install/xarm_msgs/include/xarm_msgs/xarm_msgs/srv/detail/traj_play__description.c
[4.773s] -- Up-to-date: /home/catcyber02/Mobile-Robots-2026-1/install/xarm_msgs/include/xarm_msgs/xarm_msgs/srv/detail/linear_track_back_origin__functions.h
[4.774s] -- Up-to-date: /home/catcyber02/Mobile-Robots-2026-1/install/xarm_msgs/include/xarm_msgs/xarm_msgs/srv/detail/plan_pose__description.c
[4.774s] -- Up-to-date: /home/catcyber02/Mobile-Robots-2026-1/install/xarm_msgs/include/xarm_msgs/xarm_msgs/srv/detail/get_digital_io__description.c
[4.775s] -- Up-to-date: /home/catcyber02/Mobile-Robots-2026-1/install/xarm_msgs/include/xarm_msgs/xarm_msgs/srv/detail/traj_play__type_support.h
[4.775s] -- Installing: /home/catcyber02/Mobile-Robots-2026-1/install/xarm_msgs/include/xarm_msgs/xarm_msgs/srv/detail/ft_cali_load__type_support.c
[4.775s] -- Up-to-date: /home/catcyber02/Mobile-Robots-2026-1/install/xarm_msgs/include/xarm_msgs/xarm_msgs/srv/detail/set_int16_list__description.c
[4.776s] -- Up-to-date: /home/catcyber02/Mobile-Robots-2026-1/install/xarm_msgs/include/xarm_msgs/xarm_msgs/srv/detail/set_int32__functions.c
[4.776s] -- Up-to-date: /home/catcyber02/Mobile-Robots-2026-1/install/xarm_msgs/include/xarm_msgs/xarm_msgs/srv/detail/ft_force_params__type_support.h
[4.777s] -- Up-to-date: /home/catcyber02/Mobile-Robots-2026-1/install/xarm_msgs/include/xarm_msgs/xarm_msgs/srv/detail/move_velocity__type_support.h
[4.777s] -- Installing: /home/catcyber02/Mobile-Robots-2026-1/install/xarm_msgs/include/xarm_msgs/xarm_msgs/srv/detail/ft_force_params__type_support.c
[4.778s] -- Up-to-date: /home/catcyber02/Mobile-Robots-2026-1/install/xarm_msgs/include/xarm_msgs/xarm_msgs/srv/detail/get_int16__functions.c
[4.779s] -- Up-to-date: /home/catcyber02/Mobile-Robots-2026-1/install/xarm_msgs/include/xarm_msgs/xarm_msgs/srv/detail/set_int16_by_id__functions.c
[4.780s] -- Installing: /home/catcyber02/Mobile-Robots-2026-1/install/xarm_msgs/include/xarm_msgs/xarm_msgs/srv/detail/get_int16_list__type_support.c
[4.782s] -- Up-to-date: /home/catcyber02/Mobile-Robots-2026-1/install/xarm_msgs/include/xarm_msgs/xarm_msgs/srv/detail/set_float32_list__struct.h
[4.783s] -- Up-to-date: /home/catcyber02/Mobile-Robots-2026-1/install/xarm_msgs/include/xarm_msgs/xarm_msgs/srv/detail/plan_pose__functions.h
[4.783s] -- Up-to-date: /home/catcyber02/Mobile-Robots-2026-1/install/xarm_msgs/include/xarm_msgs/xarm_msgs/srv/detail/move_cartesian__functions.h
[4.784s] -- Up-to-date: /home/catcyber02/Mobile-Robots-2026-1/install/xarm_msgs/include/xarm_msgs/xarm_msgs/srv/detail/linear_motor_back_origin__functions.c
[4.785s] -- Up-to-date: /home/catcyber02/Mobile-Robots-2026-1/install/xarm_msgs/include/xarm_msgs/xarm_msgs/srv/detail/move_joint__description.c
[4.787s] -- Up-to-date: /home/catcyber02/Mobile-Robots-2026-1/install/xarm_msgs/include/xarm_msgs/xarm_msgs/srv/detail/ft_cali_load__description.c
[4.788s] -- Up-to-date: /home/catcyber02/Mobile-Robots-2026-1/install/xarm_msgs/include/xarm_msgs/xarm_msgs/srv/detail/plan_single_straight__functions.c
[4.789s] -- Up-to-date: /home/catcyber02/Mobile-Robots-2026-1/install/xarm_msgs/include/xarm_msgs/xarm_msgs/srv/detail/ft_impedance__struct.h
[4.790s] -- Installing: /home/catcyber02/Mobile-Robots-2026-1/install/xarm_msgs/include/xarm_msgs/xarm_msgs/srv/detail/ft_impedance__type_support.c
[4.790s] -- Up-to-date: /home/catcyber02/Mobile-Robots-2026-1/install/xarm_msgs/include/xarm_msgs/xarm_msgs/srv/detail/call__functions.h
[4.791s] -- Up-to-date: /home/catcyber02/Mobile-Robots-2026-1/install/xarm_msgs/include/xarm_msgs/xarm_msgs/srv/detail/set_float32_list__type_support.h
[4.791s] -- Up-to-date: /home/catcyber02/Mobile-Robots-2026-1/install/xarm_msgs/include/xarm_msgs/xarm_msgs/srv/detail/plan_exec__type_support.h
[4.791s] -- Up-to-date: /home/catcyber02/Mobile-Robots-2026-1/install/xarm_msgs/include/xarm_msgs/xarm_msgs/srv/detail/linear_motor_back_origin__struct.h
[4.792s] -- Up-to-date: /home/catcyber02/Mobile-Robots-2026-1/install/xarm_msgs/include/xarm_msgs/xarm_msgs/srv/detail/get_int32__type_support.h
[4.792s] -- Up-to-date: /home/catcyber02/Mobile-Robots-2026-1/install/xarm_msgs/include/xarm_msgs/xarm_msgs/srv/detail/set_digital_io__functions.h
[4.792s] -- Up-to-date: /home/catcyber02/Mobile-Robots-2026-1/install/xarm_msgs/include/xarm_msgs/xarm_msgs/srv/detail/set_int16_list__functions.h
[4.793s] -- Installing: /home/catcyber02/Mobile-Robots-2026-1/install/xarm_msgs/include/xarm_msgs/xarm_msgs/srv/detail/move_cartesian__type_support.c
[4.793s] -- Up-to-date: /home/catcyber02/Mobile-Robots-2026-1/install/xarm_msgs/include/xarm_msgs/xarm_msgs/srv/detail/set_float32__functions.h
[4.794s] -- Up-to-date: /home/catcyber02/Mobile-Robots-2026-1/install/xarm_msgs/include/xarm_msgs/xarm_msgs/srv/detail/set_int16_by_id__functions.h
[4.794s] -- Up-to-date: /home/catcyber02/Mobile-Robots-2026-1/install/xarm_msgs/include/xarm_msgs/xarm_msgs/srv/detail/ft_force_pid__functions.h
[4.795s] -- Up-to-date: /home/catcyber02/Mobile-Robots-2026-1/install/xarm_msgs/include/xarm_msgs/xarm_msgs/srv/detail/get_float32__description.c
[4.796s] -- Up-to-date: /home/catcyber02/Mobile-Robots-2026-1/install/xarm_msgs/include/xarm_msgs/xarm_msgs/srv/detail/linear_track_back_origin__functions.c
[4.799s] -- Up-to-date: /home/catcyber02/Mobile-Robots-2026-1/install/xarm_msgs/include/xarm_msgs/xarm_msgs/srv/detail/vacuum_gripper_ctrl__struct.h
[4.800s] -- Up-to-date: /home/catcyber02/Mobile-Robots-2026-1/install/xarm_msgs/include/xarm_msgs/xarm_msgs/srv/detail/plan_pose__struct.h
[4.808s] -- Up-to-date: /home/catcyber02/Mobile-Robots-2026-1/install/xarm_msgs/include/xarm_msgs/xarm_msgs/srv/detail/bio_gripper_enable__struct.h
[4.812s] -- Up-to-date: /home/catcyber02/Mobile-Robots-2026-1/install/xarm_msgs/include/xarm_msgs/xarm_msgs/srv/detail/robotiq_get_status__type_support.h
[4.814s] -- Installing: /home/catcyber02/Mobile-Robots-2026-1/install/xarm_msgs/include/xarm_msgs/xarm_msgs/srv/detail/plan_single_straight__type_support.c
[4.814s] -- Up-to-date: /home/catcyber02/Mobile-Robots-2026-1/install/xarm_msgs/include/xarm_msgs/xarm_msgs/srv/detail/set_tcp_load__struct.h
[4.814s] -- Up-to-date: /home/catcyber02/Mobile-Robots-2026-1/install/xarm_msgs/include/xarm_msgs/xarm_msgs/srv/detail/robotiq_reset__description.c
[4.815s] -- Up-to-date: /home/catcyber02/Mobile-Robots-2026-1/install/xarm_msgs/include/xarm_msgs/xarm_msgs/srv/detail/ft_force_pid__description.c
[4.815s] -- Installing: /home/catcyber02/Mobile-Robots-2026-1/install/xarm_msgs/include/xarm_msgs/xarm_msgs/srv/detail/set_analog_io__type_support.c
[4.815s] -- Up-to-date: /home/catcyber02/Mobile-Robots-2026-1/install/xarm_msgs/include/xarm_msgs/xarm_msgs/srv/detail/iden_load__struct.h
[4.815s] -- Up-to-date: /home/catcyber02/Mobile-Robots-2026-1/install/xarm_msgs/include/xarm_msgs/xarm_msgs/srv/detail/ft_cali_load__type_support.h
[4.816s] -- Installing: /home/catcyber02/Mobile-Robots-2026-1/install/xarm_msgs/include/xarm_msgs/xarm_msgs/srv/detail/set_tcp_load__type_support.c
[4.816s] -- Up-to-date: /home/catcyber02/Mobile-Robots-2026-1/install/xarm_msgs/include/xarm_msgs/xarm_msgs/srv/detail/plan_joint__struct.h
[4.816s] -- Up-to-date: /home/catcyber02/Mobile-Robots-2026-1/install/xarm_msgs/include/xarm_msgs/xarm_msgs/srv/detail/iden_load__description.c
[4.817s] -- Up-to-date: /home/catcyber02/Mobile-Robots-2026-1/install/xarm_msgs/include/xarm_msgs/xarm_msgs/srv/detail/ft_force_pid__type_support.h
[4.817s] -- Up-to-date: /home/catcyber02/Mobile-Robots-2026-1/install/xarm_msgs/include/xarm_msgs/xarm_msgs/srv/detail/robotiq_get_status__functions.c
[4.818s] -- Installing: /home/catcyber02/Mobile-Robots-2026-1/install/xarm_msgs/include/xarm_msgs/xarm_msgs/srv/detail/set_digital_io__type_support.c
[4.818s] -- Up-to-date: /home/catcyber02/Mobile-Robots-2026-1/install/xarm_msgs/include/xarm_msgs/xarm_msgs/srv/detail/get_set_modbus_data__description.c
[4.819s] -- Up-to-date: /home/catcyber02/Mobile-Robots-2026-1/install/xarm_msgs/include/xarm_msgs/xarm_msgs/srv/detail/set_digital_io__type_support.h
[4.819s] -- Installing: /home/catcyber02/Mobile-Robots-2026-1/install/xarm_msgs/include/xarm_msgs/xarm_msgs/srv/detail/set_int16_list__type_support.c
[4.823s] -- Up-to-date: /home/catcyber02/Mobile-Robots-2026-1/install/xarm_msgs/include/xarm_msgs/xarm_msgs/srv/detail/ft_admittance_params__functions.c
[4.823s] -- Up-to-date: /home/catcyber02/Mobile-Robots-2026-1/install/xarm_msgs/include/xarm_msgs/xarm_msgs/srv/detail/move_joint__struct.h
[4.823s] -- Up-to-date: /home/catcyber02/Mobile-Robots-2026-1/install/xarm_msgs/include/xarm_msgs/xarm_msgs/srv/detail/call__type_support.h
[4.824s] -- Up-to-date: /home/catcyber02/Mobile-Robots-2026-1/install/xarm_msgs/include/xarm_msgs/xarm_msgs/srv/detail/ft_force_params__functions.c
[4.824s] -- Installing: /home/catcyber02/Mobile-Robots-2026-1/install/xarm_msgs/include/xarm_msgs/xarm_msgs/srv/detail/get_int16__type_support.c
[4.825s] -- Up-to-date: /home/catcyber02/Mobile-Robots-2026-1/install/xarm_msgs/include/xarm_msgs/xarm_msgs/srv/detail/set_int16__functions.c
[4.825s] -- Up-to-date: /home/catcyber02/Mobile-Robots-2026-1/install/xarm_msgs/include/xarm_msgs/xarm_msgs/srv/detail/set_tcp_load__description.c
[4.826s] -- Up-to-date: /home/catcyber02/Mobile-Robots-2026-1/install/xarm_msgs/include/xarm_msgs/xarm_msgs/srv/detail/get_int32__functions.h
[4.826s] -- Up-to-date: /home/catcyber02/Mobile-Robots-2026-1/install/xarm_msgs/include/xarm_msgs/xarm_msgs/srv/detail/set_tcp_load__type_support.h
[4.826s] -- Up-to-date: /home/catcyber02/Mobile-Robots-2026-1/install/xarm_msgs/include/xarm_msgs/xarm_msgs/srv/detail/gripper_move__type_support.h
[4.827s] -- Up-to-date: /home/catcyber02/Mobile-Robots-2026-1/install/xarm_msgs/include/xarm_msgs/xarm_msgs/srv/detail/set_int16_by_id__description.c
[4.828s] -- Up-to-date: /home/catcyber02/Mobile-Robots-2026-1/install/xarm_msgs/include/xarm_msgs/xarm_msgs/srv/detail/linear_track_back_origin__type_support.h
[4.829s] -- Up-to-date: /home/catcyber02/Mobile-Robots-2026-1/install/xarm_msgs/include/xarm_msgs/xarm_msgs/srv/detail/gripper_move__functions.h
[4.829s] -- Up-to-date: /home/catcyber02/Mobile-Robots-2026-1/install/xarm_msgs/include/xarm_msgs/xarm_msgs/srv/detail/bio_gripper_enable__type_support.h
[4.830s] -- Up-to-date: /home/catcyber02/Mobile-Robots-2026-1/install/xarm_msgs/include/xarm_msgs/xarm_msgs/srv/detail/traj_play__struct.h
[4.830s] -- Up-to-date: /home/catcyber02/Mobile-Robots-2026-1/install/xarm_msgs/include/xarm_msgs/xarm_msgs/srv/detail/move_home__struct.h
[4.830s] -- Up-to-date: /home/catcyber02/Mobile-Robots-2026-1/install/xarm_msgs/include/xarm_msgs/xarm_msgs/srv/detail/linear_track_set_pos__type_support.h
[4.831s] -- Up-to-date: /home/catcyber02/Mobile-Robots-2026-1/install/xarm_msgs/include/xarm_msgs/xarm_msgs/srv/detail/set_int32_by_type__functions.h
[4.831s] -- Up-to-date: /home/catcyber02/Mobile-Robots-2026-1/install/xarm_msgs/include/xarm_msgs/xarm_msgs/srv/detail/get_float32__functions.c
[4.831s] -- Up-to-date: /home/catcyber02/Mobile-Robots-2026-1/install/xarm_msgs/include/xarm_msgs/xarm_msgs/srv/detail/set_int16_by_id__type_support.h
[4.832s] -- Up-to-date: /home/catcyber02/Mobile-Robots-2026-1/install/xarm_msgs/include/xarm_msgs/xarm_msgs/srv/detail/get_int16_list__description.c
[4.832s] -- Up-to-date: /home/catcyber02/Mobile-Robots-2026-1/install/xarm_msgs/include/xarm_msgs/xarm_msgs/srv/detail/get_int16__struct.h
[4.832s] -- Installing: /home/catcyber02/Mobile-Robots-2026-1/install/xarm_msgs/include/xarm_msgs/xarm_msgs/srv/detail/robotiq_activate__type_support.c
[4.832s] -- Up-to-date: /home/catcyber02/Mobile-Robots-2026-1/install/xarm_msgs/include/xarm_msgs/xarm_msgs/srv/detail/robotiq_reset__functions.c
[4.833s] -- Up-to-date: /home/catcyber02/Mobile-Robots-2026-1/install/xarm_msgs/include/xarm_msgs/xarm_msgs/srv/detail/linear_motor_set_pos__description.c
[4.833s] -- Up-to-date: /home/catcyber02/Mobile-Robots-2026-1/install/xarm_msgs/include/xarm_msgs/xarm_msgs/srv/detail/vacuum_gripper_ctrl__description.c
[4.833s] -- Up-to-date: /home/catcyber02/Mobile-Robots-2026-1/install/xarm_msgs/include/xarm_msgs/xarm_msgs/srv/detail/linear_track_set_pos__functions.h
[4.834s] -- Up-to-date: /home/catcyber02/Mobile-Robots-2026-1/install/xarm_msgs/include/xarm_msgs/xarm_msgs/srv/detail/set_int32__description.c
[4.834s] -- Up-to-date: /home/catcyber02/Mobile-Robots-2026-1/install/xarm_msgs/include/xarm_msgs/xarm_msgs/srv/detail/gripper_move__functions.c
[4.834s] -- Up-to-date: /home/catcyber02/Mobile-Robots-2026-1/install/xarm_msgs/include/xarm_msgs/xarm_msgs/srv/detail/set_modbus_timeout__struct.h
[4.834s] -- Up-to-date: /home/catcyber02/Mobile-Robots-2026-1/install/xarm_msgs/include/xarm_msgs/xarm_msgs/srv/detail/set_digital_io__description.c
[4.835s] -- Installing: /home/catcyber02/Mobile-Robots-2026-1/install/xarm_msgs/include/xarm_msgs/xarm_msgs/srv/detail/robotiq_move__type_support.c
[4.838s] -- Up-to-date: /home/catcyber02/Mobile-Robots-2026-1/install/xarm_msgs/include/xarm_msgs/xarm_msgs/srv/detail/traj_ctrl__struct.h
[4.838s] -- Up-to-date: /home/catcyber02/Mobile-Robots-2026-1/install/xarm_msgs/include/xarm_msgs/xarm_msgs/srv/detail/call__description.c
[4.838s] -- Installing: /home/catcyber02/Mobile-Robots-2026-1/install/xarm_msgs/include/xarm_msgs/xarm_msgs/srv/detail/set_float32_list__type_support.c
[4.839s] -- Up-to-date: /home/catcyber02/Mobile-Robots-2026-1/install/xarm_msgs/include/xarm_msgs/xarm_msgs/srv/detail/set_float32__functions.c
[4.839s] -- Installing: /home/catcyber02/Mobile-Robots-2026-1/install/xarm_msgs/include/xarm_msgs/xarm_msgs/srv/detail/set_int32__type_support.c
[4.845s] -- Up-to-date: /home/catcyber02/Mobile-Robots-2026-1/install/xarm_msgs/include/xarm_msgs/xarm_msgs/srv/detail/traj_play__functions.h
[4.845s] -- Up-to-date: /home/catcyber02/Mobile-Robots-2026-1/install/xarm_msgs/include/xarm_msgs/xarm_msgs/srv/detail/linear_track_set_pos__functions.c
[4.845s] -- Up-to-date: /home/catcyber02/Mobile-Robots-2026-1/install/xarm_msgs/include/xarm_msgs/xarm_msgs/srv/detail/set_int16__type_support.h
[4.846s] -- Up-to-date: /home/catcyber02/Mobile-Robots-2026-1/install/xarm_msgs/include/xarm_msgs/xarm_msgs/srv/detail/set_analog_io__functions.h
[4.846s] -- Installing: /home/catcyber02/Mobile-Robots-2026-1/install/xarm_msgs/include/xarm_msgs/xarm_msgs/srv/detail/get_int32__type_support.c
[4.847s] -- Up-to-date: /home/catcyber02/Mobile-Robots-2026-1/install/xarm_msgs/include/xarm_msgs/xarm_msgs/srv/detail/get_analog_io__struct.h
[4.847s] -- Up-to-date: /home/catcyber02/Mobile-Robots-2026-1/install/xarm_msgs/include/xarm_msgs/xarm_msgs/srv/detail/set_analog_io__type_support.h
[4.848s] -- Up-to-date: /home/catcyber02/Mobile-Robots-2026-1/install/xarm_msgs/include/xarm_msgs/xarm_msgs/srv/detail/ft_admittance_params__type_support.h
[4.848s] -- Up-to-date: /home/catcyber02/Mobile-Robots-2026-1/install/xarm_msgs/include/xarm_msgs/xarm_msgs/srv/detail/ft_cali_load__functions.h
[4.848s] -- Up-to-date: /home/catcyber02/Mobile-Robots-2026-1/install/xarm_msgs/include/xarm_msgs/xarm_msgs/srv/detail/robotiq_get_status__description.c
[4.849s] -- Up-to-date: /home/catcyber02/Mobile-Robots-2026-1/install/xarm_msgs/include/xarm_msgs/xarm_msgs/srv/detail/get_int32_by_type__struct.h
[4.849s] -- Up-to-date: /home/catcyber02/Mobile-Robots-2026-1/install/xarm_msgs/include/xarm_msgs/xarm_msgs/srv/detail/plan_single_straight__functions.h
[4.849s] -- Up-to-date: /home/catcyber02/Mobile-Robots-2026-1/install/xarm_msgs/include/xarm_msgs/xarm_msgs/srv/detail/set_digital_io__struct.h
[4.850s] -- Up-to-date: /home/catcyber02/Mobile-Robots-2026-1/install/xarm_msgs/include/xarm_msgs/xarm_msgs/srv/detail/linear_motor_set_pos__functions.h
[4.850s] -- Up-to-date: /home/catcyber02/Mobile-Robots-2026-1/install/xarm_msgs/include/xarm_msgs/xarm_msgs/srv/detail/ft_admittance_params__struct.h
[4.850s] -- Up-to-date: /home/catcyber02/Mobile-Robots-2026-1/install/xarm_msgs/include/xarm_msgs/xarm_msgs/srv/detail/get_set_modbus_data__type_support.h
[4.850s] -- Up-to-date: /home/catcyber02/Mobile-Robots-2026-1/install/xarm_msgs/include/xarm_msgs/xarm_msgs/srv/detail/get_set_modbus_data__functions.c
[4.851s] -- Up-to-date: /home/catcyber02/Mobile-Robots-2026-1/install/xarm_msgs/include/xarm_msgs/xarm_msgs/srv/detail/ft_force_params__struct.h
[4.851s] -- Up-to-date: /home/catcyber02/Mobile-Robots-2026-1/install/xarm_msgs/include/xarm_msgs/xarm_msgs/srv/detail/bio_gripper_enable__functions.h
[4.851s] -- Up-to-date: /home/catcyber02/Mobile-Robots-2026-1/install/xarm_msgs/include/xarm_msgs/xarm_msgs/srv/detail/vacuum_gripper_ctrl__functions.c
[4.852s] -- Installing: /home/catcyber02/Mobile-Robots-2026-1/install/xarm_msgs/include/xarm_msgs/xarm_msgs/srv/detail/move_circle__type_support.c
[4.852s] -- Up-to-date: /home/catcyber02/Mobile-Robots-2026-1/install/xarm_msgs/include/xarm_msgs/xarm_msgs/srv/detail/plan_joint__functions.h
[4.852s] -- Up-to-date: /home/catcyber02/Mobile-Robots-2026-1/install/xarm_msgs/include/xarm_msgs/xarm_msgs/srv/detail/traj_ctrl__functions.c
[4.853s] -- Up-to-date: /home/catcyber02/Mobile-Robots-2026-1/install/xarm_msgs/include/xarm_msgs/xarm_msgs/srv/detail/set_float32__struct.h
[4.853s] -- Installing: /home/catcyber02/Mobile-Robots-2026-1/install/xarm_msgs/include/xarm_msgs/xarm_msgs/srv/detail/robotiq_get_status__type_support.c
[4.853s] -- Installing: /home/catcyber02/Mobile-Robots-2026-1/install/xarm_msgs/include/xarm_msgs/xarm_msgs/srv/detail/set_float32__type_support.c
[4.853s] -- Up-to-date: /home/catcyber02/Mobile-Robots-2026-1/install/xarm_msgs/include/xarm_msgs/xarm_msgs/srv/detail/plan_pose__functions.c
[4.854s] -- Up-to-date: /home/catcyber02/Mobile-Robots-2026-1/install/xarm_msgs/include/xarm_msgs/xarm_msgs/srv/detail/get_int32_by_type__description.c
[4.854s] -- Up-to-date: /home/catcyber02/Mobile-Robots-2026-1/install/xarm_msgs/include/xarm_msgs/xarm_msgs/srv/detail/get_int32_by_type__type_support.h
[4.854s] -- Up-to-date: /home/catcyber02/Mobile-Robots-2026-1/install/xarm_msgs/include/xarm_msgs/xarm_msgs/srv/detail/get_float32_list__struct.h
[4.855s] -- Up-to-date: /home/catcyber02/Mobile-Robots-2026-1/install/xarm_msgs/include/xarm_msgs/xarm_msgs/srv/detail/ft_impedance__functions.h
[4.855s] -- Up-to-date: /home/catcyber02/Mobile-Robots-2026-1/install/xarm_msgs/include/xarm_msgs/xarm_msgs/srv/detail/ft_impedance__description.c
[4.855s] -- Up-to-date: /home/catcyber02/Mobile-Robots-2026-1/install/xarm_msgs/include/xarm_msgs/xarm_msgs/srv/detail/ft_impedance__type_support.h
[4.856s] -- Up-to-date: /home/catcyber02/Mobile-Robots-2026-1/install/xarm_msgs/include/xarm_msgs/xarm_msgs/srv/detail/get_float32__type_support.h
[4.856s] -- Installing: /home/catcyber02/Mobile-Robots-2026-1/install/xarm_msgs/include/xarm_msgs/xarm_msgs/srv/detail/ft_force_pid__type_support.c
[4.856s] -- Up-to-date: /home/catcyber02/Mobile-Robots-2026-1/install/xarm_msgs/include/xarm_msgs/xarm_msgs/srv/detail/set_float32__description.c
[4.857s] -- Up-to-date: /home/catcyber02/Mobile-Robots-2026-1/install/xarm_msgs/include/xarm_msgs/xarm_msgs/srv/detail/get_analog_io__functions.h
[4.857s] -- Installing: /home/catcyber02/Mobile-Robots-2026-1/install/xarm_msgs/include/xarm_msgs/xarm_msgs/srv/detail/move_joint__type_support.c
[4.857s] -- Up-to-date: /home/catcyber02/Mobile-Robots-2026-1/install/xarm_msgs/include/xarm_msgs/xarm_msgs/srv/detail/set_int16_list__functions.c
[4.857s] -- Installing: /home/catcyber02/Mobile-Robots-2026-1/install/xarm_msgs/include/xarm_msgs/xarm_msgs/srv/detail/vacuum_gripper_ctrl__type_support.c
[4.858s] -- Up-to-date: /home/catcyber02/Mobile-Robots-2026-1/install/xarm_msgs/include/xarm_msgs/xarm_msgs/srv/detail/plan_joint__type_support.h
[4.858s] -- Up-to-date: /home/catcyber02/Mobile-Robots-2026-1/install/xarm_msgs/include/xarm_msgs/xarm_msgs/srv/detail/set_float32__type_support.h
[4.859s] -- Installing: /home/catcyber02/Mobile-Robots-2026-1/install/xarm_msgs/include/xarm_msgs/xarm_msgs/srv/detail/set_modbus_timeout__type_support.c
[4.859s] -- Installing: /home/catcyber02/Mobile-Robots-2026-1/install/xarm_msgs/include/xarm_msgs/xarm_msgs/srv/detail/iden_load__type_support.c
[4.859s] -- Up-to-date: /home/catcyber02/Mobile-Robots-2026-1/install/xarm_msgs/include/xarm_msgs/xarm_msgs/srv/detail/linear_track_back_origin__struct.h
[4.859s] -- Up-to-date: /home/catcyber02/Mobile-Robots-2026-1/install/xarm_msgs/include/xarm_msgs/xarm_msgs/srv/detail/get_float32_list__functions.c
[4.860s] -- Up-to-date: /home/catcyber02/Mobile-Robots-2026-1/install/xarm_msgs/include/xarm_msgs/xarm_msgs/srv/detail/get_int32__description.c
[4.860s] -- Up-to-date: /home/catcyber02/Mobile-Robots-2026-1/install/xarm_msgs/include/xarm_msgs/xarm_msgs/srv/detail/traj_ctrl__description.c
[4.860s] -- Up-to-date: /home/catcyber02/Mobile-Robots-2026-1/install/xarm_msgs/include/xarm_msgs/xarm_msgs/srv/detail/robotiq_activate__struct.h
[4.861s] -- Up-to-date: /home/catcyber02/Mobile-Robots-2026-1/install/xarm_msgs/include/xarm_msgs/xarm_msgs/srv/detail/ft_force_params__functions.h
[4.861s] -- Installing: /home/catcyber02/Mobile-Robots-2026-1/install/xarm_msgs/include/xarm_msgs/xarm_msgs/srv/detail/set_int16__type_support.c
[4.861s] -- Installing: /home/catcyber02/Mobile-Robots-2026-1/install/xarm_msgs/include/xarm_msgs/xarm_msgs/srv/detail/get_analog_io__type_support.c
[4.862s] -- Up-to-date: /home/catcyber02/Mobile-Robots-2026-1/install/xarm_msgs/include/xarm_msgs/xarm_msgs/srv/detail/robotiq_get_status__functions.h
[4.863s] -- Up-to-date: /home/catcyber02/Mobile-Robots-2026-1/install/xarm_msgs/include/xarm_msgs/xarm_msgs/srv/detail/set_float32_list__functions.c
[4.863s] -- Up-to-date: /home/catcyber02/Mobile-Robots-2026-1/install/xarm_msgs/include/xarm_msgs/xarm_msgs/srv/detail/set_int32_by_type__struct.h
[4.864s] -- Up-to-date: /home/catcyber02/Mobile-Robots-2026-1/install/xarm_msgs/include/xarm_msgs/xarm_msgs/srv/detail/move_home__functions.h
[4.864s] -- Up-to-date: /home/catcyber02/Mobile-Robots-2026-1/install/xarm_msgs/include/xarm_msgs/xarm_msgs/srv/detail/get_int32__functions.c
[4.864s] -- Up-to-date: /home/catcyber02/Mobile-Robots-2026-1/install/xarm_msgs/include/xarm_msgs/xarm_msgs/srv/detail/set_modbus_timeout__functions.c
[4.864s] -- Installing: /home/catcyber02/Mobile-Robots-2026-1/install/xarm_msgs/include/xarm_msgs/xarm_msgs/srv/detail/get_digital_io__type_support.c
[4.865s] -- Installing: /home/catcyber02/Mobile-Robots-2026-1/install/xarm_msgs/include/xarm_msgs/xarm_msgs/srv/detail/set_int32_by_type__type_support.c
[4.865s] -- Up-to-date: /home/catcyber02/Mobile-Robots-2026-1/install/xarm_msgs/include/xarm_msgs/xarm_msgs/srv/detail/get_int16_list__functions.h
[4.865s] -- Up-to-date: /home/catcyber02/Mobile-Robots-2026-1/install/xarm_msgs/include/xarm_msgs/xarm_msgs/srv/detail/ft_force_pid__struct.h
[4.865s] -- Up-to-date: /home/catcyber02/Mobile-Robots-2026-1/install/xarm_msgs/include/xarm_msgs/xarm_msgs/srv/detail/set_int32_by_type__type_support.h
[4.865s] -- Up-to-date: /home/catcyber02/Mobile-Robots-2026-1/install/xarm_msgs/include/xarm_msgs/xarm_msgs/srv/detail/set_modbus_timeout__description.c
[4.866s] -- Up-to-date: /home/catcyber02/Mobile-Robots-2026-1/install/xarm_msgs/include/xarm_msgs/xarm_msgs/srv/detail/get_float32_list__type_support.h
[4.866s] -- Installing: /home/catcyber02/Mobile-Robots-2026-1/install/xarm_msgs/include/xarm_msgs/xarm_msgs/srv/detail/linear_track_back_origin__type_support.c
[4.866s] -- Up-to-date: /home/catcyber02/Mobile-Robots-2026-1/install/xarm_msgs/include/xarm_msgs/xarm_msgs/srv/detail/move_cartesian__struct.h
[4.866s] -- Up-to-date: /home/catcyber02/Mobile-Robots-2026-1/install/xarm_msgs/include/xarm_msgs/xarm_msgs/srv/detail/get_int16_list__struct.h
[4.867s] -- Up-to-date: /home/catcyber02/Mobile-Robots-2026-1/install/xarm_msgs/include/xarm_msgs/xarm_msgs/srv/detail/call__struct.h
[4.867s] -- Up-to-date: /home/catcyber02/Mobile-Robots-2026-1/install/xarm_msgs/include/xarm_msgs/xarm_msgs/srv/detail/plan_joint__description.c
[4.868s] -- Up-to-date: /home/catcyber02/Mobile-Robots-2026-1/install/xarm_msgs/include/xarm_msgs/xarm_msgs/srv/detail/bio_gripper_ctrl__functions.h
[4.868s] -- Up-to-date: /home/catcyber02/Mobile-Robots-2026-1/install/xarm_msgs/include/xarm_msgs/xarm_msgs/srv/detail/linear_track_set_pos__description.c
[4.868s] -- Up-to-date: /home/catcyber02/Mobile-Robots-2026-1/install/xarm_msgs/include/xarm_msgs/xarm_msgs/srv/detail/move_circle__functions.c
[4.869s] -- Up-to-date: /home/catcyber02/Mobile-Robots-2026-1/install/xarm_msgs/include/xarm_msgs/xarm_msgs/srv/detail/plan_single_straight__description.c
[4.870s] -- Up-to-date: /home/catcyber02/Mobile-Robots-2026-1/install/xarm_msgs/include/xarm_msgs/xarm_msgs/srv/detail/robotiq_move__struct.h
[4.870s] -- Up-to-date: /home/catcyber02/Mobile-Robots-2026-1/install/xarm_msgs/include/xarm_msgs/xarm_msgs/srv/detail/ft_force_params__description.c
[4.870s] -- Up-to-date: /home/catcyber02/Mobile-Robots-2026-1/install/xarm_msgs/include/xarm_msgs/xarm_msgs/srv/detail/plan_exec__description.c
[4.871s] -- Up-to-date: /home/catcyber02/Mobile-Robots-2026-1/install/xarm_msgs/include/xarm_msgs/xarm_msgs/srv/detail/set_int16__description.c
[4.871s] -- Up-to-date: /home/catcyber02/Mobile-Robots-2026-1/install/xarm_msgs/include/xarm_msgs/xarm_msgs/srv/detail/robotiq_reset__functions.h
[4.871s] -- Up-to-date: /home/catcyber02/Mobile-Robots-2026-1/install/xarm_msgs/include/xarm_msgs/xarm_msgs/srv/detail/move_joint__type_support.h
[4.872s] -- Installing: /home/catcyber02/Mobile-Robots-2026-1/install/xarm_msgs/include/xarm_msgs/xarm_msgs/srv/detail/set_int16_by_id__type_support.c
[4.872s] -- Up-to-date: /home/catcyber02/Mobile-Robots-2026-1/install/xarm_msgs/include/xarm_msgs/xarm_msgs/srv/detail/get_int16__functions.h
[4.872s] -- Installing: /home/catcyber02/Mobile-Robots-2026-1/install/xarm_msgs/include/xarm_msgs/xarm_msgs/srv/detail/linear_motor_set_pos__type_support.c
[4.873s] -- Up-to-date: /home/catcyber02/Mobile-Robots-2026-1/install/xarm_msgs/include/xarm_msgs/xarm_msgs/srv/detail/robotiq_activate__type_support.h
[4.873s] -- Up-to-date: /home/catcyber02/Mobile-Robots-2026-1/install/xarm_msgs/include/xarm_msgs/xarm_msgs/srv/detail/move_circle__description.c
[4.873s] -- Up-to-date: /home/catcyber02/Mobile-Robots-2026-1/install/xarm_msgs/include/xarm_msgs/xarm_msgs/srv/detail/set_int32_by_type__functions.c
[4.874s] -- Up-to-date: /home/catcyber02/Mobile-Robots-2026-1/install/xarm_msgs/include/xarm_msgs/xarm_msgs/srv/detail/gripper_move__description.c
[4.874s] -- Up-to-date: /home/catcyber02/Mobile-Robots-2026-1/install/xarm_msgs/include/xarm_msgs/xarm_msgs/srv/detail/set_float32_list__functions.h
[4.874s] -- Installing: /home/catcyber02/Mobile-Robots-2026-1/install/xarm_msgs/include/xarm_msgs/xarm_msgs/srv/detail/get_float32__type_support.c
[4.874s] -- Up-to-date: /home/catcyber02/Mobile-Robots-2026-1/install/xarm_msgs/include/xarm_msgs/xarm_msgs/srv/detail/move_velocity__functions.c
[4.875s] -- Up-to-date: /home/catcyber02/Mobile-Robots-2026-1/install/xarm_msgs/include/xarm_msgs/xarm_msgs/srv/detail/call__functions.c
[4.875s] -- Installing: /home/catcyber02/Mobile-Robots-2026-1/install/xarm_msgs/include/xarm_msgs/xarm_msgs/srv/detail/plan_exec__type_support.c
[4.875s] -- Up-to-date: /home/catcyber02/Mobile-Robots-2026-1/install/xarm_msgs/include/xarm_msgs/xarm_msgs/srv/detail/move_velocity__description.c
[4.876s] -- Up-to-date: /home/catcyber02/Mobile-Robots-2026-1/install/xarm_msgs/include/xarm_msgs/xarm_msgs/srv/detail/set_int16__functions.h
[4.877s] -- Up-to-date: /home/catcyber02/Mobile-Robots-2026-1/install/xarm_msgs/include/xarm_msgs/xarm_msgs/srv/detail/move_circle__struct.h
[4.877s] -- Up-to-date: /home/catcyber02/Mobile-Robots-2026-1/install/xarm_msgs/include/xarm_msgs/xarm_msgs/srv/detail/robotiq_activate__description.c
[4.877s] -- Up-to-date: /home/catcyber02/Mobile-Robots-2026-1/install/xarm_msgs/include/xarm_msgs/xarm_msgs/srv/detail/plan_exec__struct.h
[4.878s] -- Up-to-date: /home/catcyber02/Mobile-Robots-2026-1/install/xarm_msgs/include/xarm_msgs/xarm_msgs/srv/detail/robotiq_reset__type_support.h
[4.878s] -- Up-to-date: /home/catcyber02/Mobile-Robots-2026-1/install/xarm_msgs/include/xarm_msgs/xarm_msgs/srv/detail/get_float32_list__functions.h
[4.878s] -- Up-to-date: /home/catcyber02/Mobile-Robots-2026-1/install/xarm_msgs/include/xarm_msgs/xarm_msgs/srv/detail/set_int16_list__type_support.h
[4.878s] -- Up-to-date: /home/catcyber02/Mobile-Robots-2026-1/install/xarm_msgs/include/xarm_msgs/xarm_msgs/srv/detail/robotiq_activate__functions.h
[4.879s] -- Up-to-date: /home/catcyber02/Mobile-Robots-2026-1/install/xarm_msgs/include/xarm_msgs/xarm_msgs/srv/detail/ft_force_config__functions.h
[4.881s] -- Up-to-date: /home/catcyber02/Mobile-Robots-2026-1/install/xarm_msgs/include/xarm_msgs/xarm_msgs/srv/detail/move_joint__functions.c
[4.881s] -- Up-to-date: /home/catcyber02/Mobile-Robots-2026-1/install/xarm_msgs/include/xarm_msgs/xarm_msgs/srv/detail/linear_motor_set_pos__struct.h
[4.881s] -- Up-to-date: /home/catcyber02/Mobile-Robots-2026-1/install/xarm_msgs/include/xarm_msgs/xarm_msgs/srv/detail/ft_cali_load__struct.h
[4.882s] -- Up-to-date: /home/catcyber02/Mobile-Robots-2026-1/install/xarm_msgs/include/xarm_msgs/xarm_msgs/srv/detail/set_int16__struct.h
[4.882s] -- Up-to-date: /home/catcyber02/Mobile-Robots-2026-1/install/xarm_msgs/include/xarm_msgs/xarm_msgs/srv/detail/set_analog_io__functions.c
[4.882s] -- Up-to-date: /home/catcyber02/Mobile-Robots-2026-1/install/xarm_msgs/include/xarm_msgs/xarm_msgs/srv/detail/move_velocity__struct.h
[4.883s] -- Up-to-date: /home/catcyber02/Mobile-Robots-2026-1/install/xarm_msgs/include/xarm_msgs/xarm_msgs/srv/detail/bio_gripper_ctrl__description.c
[4.884s] -- Installing: /home/catcyber02/Mobile-Robots-2026-1/install/xarm_msgs/include/xarm_msgs/xarm_msgs/srv/detail/move_velocity__type_support.c
[4.884s] -- Up-to-date: /home/catcyber02/Mobile-Robots-2026-1/install/xarm_msgs/include/xarm_msgs/xarm_msgs/srv/detail/iden_load__functions.h
[4.885s] -- Up-to-date: /home/catcyber02/Mobile-Robots-2026-1/install/xarm_msgs/include/xarm_msgs/xarm_msgs/srv/detail/move_circle__functions.h
[4.886s] -- Up-to-date: /home/catcyber02/Mobile-Robots-2026-1/install/xarm_msgs/include/xarm_msgs/xarm_msgs/srv/detail/get_int16__type_support.h
[4.886s] -- Up-to-date: /home/catcyber02/Mobile-Robots-2026-1/install/xarm_msgs/include/xarm_msgs/xarm_msgs/srv/detail/traj_ctrl__functions.h
[4.886s] -- Installing: /home/catcyber02/Mobile-Robots-2026-1/install/xarm_msgs/include/xarm_msgs/xarm_msgs/srv/detail/traj_play__type_support.c
[4.887s] -- Installing: /home/catcyber02/Mobile-Robots-2026-1/install/xarm_msgs/include/xarm_msgs/xarm_msgs/srv/detail/move_home__type_support.c
[4.887s] -- Installing: /home/catcyber02/Mobile-Robots-2026-1/install/xarm_msgs/include/xarm_msgs/xarm_msgs/srv/detail/ft_admittance_params__type_support.c
[4.887s] -- Up-to-date: /home/catcyber02/Mobile-Robots-2026-1/install/xarm_msgs/include/xarm_msgs/xarm_msgs/srv/detail/linear_track_set_pos__struct.h
[4.887s] -- Up-to-date: /home/catcyber02/Mobile-Robots-2026-1/install/xarm_msgs/include/xarm_msgs/xarm_msgs/srv/detail/vacuum_gripper_ctrl__type_support.h
[4.888s] -- Up-to-date: /home/catcyber02/Mobile-Robots-2026-1/install/xarm_msgs/include/xarm_msgs/xarm_msgs/srv/detail/traj_play__functions.c
[4.889s] -- Installing: /home/catcyber02/Mobile-Robots-2026-1/install/xarm_msgs/include/xarm_msgs/xarm_msgs/srv/detail/bio_gripper_enable__type_support.c
[4.890s] -- Installing: /home/catcyber02/Mobile-Robots-2026-1/install/xarm_msgs/include/xarm_msgs/xarm_msgs/srv/detail/ft_force_config__type_support.c
[4.890s] -- Up-to-date: /home/catcyber02/Mobile-Robots-2026-1/install/xarm_msgs/include/xarm_msgs/xarm_msgs/srv/detail/iden_load__type_support.h
[4.891s] -- Up-to-date: /home/catcyber02/Mobile-Robots-2026-1/install/xarm_msgs/include/xarm_msgs/xarm_msgs/srv/detail/move_home__type_support.h
[4.891s] -- Up-to-date: /home/catcyber02/Mobile-Robots-2026-1/install/xarm_msgs/include/xarm_msgs/xarm_msgs/srv/detail/get_float32__functions.h
[4.891s] -- Up-to-date: /home/catcyber02/Mobile-Robots-2026-1/install/xarm_msgs/include/xarm_msgs/xarm_msgs/srv/detail/ft_force_pid__functions.c
[4.892s] -- Up-to-date: /home/catcyber02/Mobile-Robots-2026-1/install/xarm_msgs/include/xarm_msgs/xarm_msgs/srv/detail/get_analog_io__description.c
[4.892s] -- Up-to-date: /home/catcyber02/Mobile-Robots-2026-1/install/xarm_msgs/include/xarm_msgs/xarm_msgs/srv/detail/set_float32_list__description.c
[4.892s] -- Up-to-date: /home/catcyber02/Mobile-Robots-2026-1/install/xarm_msgs/include/xarm_msgs/xarm_msgs/srv/detail/robotiq_move__functions.c
[4.893s] -- Up-to-date: /home/catcyber02/Mobile-Robots-2026-1/install/xarm_msgs/include/xarm_msgs/xarm_msgs/srv/detail/set_modbus_timeout__functions.h
[4.893s] -- Installing: /home/catcyber02/Mobile-Robots-2026-1/install/xarm_msgs/include/xarm_msgs/xarm_msgs/srv/detail/linear_track_set_pos__type_support.c
[4.893s] -- Up-to-date: /home/catcyber02/Mobile-Robots-2026-1/install/xarm_msgs/include/xarm_msgs/xarm_msgs/srv/detail/plan_exec__functions.c
[4.894s] -- Up-to-date: /home/catcyber02/Mobile-Robots-2026-1/install/xarm_msgs/include/xarm_msgs/xarm_msgs/srv/detail/linear_motor_set_pos__functions.c
[4.894s] -- Up-to-date: /home/catcyber02/Mobile-Robots-2026-1/install/xarm_msgs/include/xarm_msgs/xarm_msgs/srv/detail/robotiq_reset__struct.h
[4.894s] -- Up-to-date: /home/catcyber02/Mobile-Robots-2026-1/install/xarm_msgs/include/xarm_msgs/xarm_msgs/srv/robotiq_activate.h
[4.894s] -- Up-to-date: /home/catcyber02/Mobile-Robots-2026-1/install/xarm_msgs/include/xarm_msgs/xarm_msgs/srv/set_analog_io.h
[4.895s] -- Up-to-date: /home/catcyber02/Mobile-Robots-2026-1/install/xarm_msgs/include/xarm_msgs/xarm_msgs/srv/get_int16_list.h
[4.897s] -- Up-to-date: /home/catcyber02/Mobile-Robots-2026-1/install/xarm_msgs/include/xarm_msgs/xarm_msgs/srv/set_float32.h
[4.898s] -- Up-to-date: /home/catcyber02/Mobile-Robots-2026-1/install/xarm_msgs/include/xarm_msgs/xarm_msgs/srv/set_float32_list.h
[4.901s] -- Up-to-date: /home/catcyber02/Mobile-Robots-2026-1/install/xarm_msgs/include/xarm_msgs/xarm_msgs/srv/set_tcp_load.h
[4.902s] -- Up-to-date: /home/catcyber02/Mobile-Robots-2026-1/install/xarm_msgs/include/xarm_msgs/xarm_msgs/srv/plan_exec.h
[4.902s] -- Up-to-date: /home/catcyber02/Mobile-Robots-2026-1/install/xarm_msgs/include/xarm_msgs/xarm_msgs/srv/gripper_move.h
[4.903s] -- Up-to-date: /home/catcyber02/Mobile-Robots-2026-1/install/xarm_msgs/include/xarm_msgs/xarm_msgs/srv/get_float32.h
[4.903s] -- Up-to-date: /home/catcyber02/Mobile-Robots-2026-1/install/xarm_msgs/include/xarm_msgs/xarm_msgs/srv/move_velocity.h
[4.910s] -- Up-to-date: /home/catcyber02/Mobile-Robots-2026-1/install/xarm_msgs/include/xarm_msgs/xarm_msgs/srv/linear_motor_set_pos.h
[4.912s] -- Up-to-date: /home/catcyber02/Mobile-Robots-2026-1/install/xarm_msgs/include/xarm_msgs/xarm_msgs/srv/ft_force_pid.h
[4.912s] -- Up-to-date: /home/catcyber02/Mobile-Robots-2026-1/install/xarm_msgs/include/xarm_msgs/xarm_msgs/srv/set_int32.h
[4.912s] -- Up-to-date: /home/catcyber02/Mobile-Robots-2026-1/install/xarm_msgs/include/xarm_msgs/xarm_msgs/srv/set_modbus_timeout.h
[4.913s] -- Up-to-date: /home/catcyber02/Mobile-Robots-2026-1/install/xarm_msgs/include/xarm_msgs/xarm_msgs/srv/get_set_modbus_data.h
[4.913s] -- Up-to-date: /home/catcyber02/Mobile-Robots-2026-1/install/xarm_msgs/include/xarm_msgs/xarm_msgs/srv/ft_force_config.h
[4.913s] -- Up-to-date: /home/catcyber02/Mobile-Robots-2026-1/install/xarm_msgs/include/xarm_msgs/xarm_msgs/srv/call.h
[4.913s] -- Up-to-date: /home/catcyber02/Mobile-Robots-2026-1/install/xarm_msgs/include/xarm_msgs/xarm_msgs/srv/get_int16.h
[4.914s] -- Up-to-date: /home/catcyber02/Mobile-Robots-2026-1/install/xarm_msgs/include/xarm_msgs/xarm_msgs/srv/move_joint.h
[4.914s] -- Up-to-date: /home/catcyber02/Mobile-Robots-2026-1/install/xarm_msgs/include/xarm_msgs/xarm_msgs/srv/set_int16_list.h
[4.914s] -- Up-to-date: /home/catcyber02/Mobile-Robots-2026-1/install/xarm_msgs/include/xarm_msgs/xarm_msgs/srv/robotiq_move.h
[4.914s] -- Up-to-date: /home/catcyber02/Mobile-Robots-2026-1/install/xarm_msgs/include/xarm_msgs/xarm_msgs/srv/vacuum_gripper_ctrl.h
[4.915s] -- Up-to-date: /home/catcyber02/Mobile-Robots-2026-1/install/xarm_msgs/include/xarm_msgs/xarm_msgs/srv/robotiq_get_status.h
[4.915s] -- Up-to-date: /home/catcyber02/Mobile-Robots-2026-1/install/xarm_msgs/include/xarm_msgs/xarm_msgs/srv/get_int32_by_type.h
[4.915s] -- Up-to-date: /home/catcyber02/Mobile-Robots-2026-1/install/xarm_msgs/include/xarm_msgs/xarm_msgs/srv/linear_track_set_pos.h
[4.916s] -- Up-to-date: /home/catcyber02/Mobile-Robots-2026-1/install/xarm_msgs/include/xarm_msgs/xarm_msgs/srv/ft_admittance_params.h
[4.916s] -- Up-to-date: /home/catcyber02/Mobile-Robots-2026-1/install/xarm_msgs/include/xarm_msgs/xarm_msgs/srv/move_circle.h
[4.916s] -- Up-to-date: /home/catcyber02/Mobile-Robots-2026-1/install/xarm_msgs/include/xarm_msgs/xarm_msgs/srv/get_int32.h
[4.917s] -- Up-to-date: /home/catcyber02/Mobile-Robots-2026-1/install/xarm_msgs/include/xarm_msgs/xarm_msgs/srv/bio_gripper_ctrl.h
[4.917s] -- Up-to-date: /home/catcyber02/Mobile-Robots-2026-1/install/xarm_msgs/include/xarm_msgs/xarm_msgs/srv/ft_impedance.h
[4.918s] -- Up-to-date: /home/catcyber02/Mobile-Robots-2026-1/install/xarm_msgs/include/xarm_msgs/xarm_msgs/srv/set_int16.h
[4.918s] -- Up-to-date: /home/catcyber02/Mobile-Robots-2026-1/install/xarm_msgs/include/xarm_msgs/xarm_msgs/srv/get_analog_io.h
[4.919s] -- Up-to-date: /home/catcyber02/Mobile-Robots-2026-1/install/xarm_msgs/include/xarm_msgs/xarm_msgs/srv/set_int32_by_type.h
[4.919s] -- Up-to-date: /home/catcyber02/Mobile-Robots-2026-1/install/xarm_msgs/include/xarm_msgs/xarm_msgs/srv/traj_play.h
[4.919s] -- Up-to-date: /home/catcyber02/Mobile-Robots-2026-1/install/xarm_msgs/include/xarm_msgs/xarm_msgs/msg
[4.920s] -- Up-to-date: /home/catcyber02/Mobile-Robots-2026-1/install/xarm_msgs/include/xarm_msgs/xarm_msgs/msg/rosidl_generator_c__visibility_control.h
[4.920s] -- Up-to-date: /home/catcyber02/Mobile-Robots-2026-1/install/xarm_msgs/include/xarm_msgs/xarm_msgs/msg/detail
[4.920s] -- Up-to-date: /home/catcyber02/Mobile-Robots-2026-1/install/xarm_msgs/include/xarm_msgs/xarm_msgs/msg/detail/move_velocity__functions.h
[4.920s] -- Up-to-date: /home/catcyber02/Mobile-Robots-2026-1/install/xarm_msgs/include/xarm_msgs/xarm_msgs/msg/detail/robot_msg__struct.h
[4.921s] -- Up-to-date: /home/catcyber02/Mobile-Robots-2026-1/install/xarm_msgs/include/xarm_msgs/xarm_msgs/msg/detail/cio_state__functions.c
[4.921s] -- Up-to-date: /home/catcyber02/Mobile-Robots-2026-1/install/xarm_msgs/include/xarm_msgs/xarm_msgs/msg/detail/robot_msg__functions.h
[4.921s] -- Up-to-date: /home/catcyber02/Mobile-Robots-2026-1/install/xarm_msgs/include/xarm_msgs/xarm_msgs/msg/detail/cio_state__functions.h
[4.921s] -- Up-to-date: /home/catcyber02/Mobile-Robots-2026-1/install/xarm_msgs/include/xarm_msgs/xarm_msgs/msg/detail/move_velocity__type_support.h
[4.922s] -- Up-to-date: /home/catcyber02/Mobile-Robots-2026-1/install/xarm_msgs/include/xarm_msgs/xarm_msgs/msg/detail/cio_state__struct.h
[4.922s] -- Up-to-date: /home/catcyber02/Mobile-Robots-2026-1/install/xarm_msgs/include/xarm_msgs/xarm_msgs/msg/detail/io_state__type_support.h
[4.922s] -- Up-to-date: /home/catcyber02/Mobile-Robots-2026-1/install/xarm_msgs/include/xarm_msgs/xarm_msgs/msg/detail/robot_msg__type_support.h
[4.922s] -- Installing: /home/catcyber02/Mobile-Robots-2026-1/install/xarm_msgs/include/xarm_msgs/xarm_msgs/msg/detail/robot_msg__type_support.c
[4.923s] -- Up-to-date: /home/catcyber02/Mobile-Robots-2026-1/install/xarm_msgs/include/xarm_msgs/xarm_msgs/msg/detail/cio_state__type_support.h
[4.923s] -- Up-to-date: /home/catcyber02/Mobile-Robots-2026-1/install/xarm_msgs/include/xarm_msgs/xarm_msgs/msg/detail/robot_msg__description.c
[4.923s] -- Installing: /home/catcyber02/Mobile-Robots-2026-1/install/xarm_msgs/include/xarm_msgs/xarm_msgs/msg/detail/io_state__type_support.c
[4.924s] -- Up-to-date: /home/catcyber02/Mobile-Robots-2026-1/install/xarm_msgs/include/xarm_msgs/xarm_msgs/msg/detail/io_state__functions.c
[4.924s] -- Up-to-date: /home/catcyber02/Mobile-Robots-2026-1/install/xarm_msgs/include/xarm_msgs/xarm_msgs/msg/detail/io_state__functions.h
[4.924s] -- Up-to-date: /home/catcyber02/Mobile-Robots-2026-1/install/xarm_msgs/include/xarm_msgs/xarm_msgs/msg/detail/cio_state__description.c
[4.925s] -- Up-to-date: /home/catcyber02/Mobile-Robots-2026-1/install/xarm_msgs/include/xarm_msgs/xarm_msgs/msg/detail/move_velocity__functions.c
[4.925s] -- Up-to-date: /home/catcyber02/Mobile-Robots-2026-1/install/xarm_msgs/include/xarm_msgs/xarm_msgs/msg/detail/move_velocity__description.c
[4.925s] -- Up-to-date: /home/catcyber02/Mobile-Robots-2026-1/install/xarm_msgs/include/xarm_msgs/xarm_msgs/msg/detail/move_velocity__struct.h
[4.925s] -- Installing: /home/catcyber02/Mobile-Robots-2026-1/install/xarm_msgs/include/xarm_msgs/xarm_msgs/msg/detail/move_velocity__type_support.c
[4.926s] -- Up-to-date: /home/catcyber02/Mobile-Robots-2026-1/install/xarm_msgs/include/xarm_msgs/xarm_msgs/msg/detail/robot_msg__functions.c
[4.926s] -- Up-to-date: /home/catcyber02/Mobile-Robots-2026-1/install/xarm_msgs/include/xarm_msgs/xarm_msgs/msg/detail/io_state__struct.h
[4.926s] -- Up-to-date: /home/catcyber02/Mobile-Robots-2026-1/install/xarm_msgs/include/xarm_msgs/xarm_msgs/msg/detail/io_state__description.c
[4.926s] -- Installing: /home/catcyber02/Mobile-Robots-2026-1/install/xarm_msgs/include/xarm_msgs/xarm_msgs/msg/detail/cio_state__type_support.c
[4.927s] -- Up-to-date: /home/catcyber02/Mobile-Robots-2026-1/install/xarm_msgs/include/xarm_msgs/xarm_msgs/msg/robot_msg.h
[4.927s] -- Up-to-date: /home/catcyber02/Mobile-Robots-2026-1/install/xarm_msgs/include/xarm_msgs/xarm_msgs/msg/move_velocity.h
[4.927s] -- Up-to-date: /home/catcyber02/Mobile-Robots-2026-1/install/xarm_msgs/include/xarm_msgs/xarm_msgs/msg/io_state.h
[4.928s] -- Up-to-date: /home/catcyber02/Mobile-Robots-2026-1/install/xarm_msgs/include/xarm_msgs/xarm_msgs/msg/cio_state.h
[4.928s] -- Up-to-date: /home/catcyber02/Mobile-Robots-2026-1/install/xarm_msgs/share/xarm_msgs/environment/library_path.sh
[4.928s] -- Up-to-date: /home/catcyber02/Mobile-Robots-2026-1/install/xarm_msgs/share/xarm_msgs/environment/library_path.dsv
[4.928s] -- Up-to-date: /home/catcyber02/Mobile-Robots-2026-1/install/xarm_msgs/lib/libxarm_msgs__rosidl_generator_c.so
[4.929s] -- Up-to-date: /home/catcyber02/Mobile-Robots-2026-1/install/xarm_msgs/include/xarm_msgs/xarm_msgs
[4.929s] -- Up-to-date: /home/catcyber02/Mobile-Robots-2026-1/install/xarm_msgs/include/xarm_msgs/xarm_msgs/srv
[4.929s] -- Up-to-date: /home/catcyber02/Mobile-Robots-2026-1/install/xarm_msgs/include/xarm_msgs/xarm_msgs/srv/detail
[4.929s] -- Up-to-date: /home/catcyber02/Mobile-Robots-2026-1/install/xarm_msgs/include/xarm_msgs/xarm_msgs/srv/detail/plan_pose__rosidl_typesupport_fastrtps_c.h
[4.930s] -- Up-to-date: /home/catcyber02/Mobile-Robots-2026-1/install/xarm_msgs/include/xarm_msgs/xarm_msgs/srv/detail/set_modbus_timeout__rosidl_typesupport_fastrtps_c.h
[4.930s] -- Up-to-date: /home/catcyber02/Mobile-Robots-2026-1/install/xarm_msgs/include/xarm_msgs/xarm_msgs/srv/detail/get_int32_by_type__rosidl_typesupport_fastrtps_c.h
[4.930s] -- Up-to-date: /home/catcyber02/Mobile-Robots-2026-1/install/xarm_msgs/include/xarm_msgs/xarm_msgs/srv/detail/robotiq_activate__rosidl_typesupport_fastrtps_c.h
[4.931s] -- Up-to-date: /home/catcyber02/Mobile-Robots-2026-1/install/xarm_msgs/include/xarm_msgs/xarm_msgs/srv/detail/ft_cali_load__rosidl_typesupport_fastrtps_c.h
[4.931s] -- Up-to-date: /home/catcyber02/Mobile-Robots-2026-1/install/xarm_msgs/include/xarm_msgs/xarm_msgs/srv/detail/vacuum_gripper_ctrl__rosidl_typesupport_fastrtps_c.h
[4.931s] -- Up-to-date: /home/catcyber02/Mobile-Robots-2026-1/install/xarm_msgs/include/xarm_msgs/xarm_msgs/srv/detail/linear_track_set_pos__rosidl_typesupport_fastrtps_c.h
[4.932s] -- Up-to-date: /home/catcyber02/Mobile-Robots-2026-1/install/xarm_msgs/include/xarm_msgs/xarm_msgs/srv/detail/ft_force_pid__rosidl_typesupport_fastrtps_c.h
[4.936s] -- Up-to-date: /home/catcyber02/Mobile-Robots-2026-1/install/xarm_msgs/include/xarm_msgs/xarm_msgs/srv/detail/set_int32__rosidl_typesupport_fastrtps_c.h
[4.937s] -- Up-to-date: /home/catcyber02/Mobile-Robots-2026-1/install/xarm_msgs/include/xarm_msgs/xarm_msgs/srv/detail/move_joint__rosidl_typesupport_fastrtps_c.h
[4.937s] -- Up-to-date: /home/catcyber02/Mobile-Robots-2026-1/install/xarm_msgs/include/xarm_msgs/xarm_msgs/srv/detail/ft_force_config__rosidl_typesupport_fastrtps_c.h
[4.938s] -- Up-to-date: /home/catcyber02/Mobile-Robots-2026-1/install/xarm_msgs/include/xarm_msgs/xarm_msgs/srv/detail/set_int32_by_type__rosidl_typesupport_fastrtps_c.h
[4.938s] -- Up-to-date: /home/catcyber02/Mobile-Robots-2026-1/install/xarm_msgs/include/xarm_msgs/xarm_msgs/srv/detail/set_tcp_load__rosidl_typesupport_fastrtps_c.h
[4.938s] -- Up-to-date: /home/catcyber02/Mobile-Robots-2026-1/install/xarm_msgs/include/xarm_msgs/xarm_msgs/srv/detail/gripper_move__rosidl_typesupport_fastrtps_c.h
[4.939s] -- Up-to-date: /home/catcyber02/Mobile-Robots-2026-1/install/xarm_msgs/include/xarm_msgs/xarm_msgs/srv/detail/set_analog_io__rosidl_typesupport_fastrtps_c.h
[4.939s] -- Up-to-date: /home/catcyber02/Mobile-Robots-2026-1/install/xarm_msgs/include/xarm_msgs/xarm_msgs/srv/detail/traj_play__rosidl_typesupport_fastrtps_c.h
[4.939s] -- Up-to-date: /home/catcyber02/Mobile-Robots-2026-1/install/xarm_msgs/include/xarm_msgs/xarm_msgs/srv/detail/get_float32_list__rosidl_typesupport_fastrtps_c.h
[4.940s] -- Up-to-date: /home/catcyber02/Mobile-Robots-2026-1/install/xarm_msgs/include/xarm_msgs/xarm_msgs/srv/detail/get_set_modbus_data__rosidl_typesupport_fastrtps_c.h
[4.940s] -- Up-to-date: /home/catcyber02/Mobile-Robots-2026-1/install/xarm_msgs/include/xarm_msgs/xarm_msgs/srv/detail/robotiq_reset__rosidl_typesupport_fastrtps_c.h
[4.940s] -- Up-to-date: /home/catcyber02/Mobile-Robots-2026-1/install/xarm_msgs/include/xarm_msgs/xarm_msgs/srv/detail/set_float32_list__rosidl_typesupport_fastrtps_c.h
[4.941s] -- Up-to-date: /home/catcyber02/Mobile-Robots-2026-1/install/xarm_msgs/include/xarm_msgs/xarm_msgs/srv/detail/set_int16_list__rosidl_typesupport_fastrtps_c.h
[4.941s] -- Up-to-date: /home/catcyber02/Mobile-Robots-2026-1/install/xarm_msgs/include/xarm_msgs/xarm_msgs/srv/detail/get_digital_io__rosidl_typesupport_fastrtps_c.h
[4.942s] -- Up-to-date: /home/catcyber02/Mobile-Robots-2026-1/install/xarm_msgs/include/xarm_msgs/xarm_msgs/srv/detail/call__rosidl_typesupport_fastrtps_c.h
[4.942s] -- Up-to-date: /home/catcyber02/Mobile-Robots-2026-1/install/xarm_msgs/include/xarm_msgs/xarm_msgs/srv/detail/move_circle__rosidl_typesupport_fastrtps_c.h
[4.942s] -- Up-to-date: /home/catcyber02/Mobile-Robots-2026-1/install/xarm_msgs/include/xarm_msgs/xarm_msgs/srv/detail/linear_motor_set_pos__rosidl_typesupport_fastrtps_c.h
[4.943s] -- Up-to-date: /home/catcyber02/Mobile-Robots-2026-1/install/xarm_msgs/include/xarm_msgs/xarm_msgs/srv/detail/plan_single_straight__rosidl_typesupport_fastrtps_c.h
[4.943s] -- Up-to-date: /home/catcyber02/Mobile-Robots-2026-1/install/xarm_msgs/include/xarm_msgs/xarm_msgs/srv/detail/get_int16_list__rosidl_typesupport_fastrtps_c.h
[4.944s] -- Up-to-date: /home/catcyber02/Mobile-Robots-2026-1/install/xarm_msgs/include/xarm_msgs/xarm_msgs/srv/detail/get_analog_io__rosidl_typesupport_fastrtps_c.h
[4.944s] -- Up-to-date: /home/catcyber02/Mobile-Robots-2026-1/install/xarm_msgs/include/xarm_msgs/xarm_msgs/srv/detail/linear_motor_back_origin__rosidl_typesupport_fastrtps_c.h
[4.944s] -- Up-to-date: /home/catcyber02/Mobile-Robots-2026-1/install/xarm_msgs/include/xarm_msgs/xarm_msgs/srv/detail/move_cartesian__rosidl_typesupport_fastrtps_c.h
[4.945s] -- Up-to-date: /home/catcyber02/Mobile-Robots-2026-1/install/xarm_msgs/include/xarm_msgs/xarm_msgs/srv/detail/ft_impedance__rosidl_typesupport_fastrtps_c.h
[4.945s] -- Up-to-date: /home/catcyber02/Mobile-Robots-2026-1/install/xarm_msgs/include/xarm_msgs/xarm_msgs/srv/detail/set_int16__rosidl_typesupport_fastrtps_c.h
[4.945s] -- Up-to-date: /home/catcyber02/Mobile-Robots-2026-1/install/xarm_msgs/include/xarm_msgs/xarm_msgs/srv/detail/traj_ctrl__rosidl_typesupport_fastrtps_c.h
[4.946s] -- Up-to-date: /home/catcyber02/Mobile-Robots-2026-1/install/xarm_msgs/include/xarm_msgs/xarm_msgs/srv/detail/ft_force_params__rosidl_typesupport_fastrtps_c.h
[4.947s] -- Up-to-date: /home/catcyber02/Mobile-Robots-2026-1/install/xarm_msgs/include/xarm_msgs/xarm_msgs/srv/detail/bio_gripper_enable__rosidl_typesupport_fastrtps_c.h
[4.947s] -- Up-to-date: /home/catcyber02/Mobile-Robots-2026-1/install/xarm_msgs/include/xarm_msgs/xarm_msgs/srv/detail/move_home__rosidl_typesupport_fastrtps_c.h
[4.948s] -- Up-to-date: /home/catcyber02/Mobile-Robots-2026-1/install/xarm_msgs/include/xarm_msgs/xarm_msgs/srv/detail/robotiq_move__rosidl_typesupport_fastrtps_c.h
[4.948s] -- Up-to-date: /home/catcyber02/Mobile-Robots-2026-1/install/xarm_msgs/include/xarm_msgs/xarm_msgs/srv/detail/iden_load__rosidl_typesupport_fastrtps_c.h
[4.949s] -- Up-to-date: /home/catcyber02/Mobile-Robots-2026-1/install/xarm_msgs/include/xarm_msgs/xarm_msgs/srv/detail/get_float32__rosidl_typesupport_fastrtps_c.h
[4.949s] -- Up-to-date: /home/catcyber02/Mobile-Robots-2026-1/install/xarm_msgs/include/xarm_msgs/xarm_msgs/srv/detail/ft_admittance_params__rosidl_typesupport_fastrtps_c.h
[4.949s] -- Up-to-date: /home/catcyber02/Mobile-Robots-2026-1/install/xarm_msgs/include/xarm_msgs/xarm_msgs/srv/detail/get_int32__rosidl_typesupport_fastrtps_c.h
[4.950s] -- Up-to-date: /home/catcyber02/Mobile-Robots-2026-1/install/xarm_msgs/include/xarm_msgs/xarm_msgs/srv/detail/set_float32__rosidl_typesupport_fastrtps_c.h
[4.950s] -- Up-to-date: /home/catcyber02/Mobile-Robots-2026-1/install/xarm_msgs/include/xarm_msgs/xarm_msgs/srv/detail/plan_joint__rosidl_typesupport_fastrtps_c.h
[4.950s] -- Up-to-date: /home/catcyber02/Mobile-Robots-2026-1/install/xarm_msgs/include/xarm_msgs/xarm_msgs/srv/detail/move_velocity__rosidl_typesupport_fastrtps_c.h
[4.951s] -- Up-to-date: /home/catcyber02/Mobile-Robots-2026-1/install/xarm_msgs/include/xarm_msgs/xarm_msgs/srv/detail/bio_gripper_ctrl__rosidl_typesupport_fastrtps_c.h
[4.951s] -- Up-to-date: /home/catcyber02/Mobile-Robots-2026-1/install/xarm_msgs/include/xarm_msgs/xarm_msgs/srv/detail/plan_exec__rosidl_typesupport_fastrtps_c.h
[4.953s] -- Up-to-date: /home/catcyber02/Mobile-Robots-2026-1/install/xarm_msgs/include/xarm_msgs/xarm_msgs/srv/detail/linear_track_back_origin__rosidl_typesupport_fastrtps_c.h
[4.953s] -- Up-to-date: /home/catcyber02/Mobile-Robots-2026-1/install/xarm_msgs/include/xarm_msgs/xarm_msgs/srv/detail/set_int16_by_id__rosidl_typesupport_fastrtps_c.h
[4.954s] -- Up-to-date: /home/catcyber02/Mobile-Robots-2026-1/install/xarm_msgs/include/xarm_msgs/xarm_msgs/srv/detail/robotiq_get_status__rosidl_typesupport_fastrtps_c.h
[4.954s] -- Up-to-date: /home/catcyber02/Mobile-Robots-2026-1/install/xarm_msgs/include/xarm_msgs/xarm_msgs/srv/detail/set_digital_io__rosidl_typesupport_fastrtps_c.h
[4.955s] -- Up-to-date: /home/catcyber02/Mobile-Robots-2026-1/install/xarm_msgs/include/xarm_msgs/xarm_msgs/srv/detail/get_int16__rosidl_typesupport_fastrtps_c.h
[4.955s] -- Up-to-date: /home/catcyber02/Mobile-Robots-2026-1/install/xarm_msgs/include/xarm_msgs/xarm_msgs/msg
[4.955s] -- Up-to-date: /home/catcyber02/Mobile-Robots-2026-1/install/xarm_msgs/include/xarm_msgs/xarm_msgs/msg/rosidl_typesupport_fastrtps_c__visibility_control.h
[4.956s] -- Up-to-date: /home/catcyber02/Mobile-Robots-2026-1/install/xarm_msgs/include/xarm_msgs/xarm_msgs/msg/detail
[4.956s] -- Up-to-date: /home/catcyber02/Mobile-Robots-2026-1/install/xarm_msgs/include/xarm_msgs/xarm_msgs/msg/detail/io_state__rosidl_typesupport_fastrtps_c.h
[4.956s] -- Up-to-date: /home/catcyber02/Mobile-Robots-2026-1/install/xarm_msgs/include/xarm_msgs/xarm_msgs/msg/detail/robot_msg__rosidl_typesupport_fastrtps_c.h
[4.957s] -- Up-to-date: /home/catcyber02/Mobile-Robots-2026-1/install/xarm_msgs/include/xarm_msgs/xarm_msgs/msg/detail/cio_state__rosidl_typesupport_fastrtps_c.h
[4.957s] -- Up-to-date: /home/catcyber02/Mobile-Robots-2026-1/install/xarm_msgs/include/xarm_msgs/xarm_msgs/msg/detail/move_velocity__rosidl_typesupport_fastrtps_c.h
[4.958s] -- Up-to-date: /home/catcyber02/Mobile-Robots-2026-1/install/xarm_msgs/lib/libxarm_msgs__rosidl_typesupport_fastrtps_c.so
[4.958s] -- Up-to-date: /home/catcyber02/Mobile-Robots-2026-1/install/xarm_msgs/include/xarm_msgs/xarm_msgs
[4.958s] -- Up-to-date: /home/catcyber02/Mobile-Robots-2026-1/install/xarm_msgs/include/xarm_msgs/xarm_msgs/srv
[4.958s] -- Up-to-date: /home/catcyber02/Mobile-Robots-2026-1/install/xarm_msgs/include/xarm_msgs/xarm_msgs/srv/move_joint.hpp
[4.959s] -- Up-to-date: /home/catcyber02/Mobile-Robots-2026-1/install/xarm_msgs/include/xarm_msgs/xarm_msgs/srv/set_float32.hpp
[4.959s] -- Up-to-date: /home/catcyber02/Mobile-Robots-2026-1/install/xarm_msgs/include/xarm_msgs/xarm_msgs/srv/ft_admittance_params.hpp
[4.959s] -- Up-to-date: /home/catcyber02/Mobile-Robots-2026-1/install/xarm_msgs/include/xarm_msgs/xarm_msgs/srv/get_set_modbus_data.hpp
[4.960s] -- Up-to-date: /home/catcyber02/Mobile-Robots-2026-1/install/xarm_msgs/include/xarm_msgs/xarm_msgs/srv/get_int16_list.hpp
[4.960s] -- Up-to-date: /home/catcyber02/Mobile-Robots-2026-1/install/xarm_msgs/include/xarm_msgs/xarm_msgs/srv/move_velocity.hpp
[4.961s] -- Up-to-date: /home/catcyber02/Mobile-Robots-2026-1/install/xarm_msgs/include/xarm_msgs/xarm_msgs/srv/call.hpp
[4.961s] -- Up-to-date: /home/catcyber02/Mobile-Robots-2026-1/install/xarm_msgs/include/xarm_msgs/xarm_msgs/srv/detail
[4.961s] -- Up-to-date: /home/catcyber02/Mobile-Robots-2026-1/install/xarm_msgs/include/xarm_msgs/xarm_msgs/srv/detail/ft_admittance_params__struct.hpp
[4.962s] -- Up-to-date: /home/catcyber02/Mobile-Robots-2026-1/install/xarm_msgs/include/xarm_msgs/xarm_msgs/srv/detail/set_digital_io__type_support.hpp
[4.962s] -- Up-to-date: /home/catcyber02/Mobile-Robots-2026-1/install/xarm_msgs/include/xarm_msgs/xarm_msgs/srv/detail/set_int16_list__builder.hpp
[4.962s] -- Up-to-date: /home/catcyber02/Mobile-Robots-2026-1/install/xarm_msgs/include/xarm_msgs/xarm_msgs/srv/detail/set_int32_by_type__type_support.hpp
[4.963s] -- Up-to-date: /home/catcyber02/Mobile-Robots-2026-1/install/xarm_msgs/include/xarm_msgs/xarm_msgs/srv/detail/robotiq_activate__type_support.hpp
[4.963s] -- Up-to-date: /home/catcyber02/Mobile-Robots-2026-1/install/xarm_msgs/include/xarm_msgs/xarm_msgs/srv/detail/gripper_move__builder.hpp
[4.963s] -- Up-to-date: /home/catcyber02/Mobile-Robots-2026-1/install/xarm_msgs/include/xarm_msgs/xarm_msgs/srv/detail/traj_play__traits.hpp
[4.963s] -- Up-to-date: /home/catcyber02/Mobile-Robots-2026-1/install/xarm_msgs/include/xarm_msgs/xarm_msgs/srv/detail/get_set_modbus_data__type_support.hpp
[4.964s] -- Up-to-date: /home/catcyber02/Mobile-Robots-2026-1/install/xarm_msgs/include/xarm_msgs/xarm_msgs/srv/detail/get_int32_by_type__type_support.hpp
[4.965s] -- Up-to-date: /home/catcyber02/Mobile-Robots-2026-1/install/xarm_msgs/include/xarm_msgs/xarm_msgs/srv/detail/gripper_move__struct.hpp
[4.966s] -- Up-to-date: /home/catcyber02/Mobile-Robots-2026-1/install/xarm_msgs/include/xarm_msgs/xarm_msgs/srv/detail/linear_track_set_pos__traits.hpp
[4.967s] -- Up-to-date: /home/catcyber02/Mobile-Robots-2026-1/install/xarm_msgs/include/xarm_msgs/xarm_msgs/srv/detail/robotiq_move__builder.hpp
[4.968s] -- Up-to-date: /home/catcyber02/Mobile-Robots-2026-1/install/xarm_msgs/include/xarm_msgs/xarm_msgs/srv/detail/iden_load__struct.hpp
[4.968s] -- Up-to-date: /home/catcyber02/Mobile-Robots-2026-1/install/xarm_msgs/include/xarm_msgs/xarm_msgs/srv/detail/call__struct.hpp
[4.970s] -- Up-to-date: /home/catcyber02/Mobile-Robots-2026-1/install/xarm_msgs/include/xarm_msgs/xarm_msgs/srv/detail/traj_ctrl__builder.hpp
[4.971s] -- Up-to-date: /home/catcyber02/Mobile-Robots-2026-1/install/xarm_msgs/include/xarm_msgs/xarm_msgs/srv/detail/get_int16__traits.hpp
[4.971s] -- Up-to-date: /home/catcyber02/Mobile-Robots-2026-1/install/xarm_msgs/include/xarm_msgs/xarm_msgs/srv/detail/plan_joint__struct.hpp
[4.971s] -- Up-to-date: /home/catcyber02/Mobile-Robots-2026-1/install/xarm_msgs/include/xarm_msgs/xarm_msgs/srv/detail/set_int32__type_support.hpp
[4.972s] -- Up-to-date: /home/catcyber02/Mobile-Robots-2026-1/install/xarm_msgs/include/xarm_msgs/xarm_msgs/srv/detail/get_int16_list__type_support.hpp
[4.973s] -- Up-to-date: /home/catcyber02/Mobile-Robots-2026-1/install/xarm_msgs/include/xarm_msgs/xarm_msgs/srv/detail/linear_motor_back_origin__type_support.hpp
[4.977s] -- Up-to-date: /home/catcyber02/Mobile-Robots-2026-1/install/xarm_msgs/include/xarm_msgs/xarm_msgs/srv/detail/move_joint__builder.hpp
[4.977s] -- Up-to-date: /home/catcyber02/Mobile-Robots-2026-1/install/xarm_msgs/include/xarm_msgs/xarm_msgs/srv/detail/robotiq_move__type_support.hpp
[4.977s] -- Up-to-date: /home/catcyber02/Mobile-Robots-2026-1/install/xarm_msgs/include/xarm_msgs/xarm_msgs/srv/detail/set_analog_io__type_support.hpp
[4.978s] -- Up-to-date: /home/catcyber02/Mobile-Robots-2026-1/install/xarm_msgs/include/xarm_msgs/xarm_msgs/srv/detail/set_float32_list__traits.hpp
[4.978s] -- Up-to-date: /home/catcyber02/Mobile-Robots-2026-1/install/xarm_msgs/include/xarm_msgs/xarm_msgs/srv/detail/get_float32_list__type_support.hpp
[4.978s] -- Up-to-date: /home/catcyber02/Mobile-Robots-2026-1/install/xarm_msgs/include/xarm_msgs/xarm_msgs/srv/detail/iden_load__builder.hpp
[4.979s] -- Up-to-date: /home/catcyber02/Mobile-Robots-2026-1/install/xarm_msgs/include/xarm_msgs/xarm_msgs/srv/detail/ft_force_config__struct.hpp
[4.980s] -- Up-to-date: /home/catcyber02/Mobile-Robots-2026-1/install/xarm_msgs/include/xarm_msgs/xarm_msgs/srv/detail/move_circle__type_support.hpp
[4.981s] -- Up-to-date: /home/catcyber02/Mobile-Robots-2026-1/install/xarm_msgs/include/xarm_msgs/xarm_msgs/srv/detail/plan_exec__builder.hpp
[4.981s] -- Up-to-date: /home/catcyber02/Mobile-Robots-2026-1/install/xarm_msgs/include/xarm_msgs/xarm_msgs/srv/detail/set_modbus_timeout__builder.hpp
[4.982s] -- Up-to-date: /home/catcyber02/Mobile-Robots-2026-1/install/xarm_msgs/include/xarm_msgs/xarm_msgs/srv/detail/set_tcp_load__traits.hpp
[4.982s] -- Up-to-date: /home/catcyber02/Mobile-Robots-2026-1/install/xarm_msgs/include/xarm_msgs/xarm_msgs/srv/detail/plan_exec__traits.hpp
[4.982s] -- Up-to-date: /home/catcyber02/Mobile-Robots-2026-1/install/xarm_msgs/include/xarm_msgs/xarm_msgs/srv/detail/ft_force_pid__traits.hpp
[4.984s] -- Up-to-date: /home/catcyber02/Mobile-Robots-2026-1/install/xarm_msgs/include/xarm_msgs/xarm_msgs/srv/detail/traj_play__struct.hpp
[4.985s] -- Up-to-date: /home/catcyber02/Mobile-Robots-2026-1/install/xarm_msgs/include/xarm_msgs/xarm_msgs/srv/detail/robotiq_move__traits.hpp
[4.986s] -- Up-to-date: /home/catcyber02/Mobile-Robots-2026-1/install/xarm_msgs/include/xarm_msgs/xarm_msgs/srv/detail/set_int32__traits.hpp
[4.989s] -- Up-to-date: /home/catcyber02/Mobile-Robots-2026-1/install/xarm_msgs/include/xarm_msgs/xarm_msgs/srv/detail/robotiq_reset__struct.hpp
[4.990s] -- Up-to-date: /home/catcyber02/Mobile-Robots-2026-1/install/xarm_msgs/include/xarm_msgs/xarm_msgs/srv/detail/plan_exec__struct.hpp
[4.991s] -- Up-to-date: /home/catcyber02/Mobile-Robots-2026-1/install/xarm_msgs/include/xarm_msgs/xarm_msgs/srv/detail/linear_motor_back_origin__struct.hpp
[4.991s] -- Up-to-date: /home/catcyber02/Mobile-Robots-2026-1/install/xarm_msgs/include/xarm_msgs/xarm_msgs/srv/detail/linear_track_back_origin__struct.hpp
[4.992s] -- Up-to-date: /home/catcyber02/Mobile-Robots-2026-1/install/xarm_msgs/include/xarm_msgs/xarm_msgs/srv/detail/robotiq_move__struct.hpp
[4.993s] -- Up-to-date: /home/catcyber02/Mobile-Robots-2026-1/install/xarm_msgs/include/xarm_msgs/xarm_msgs/srv/detail/set_float32_list__builder.hpp
[4.994s] -- Up-to-date: /home/catcyber02/Mobile-Robots-2026-1/install/xarm_msgs/include/xarm_msgs/xarm_msgs/srv/detail/set_analog_io__builder.hpp
[4.995s] -- Up-to-date: /home/catcyber02/Mobile-Robots-2026-1/install/xarm_msgs/include/xarm_msgs/xarm_msgs/srv/detail/ft_cali_load__builder.hpp
[4.998s] -- Up-to-date: /home/catcyber02/Mobile-Robots-2026-1/install/xarm_msgs/include/xarm_msgs/xarm_msgs/srv/detail/robotiq_get_status__traits.hpp
[4.999s] -- Up-to-date: /home/catcyber02/Mobile-Robots-2026-1/install/xarm_msgs/include/xarm_msgs/xarm_msgs/srv/detail/move_velocity__traits.hpp
[5.000s] -- Up-to-date: /home/catcyber02/Mobile-Robots-2026-1/install/xarm_msgs/include/xarm_msgs/xarm_msgs/srv/detail/get_int32__builder.hpp
[5.001s] -- Up-to-date: /home/catcyber02/Mobile-Robots-2026-1/install/xarm_msgs/include/xarm_msgs/xarm_msgs/srv/detail/ft_cali_load__traits.hpp
[5.003s] -- Up-to-date: /home/catcyber02/Mobile-Robots-2026-1/install/xarm_msgs/include/xarm_msgs/xarm_msgs/srv/detail/set_int32__builder.hpp
[5.004s] -- Up-to-date: /home/catcyber02/Mobile-Robots-2026-1/install/xarm_msgs/include/xarm_msgs/xarm_msgs/srv/detail/ft_force_pid__struct.hpp
[5.005s] -- Up-to-date: /home/catcyber02/Mobile-Robots-2026-1/install/xarm_msgs/include/xarm_msgs/xarm_msgs/srv/detail/set_int16_list__struct.hpp
[5.005s] -- Up-to-date: /home/catcyber02/Mobile-Robots-2026-1/install/xarm_msgs/include/xarm_msgs/xarm_msgs/srv/detail/get_float32_list__builder.hpp
[5.008s] -- Up-to-date: /home/catcyber02/Mobile-Robots-2026-1/install/xarm_msgs/include/xarm_msgs/xarm_msgs/srv/detail/call__builder.hpp
[5.009s] -- Up-to-date: /home/catcyber02/Mobile-Robots-2026-1/install/xarm_msgs/include/xarm_msgs/xarm_msgs/srv/detail/bio_gripper_ctrl__struct.hpp
[5.009s] -- Up-to-date: /home/catcyber02/Mobile-Robots-2026-1/install/xarm_msgs/include/xarm_msgs/xarm_msgs/srv/detail/get_float32__type_support.hpp
[5.010s] -- Up-to-date: /home/catcyber02/Mobile-Robots-2026-1/install/xarm_msgs/include/xarm_msgs/xarm_msgs/srv/detail/get_set_modbus_data__traits.hpp
[5.011s] -- Up-to-date: /home/catcyber02/Mobile-Robots-2026-1/install/xarm_msgs/include/xarm_msgs/xarm_msgs/srv/detail/set_int16_by_id__type_support.hpp
[5.011s] -- Up-to-date: /home/catcyber02/Mobile-Robots-2026-1/install/xarm_msgs/include/xarm_msgs/xarm_msgs/srv/detail/move_circle__struct.hpp
[5.012s] -- Up-to-date: /home/catcyber02/Mobile-Robots-2026-1/install/xarm_msgs/include/xarm_msgs/xarm_msgs/srv/detail/linear_motor_back_origin__traits.hpp
[5.014s] -- Up-to-date: /home/catcyber02/Mobile-Robots-2026-1/install/xarm_msgs/include/xarm_msgs/xarm_msgs/srv/detail/plan_joint__builder.hpp
[5.015s] -- Up-to-date: /home/catcyber02/Mobile-Robots-2026-1/install/xarm_msgs/include/xarm_msgs/xarm_msgs/srv/detail/get_int32__struct.hpp
[5.015s] -- Up-to-date: /home/catcyber02/Mobile-Robots-2026-1/install/xarm_msgs/include/xarm_msgs/xarm_msgs/srv/detail/get_analog_io__builder.hpp
[5.016s] -- Up-to-date: /home/catcyber02/Mobile-Robots-2026-1/install/xarm_msgs/include/xarm_msgs/xarm_msgs/srv/detail/set_int16_by_id__builder.hpp
[5.017s] -- Up-to-date: /home/catcyber02/Mobile-Robots-2026-1/install/xarm_msgs/include/xarm_msgs/xarm_msgs/srv/detail/set_float32__struct.hpp
[5.018s] -- Up-to-date: /home/catcyber02/Mobile-Robots-2026-1/install/xarm_msgs/include/xarm_msgs/xarm_msgs/srv/detail/get_set_modbus_data__builder.hpp
[5.018s] -- Up-to-date: /home/catcyber02/Mobile-Robots-2026-1/install/xarm_msgs/include/xarm_msgs/xarm_msgs/srv/detail/get_int16_list__traits.hpp
[5.019s] -- Up-to-date: /home/catcyber02/Mobile-Robots-2026-1/install/xarm_msgs/include/xarm_msgs/xarm_msgs/srv/detail/set_digital_io__traits.hpp
[5.020s] -- Up-to-date: /home/catcyber02/Mobile-Robots-2026-1/install/xarm_msgs/include/xarm_msgs/xarm_msgs/srv/detail/set_int16__struct.hpp
[5.021s] -- Up-to-date: /home/catcyber02/Mobile-Robots-2026-1/install/xarm_msgs/include/xarm_msgs/xarm_msgs/srv/detail/linear_motor_set_pos__builder.hpp
[5.022s] -- Up-to-date: /home/catcyber02/Mobile-Robots-2026-1/install/xarm_msgs/include/xarm_msgs/xarm_msgs/srv/detail/gripper_move__type_support.hpp
[5.023s] -- Up-to-date: /home/catcyber02/Mobile-Robots-2026-1/install/xarm_msgs/include/xarm_msgs/xarm_msgs/srv/detail/ft_force_params__struct.hpp
[5.024s] -- Up-to-date: /home/catcyber02/Mobile-Robots-2026-1/install/xarm_msgs/include/xarm_msgs/xarm_msgs/srv/detail/robotiq_get_status__type_support.hpp
[5.025s] -- Up-to-date: /home/catcyber02/Mobile-Robots-2026-1/install/xarm_msgs/include/xarm_msgs/xarm_msgs/srv/detail/bio_gripper_ctrl__builder.hpp
[5.026s] -- Up-to-date: /home/catcyber02/Mobile-Robots-2026-1/install/xarm_msgs/include/xarm_msgs/xarm_msgs/srv/detail/get_int32_by_type__traits.hpp
[5.028s] -- Up-to-date: /home/catcyber02/Mobile-Robots-2026-1/install/xarm_msgs/include/xarm_msgs/xarm_msgs/srv/detail/set_int16_list__traits.hpp
[5.029s] -- Up-to-date: /home/catcyber02/Mobile-Robots-2026-1/install/xarm_msgs/include/xarm_msgs/xarm_msgs/srv/detail/get_int32_by_type__struct.hpp
[5.030s] -- Up-to-date: /home/catcyber02/Mobile-Robots-2026-1/install/xarm_msgs/include/xarm_msgs/xarm_msgs/srv/detail/ft_impedance__struct.hpp
[5.031s] -- Up-to-date: /home/catcyber02/Mobile-Robots-2026-1/install/xarm_msgs/include/xarm_msgs/xarm_msgs/srv/detail/vacuum_gripper_ctrl__builder.hpp
[5.032s] -- Up-to-date: /home/catcyber02/Mobile-Robots-2026-1/install/xarm_msgs/include/xarm_msgs/xarm_msgs/srv/detail/plan_single_straight__traits.hpp
[5.032s] -- Up-to-date: /home/catcyber02/Mobile-Robots-2026-1/install/xarm_msgs/include/xarm_msgs/xarm_msgs/srv/detail/get_digital_io__traits.hpp
[5.033s] -- Up-to-date: /home/catcyber02/Mobile-Robots-2026-1/install/xarm_msgs/include/xarm_msgs/xarm_msgs/srv/detail/ft_force_params__builder.hpp
[5.034s] -- Up-to-date: /home/catcyber02/Mobile-Robots-2026-1/install/xarm_msgs/include/xarm_msgs/xarm_msgs/srv/detail/move_circle__traits.hpp
[5.035s] -- Up-to-date: /home/catcyber02/Mobile-Robots-2026-1/install/xarm_msgs/include/xarm_msgs/xarm_msgs/srv/detail/robotiq_activate__builder.hpp
[5.036s] -- Up-to-date: /home/catcyber02/Mobile-Robots-2026-1/install/xarm_msgs/include/xarm_msgs/xarm_msgs/srv/detail/plan_joint__traits.hpp
[5.036s] -- Up-to-date: /home/catcyber02/Mobile-Robots-2026-1/install/xarm_msgs/include/xarm_msgs/xarm_msgs/srv/detail/bio_gripper_ctrl__traits.hpp
[5.037s] -- Up-to-date: /home/catcyber02/Mobile-Robots-2026-1/install/xarm_msgs/include/xarm_msgs/xarm_msgs/srv/detail/move_velocity__type_support.hpp
[5.038s] -- Up-to-date: /home/catcyber02/Mobile-Robots-2026-1/install/xarm_msgs/include/xarm_msgs/xarm_msgs/srv/detail/get_int32__type_support.hpp
[5.039s] -- Up-to-date: /home/catcyber02/Mobile-Robots-2026-1/install/xarm_msgs/include/xarm_msgs/xarm_msgs/srv/detail/move_cartesian__struct.hpp
[5.039s] -- Up-to-date: /home/catcyber02/Mobile-Robots-2026-1/install/xarm_msgs/include/xarm_msgs/xarm_msgs/srv/detail/ft_cali_load__type_support.hpp
[5.040s] -- Up-to-date: /home/catcyber02/Mobile-Robots-2026-1/install/xarm_msgs/include/xarm_msgs/xarm_msgs/srv/detail/set_float32__type_support.hpp
[5.041s] -- Up-to-date: /home/catcyber02/Mobile-Robots-2026-1/install/xarm_msgs/include/xarm_msgs/xarm_msgs/srv/detail/move_cartesian__traits.hpp
[5.042s] -- Up-to-date: /home/catcyber02/Mobile-Robots-2026-1/install/xarm_msgs/include/xarm_msgs/xarm_msgs/srv/detail/ft_force_config__traits.hpp
[5.044s] -- Up-to-date: /home/catcyber02/Mobile-Robots-2026-1/install/xarm_msgs/include/xarm_msgs/xarm_msgs/srv/detail/set_int16_list__type_support.hpp
[5.044s] -- Up-to-date: /home/catcyber02/Mobile-Robots-2026-1/install/xarm_msgs/include/xarm_msgs/xarm_msgs/srv/detail/vacuum_gripper_ctrl__traits.hpp
[5.045s] -- Up-to-date: /home/catcyber02/Mobile-Robots-2026-1/install/xarm_msgs/include/xarm_msgs/xarm_msgs/srv/detail/bio_gripper_enable__struct.hpp
[5.046s] -- Up-to-date: /home/catcyber02/Mobile-Robots-2026-1/install/xarm_msgs/include/xarm_msgs/xarm_msgs/srv/detail/plan_single_straight__type_support.hpp
[5.046s] -- Up-to-date: /home/catcyber02/Mobile-Robots-2026-1/install/xarm_msgs/include/xarm_msgs/xarm_msgs/srv/detail/set_tcp_load__struct.hpp
[5.047s] -- Up-to-date: /home/catcyber02/Mobile-Robots-2026-1/install/xarm_msgs/include/xarm_msgs/xarm_msgs/srv/detail/linear_track_set_pos__type_support.hpp
[5.051s] -- Up-to-date: /home/catcyber02/Mobile-Robots-2026-1/install/xarm_msgs/include/xarm_msgs/xarm_msgs/srv/detail/robotiq_reset__type_support.hpp
[5.051s] -- Up-to-date: /home/catcyber02/Mobile-Robots-2026-1/install/xarm_msgs/include/xarm_msgs/xarm_msgs/srv/detail/move_joint__type_support.hpp
[5.052s] -- Up-to-date: /home/catcyber02/Mobile-Robots-2026-1/install/xarm_msgs/include/xarm_msgs/xarm_msgs/srv/detail/ft_admittance_params__traits.hpp
[5.052s] -- Up-to-date: /home/catcyber02/Mobile-Robots-2026-1/install/xarm_msgs/include/xarm_msgs/xarm_msgs/srv/detail/set_float32_list__struct.hpp
[5.052s] -- Up-to-date: /home/catcyber02/Mobile-Robots-2026-1/install/xarm_msgs/include/xarm_msgs/xarm_msgs/srv/detail/bio_gripper_enable__traits.hpp
[5.053s] -- Up-to-date: /home/catcyber02/Mobile-Robots-2026-1/install/xarm_msgs/include/xarm_msgs/xarm_msgs/srv/detail/iden_load__traits.hpp
[5.053s] -- Up-to-date: /home/catcyber02/Mobile-Robots-2026-1/install/xarm_msgs/include/xarm_msgs/xarm_msgs/srv/detail/set_int32__struct.hpp
[5.053s] -- Up-to-date: /home/catcyber02/Mobile-Robots-2026-1/install/xarm_msgs/include/xarm_msgs/xarm_msgs/srv/detail/get_digital_io__type_support.hpp
[5.053s] -- Up-to-date: /home/catcyber02/Mobile-Robots-2026-1/install/xarm_msgs/include/xarm_msgs/xarm_msgs/srv/detail/set_modbus_timeout__struct.hpp
[5.054s] -- Up-to-date: /home/catcyber02/Mobile-Robots-2026-1/install/xarm_msgs/include/xarm_msgs/xarm_msgs/srv/detail/move_cartesian__type_support.hpp
[5.054s] -- Up-to-date: /home/catcyber02/Mobile-Robots-2026-1/install/xarm_msgs/include/xarm_msgs/xarm_msgs/srv/detail/ft_impedance__traits.hpp
[5.054s] -- Up-to-date: /home/catcyber02/Mobile-Robots-2026-1/install/xarm_msgs/include/xarm_msgs/xarm_msgs/srv/detail/traj_ctrl__struct.hpp
[5.054s] -- Up-to-date: /home/catcyber02/Mobile-Robots-2026-1/install/xarm_msgs/include/xarm_msgs/xarm_msgs/srv/detail/robotiq_reset__builder.hpp
[5.055s] -- Up-to-date: /home/catcyber02/Mobile-Robots-2026-1/install/xarm_msgs/include/xarm_msgs/xarm_msgs/srv/detail/robotiq_activate__traits.hpp
[5.055s] -- Up-to-date: /home/catcyber02/Mobile-Robots-2026-1/install/xarm_msgs/include/xarm_msgs/xarm_msgs/srv/detail/robotiq_activate__struct.hpp
[5.055s] -- Up-to-date: /home/catcyber02/Mobile-Robots-2026-1/install/xarm_msgs/include/xarm_msgs/xarm_msgs/srv/detail/linear_motor_set_pos__traits.hpp
[5.056s] -- Up-to-date: /home/catcyber02/Mobile-Robots-2026-1/install/xarm_msgs/include/xarm_msgs/xarm_msgs/srv/detail/get_int16_list__builder.hpp
[5.056s] -- Up-to-date: /home/catcyber02/Mobile-Robots-2026-1/install/xarm_msgs/include/xarm_msgs/xarm_msgs/srv/detail/plan_joint__type_support.hpp
[5.056s] -- Up-to-date: /home/catcyber02/Mobile-Robots-2026-1/install/xarm_msgs/include/xarm_msgs/xarm_msgs/srv/detail/robotiq_get_status__builder.hpp
[5.056s] -- Up-to-date: /home/catcyber02/Mobile-Robots-2026-1/install/xarm_msgs/include/xarm_msgs/xarm_msgs/srv/detail/move_home__builder.hpp
[5.057s] -- Up-to-date: /home/catcyber02/Mobile-Robots-2026-1/install/xarm_msgs/include/xarm_msgs/xarm_msgs/srv/detail/ft_impedance__type_support.hpp
[5.057s] -- Up-to-date: /home/catcyber02/Mobile-Robots-2026-1/install/xarm_msgs/include/xarm_msgs/xarm_msgs/srv/detail/set_digital_io__struct.hpp
[5.057s] -- Up-to-date: /home/catcyber02/Mobile-Robots-2026-1/install/xarm_msgs/include/xarm_msgs/xarm_msgs/srv/detail/ft_admittance_params__builder.hpp
[5.057s] -- Up-to-date: /home/catcyber02/Mobile-Robots-2026-1/install/xarm_msgs/include/xarm_msgs/xarm_msgs/srv/detail/linear_track_back_origin__builder.hpp
[5.058s] -- Up-to-date: /home/catcyber02/Mobile-Robots-2026-1/install/xarm_msgs/include/xarm_msgs/xarm_msgs/srv/detail/set_float32__builder.hpp
[5.058s] -- Up-to-date: /home/catcyber02/Mobile-Robots-2026-1/install/xarm_msgs/include/xarm_msgs/xarm_msgs/srv/detail/set_float32_list__type_support.hpp
[5.061s] -- Up-to-date: /home/catcyber02/Mobile-Robots-2026-1/install/xarm_msgs/include/xarm_msgs/xarm_msgs/srv/detail/get_digital_io__struct.hpp
[5.062s] -- Up-to-date: /home/catcyber02/Mobile-Robots-2026-1/install/xarm_msgs/include/xarm_msgs/xarm_msgs/srv/detail/ft_force_params__type_support.hpp
[5.063s] -- Up-to-date: /home/catcyber02/Mobile-Robots-2026-1/install/xarm_msgs/include/xarm_msgs/xarm_msgs/srv/detail/bio_gripper_enable__type_support.hpp
[5.063s] -- Up-to-date: /home/catcyber02/Mobile-Robots-2026-1/install/xarm_msgs/include/xarm_msgs/xarm_msgs/srv/detail/set_digital_io__builder.hpp
[5.063s] -- Up-to-date: /home/catcyber02/Mobile-Robots-2026-1/install/xarm_msgs/include/xarm_msgs/xarm_msgs/srv/detail/move_home__struct.hpp
[5.064s] -- Up-to-date: /home/catcyber02/Mobile-Robots-2026-1/install/xarm_msgs/include/xarm_msgs/xarm_msgs/srv/detail/move_home__type_support.hpp
[5.064s] -- Up-to-date: /home/catcyber02/Mobile-Robots-2026-1/install/xarm_msgs/include/xarm_msgs/xarm_msgs/srv/detail/ft_cali_load__struct.hpp
[5.064s] -- Up-to-date: /home/catcyber02/Mobile-Robots-2026-1/install/xarm_msgs/include/xarm_msgs/xarm_msgs/srv/detail/set_modbus_timeout__traits.hpp
[5.065s] -- Up-to-date: /home/catcyber02/Mobile-Robots-2026-1/install/xarm_msgs/include/xarm_msgs/xarm_msgs/srv/detail/get_int32__traits.hpp
[5.065s] -- Up-to-date: /home/catcyber02/Mobile-Robots-2026-1/install/xarm_msgs/include/xarm_msgs/xarm_msgs/srv/detail/ft_force_config__type_support.hpp
[5.065s] -- Up-to-date: /home/catcyber02/Mobile-Robots-2026-1/install/xarm_msgs/include/xarm_msgs/xarm_msgs/srv/detail/ft_force_params__traits.hpp
[5.065s] -- Up-to-date: /home/catcyber02/Mobile-Robots-2026-1/install/xarm_msgs/include/xarm_msgs/xarm_msgs/srv/detail/linear_motor_set_pos__type_support.hpp
[5.066s] -- Up-to-date: /home/catcyber02/Mobile-Robots-2026-1/install/xarm_msgs/include/xarm_msgs/xarm_msgs/srv/detail/move_circle__builder.hpp
[5.066s] -- Up-to-date: /home/catcyber02/Mobile-Robots-2026-1/install/xarm_msgs/include/xarm_msgs/xarm_msgs/srv/detail/ft_admittance_params__type_support.hpp
[5.067s] -- Up-to-date: /home/catcyber02/Mobile-Robots-2026-1/install/xarm_msgs/include/xarm_msgs/xarm_msgs/srv/detail/traj_ctrl__type_support.hpp
[5.067s] -- Up-to-date: /home/catcyber02/Mobile-Robots-2026-1/install/xarm_msgs/include/xarm_msgs/xarm_msgs/srv/detail/set_tcp_load__builder.hpp
[5.068s] -- Up-to-date: /home/catcyber02/Mobile-Robots-2026-1/install/xarm_msgs/include/xarm_msgs/xarm_msgs/srv/detail/set_int16_by_id__traits.hpp
[5.068s] -- Up-to-date: /home/catcyber02/Mobile-Robots-2026-1/install/xarm_msgs/include/xarm_msgs/xarm_msgs/srv/detail/linear_track_set_pos__builder.hpp
[5.068s] -- Up-to-date: /home/catcyber02/Mobile-Robots-2026-1/install/xarm_msgs/include/xarm_msgs/xarm_msgs/srv/detail/get_analog_io__type_support.hpp
[5.068s] -- Up-to-date: /home/catcyber02/Mobile-Robots-2026-1/install/xarm_msgs/include/xarm_msgs/xarm_msgs/srv/detail/linear_motor_back_origin__builder.hpp
[5.069s] -- Up-to-date: /home/catcyber02/Mobile-Robots-2026-1/install/xarm_msgs/include/xarm_msgs/xarm_msgs/srv/detail/set_float32__traits.hpp
[5.069s] -- Up-to-date: /home/catcyber02/Mobile-Robots-2026-1/install/xarm_msgs/include/xarm_msgs/xarm_msgs/srv/detail/set_int16__traits.hpp
[5.069s] -- Up-to-date: /home/catcyber02/Mobile-Robots-2026-1/install/xarm_msgs/include/xarm_msgs/xarm_msgs/srv/detail/traj_ctrl__traits.hpp
[5.070s] -- Up-to-date: /home/catcyber02/Mobile-Robots-2026-1/install/xarm_msgs/include/xarm_msgs/xarm_msgs/srv/detail/ft_force_config__builder.hpp
[5.070s] -- Up-to-date: /home/catcyber02/Mobile-Robots-2026-1/install/xarm_msgs/include/xarm_msgs/xarm_msgs/srv/detail/get_int16_list__struct.hpp
[5.071s] -- Up-to-date: /home/catcyber02/Mobile-Robots-2026-1/install/xarm_msgs/include/xarm_msgs/xarm_msgs/srv/detail/plan_single_straight__builder.hpp
[5.071s] -- Up-to-date: /home/catcyber02/Mobile-Robots-2026-1/install/xarm_msgs/include/xarm_msgs/xarm_msgs/srv/detail/ft_force_pid__builder.hpp
[5.072s] -- Up-to-date: /home/catcyber02/Mobile-Robots-2026-1/install/xarm_msgs/include/xarm_msgs/xarm_msgs/srv/detail/set_int16_by_id__struct.hpp
[5.073s] -- Up-to-date: /home/catcyber02/Mobile-Robots-2026-1/install/xarm_msgs/include/xarm_msgs/xarm_msgs/srv/detail/set_int32_by_type__builder.hpp
[5.073s] -- Up-to-date: /home/catcyber02/Mobile-Robots-2026-1/install/xarm_msgs/include/xarm_msgs/xarm_msgs/srv/detail/get_set_modbus_data__struct.hpp
[5.074s] -- Up-to-date: /home/catcyber02/Mobile-Robots-2026-1/install/xarm_msgs/include/xarm_msgs/xarm_msgs/srv/detail/ft_impedance__builder.hpp
[5.074s] -- Up-to-date: /home/catcyber02/Mobile-Robots-2026-1/install/xarm_msgs/include/xarm_msgs/xarm_msgs/srv/detail/plan_pose__builder.hpp
[5.074s] -- Up-to-date: /home/catcyber02/Mobile-Robots-2026-1/install/xarm_msgs/include/xarm_msgs/xarm_msgs/srv/detail/set_analog_io__traits.hpp
[5.075s] -- Up-to-date: /home/catcyber02/Mobile-Robots-2026-1/install/xarm_msgs/include/xarm_msgs/xarm_msgs/srv/detail/vacuum_gripper_ctrl__type_support.hpp
[5.075s] -- Up-to-date: /home/catcyber02/Mobile-Robots-2026-1/install/xarm_msgs/include/xarm_msgs/xarm_msgs/srv/detail/call__traits.hpp
[5.076s] -- Up-to-date: /home/catcyber02/Mobile-Robots-2026-1/install/xarm_msgs/include/xarm_msgs/xarm_msgs/srv/detail/gripper_move__traits.hpp
[5.076s] -- Up-to-date: /home/catcyber02/Mobile-Robots-2026-1/install/xarm_msgs/include/xarm_msgs/xarm_msgs/srv/detail/call__type_support.hpp
[5.077s] -- Up-to-date: /home/catcyber02/Mobile-Robots-2026-1/install/xarm_msgs/include/xarm_msgs/xarm_msgs/srv/detail/vacuum_gripper_ctrl__struct.hpp
[5.078s] -- Up-to-date: /home/catcyber02/Mobile-Robots-2026-1/install/xarm_msgs/include/xarm_msgs/xarm_msgs/srv/detail/robotiq_reset__traits.hpp
[5.078s] -- Up-to-date: /home/catcyber02/Mobile-Robots-2026-1/install/xarm_msgs/include/xarm_msgs/xarm_msgs/srv/detail/get_float32__struct.hpp
[5.078s] -- Up-to-date: /home/catcyber02/Mobile-Robots-2026-1/install/xarm_msgs/include/xarm_msgs/xarm_msgs/srv/detail/get_float32_list__traits.hpp
[5.079s] -- Up-to-date: /home/catcyber02/Mobile-Robots-2026-1/install/xarm_msgs/include/xarm_msgs/xarm_msgs/srv/detail/move_cartesian__builder.hpp
[5.080s] -- Up-to-date: /home/catcyber02/Mobile-Robots-2026-1/install/xarm_msgs/include/xarm_msgs/xarm_msgs/srv/detail/bio_gripper_ctrl__type_support.hpp
[5.080s] -- Up-to-date: /home/catcyber02/Mobile-Robots-2026-1/install/xarm_msgs/include/xarm_msgs/xarm_msgs/srv/detail/traj_play__builder.hpp
[5.080s] -- Up-to-date: /home/catcyber02/Mobile-Robots-2026-1/install/xarm_msgs/include/xarm_msgs/xarm_msgs/srv/detail/set_int32_by_type__struct.hpp
[5.081s] -- Up-to-date: /home/catcyber02/Mobile-Robots-2026-1/install/xarm_msgs/include/xarm_msgs/xarm_msgs/srv/detail/move_joint__traits.hpp
[5.081s] -- Up-to-date: /home/catcyber02/Mobile-Robots-2026-1/install/xarm_msgs/include/xarm_msgs/xarm_msgs/srv/detail/plan_exec__type_support.hpp
[5.081s] -- Up-to-date: /home/catcyber02/Mobile-Robots-2026-1/install/xarm_msgs/include/xarm_msgs/xarm_msgs/srv/detail/plan_pose__type_support.hpp
[5.082s] -- Up-to-date: /home/catcyber02/Mobile-Robots-2026-1/install/xarm_msgs/include/xarm_msgs/xarm_msgs/srv/detail/get_digital_io__builder.hpp
[5.082s] -- Up-to-date: /home/catcyber02/Mobile-Robots-2026-1/install/xarm_msgs/include/xarm_msgs/xarm_msgs/srv/detail/iden_load__type_support.hpp
[5.082s] -- Up-to-date: /home/catcyber02/Mobile-Robots-2026-1/install/xarm_msgs/include/xarm_msgs/xarm_msgs/srv/detail/set_int16__type_support.hpp
[5.083s] -- Up-to-date: /home/catcyber02/Mobile-Robots-2026-1/install/xarm_msgs/include/xarm_msgs/xarm_msgs/srv/detail/linear_track_back_origin__type_support.hpp
[5.083s] -- Up-to-date: /home/catcyber02/Mobile-Robots-2026-1/install/xarm_msgs/include/xarm_msgs/xarm_msgs/srv/detail/get_float32_list__struct.hpp
[5.083s] -- Up-to-date: /home/catcyber02/Mobile-Robots-2026-1/install/xarm_msgs/include/xarm_msgs/xarm_msgs/srv/detail/set_int32_by_type__traits.hpp
[5.083s] -- Up-to-date: /home/catcyber02/Mobile-Robots-2026-1/install/xarm_msgs/include/xarm_msgs/xarm_msgs/srv/detail/move_home__traits.hpp
[5.084s] -- Up-to-date: /home/catcyber02/Mobile-Robots-2026-1/install/xarm_msgs/include/xarm_msgs/xarm_msgs/srv/detail/get_int16__struct.hpp
[5.084s] -- Up-to-date: /home/catcyber02/Mobile-Robots-2026-1/install/xarm_msgs/include/xarm_msgs/xarm_msgs/srv/detail/plan_pose__struct.hpp
[5.085s] -- Up-to-date: /home/catcyber02/Mobile-Robots-2026-1/install/xarm_msgs/include/xarm_msgs/xarm_msgs/srv/detail/set_int16__builder.hpp
[5.085s] -- Up-to-date: /home/catcyber02/Mobile-Robots-2026-1/install/xarm_msgs/include/xarm_msgs/xarm_msgs/srv/detail/get_int32_by_type__builder.hpp
[5.086s] -- Up-to-date: /home/catcyber02/Mobile-Robots-2026-1/install/xarm_msgs/include/xarm_msgs/xarm_msgs/srv/detail/linear_track_back_origin__traits.hpp
[5.086s] -- Up-to-date: /home/catcyber02/Mobile-Robots-2026-1/install/xarm_msgs/include/xarm_msgs/xarm_msgs/srv/detail/get_int16__type_support.hpp
[5.087s] -- Up-to-date: /home/catcyber02/Mobile-Robots-2026-1/install/xarm_msgs/include/xarm_msgs/xarm_msgs/srv/detail/set_analog_io__struct.hpp
[5.088s] -- Up-to-date: /home/catcyber02/Mobile-Robots-2026-1/install/xarm_msgs/include/xarm_msgs/xarm_msgs/srv/detail/get_float32__traits.hpp
[5.088s] -- Up-to-date: /home/catcyber02/Mobile-Robots-2026-1/install/xarm_msgs/include/xarm_msgs/xarm_msgs/srv/detail/set_modbus_timeout__type_support.hpp
[5.089s] -- Up-to-date: /home/catcyber02/Mobile-Robots-2026-1/install/xarm_msgs/include/xarm_msgs/xarm_msgs/srv/detail/linear_motor_set_pos__struct.hpp
[5.090s] -- Up-to-date: /home/catcyber02/Mobile-Robots-2026-1/install/xarm_msgs/include/xarm_msgs/xarm_msgs/srv/detail/move_velocity__struct.hpp
[5.091s] -- Up-to-date: /home/catcyber02/Mobile-Robots-2026-1/install/xarm_msgs/include/xarm_msgs/xarm_msgs/srv/detail/get_int16__builder.hpp
[5.091s] -- Up-to-date: /home/catcyber02/Mobile-Robots-2026-1/install/xarm_msgs/include/xarm_msgs/xarm_msgs/srv/detail/bio_gripper_enable__builder.hpp
[5.092s] -- Up-to-date: /home/catcyber02/Mobile-Robots-2026-1/install/xarm_msgs/include/xarm_msgs/xarm_msgs/srv/detail/get_analog_io__struct.hpp
[5.092s] -- Up-to-date: /home/catcyber02/Mobile-Robots-2026-1/install/xarm_msgs/include/xarm_msgs/xarm_msgs/srv/detail/move_joint__struct.hpp
[5.093s] -- Up-to-date: /home/catcyber02/Mobile-Robots-2026-1/install/xarm_msgs/include/xarm_msgs/xarm_msgs/srv/detail/traj_play__type_support.hpp
[5.094s] -- Up-to-date: /home/catcyber02/Mobile-Robots-2026-1/install/xarm_msgs/include/xarm_msgs/xarm_msgs/srv/detail/ft_force_pid__type_support.hpp
[5.094s] -- Up-to-date: /home/catcyber02/Mobile-Robots-2026-1/install/xarm_msgs/include/xarm_msgs/xarm_msgs/srv/detail/move_velocity__builder.hpp
[5.094s] -- Up-to-date: /home/catcyber02/Mobile-Robots-2026-1/install/xarm_msgs/include/xarm_msgs/xarm_msgs/srv/detail/robotiq_get_status__struct.hpp
[5.095s] -- Up-to-date: /home/catcyber02/Mobile-Robots-2026-1/install/xarm_msgs/include/xarm_msgs/xarm_msgs/srv/detail/get_analog_io__traits.hpp
[5.095s] -- Up-to-date: /home/catcyber02/Mobile-Robots-2026-1/install/xarm_msgs/include/xarm_msgs/xarm_msgs/srv/detail/set_tcp_load__type_support.hpp
[5.096s] -- Up-to-date: /home/catcyber02/Mobile-Robots-2026-1/install/xarm_msgs/include/xarm_msgs/xarm_msgs/srv/detail/get_float32__builder.hpp
[5.096s] -- Up-to-date: /home/catcyber02/Mobile-Robots-2026-1/install/xarm_msgs/include/xarm_msgs/xarm_msgs/srv/detail/plan_pose__traits.hpp
[5.097s] -- Up-to-date: /home/catcyber02/Mobile-Robots-2026-1/install/xarm_msgs/include/xarm_msgs/xarm_msgs/srv/detail/plan_single_straight__struct.hpp
[5.097s] -- Up-to-date: /home/catcyber02/Mobile-Robots-2026-1/install/xarm_msgs/include/xarm_msgs/xarm_msgs/srv/detail/linear_track_set_pos__struct.hpp
[5.097s] -- Up-to-date: /home/catcyber02/Mobile-Robots-2026-1/install/xarm_msgs/include/xarm_msgs/xarm_msgs/srv/get_digital_io.hpp
[5.098s] -- Up-to-date: /home/catcyber02/Mobile-Robots-2026-1/install/xarm_msgs/include/xarm_msgs/xarm_msgs/srv/robotiq_activate.hpp
[5.098s] -- Up-to-date: /home/catcyber02/Mobile-Robots-2026-1/install/xarm_msgs/include/xarm_msgs/xarm_msgs/srv/set_analog_io.hpp
[5.098s] -- Up-to-date: /home/catcyber02/Mobile-Robots-2026-1/install/xarm_msgs/include/xarm_msgs/xarm_msgs/srv/robotiq_move.hpp
[5.099s] -- Up-to-date: /home/catcyber02/Mobile-Robots-2026-1/install/xarm_msgs/include/xarm_msgs/xarm_msgs/srv/iden_load.hpp
[5.100s] -- Up-to-date: /home/catcyber02/Mobile-Robots-2026-1/install/xarm_msgs/include/xarm_msgs/xarm_msgs/srv/linear_track_back_origin.hpp
[5.100s] -- Up-to-date: /home/catcyber02/Mobile-Robots-2026-1/install/xarm_msgs/include/xarm_msgs/xarm_msgs/srv/get_float32.hpp
[5.101s] -- Up-to-date: /home/catcyber02/Mobile-Robots-2026-1/install/xarm_msgs/include/xarm_msgs/xarm_msgs/srv/move_home.hpp
[5.101s] -- Up-to-date: /home/catcyber02/Mobile-Robots-2026-1/install/xarm_msgs/include/xarm_msgs/xarm_msgs/srv/get_int32_by_type.hpp
[5.102s] -- Up-to-date: /home/catcyber02/Mobile-Robots-2026-1/install/xarm_msgs/include/xarm_msgs/xarm_msgs/srv/get_int16.hpp
[5.102s] -- Up-to-date: /home/catcyber02/Mobile-Robots-2026-1/install/xarm_msgs/include/xarm_msgs/xarm_msgs/srv/traj_ctrl.hpp
[5.103s] -- Up-to-date: /home/catcyber02/Mobile-Robots-2026-1/install/xarm_msgs/include/xarm_msgs/xarm_msgs/srv/robotiq_get_status.hpp
[5.103s] -- Up-to-date: /home/catcyber02/Mobile-Robots-2026-1/install/xarm_msgs/include/xarm_msgs/xarm_msgs/srv/gripper_move.hpp
[5.104s] -- Up-to-date: /home/catcyber02/Mobile-Robots-2026-1/install/xarm_msgs/include/xarm_msgs/xarm_msgs/srv/set_digital_io.hpp
[5.104s] -- Up-to-date: /home/catcyber02/Mobile-Robots-2026-1/install/xarm_msgs/include/xarm_msgs/xarm_msgs/srv/ft_impedance.hpp
[5.105s] -- Up-to-date: /home/catcyber02/Mobile-Robots-2026-1/install/xarm_msgs/include/xarm_msgs/xarm_msgs/srv/set_int16_by_id.hpp
[5.105s] -- Up-to-date: /home/catcyber02/Mobile-Robots-2026-1/install/xarm_msgs/include/xarm_msgs/xarm_msgs/srv/ft_force_config.hpp
[5.106s] -- Up-to-date: /home/catcyber02/Mobile-Robots-2026-1/install/xarm_msgs/include/xarm_msgs/xarm_msgs/srv/traj_play.hpp
[5.106s] -- Up-to-date: /home/catcyber02/Mobile-Robots-2026-1/install/xarm_msgs/include/xarm_msgs/xarm_msgs/srv/set_modbus_timeout.hpp
[5.107s] -- Up-to-date: /home/catcyber02/Mobile-Robots-2026-1/install/xarm_msgs/include/xarm_msgs/xarm_msgs/srv/set_int16_list.hpp
[5.107s] -- Up-to-date: /home/catcyber02/Mobile-Robots-2026-1/install/xarm_msgs/include/xarm_msgs/xarm_msgs/srv/ft_cali_load.hpp
[5.107s] -- Up-to-date: /home/catcyber02/Mobile-Robots-2026-1/install/xarm_msgs/include/xarm_msgs/xarm_msgs/srv/ft_force_pid.hpp
[5.108s] -- Up-to-date: /home/catcyber02/Mobile-Robots-2026-1/install/xarm_msgs/include/xarm_msgs/xarm_msgs/srv/linear_track_set_pos.hpp
[5.108s] -- Up-to-date: /home/catcyber02/Mobile-Robots-2026-1/install/xarm_msgs/include/xarm_msgs/xarm_msgs/srv/linear_motor_back_origin.hpp
[5.109s] -- Up-to-date: /home/catcyber02/Mobile-Robots-2026-1/install/xarm_msgs/include/xarm_msgs/xarm_msgs/srv/robotiq_reset.hpp
[5.110s] -- Up-to-date: /home/catcyber02/Mobile-Robots-2026-1/install/xarm_msgs/include/xarm_msgs/xarm_msgs/srv/bio_gripper_enable.hpp
[5.110s] -- Up-to-date: /home/catcyber02/Mobile-Robots-2026-1/install/xarm_msgs/include/xarm_msgs/xarm_msgs/srv/plan_exec.hpp
[5.111s] -- Up-to-date: /home/catcyber02/Mobile-Robots-2026-1/install/xarm_msgs/include/xarm_msgs/xarm_msgs/srv/move_circle.hpp
[5.111s] -- Up-to-date: /home/catcyber02/Mobile-Robots-2026-1/install/xarm_msgs/include/xarm_msgs/xarm_msgs/srv/get_analog_io.hpp
[5.112s] -- Up-to-date: /home/catcyber02/Mobile-Robots-2026-1/install/xarm_msgs/include/xarm_msgs/xarm_msgs/srv/get_float32_list.hpp
[5.112s] -- Up-to-date: /home/catcyber02/Mobile-Robots-2026-1/install/xarm_msgs/include/xarm_msgs/xarm_msgs/srv/plan_single_straight.hpp
[5.112s] -- Up-to-date: /home/catcyber02/Mobile-Robots-2026-1/install/xarm_msgs/include/xarm_msgs/xarm_msgs/srv/plan_pose.hpp
[5.113s] -- Up-to-date: /home/catcyber02/Mobile-Robots-2026-1/install/xarm_msgs/include/xarm_msgs/xarm_msgs/srv/ft_force_params.hpp
[5.113s] -- Up-to-date: /home/catcyber02/Mobile-Robots-2026-1/install/xarm_msgs/include/xarm_msgs/xarm_msgs/srv/set_int16.hpp
[5.113s] -- Up-to-date: /home/catcyber02/Mobile-Robots-2026-1/install/xarm_msgs/include/xarm_msgs/xarm_msgs/srv/get_int32.hpp
[5.114s] -- Up-to-date: /home/catcyber02/Mobile-Robots-2026-1/install/xarm_msgs/include/xarm_msgs/xarm_msgs/srv/set_float32_list.hpp
[5.114s] -- Up-to-date: /home/catcyber02/Mobile-Robots-2026-1/install/xarm_msgs/include/xarm_msgs/xarm_msgs/srv/move_cartesian.hpp
[5.115s] -- Up-to-date: /home/catcyber02/Mobile-Robots-2026-1/install/xarm_msgs/include/xarm_msgs/xarm_msgs/srv/plan_joint.hpp
[5.115s] -- Up-to-date: /home/catcyber02/Mobile-Robots-2026-1/install/xarm_msgs/include/xarm_msgs/xarm_msgs/srv/set_tcp_load.hpp
[5.115s] -- Up-to-date: /home/catcyber02/Mobile-Robots-2026-1/install/xarm_msgs/include/xarm_msgs/xarm_msgs/srv/bio_gripper_ctrl.hpp
[5.115s] -- Up-to-date: /home/catcyber02/Mobile-Robots-2026-1/install/xarm_msgs/include/xarm_msgs/xarm_msgs/srv/set_int32.hpp
[5.116s] -- Up-to-date: /home/catcyber02/Mobile-Robots-2026-1/install/xarm_msgs/include/xarm_msgs/xarm_msgs/srv/vacuum_gripper_ctrl.hpp
[5.116s] -- Up-to-date: /home/catcyber02/Mobile-Robots-2026-1/install/xarm_msgs/include/xarm_msgs/xarm_msgs/srv/linear_motor_set_pos.hpp
[5.116s] -- Up-to-date: /home/catcyber02/Mobile-Robots-2026-1/install/xarm_msgs/include/xarm_msgs/xarm_msgs/srv/set_int32_by_type.hpp
[5.117s] -- Up-to-date: /home/catcyber02/Mobile-Robots-2026-1/install/xarm_msgs/include/xarm_msgs/xarm_msgs/msg
[5.117s] -- Up-to-date: /home/catcyber02/Mobile-Robots-2026-1/install/xarm_msgs/include/xarm_msgs/xarm_msgs/msg/robot_msg.hpp
[5.117s] -- Up-to-date: /home/catcyber02/Mobile-Robots-2026-1/install/xarm_msgs/include/xarm_msgs/xarm_msgs/msg/move_velocity.hpp
[5.117s] -- Up-to-date: /home/catcyber02/Mobile-Robots-2026-1/install/xarm_msgs/include/xarm_msgs/xarm_msgs/msg/detail
[5.118s] -- Up-to-date: /home/catcyber02/Mobile-Robots-2026-1/install/xarm_msgs/include/xarm_msgs/xarm_msgs/msg/detail/cio_state__traits.hpp
[5.118s] -- Up-to-date: /home/catcyber02/Mobile-Robots-2026-1/install/xarm_msgs/include/xarm_msgs/xarm_msgs/msg/detail/robot_msg__traits.hpp
[5.118s] -- Up-to-date: /home/catcyber02/Mobile-Robots-2026-1/install/xarm_msgs/include/xarm_msgs/xarm_msgs/msg/detail/move_velocity__traits.hpp
[5.119s] -- Up-to-date: /home/catcyber02/Mobile-Robots-2026-1/install/xarm_msgs/include/xarm_msgs/xarm_msgs/msg/detail/robot_msg__type_support.hpp
[5.119s] -- Up-to-date: /home/catcyber02/Mobile-Robots-2026-1/install/xarm_msgs/include/xarm_msgs/xarm_msgs/msg/detail/move_velocity__type_support.hpp
[5.120s] -- Up-to-date: /home/catcyber02/Mobile-Robots-2026-1/install/xarm_msgs/include/xarm_msgs/xarm_msgs/msg/detail/io_state__traits.hpp
[5.120s] -- Up-to-date: /home/catcyber02/Mobile-Robots-2026-1/install/xarm_msgs/include/xarm_msgs/xarm_msgs/msg/detail/robot_msg__builder.hpp
[5.120s] -- Up-to-date: /home/catcyber02/Mobile-Robots-2026-1/install/xarm_msgs/include/xarm_msgs/xarm_msgs/msg/detail/io_state__struct.hpp
[5.121s] -- Up-to-date: /home/catcyber02/Mobile-Robots-2026-1/install/xarm_msgs/include/xarm_msgs/xarm_msgs/msg/detail/robot_msg__struct.hpp
[5.121s] -- Up-to-date: /home/catcyber02/Mobile-Robots-2026-1/install/xarm_msgs/include/xarm_msgs/xarm_msgs/msg/detail/io_state__type_support.hpp
[5.121s] -- Up-to-date: /home/catcyber02/Mobile-Robots-2026-1/install/xarm_msgs/include/xarm_msgs/xarm_msgs/msg/detail/cio_state__type_support.hpp
[5.121s] -- Up-to-date: /home/catcyber02/Mobile-Robots-2026-1/install/xarm_msgs/include/xarm_msgs/xarm_msgs/msg/detail/move_velocity__struct.hpp
[5.121s] -- Up-to-date: /home/catcyber02/Mobile-Robots-2026-1/install/xarm_msgs/include/xarm_msgs/xarm_msgs/msg/detail/cio_state__builder.hpp
[5.122s] -- Up-to-date: /home/catcyber02/Mobile-Robots-2026-1/install/xarm_msgs/include/xarm_msgs/xarm_msgs/msg/detail/move_velocity__builder.hpp
[5.122s] -- Up-to-date: /home/catcyber02/Mobile-Robots-2026-1/install/xarm_msgs/include/xarm_msgs/xarm_msgs/msg/detail/io_state__builder.hpp
[5.122s] -- Up-to-date: /home/catcyber02/Mobile-Robots-2026-1/install/xarm_msgs/include/xarm_msgs/xarm_msgs/msg/detail/cio_state__struct.hpp
[5.122s] -- Up-to-date: /home/catcyber02/Mobile-Robots-2026-1/install/xarm_msgs/include/xarm_msgs/xarm_msgs/msg/rosidl_generator_cpp__visibility_control.hpp
[5.123s] -- Up-to-date: /home/catcyber02/Mobile-Robots-2026-1/install/xarm_msgs/include/xarm_msgs/xarm_msgs/msg/cio_state.hpp
[5.123s] -- Up-to-date: /home/catcyber02/Mobile-Robots-2026-1/install/xarm_msgs/include/xarm_msgs/xarm_msgs/msg/io_state.hpp
[5.123s] -- Up-to-date: /home/catcyber02/Mobile-Robots-2026-1/install/xarm_msgs/include/xarm_msgs/xarm_msgs
[5.123s] -- Up-to-date: /home/catcyber02/Mobile-Robots-2026-1/install/xarm_msgs/include/xarm_msgs/xarm_msgs/srv
[5.124s] -- Up-to-date: /home/catcyber02/Mobile-Robots-2026-1/install/xarm_msgs/include/xarm_msgs/xarm_msgs/srv/detail
[5.124s] -- Up-to-date: /home/catcyber02/Mobile-Robots-2026-1/install/xarm_msgs/include/xarm_msgs/xarm_msgs/srv/detail/traj_ctrl__rosidl_typesupport_fastrtps_cpp.hpp
[5.124s] -- Up-to-date: /home/catcyber02/Mobile-Robots-2026-1/install/xarm_msgs/include/xarm_msgs/xarm_msgs/srv/detail/traj_play__rosidl_typesupport_fastrtps_cpp.hpp
[5.125s] -- Up-to-date: /home/catcyber02/Mobile-Robots-2026-1/install/xarm_msgs/include/xarm_msgs/xarm_msgs/srv/detail/get_set_modbus_data__rosidl_typesupport_fastrtps_cpp.hpp
[5.125s] -- Up-to-date: /home/catcyber02/Mobile-Robots-2026-1/install/xarm_msgs/include/xarm_msgs/xarm_msgs/srv/detail/linear_track_set_pos__rosidl_typesupport_fastrtps_cpp.hpp
[5.126s] -- Up-to-date: /home/catcyber02/Mobile-Robots-2026-1/install/xarm_msgs/include/xarm_msgs/xarm_msgs/srv/detail/bio_gripper_ctrl__rosidl_typesupport_fastrtps_cpp.hpp
[5.127s] -- Up-to-date: /home/catcyber02/Mobile-Robots-2026-1/install/xarm_msgs/include/xarm_msgs/xarm_msgs/srv/detail/get_int16__rosidl_typesupport_fastrtps_cpp.hpp
[5.127s] -- Up-to-date: /home/catcyber02/Mobile-Robots-2026-1/install/xarm_msgs/include/xarm_msgs/xarm_msgs/srv/detail/gripper_move__rosidl_typesupport_fastrtps_cpp.hpp
[5.127s] -- Up-to-date: /home/catcyber02/Mobile-Robots-2026-1/install/xarm_msgs/include/xarm_msgs/xarm_msgs/srv/detail/ft_force_config__rosidl_typesupport_fastrtps_cpp.hpp
[5.128s] -- Up-to-date: /home/catcyber02/Mobile-Robots-2026-1/install/xarm_msgs/include/xarm_msgs/xarm_msgs/srv/detail/move_circle__rosidl_typesupport_fastrtps_cpp.hpp
[5.128s] -- Up-to-date: /home/catcyber02/Mobile-Robots-2026-1/install/xarm_msgs/include/xarm_msgs/xarm_msgs/srv/detail/set_modbus_timeout__rosidl_typesupport_fastrtps_cpp.hpp
[5.128s] -- Up-to-date: /home/catcyber02/Mobile-Robots-2026-1/install/xarm_msgs/include/xarm_msgs/xarm_msgs/srv/detail/set_float32_list__rosidl_typesupport_fastrtps_cpp.hpp
[5.129s] -- Up-to-date: /home/catcyber02/Mobile-Robots-2026-1/install/xarm_msgs/include/xarm_msgs/xarm_msgs/srv/detail/robotiq_get_status__rosidl_typesupport_fastrtps_cpp.hpp
[5.129s] -- Up-to-date: /home/catcyber02/Mobile-Robots-2026-1/install/xarm_msgs/include/xarm_msgs/xarm_msgs/srv/detail/set_int16__rosidl_typesupport_fastrtps_cpp.hpp
[5.129s] -- Up-to-date: /home/catcyber02/Mobile-Robots-2026-1/install/xarm_msgs/include/xarm_msgs/xarm_msgs/srv/detail/set_analog_io__rosidl_typesupport_fastrtps_cpp.hpp
[5.130s] -- Up-to-date: /home/catcyber02/Mobile-Robots-2026-1/install/xarm_msgs/include/xarm_msgs/xarm_msgs/srv/detail/set_tcp_load__rosidl_typesupport_fastrtps_cpp.hpp
[5.130s] -- Up-to-date: /home/catcyber02/Mobile-Robots-2026-1/install/xarm_msgs/include/xarm_msgs/xarm_msgs/srv/detail/robotiq_activate__rosidl_typesupport_fastrtps_cpp.hpp
[5.131s] -- Up-to-date: /home/catcyber02/Mobile-Robots-2026-1/install/xarm_msgs/include/xarm_msgs/xarm_msgs/srv/detail/ft_impedance__rosidl_typesupport_fastrtps_cpp.hpp
[5.131s] -- Up-to-date: /home/catcyber02/Mobile-Robots-2026-1/install/xarm_msgs/include/xarm_msgs/xarm_msgs/srv/detail/bio_gripper_enable__rosidl_typesupport_fastrtps_cpp.hpp
[5.131s] -- Up-to-date: /home/catcyber02/Mobile-Robots-2026-1/install/xarm_msgs/include/xarm_msgs/xarm_msgs/srv/detail/iden_load__rosidl_typesupport_fastrtps_cpp.hpp
[5.132s] -- Up-to-date: /home/catcyber02/Mobile-Robots-2026-1/install/xarm_msgs/include/xarm_msgs/xarm_msgs/srv/detail/plan_exec__rosidl_typesupport_fastrtps_cpp.hpp
[5.132s] -- Up-to-date: /home/catcyber02/Mobile-Robots-2026-1/install/xarm_msgs/include/xarm_msgs/xarm_msgs/srv/detail/ft_cali_load__rosidl_typesupport_fastrtps_cpp.hpp
[5.132s] -- Up-to-date: /home/catcyber02/Mobile-Robots-2026-1/install/xarm_msgs/include/xarm_msgs/xarm_msgs/srv/detail/move_joint__rosidl_typesupport_fastrtps_cpp.hpp
[5.133s] -- Up-to-date: /home/catcyber02/Mobile-Robots-2026-1/install/xarm_msgs/include/xarm_msgs/xarm_msgs/srv/detail/get_analog_io__rosidl_typesupport_fastrtps_cpp.hpp
[5.133s] -- Up-to-date: /home/catcyber02/Mobile-Robots-2026-1/install/xarm_msgs/include/xarm_msgs/xarm_msgs/srv/detail/ft_admittance_params__rosidl_typesupport_fastrtps_cpp.hpp
[5.134s] -- Up-to-date: /home/catcyber02/Mobile-Robots-2026-1/install/xarm_msgs/include/xarm_msgs/xarm_msgs/srv/detail/get_int32_by_type__rosidl_typesupport_fastrtps_cpp.hpp
[5.134s] -- Up-to-date: /home/catcyber02/Mobile-Robots-2026-1/install/xarm_msgs/include/xarm_msgs/xarm_msgs/srv/detail/get_int32__rosidl_typesupport_fastrtps_cpp.hpp
[5.135s] -- Up-to-date: /home/catcyber02/Mobile-Robots-2026-1/install/xarm_msgs/include/xarm_msgs/xarm_msgs/srv/detail/get_digital_io__rosidl_typesupport_fastrtps_cpp.hpp
[5.136s] -- Up-to-date: /home/catcyber02/Mobile-Robots-2026-1/install/xarm_msgs/include/xarm_msgs/xarm_msgs/srv/detail/get_float32_list__rosidl_typesupport_fastrtps_cpp.hpp
[5.136s] -- Up-to-date: /home/catcyber02/Mobile-Robots-2026-1/install/xarm_msgs/include/xarm_msgs/xarm_msgs/srv/detail/set_digital_io__rosidl_typesupport_fastrtps_cpp.hpp
[5.136s] -- Up-to-date: /home/catcyber02/Mobile-Robots-2026-1/install/xarm_msgs/include/xarm_msgs/xarm_msgs/srv/detail/linear_motor_back_origin__rosidl_typesupport_fastrtps_cpp.hpp
[5.137s] -- Up-to-date: /home/catcyber02/Mobile-Robots-2026-1/install/xarm_msgs/include/xarm_msgs/xarm_msgs/srv/detail/call__rosidl_typesupport_fastrtps_cpp.hpp
[5.137s] -- Up-to-date: /home/catcyber02/Mobile-Robots-2026-1/install/xarm_msgs/include/xarm_msgs/xarm_msgs/srv/detail/linear_track_back_origin__rosidl_typesupport_fastrtps_cpp.hpp
[5.138s] -- Up-to-date: /home/catcyber02/Mobile-Robots-2026-1/install/xarm_msgs/include/xarm_msgs/xarm_msgs/srv/detail/robotiq_reset__rosidl_typesupport_fastrtps_cpp.hpp
[5.138s] -- Up-to-date: /home/catcyber02/Mobile-Robots-2026-1/install/xarm_msgs/include/xarm_msgs/xarm_msgs/srv/detail/ft_force_params__rosidl_typesupport_fastrtps_cpp.hpp
[5.138s] -- Up-to-date: /home/catcyber02/Mobile-Robots-2026-1/install/xarm_msgs/include/xarm_msgs/xarm_msgs/srv/detail/ft_force_pid__rosidl_typesupport_fastrtps_cpp.hpp
[5.139s] -- Up-to-date: /home/catcyber02/Mobile-Robots-2026-1/install/xarm_msgs/include/xarm_msgs/xarm_msgs/srv/detail/set_float32__rosidl_typesupport_fastrtps_cpp.hpp
[5.139s] -- Up-to-date: /home/catcyber02/Mobile-Robots-2026-1/install/xarm_msgs/include/xarm_msgs/xarm_msgs/srv/detail/plan_single_straight__rosidl_typesupport_fastrtps_cpp.hpp
[5.140s] -- Up-to-date: /home/catcyber02/Mobile-Robots-2026-1/install/xarm_msgs/include/xarm_msgs/xarm_msgs/srv/detail/set_int16_by_id__rosidl_typesupport_fastrtps_cpp.hpp
[5.140s] -- Up-to-date: /home/catcyber02/Mobile-Robots-2026-1/install/xarm_msgs/include/xarm_msgs/xarm_msgs/srv/detail/robotiq_move__rosidl_typesupport_fastrtps_cpp.hpp
[5.141s] -- Up-to-date: /home/catcyber02/Mobile-Robots-2026-1/install/xarm_msgs/include/xarm_msgs/xarm_msgs/srv/detail/get_float32__rosidl_typesupport_fastrtps_cpp.hpp
[5.141s] -- Up-to-date: /home/catcyber02/Mobile-Robots-2026-1/install/xarm_msgs/include/xarm_msgs/xarm_msgs/srv/detail/set_int32__rosidl_typesupport_fastrtps_cpp.hpp
[5.141s] -- Up-to-date: /home/catcyber02/Mobile-Robots-2026-1/install/xarm_msgs/include/xarm_msgs/xarm_msgs/srv/detail/vacuum_gripper_ctrl__rosidl_typesupport_fastrtps_cpp.hpp
[5.142s] -- Up-to-date: /home/catcyber02/Mobile-Robots-2026-1/install/xarm_msgs/include/xarm_msgs/xarm_msgs/srv/detail/move_velocity__rosidl_typesupport_fastrtps_cpp.hpp
[5.142s] -- Up-to-date: /home/catcyber02/Mobile-Robots-2026-1/install/xarm_msgs/include/xarm_msgs/xarm_msgs/srv/detail/get_int16_list__rosidl_typesupport_fastrtps_cpp.hpp
[5.142s] -- Up-to-date: /home/catcyber02/Mobile-Robots-2026-1/install/xarm_msgs/include/xarm_msgs/xarm_msgs/srv/detail/set_int32_by_type__rosidl_typesupport_fastrtps_cpp.hpp
[5.143s] -- Up-to-date: /home/catcyber02/Mobile-Robots-2026-1/install/xarm_msgs/include/xarm_msgs/xarm_msgs/srv/detail/dds_fastrtps
[5.143s] -- Up-to-date: /home/catcyber02/Mobile-Robots-2026-1/install/xarm_msgs/include/xarm_msgs/xarm_msgs/srv/detail/move_home__rosidl_typesupport_fastrtps_cpp.hpp
[5.143s] -- Up-to-date: /home/catcyber02/Mobile-Robots-2026-1/install/xarm_msgs/include/xarm_msgs/xarm_msgs/srv/detail/move_cartesian__rosidl_typesupport_fastrtps_cpp.hpp
[5.143s] -- Up-to-date: /home/catcyber02/Mobile-Robots-2026-1/install/xarm_msgs/include/xarm_msgs/xarm_msgs/srv/detail/plan_joint__rosidl_typesupport_fastrtps_cpp.hpp
[5.144s] -- Up-to-date: /home/catcyber02/Mobile-Robots-2026-1/install/xarm_msgs/include/xarm_msgs/xarm_msgs/srv/detail/linear_motor_set_pos__rosidl_typesupport_fastrtps_cpp.hpp
[5.144s] -- Up-to-date: /home/catcyber02/Mobile-Robots-2026-1/install/xarm_msgs/include/xarm_msgs/xarm_msgs/srv/detail/plan_pose__rosidl_typesupport_fastrtps_cpp.hpp
[5.144s] -- Up-to-date: /home/catcyber02/Mobile-Robots-2026-1/install/xarm_msgs/include/xarm_msgs/xarm_msgs/srv/detail/set_int16_list__rosidl_typesupport_fastrtps_cpp.hpp
[5.145s] -- Up-to-date: /home/catcyber02/Mobile-Robots-2026-1/install/xarm_msgs/include/xarm_msgs/xarm_msgs/msg
[5.145s] -- Up-to-date: /home/catcyber02/Mobile-Robots-2026-1/install/xarm_msgs/include/xarm_msgs/xarm_msgs/msg/detail
[5.145s] -- Up-to-date: /home/catcyber02/Mobile-Robots-2026-1/install/xarm_msgs/include/xarm_msgs/xarm_msgs/msg/detail/io_state__rosidl_typesupport_fastrtps_cpp.hpp
[5.146s] -- Up-to-date: /home/catcyber02/Mobile-Robots-2026-1/install/xarm_msgs/include/xarm_msgs/xarm_msgs/msg/detail/cio_state__rosidl_typesupport_fastrtps_cpp.hpp
[5.146s] -- Up-to-date: /home/catcyber02/Mobile-Robots-2026-1/install/xarm_msgs/include/xarm_msgs/xarm_msgs/msg/detail/robot_msg__rosidl_typesupport_fastrtps_cpp.hpp
[5.147s] -- Up-to-date: /home/catcyber02/Mobile-Robots-2026-1/install/xarm_msgs/include/xarm_msgs/xarm_msgs/msg/detail/move_velocity__rosidl_typesupport_fastrtps_cpp.hpp
[5.147s] -- Up-to-date: /home/catcyber02/Mobile-Robots-2026-1/install/xarm_msgs/include/xarm_msgs/xarm_msgs/msg/detail/dds_fastrtps
[5.147s] -- Up-to-date: /home/catcyber02/Mobile-Robots-2026-1/install/xarm_msgs/include/xarm_msgs/xarm_msgs/msg/rosidl_typesupport_fastrtps_cpp__visibility_control.h
[5.148s] -- Up-to-date: /home/catcyber02/Mobile-Robots-2026-1/install/xarm_msgs/lib/libxarm_msgs__rosidl_typesupport_fastrtps_cpp.so
[5.149s] -- Up-to-date: /home/catcyber02/Mobile-Robots-2026-1/install/xarm_msgs/include/xarm_msgs/xarm_msgs
[5.149s] -- Up-to-date: /home/catcyber02/Mobile-Robots-2026-1/install/xarm_msgs/include/xarm_msgs/xarm_msgs/srv
[5.149s] -- Up-to-date: /home/catcyber02/Mobile-Robots-2026-1/install/xarm_msgs/include/xarm_msgs/xarm_msgs/srv/detail
[5.150s] -- Installing: /home/catcyber02/Mobile-Robots-2026-1/install/xarm_msgs/include/xarm_msgs/xarm_msgs/srv/detail/linear_motor_back_origin__type_support.c
[5.150s] -- Up-to-date: /home/catcyber02/Mobile-Robots-2026-1/install/xarm_msgs/include/xarm_msgs/xarm_msgs/srv/detail/plan_exec__rosidl_typesupport_introspection_c.h
[5.150s] -- Up-to-date: /home/catcyber02/Mobile-Robots-2026-1/install/xarm_msgs/include/xarm_msgs/xarm_msgs/srv/detail/get_int32_by_type__rosidl_typesupport_introspection_c.h
[5.151s] -- Installing: /home/catcyber02/Mobile-Robots-2026-1/install/xarm_msgs/include/xarm_msgs/xarm_msgs/srv/detail/get_set_modbus_data__type_support.c
[5.151s] -- Installing: /home/catcyber02/Mobile-Robots-2026-1/install/xarm_msgs/include/xarm_msgs/xarm_msgs/srv/detail/plan_pose__type_support.c
[5.151s] -- Up-to-date: /home/catcyber02/Mobile-Robots-2026-1/install/xarm_msgs/include/xarm_msgs/xarm_msgs/srv/detail/call__rosidl_typesupport_introspection_c.h
[5.152s] -- Installing: /home/catcyber02/Mobile-Robots-2026-1/install/xarm_msgs/include/xarm_msgs/xarm_msgs/srv/detail/bio_gripper_ctrl__type_support.c
[5.152s] -- Up-to-date: /home/catcyber02/Mobile-Robots-2026-1/install/xarm_msgs/include/xarm_msgs/xarm_msgs/srv/detail/move_velocity__rosidl_typesupport_introspection_c.h
[5.152s] -- Installing: /home/catcyber02/Mobile-Robots-2026-1/install/xarm_msgs/include/xarm_msgs/xarm_msgs/srv/detail/get_int32_by_type__type_support.c
[5.152s] -- Up-to-date: /home/catcyber02/Mobile-Robots-2026-1/install/xarm_msgs/include/xarm_msgs/xarm_msgs/srv/detail/set_int32__rosidl_typesupport_introspection_c.h
[5.153s] -- Up-to-date: /home/catcyber02/Mobile-Robots-2026-1/install/xarm_msgs/include/xarm_msgs/xarm_msgs/srv/detail/get_digital_io__rosidl_typesupport_introspection_c.h
[5.153s] -- Up-to-date: /home/catcyber02/Mobile-Robots-2026-1/install/xarm_msgs/include/xarm_msgs/xarm_msgs/srv/detail/plan_joint__rosidl_typesupport_introspection_c.h
[5.153s] -- Installing: /home/catcyber02/Mobile-Robots-2026-1/install/xarm_msgs/include/xarm_msgs/xarm_msgs/srv/detail/robotiq_reset__type_support.c
[5.154s] -- Up-to-date: /home/catcyber02/Mobile-Robots-2026-1/install/xarm_msgs/include/xarm_msgs/xarm_msgs/srv/detail/set_int16_list__rosidl_typesupport_introspection_c.h
[5.154s] -- Installing: /home/catcyber02/Mobile-Robots-2026-1/install/xarm_msgs/include/xarm_msgs/xarm_msgs/srv/detail/get_float32_list__type_support.c
[5.154s] -- Installing: /home/catcyber02/Mobile-Robots-2026-1/install/xarm_msgs/include/xarm_msgs/xarm_msgs/srv/detail/plan_joint__type_support.c
[5.155s] -- Installing: /home/catcyber02/Mobile-Robots-2026-1/install/xarm_msgs/include/xarm_msgs/xarm_msgs/srv/detail/call__type_support.c
[5.155s] -- Up-to-date: /home/catcyber02/Mobile-Robots-2026-1/install/xarm_msgs/include/xarm_msgs/xarm_msgs/srv/detail/ft_impedance__rosidl_typesupport_introspection_c.h
[5.156s] -- Installing: /home/catcyber02/Mobile-Robots-2026-1/install/xarm_msgs/include/xarm_msgs/xarm_msgs/srv/detail/traj_ctrl__type_support.c
[5.156s] -- Up-to-date: /home/catcyber02/Mobile-Robots-2026-1/install/xarm_msgs/include/xarm_msgs/xarm_msgs/srv/detail/get_analog_io__rosidl_typesupport_introspection_c.h
[5.157s] -- Up-to-date: /home/catcyber02/Mobile-Robots-2026-1/install/xarm_msgs/include/xarm_msgs/xarm_msgs/srv/detail/move_cartesian__rosidl_typesupport_introspection_c.h
[5.158s] -- Up-to-date: /home/catcyber02/Mobile-Robots-2026-1/install/xarm_msgs/include/xarm_msgs/xarm_msgs/srv/detail/plan_pose__rosidl_typesupport_introspection_c.h
[5.158s] -- Installing: /home/catcyber02/Mobile-Robots-2026-1/install/xarm_msgs/include/xarm_msgs/xarm_msgs/srv/detail/gripper_move__type_support.c
[5.159s] -- Installing: /home/catcyber02/Mobile-Robots-2026-1/install/xarm_msgs/include/xarm_msgs/xarm_msgs/srv/detail/ft_cali_load__type_support.c
[5.159s] -- Up-to-date: /home/catcyber02/Mobile-Robots-2026-1/install/xarm_msgs/include/xarm_msgs/xarm_msgs/srv/detail/set_float32__rosidl_typesupport_introspection_c.h
[5.160s] -- Installing: /home/catcyber02/Mobile-Robots-2026-1/install/xarm_msgs/include/xarm_msgs/xarm_msgs/srv/detail/ft_force_params__type_support.c
[5.161s] -- Installing: /home/catcyber02/Mobile-Robots-2026-1/install/xarm_msgs/include/xarm_msgs/xarm_msgs/srv/detail/get_int16_list__type_support.c
[5.161s] -- Installing: /home/catcyber02/Mobile-Robots-2026-1/install/xarm_msgs/include/xarm_msgs/xarm_msgs/srv/detail/ft_impedance__type_support.c
[5.162s] -- Installing: /home/catcyber02/Mobile-Robots-2026-1/install/xarm_msgs/include/xarm_msgs/xarm_msgs/srv/detail/move_cartesian__type_support.c
[5.162s] -- Up-to-date: /home/catcyber02/Mobile-Robots-2026-1/install/xarm_msgs/include/xarm_msgs/xarm_msgs/srv/detail/vacuum_gripper_ctrl__rosidl_typesupport_introspection_c.h
[5.163s] -- Up-to-date: /home/catcyber02/Mobile-Robots-2026-1/install/xarm_msgs/include/xarm_msgs/xarm_msgs/srv/detail/robotiq_move__rosidl_typesupport_introspection_c.h
[5.163s] -- Up-to-date: /home/catcyber02/Mobile-Robots-2026-1/install/xarm_msgs/include/xarm_msgs/xarm_msgs/srv/detail/ft_force_params__rosidl_typesupport_introspection_c.h
[5.163s] -- Up-to-date: /home/catcyber02/Mobile-Robots-2026-1/install/xarm_msgs/include/xarm_msgs/xarm_msgs/srv/detail/get_int32__rosidl_typesupport_introspection_c.h
[5.164s] -- Up-to-date: /home/catcyber02/Mobile-Robots-2026-1/install/xarm_msgs/include/xarm_msgs/xarm_msgs/srv/detail/set_int16_by_id__rosidl_typesupport_introspection_c.h
[5.164s] -- Installing: /home/catcyber02/Mobile-Robots-2026-1/install/xarm_msgs/include/xarm_msgs/xarm_msgs/srv/detail/plan_single_straight__type_support.c
[5.165s] -- Installing: /home/catcyber02/Mobile-Robots-2026-1/install/xarm_msgs/include/xarm_msgs/xarm_msgs/srv/detail/set_analog_io__type_support.c
[5.165s] -- Installing: /home/catcyber02/Mobile-Robots-2026-1/install/xarm_msgs/include/xarm_msgs/xarm_msgs/srv/detail/set_tcp_load__type_support.c
[5.165s] -- Installing: /home/catcyber02/Mobile-Robots-2026-1/install/xarm_msgs/include/xarm_msgs/xarm_msgs/srv/detail/set_digital_io__type_support.c
[5.165s] -- Up-to-date: /home/catcyber02/Mobile-Robots-2026-1/install/xarm_msgs/include/xarm_msgs/xarm_msgs/srv/detail/set_int32_by_type__rosidl_typesupport_introspection_c.h
[5.166s] -- Installing: /home/catcyber02/Mobile-Robots-2026-1/install/xarm_msgs/include/xarm_msgs/xarm_msgs/srv/detail/set_int16_list__type_support.c
[5.166s] -- Up-to-date: /home/catcyber02/Mobile-Robots-2026-1/install/xarm_msgs/include/xarm_msgs/xarm_msgs/srv/detail/set_int16__rosidl_typesupport_introspection_c.h
[5.166s] -- Up-to-date: /home/catcyber02/Mobile-Robots-2026-1/install/xarm_msgs/include/xarm_msgs/xarm_msgs/srv/detail/get_float32_list__rosidl_typesupport_introspection_c.h
[5.166s] -- Installing: /home/catcyber02/Mobile-Robots-2026-1/install/xarm_msgs/include/xarm_msgs/xarm_msgs/srv/detail/get_int16__type_support.c
[5.167s] -- Up-to-date: /home/catcyber02/Mobile-Robots-2026-1/install/xarm_msgs/include/xarm_msgs/xarm_msgs/srv/detail/ft_admittance_params__rosidl_typesupport_introspection_c.h
[5.167s] -- Installing: /home/catcyber02/Mobile-Robots-2026-1/install/xarm_msgs/include/xarm_msgs/xarm_msgs/srv/detail/robotiq_activate__type_support.c
[5.167s] -- Up-to-date: /home/catcyber02/Mobile-Robots-2026-1/install/xarm_msgs/include/xarm_msgs/xarm_msgs/srv/detail/bio_gripper_enable__rosidl_typesupport_introspection_c.h
[5.168s] -- Up-to-date: /home/catcyber02/Mobile-Robots-2026-1/install/xarm_msgs/include/xarm_msgs/xarm_msgs/srv/detail/linear_motor_set_pos__rosidl_typesupport_introspection_c.h
[5.168s] -- Up-to-date: /home/catcyber02/Mobile-Robots-2026-1/install/xarm_msgs/include/xarm_msgs/xarm_msgs/srv/detail/linear_motor_back_origin__rosidl_typesupport_introspection_c.h
[5.168s] -- Up-to-date: /home/catcyber02/Mobile-Robots-2026-1/install/xarm_msgs/include/xarm_msgs/xarm_msgs/srv/detail/robotiq_get_status__rosidl_typesupport_introspection_c.h
[5.168s] -- Up-to-date: /home/catcyber02/Mobile-Robots-2026-1/install/xarm_msgs/include/xarm_msgs/xarm_msgs/srv/detail/set_digital_io__rosidl_typesupport_introspection_c.h
[5.169s] -- Installing: /home/catcyber02/Mobile-Robots-2026-1/install/xarm_msgs/include/xarm_msgs/xarm_msgs/srv/detail/robotiq_move__type_support.c
[5.169s] -- Up-to-date: /home/catcyber02/Mobile-Robots-2026-1/install/xarm_msgs/include/xarm_msgs/xarm_msgs/srv/detail/plan_single_straight__rosidl_typesupport_introspection_c.h
[5.169s] -- Up-to-date: /home/catcyber02/Mobile-Robots-2026-1/install/xarm_msgs/include/xarm_msgs/xarm_msgs/srv/detail/ft_cali_load__rosidl_typesupport_introspection_c.h
[5.170s] -- Installing: /home/catcyber02/Mobile-Robots-2026-1/install/xarm_msgs/include/xarm_msgs/xarm_msgs/srv/detail/set_float32_list__type_support.c
[5.171s] -- Installing: /home/catcyber02/Mobile-Robots-2026-1/install/xarm_msgs/include/xarm_msgs/xarm_msgs/srv/detail/set_int32__type_support.c
[5.171s] -- Installing: /home/catcyber02/Mobile-Robots-2026-1/install/xarm_msgs/include/xarm_msgs/xarm_msgs/srv/detail/get_int32__type_support.c
[5.172s] -- Up-to-date: /home/catcyber02/Mobile-Robots-2026-1/install/xarm_msgs/include/xarm_msgs/xarm_msgs/srv/detail/move_home__rosidl_typesupport_introspection_c.h
[5.172s] -- Up-to-date: /home/catcyber02/Mobile-Robots-2026-1/install/xarm_msgs/include/xarm_msgs/xarm_msgs/srv/detail/set_float32_list__rosidl_typesupport_introspection_c.h
[5.173s] -- Up-to-date: /home/catcyber02/Mobile-Robots-2026-1/install/xarm_msgs/include/xarm_msgs/xarm_msgs/srv/detail/linear_track_back_origin__rosidl_typesupport_introspection_c.h
[5.174s] -- Up-to-date: /home/catcyber02/Mobile-Robots-2026-1/install/xarm_msgs/include/xarm_msgs/xarm_msgs/srv/detail/ft_force_pid__rosidl_typesupport_introspection_c.h
[5.174s] -- Installing: /home/catcyber02/Mobile-Robots-2026-1/install/xarm_msgs/include/xarm_msgs/xarm_msgs/srv/detail/move_circle__type_support.c
[5.175s] -- Up-to-date: /home/catcyber02/Mobile-Robots-2026-1/install/xarm_msgs/include/xarm_msgs/xarm_msgs/srv/detail/robotiq_activate__rosidl_typesupport_introspection_c.h
[5.175s] -- Up-to-date: /home/catcyber02/Mobile-Robots-2026-1/install/xarm_msgs/include/xarm_msgs/xarm_msgs/srv/detail/linear_track_set_pos__rosidl_typesupport_introspection_c.h
[5.175s] -- Installing: /home/catcyber02/Mobile-Robots-2026-1/install/xarm_msgs/include/xarm_msgs/xarm_msgs/srv/detail/robotiq_get_status__type_support.c
[5.176s] -- Up-to-date: /home/catcyber02/Mobile-Robots-2026-1/install/xarm_msgs/include/xarm_msgs/xarm_msgs/srv/detail/robotiq_reset__rosidl_typesupport_introspection_c.h
[5.176s] -- Installing: /home/catcyber02/Mobile-Robots-2026-1/install/xarm_msgs/include/xarm_msgs/xarm_msgs/srv/detail/set_float32__type_support.c
[5.177s] -- Up-to-date: /home/catcyber02/Mobile-Robots-2026-1/install/xarm_msgs/include/xarm_msgs/xarm_msgs/srv/detail/get_set_modbus_data__rosidl_typesupport_introspection_c.h
[5.178s] -- Installing: /home/catcyber02/Mobile-Robots-2026-1/install/xarm_msgs/include/xarm_msgs/xarm_msgs/srv/detail/ft_force_pid__type_support.c
[5.178s] -- Installing: /home/catcyber02/Mobile-Robots-2026-1/install/xarm_msgs/include/xarm_msgs/xarm_msgs/srv/detail/move_joint__type_support.c
[5.178s] -- Up-to-date: /home/catcyber02/Mobile-Robots-2026-1/install/xarm_msgs/include/xarm_msgs/xarm_msgs/srv/detail/set_modbus_timeout__rosidl_typesupport_introspection_c.h
[5.179s] -- Installing: /home/catcyber02/Mobile-Robots-2026-1/install/xarm_msgs/include/xarm_msgs/xarm_msgs/srv/detail/vacuum_gripper_ctrl__type_support.c
[5.179s] -- Installing: /home/catcyber02/Mobile-Robots-2026-1/install/xarm_msgs/include/xarm_msgs/xarm_msgs/srv/detail/set_modbus_timeout__type_support.c
[5.179s] -- Up-to-date: /home/catcyber02/Mobile-Robots-2026-1/install/xarm_msgs/include/xarm_msgs/xarm_msgs/srv/detail/set_analog_io__rosidl_typesupport_introspection_c.h
[5.179s] -- Installing: /home/catcyber02/Mobile-Robots-2026-1/install/xarm_msgs/include/xarm_msgs/xarm_msgs/srv/detail/iden_load__type_support.c
[5.179s] -- Up-to-date: /home/catcyber02/Mobile-Robots-2026-1/install/xarm_msgs/include/xarm_msgs/xarm_msgs/srv/detail/traj_play__rosidl_typesupport_introspection_c.h
[5.180s] -- Up-to-date: /home/catcyber02/Mobile-Robots-2026-1/install/xarm_msgs/include/xarm_msgs/xarm_msgs/srv/detail/iden_load__rosidl_typesupport_introspection_c.h
[5.180s] -- Up-to-date: /home/catcyber02/Mobile-Robots-2026-1/install/xarm_msgs/include/xarm_msgs/xarm_msgs/srv/detail/get_int16_list__rosidl_typesupport_introspection_c.h
[5.180s] -- Installing: /home/catcyber02/Mobile-Robots-2026-1/install/xarm_msgs/include/xarm_msgs/xarm_msgs/srv/detail/set_int16__type_support.c
[5.181s] -- Installing: /home/catcyber02/Mobile-Robots-2026-1/install/xarm_msgs/include/xarm_msgs/xarm_msgs/srv/detail/get_analog_io__type_support.c
[5.181s] -- Installing: /home/catcyber02/Mobile-Robots-2026-1/install/xarm_msgs/include/xarm_msgs/xarm_msgs/srv/detail/get_digital_io__type_support.c
[5.181s] -- Installing: /home/catcyber02/Mobile-Robots-2026-1/install/xarm_msgs/include/xarm_msgs/xarm_msgs/srv/detail/set_int32_by_type__type_support.c
[5.181s] -- Installing: /home/catcyber02/Mobile-Robots-2026-1/install/xarm_msgs/include/xarm_msgs/xarm_msgs/srv/detail/linear_track_back_origin__type_support.c
[5.182s] -- Up-to-date: /home/catcyber02/Mobile-Robots-2026-1/install/xarm_msgs/include/xarm_msgs/xarm_msgs/srv/detail/gripper_move__rosidl_typesupport_introspection_c.h
[5.182s] -- Up-to-date: /home/catcyber02/Mobile-Robots-2026-1/install/xarm_msgs/include/xarm_msgs/xarm_msgs/srv/detail/get_int16__rosidl_typesupport_introspection_c.h
[5.183s] -- Up-to-date: /home/catcyber02/Mobile-Robots-2026-1/install/xarm_msgs/include/xarm_msgs/xarm_msgs/srv/detail/get_float32__rosidl_typesupport_introspection_c.h
[5.183s] -- Installing: /home/catcyber02/Mobile-Robots-2026-1/install/xarm_msgs/include/xarm_msgs/xarm_msgs/srv/detail/set_int16_by_id__type_support.c
[5.184s] -- Installing: /home/catcyber02/Mobile-Robots-2026-1/install/xarm_msgs/include/xarm_msgs/xarm_msgs/srv/detail/linear_motor_set_pos__type_support.c
[5.185s] -- Up-to-date: /home/catcyber02/Mobile-Robots-2026-1/install/xarm_msgs/include/xarm_msgs/xarm_msgs/srv/detail/set_tcp_load__rosidl_typesupport_introspection_c.h
[5.185s] -- Installing: /home/catcyber02/Mobile-Robots-2026-1/install/xarm_msgs/include/xarm_msgs/xarm_msgs/srv/detail/get_float32__type_support.c
[5.186s] -- Installing: /home/catcyber02/Mobile-Robots-2026-1/install/xarm_msgs/include/xarm_msgs/xarm_msgs/srv/detail/plan_exec__type_support.c
[5.186s] -- Up-to-date: /home/catcyber02/Mobile-Robots-2026-1/install/xarm_msgs/include/xarm_msgs/xarm_msgs/srv/detail/ft_force_config__rosidl_typesupport_introspection_c.h
[5.186s] -- Up-to-date: /home/catcyber02/Mobile-Robots-2026-1/install/xarm_msgs/include/xarm_msgs/xarm_msgs/srv/detail/move_joint__rosidl_typesupport_introspection_c.h
[5.187s] -- Installing: /home/catcyber02/Mobile-Robots-2026-1/install/xarm_msgs/include/xarm_msgs/xarm_msgs/srv/detail/move_velocity__type_support.c
[5.187s] -- Up-to-date: /home/catcyber02/Mobile-Robots-2026-1/install/xarm_msgs/include/xarm_msgs/xarm_msgs/srv/detail/traj_ctrl__rosidl_typesupport_introspection_c.h
[5.187s] -- Installing: /home/catcyber02/Mobile-Robots-2026-1/install/xarm_msgs/include/xarm_msgs/xarm_msgs/srv/detail/traj_play__type_support.c
[5.187s] -- Installing: /home/catcyber02/Mobile-Robots-2026-1/install/xarm_msgs/include/xarm_msgs/xarm_msgs/srv/detail/move_home__type_support.c
[5.188s] -- Installing: /home/catcyber02/Mobile-Robots-2026-1/install/xarm_msgs/include/xarm_msgs/xarm_msgs/srv/detail/ft_admittance_params__type_support.c
[5.188s] -- Installing: /home/catcyber02/Mobile-Robots-2026-1/install/xarm_msgs/include/xarm_msgs/xarm_msgs/srv/detail/bio_gripper_enable__type_support.c
[5.188s] -- Installing: /home/catcyber02/Mobile-Robots-2026-1/install/xarm_msgs/include/xarm_msgs/xarm_msgs/srv/detail/ft_force_config__type_support.c
[5.189s] -- Up-to-date: /home/catcyber02/Mobile-Robots-2026-1/install/xarm_msgs/include/xarm_msgs/xarm_msgs/srv/detail/move_circle__rosidl_typesupport_introspection_c.h
[5.189s] -- Up-to-date: /home/catcyber02/Mobile-Robots-2026-1/install/xarm_msgs/include/xarm_msgs/xarm_msgs/srv/detail/bio_gripper_ctrl__rosidl_typesupport_introspection_c.h
[5.189s] -- Installing: /home/catcyber02/Mobile-Robots-2026-1/install/xarm_msgs/include/xarm_msgs/xarm_msgs/srv/detail/linear_track_set_pos__type_support.c
[5.190s] -- Up-to-date: /home/catcyber02/Mobile-Robots-2026-1/install/xarm_msgs/include/xarm_msgs/xarm_msgs/msg
[5.190s] -- Up-to-date: /home/catcyber02/Mobile-Robots-2026-1/install/xarm_msgs/include/xarm_msgs/xarm_msgs/msg/detail
[5.190s] -- Up-to-date: /home/catcyber02/Mobile-Robots-2026-1/install/xarm_msgs/include/xarm_msgs/xarm_msgs/msg/detail/io_state__rosidl_typesupport_introspection_c.h
[5.191s] -- Up-to-date: /home/catcyber02/Mobile-Robots-2026-1/install/xarm_msgs/include/xarm_msgs/xarm_msgs/msg/detail/move_velocity__rosidl_typesupport_introspection_c.h
[5.191s] -- Up-to-date: /home/catcyber02/Mobile-Robots-2026-1/install/xarm_msgs/include/xarm_msgs/xarm_msgs/msg/detail/cio_state__rosidl_typesupport_introspection_c.h
[5.191s] -- Installing: /home/catcyber02/Mobile-Robots-2026-1/install/xarm_msgs/include/xarm_msgs/xarm_msgs/msg/detail/robot_msg__type_support.c
[5.191s] -- Installing: /home/catcyber02/Mobile-Robots-2026-1/install/xarm_msgs/include/xarm_msgs/xarm_msgs/msg/detail/io_state__type_support.c
[5.192s] -- Up-to-date: /home/catcyber02/Mobile-Robots-2026-1/install/xarm_msgs/include/xarm_msgs/xarm_msgs/msg/detail/robot_msg__rosidl_typesupport_introspection_c.h
[5.192s] -- Installing: /home/catcyber02/Mobile-Robots-2026-1/install/xarm_msgs/include/xarm_msgs/xarm_msgs/msg/detail/move_velocity__type_support.c
[5.193s] -- Installing: /home/catcyber02/Mobile-Robots-2026-1/install/xarm_msgs/include/xarm_msgs/xarm_msgs/msg/detail/cio_state__type_support.c
[5.193s] -- Up-to-date: /home/catcyber02/Mobile-Robots-2026-1/install/xarm_msgs/include/xarm_msgs/xarm_msgs/msg/rosidl_typesupport_introspection_c__visibility_control.h
[5.194s] -- Up-to-date: /home/catcyber02/Mobile-Robots-2026-1/install/xarm_msgs/lib/libxarm_msgs__rosidl_typesupport_introspection_c.so
[5.195s] -- Up-to-date: /home/catcyber02/Mobile-Robots-2026-1/install/xarm_msgs/lib/libxarm_msgs__rosidl_typesupport_c.so
[5.195s] -- Up-to-date: /home/catcyber02/Mobile-Robots-2026-1/install/xarm_msgs/include/xarm_msgs/xarm_msgs
[5.196s] -- Up-to-date: /home/catcyber02/Mobile-Robots-2026-1/install/xarm_msgs/include/xarm_msgs/xarm_msgs/srv
[5.196s] -- Up-to-date: /home/catcyber02/Mobile-Robots-2026-1/install/xarm_msgs/include/xarm_msgs/xarm_msgs/srv/detail
[5.196s] -- Up-to-date: /home/catcyber02/Mobile-Robots-2026-1/install/xarm_msgs/include/xarm_msgs/xarm_msgs/srv/detail/set_float32__type_support.cpp
[5.196s] -- Up-to-date: /home/catcyber02/Mobile-Robots-2026-1/install/xarm_msgs/include/xarm_msgs/xarm_msgs/srv/detail/get_analog_io__rosidl_typesupport_introspection_cpp.hpp
[5.197s] -- Up-to-date: /home/catcyber02/Mobile-Robots-2026-1/install/xarm_msgs/include/xarm_msgs/xarm_msgs/srv/detail/linear_track_set_pos__type_support.cpp
[5.197s] -- Up-to-date: /home/catcyber02/Mobile-Robots-2026-1/install/xarm_msgs/include/xarm_msgs/xarm_msgs/srv/detail/set_digital_io__rosidl_typesupport_introspection_cpp.hpp
[5.197s] -- Up-to-date: /home/catcyber02/Mobile-Robots-2026-1/install/xarm_msgs/include/xarm_msgs/xarm_msgs/srv/detail/move_circle__type_support.cpp
[5.198s] -- Up-to-date: /home/catcyber02/Mobile-Robots-2026-1/install/xarm_msgs/include/xarm_msgs/xarm_msgs/srv/detail/linear_motor_set_pos__rosidl_typesupport_introspection_cpp.hpp
[5.198s] -- Up-to-date: /home/catcyber02/Mobile-Robots-2026-1/install/xarm_msgs/include/xarm_msgs/xarm_msgs/srv/detail/set_float32_list__type_support.cpp
[5.198s] -- Up-to-date: /home/catcyber02/Mobile-Robots-2026-1/install/xarm_msgs/include/xarm_msgs/xarm_msgs/srv/detail/bio_gripper_ctrl__rosidl_typesupport_introspection_cpp.hpp
[5.199s] -- Up-to-date: /home/catcyber02/Mobile-Robots-2026-1/install/xarm_msgs/include/xarm_msgs/xarm_msgs/srv/detail/call__rosidl_typesupport_introspection_cpp.hpp
[5.200s] -- Up-to-date: /home/catcyber02/Mobile-Robots-2026-1/install/xarm_msgs/include/xarm_msgs/xarm_msgs/srv/detail/move_velocity__rosidl_typesupport_introspection_cpp.hpp
[5.200s] -- Up-to-date: /home/catcyber02/Mobile-Robots-2026-1/install/xarm_msgs/include/xarm_msgs/xarm_msgs/srv/detail/set_int16_by_id__type_support.cpp
[5.200s] -- Up-to-date: /home/catcyber02/Mobile-Robots-2026-1/install/xarm_msgs/include/xarm_msgs/xarm_msgs/srv/detail/get_int32_by_type__type_support.cpp
[5.201s] -- Up-to-date: /home/catcyber02/Mobile-Robots-2026-1/install/xarm_msgs/include/xarm_msgs/xarm_msgs/srv/detail/traj_ctrl__type_support.cpp
[5.201s] -- Up-to-date: /home/catcyber02/Mobile-Robots-2026-1/install/xarm_msgs/include/xarm_msgs/xarm_msgs/srv/detail/move_home__type_support.cpp
[5.201s] -- Up-to-date: /home/catcyber02/Mobile-Robots-2026-1/install/xarm_msgs/include/xarm_msgs/xarm_msgs/srv/detail/robotiq_activate__rosidl_typesupport_introspection_cpp.hpp
[5.202s] -- Up-to-date: /home/catcyber02/Mobile-Robots-2026-1/install/xarm_msgs/include/xarm_msgs/xarm_msgs/srv/detail/plan_exec__rosidl_typesupport_introspection_cpp.hpp
[5.202s] -- Up-to-date: /home/catcyber02/Mobile-Robots-2026-1/install/xarm_msgs/include/xarm_msgs/xarm_msgs/srv/detail/robotiq_reset__type_support.cpp
[5.203s] -- Up-to-date: /home/catcyber02/Mobile-Robots-2026-1/install/xarm_msgs/include/xarm_msgs/xarm_msgs/srv/detail/get_float32__type_support.cpp
[5.203s] -- Up-to-date: /home/catcyber02/Mobile-Robots-2026-1/install/xarm_msgs/include/xarm_msgs/xarm_msgs/srv/detail/ft_impedance__type_support.cpp
[5.203s] -- Up-to-date: /home/catcyber02/Mobile-Robots-2026-1/install/xarm_msgs/include/xarm_msgs/xarm_msgs/srv/detail/get_float32_list__type_support.cpp
[5.204s] -- Up-to-date: /home/catcyber02/Mobile-Robots-2026-1/install/xarm_msgs/include/xarm_msgs/xarm_msgs/srv/detail/ft_cali_load__type_support.cpp
[5.204s] -- Up-to-date: /home/catcyber02/Mobile-Robots-2026-1/install/xarm_msgs/include/xarm_msgs/xarm_msgs/srv/detail/call__type_support.cpp
[5.204s] -- Up-to-date: /home/catcyber02/Mobile-Robots-2026-1/install/xarm_msgs/include/xarm_msgs/xarm_msgs/srv/detail/ft_admittance_params__type_support.cpp
[5.205s] -- Up-to-date: /home/catcyber02/Mobile-Robots-2026-1/install/xarm_msgs/include/xarm_msgs/xarm_msgs/srv/detail/linear_track_back_origin__rosidl_typesupport_introspection_cpp.hpp
[5.205s] -- Up-to-date: /home/catcyber02/Mobile-Robots-2026-1/install/xarm_msgs/include/xarm_msgs/xarm_msgs/srv/detail/bio_gripper_ctrl__type_support.cpp
[5.206s] -- Up-to-date: /home/catcyber02/Mobile-Robots-2026-1/install/xarm_msgs/include/xarm_msgs/xarm_msgs/srv/detail/set_modbus_timeout__rosidl_typesupport_introspection_cpp.hpp
[5.206s] -- Up-to-date: /home/catcyber02/Mobile-Robots-2026-1/install/xarm_msgs/include/xarm_msgs/xarm_msgs/srv/detail/move_circle__rosidl_typesupport_introspection_cpp.hpp
[5.206s] -- Up-to-date: /home/catcyber02/Mobile-Robots-2026-1/install/xarm_msgs/include/xarm_msgs/xarm_msgs/srv/detail/traj_ctrl__rosidl_typesupport_introspection_cpp.hpp
[5.207s] -- Up-to-date: /home/catcyber02/Mobile-Robots-2026-1/install/xarm_msgs/include/xarm_msgs/xarm_msgs/srv/detail/move_cartesian__rosidl_typesupport_introspection_cpp.hpp
[5.207s] -- Up-to-date: /home/catcyber02/Mobile-Robots-2026-1/install/xarm_msgs/include/xarm_msgs/xarm_msgs/srv/detail/ft_force_config__rosidl_typesupport_introspection_cpp.hpp
[5.207s] -- Up-to-date: /home/catcyber02/Mobile-Robots-2026-1/install/xarm_msgs/include/xarm_msgs/xarm_msgs/srv/detail/robotiq_get_status__type_support.cpp
[5.207s] -- Up-to-date: /home/catcyber02/Mobile-Robots-2026-1/install/xarm_msgs/include/xarm_msgs/xarm_msgs/srv/detail/robotiq_move__rosidl_typesupport_introspection_cpp.hpp
[5.208s] -- Up-to-date: /home/catcyber02/Mobile-Robots-2026-1/install/xarm_msgs/include/xarm_msgs/xarm_msgs/srv/detail/get_analog_io__type_support.cpp
[5.208s] -- Up-to-date: /home/catcyber02/Mobile-Robots-2026-1/install/xarm_msgs/include/xarm_msgs/xarm_msgs/srv/detail/set_int16__type_support.cpp
[5.208s] -- Up-to-date: /home/catcyber02/Mobile-Robots-2026-1/install/xarm_msgs/include/xarm_msgs/xarm_msgs/srv/detail/linear_motor_back_origin__type_support.cpp
[5.209s] -- Up-to-date: /home/catcyber02/Mobile-Robots-2026-1/install/xarm_msgs/include/xarm_msgs/xarm_msgs/srv/detail/traj_play__rosidl_typesupport_introspection_cpp.hpp
[5.209s] -- Up-to-date: /home/catcyber02/Mobile-Robots-2026-1/install/xarm_msgs/include/xarm_msgs/xarm_msgs/srv/detail/get_int32_by_type__rosidl_typesupport_introspection_cpp.hpp
[5.210s] -- Up-to-date: /home/catcyber02/Mobile-Robots-2026-1/install/xarm_msgs/include/xarm_msgs/xarm_msgs/srv/detail/get_int32__rosidl_typesupport_introspection_cpp.hpp
[5.210s] -- Up-to-date: /home/catcyber02/Mobile-Robots-2026-1/install/xarm_msgs/include/xarm_msgs/xarm_msgs/srv/detail/get_float32_list__rosidl_typesupport_introspection_cpp.hpp
[5.210s] -- Up-to-date: /home/catcyber02/Mobile-Robots-2026-1/install/xarm_msgs/include/xarm_msgs/xarm_msgs/srv/detail/robotiq_activate__type_support.cpp
[5.211s] -- Up-to-date: /home/catcyber02/Mobile-Robots-2026-1/install/xarm_msgs/include/xarm_msgs/xarm_msgs/srv/detail/plan_joint__rosidl_typesupport_introspection_cpp.hpp
[5.211s] -- Up-to-date: /home/catcyber02/Mobile-Robots-2026-1/install/xarm_msgs/include/xarm_msgs/xarm_msgs/srv/detail/set_int16_by_id__rosidl_typesupport_introspection_cpp.hpp
[5.211s] -- Up-to-date: /home/catcyber02/Mobile-Robots-2026-1/install/xarm_msgs/include/xarm_msgs/xarm_msgs/srv/detail/plan_single_straight__type_support.cpp
[5.211s] -- Up-to-date: /home/catcyber02/Mobile-Robots-2026-1/install/xarm_msgs/include/xarm_msgs/xarm_msgs/srv/detail/move_home__rosidl_typesupport_introspection_cpp.hpp
[5.212s] -- Up-to-date: /home/catcyber02/Mobile-Robots-2026-1/install/xarm_msgs/include/xarm_msgs/xarm_msgs/srv/detail/plan_pose__type_support.cpp
[5.212s] -- Up-to-date: /home/catcyber02/Mobile-Robots-2026-1/install/xarm_msgs/include/xarm_msgs/xarm_msgs/srv/detail/set_int32__rosidl_typesupport_introspection_cpp.hpp
[5.212s] -- Up-to-date: /home/catcyber02/Mobile-Robots-2026-1/install/xarm_msgs/include/xarm_msgs/xarm_msgs/srv/detail/set_analog_io__rosidl_typesupport_introspection_cpp.hpp
[5.213s] -- Up-to-date: /home/catcyber02/Mobile-Robots-2026-1/install/xarm_msgs/include/xarm_msgs/xarm_msgs/srv/detail/robotiq_get_status__rosidl_typesupport_introspection_cpp.hpp
[5.214s] -- Up-to-date: /home/catcyber02/Mobile-Robots-2026-1/install/xarm_msgs/include/xarm_msgs/xarm_msgs/srv/detail/get_digital_io__type_support.cpp
[5.214s] -- Up-to-date: /home/catcyber02/Mobile-Robots-2026-1/install/xarm_msgs/include/xarm_msgs/xarm_msgs/srv/detail/set_int32_by_type__rosidl_typesupport_introspection_cpp.hpp
[5.215s] -- Up-to-date: /home/catcyber02/Mobile-Robots-2026-1/install/xarm_msgs/include/xarm_msgs/xarm_msgs/srv/detail/move_joint__type_support.cpp
[5.216s] -- Up-to-date: /home/catcyber02/Mobile-Robots-2026-1/install/xarm_msgs/include/xarm_msgs/xarm_msgs/srv/detail/set_int16_list__type_support.cpp
[5.216s] -- Up-to-date: /home/catcyber02/Mobile-Robots-2026-1/install/xarm_msgs/include/xarm_msgs/xarm_msgs/srv/detail/vacuum_gripper_ctrl__type_support.cpp
[5.216s] -- Up-to-date: /home/catcyber02/Mobile-Robots-2026-1/install/xarm_msgs/include/xarm_msgs/xarm_msgs/srv/detail/ft_impedance__rosidl_typesupport_introspection_cpp.hpp
[5.217s] -- Up-to-date: /home/catcyber02/Mobile-Robots-2026-1/install/xarm_msgs/include/xarm_msgs/xarm_msgs/srv/detail/get_int16__type_support.cpp
[5.217s] -- Up-to-date: /home/catcyber02/Mobile-Robots-2026-1/install/xarm_msgs/include/xarm_msgs/xarm_msgs/srv/detail/get_set_modbus_data__rosidl_typesupport_introspection_cpp.hpp
[5.218s] -- Up-to-date: /home/catcyber02/Mobile-Robots-2026-1/install/xarm_msgs/include/xarm_msgs/xarm_msgs/srv/detail/set_tcp_load__type_support.cpp
[5.218s] -- Up-to-date: /home/catcyber02/Mobile-Robots-2026-1/install/xarm_msgs/include/xarm_msgs/xarm_msgs/srv/detail/get_int32__type_support.cpp
[5.218s] -- Up-to-date: /home/catcyber02/Mobile-Robots-2026-1/install/xarm_msgs/include/xarm_msgs/xarm_msgs/srv/detail/iden_load__type_support.cpp
[5.219s] -- Up-to-date: /home/catcyber02/Mobile-Robots-2026-1/install/xarm_msgs/include/xarm_msgs/xarm_msgs/srv/detail/iden_load__rosidl_typesupport_introspection_cpp.hpp
[5.219s] -- Up-to-date: /home/catcyber02/Mobile-Robots-2026-1/install/xarm_msgs/include/xarm_msgs/xarm_msgs/srv/detail/ft_force_pid__rosidl_typesupport_introspection_cpp.hpp
[5.219s] -- Up-to-date: /home/catcyber02/Mobile-Robots-2026-1/install/xarm_msgs/include/xarm_msgs/xarm_msgs/srv/detail/set_float32_list__rosidl_typesupport_introspection_cpp.hpp
[5.220s] -- Up-to-date: /home/catcyber02/Mobile-Robots-2026-1/install/xarm_msgs/include/xarm_msgs/xarm_msgs/srv/detail/get_int16__rosidl_typesupport_introspection_cpp.hpp
[5.220s] -- Up-to-date: /home/catcyber02/Mobile-Robots-2026-1/install/xarm_msgs/include/xarm_msgs/xarm_msgs/srv/detail/set_int16_list__rosidl_typesupport_introspection_cpp.hpp
[5.220s] -- Up-to-date: /home/catcyber02/Mobile-Robots-2026-1/install/xarm_msgs/include/xarm_msgs/xarm_msgs/srv/detail/gripper_move__rosidl_typesupport_introspection_cpp.hpp
[5.221s] -- Up-to-date: /home/catcyber02/Mobile-Robots-2026-1/install/xarm_msgs/include/xarm_msgs/xarm_msgs/srv/detail/linear_track_set_pos__rosidl_typesupport_introspection_cpp.hpp
[5.222s] -- Up-to-date: /home/catcyber02/Mobile-Robots-2026-1/install/xarm_msgs/include/xarm_msgs/xarm_msgs/srv/detail/linear_motor_set_pos__type_support.cpp
[5.222s] -- Up-to-date: /home/catcyber02/Mobile-Robots-2026-1/install/xarm_msgs/include/xarm_msgs/xarm_msgs/srv/detail/move_cartesian__type_support.cpp
[5.223s] -- Up-to-date: /home/catcyber02/Mobile-Robots-2026-1/install/xarm_msgs/include/xarm_msgs/xarm_msgs/srv/detail/move_joint__rosidl_typesupport_introspection_cpp.hpp
[5.223s] -- Up-to-date: /home/catcyber02/Mobile-Robots-2026-1/install/xarm_msgs/include/xarm_msgs/xarm_msgs/srv/detail/bio_gripper_enable__rosidl_typesupport_introspection_cpp.hpp
[5.224s] -- Up-to-date: /home/catcyber02/Mobile-Robots-2026-1/install/xarm_msgs/include/xarm_msgs/xarm_msgs/srv/detail/ft_cali_load__rosidl_typesupport_introspection_cpp.hpp
[5.224s] -- Up-to-date: /home/catcyber02/Mobile-Robots-2026-1/install/xarm_msgs/include/xarm_msgs/xarm_msgs/srv/detail/ft_force_params__type_support.cpp
[5.225s] -- Up-to-date: /home/catcyber02/Mobile-Robots-2026-1/install/xarm_msgs/include/xarm_msgs/xarm_msgs/srv/detail/get_float32__rosidl_typesupport_introspection_cpp.hpp
[5.225s] -- Up-to-date: /home/catcyber02/Mobile-Robots-2026-1/install/xarm_msgs/include/xarm_msgs/xarm_msgs/srv/detail/linear_track_back_origin__type_support.cpp
[5.226s] -- Up-to-date: /home/catcyber02/Mobile-Robots-2026-1/install/xarm_msgs/include/xarm_msgs/xarm_msgs/srv/detail/set_analog_io__type_support.cpp
[5.226s] -- Up-to-date: /home/catcyber02/Mobile-Robots-2026-1/install/xarm_msgs/include/xarm_msgs/xarm_msgs/srv/detail/get_int16_list__rosidl_typesupport_introspection_cpp.hpp
[5.227s] -- Up-to-date: /home/catcyber02/Mobile-Robots-2026-1/install/xarm_msgs/include/xarm_msgs/xarm_msgs/srv/detail/bio_gripper_enable__type_support.cpp
[5.227s] -- Up-to-date: /home/catcyber02/Mobile-Robots-2026-1/install/xarm_msgs/include/xarm_msgs/xarm_msgs/srv/detail/vacuum_gripper_ctrl__rosidl_typesupport_introspection_cpp.hpp
[5.227s] -- Up-to-date: /home/catcyber02/Mobile-Robots-2026-1/install/xarm_msgs/include/xarm_msgs/xarm_msgs/srv/detail/ft_force_pid__type_support.cpp
[5.227s] -- Up-to-date: /home/catcyber02/Mobile-Robots-2026-1/install/xarm_msgs/include/xarm_msgs/xarm_msgs/srv/detail/ft_admittance_params__rosidl_typesupport_introspection_cpp.hpp
[5.232s] -- Up-to-date: /home/catcyber02/Mobile-Robots-2026-1/install/xarm_msgs/include/xarm_msgs/xarm_msgs/srv/detail/set_float32__rosidl_typesupport_introspection_cpp.hpp
[5.232s] -- Up-to-date: /home/catcyber02/Mobile-Robots-2026-1/install/xarm_msgs/include/xarm_msgs/xarm_msgs/srv/detail/move_velocity__type_support.cpp
[5.233s] -- Up-to-date: /home/catcyber02/Mobile-Robots-2026-1/install/xarm_msgs/include/xarm_msgs/xarm_msgs/srv/detail/set_int16__rosidl_typesupport_introspection_cpp.hpp
[5.233s] -- Up-to-date: /home/catcyber02/Mobile-Robots-2026-1/install/xarm_msgs/include/xarm_msgs/xarm_msgs/srv/detail/traj_play__type_support.cpp
[5.234s] -- Up-to-date: /home/catcyber02/Mobile-Robots-2026-1/install/xarm_msgs/include/xarm_msgs/xarm_msgs/srv/detail/set_digital_io__type_support.cpp
[5.234s] -- Up-to-date: /home/catcyber02/Mobile-Robots-2026-1/install/xarm_msgs/include/xarm_msgs/xarm_msgs/srv/detail/set_int32_by_type__type_support.cpp
[5.234s] -- Up-to-date: /home/catcyber02/Mobile-Robots-2026-1/install/xarm_msgs/include/xarm_msgs/xarm_msgs/srv/detail/get_set_modbus_data__type_support.cpp
[5.235s] -- Up-to-date: /home/catcyber02/Mobile-Robots-2026-1/install/xarm_msgs/include/xarm_msgs/xarm_msgs/srv/detail/plan_joint__type_support.cpp
[5.235s] -- Up-to-date: /home/catcyber02/Mobile-Robots-2026-1/install/xarm_msgs/include/xarm_msgs/xarm_msgs/srv/detail/get_digital_io__rosidl_typesupport_introspection_cpp.hpp
[5.235s] -- Up-to-date: /home/catcyber02/Mobile-Robots-2026-1/install/xarm_msgs/include/xarm_msgs/xarm_msgs/srv/detail/plan_exec__type_support.cpp
[5.238s] -- Up-to-date: /home/catcyber02/Mobile-Robots-2026-1/install/xarm_msgs/include/xarm_msgs/xarm_msgs/srv/detail/set_modbus_timeout__type_support.cpp
[5.241s] -- Up-to-date: /home/catcyber02/Mobile-Robots-2026-1/install/xarm_msgs/include/xarm_msgs/xarm_msgs/srv/detail/ft_force_params__rosidl_typesupport_introspection_cpp.hpp
[5.241s] -- Up-to-date: /home/catcyber02/Mobile-Robots-2026-1/install/xarm_msgs/include/xarm_msgs/xarm_msgs/srv/detail/gripper_move__type_support.cpp
[5.244s] -- Up-to-date: /home/catcyber02/Mobile-Robots-2026-1/install/xarm_msgs/include/xarm_msgs/xarm_msgs/srv/detail/linear_motor_back_origin__rosidl_typesupport_introspection_cpp.hpp
[5.244s] -- Up-to-date: /home/catcyber02/Mobile-Robots-2026-1/install/xarm_msgs/include/xarm_msgs/xarm_msgs/srv/detail/plan_single_straight__rosidl_typesupport_introspection_cpp.hpp
[5.244s] -- Up-to-date: /home/catcyber02/Mobile-Robots-2026-1/install/xarm_msgs/include/xarm_msgs/xarm_msgs/srv/detail/set_int32__type_support.cpp
[5.244s] -- Up-to-date: /home/catcyber02/Mobile-Robots-2026-1/install/xarm_msgs/include/xarm_msgs/xarm_msgs/srv/detail/robotiq_move__type_support.cpp
[5.245s] -- Up-to-date: /home/catcyber02/Mobile-Robots-2026-1/install/xarm_msgs/include/xarm_msgs/xarm_msgs/srv/detail/robotiq_reset__rosidl_typesupport_introspection_cpp.hpp
[5.246s] -- Up-to-date: /home/catcyber02/Mobile-Robots-2026-1/install/xarm_msgs/include/xarm_msgs/xarm_msgs/srv/detail/get_int16_list__type_support.cpp
[5.246s] -- Up-to-date: /home/catcyber02/Mobile-Robots-2026-1/install/xarm_msgs/include/xarm_msgs/xarm_msgs/srv/detail/plan_pose__rosidl_typesupport_introspection_cpp.hpp
[5.246s] -- Up-to-date: /home/catcyber02/Mobile-Robots-2026-1/install/xarm_msgs/include/xarm_msgs/xarm_msgs/srv/detail/ft_force_config__type_support.cpp
[5.247s] -- Up-to-date: /home/catcyber02/Mobile-Robots-2026-1/install/xarm_msgs/include/xarm_msgs/xarm_msgs/srv/detail/set_tcp_load__rosidl_typesupport_introspection_cpp.hpp
[5.247s] -- Up-to-date: /home/catcyber02/Mobile-Robots-2026-1/install/xarm_msgs/include/xarm_msgs/xarm_msgs/msg
[5.247s] -- Up-to-date: /home/catcyber02/Mobile-Robots-2026-1/install/xarm_msgs/include/xarm_msgs/xarm_msgs/msg/detail
[5.248s] -- Up-to-date: /home/catcyber02/Mobile-Robots-2026-1/install/xarm_msgs/include/xarm_msgs/xarm_msgs/msg/detail/move_velocity__rosidl_typesupport_introspection_cpp.hpp
[5.248s] -- Up-to-date: /home/catcyber02/Mobile-Robots-2026-1/install/xarm_msgs/include/xarm_msgs/xarm_msgs/msg/detail/cio_state__type_support.cpp
[5.249s] -- Up-to-date: /home/catcyber02/Mobile-Robots-2026-1/install/xarm_msgs/include/xarm_msgs/xarm_msgs/msg/detail/io_state__rosidl_typesupport_introspection_cpp.hpp
[5.249s] -- Up-to-date: /home/catcyber02/Mobile-Robots-2026-1/install/xarm_msgs/include/xarm_msgs/xarm_msgs/msg/detail/robot_msg__type_support.cpp
[5.249s] -- Up-to-date: /home/catcyber02/Mobile-Robots-2026-1/install/xarm_msgs/include/xarm_msgs/xarm_msgs/msg/detail/robot_msg__rosidl_typesupport_introspection_cpp.hpp
[5.250s] -- Up-to-date: /home/catcyber02/Mobile-Robots-2026-1/install/xarm_msgs/include/xarm_msgs/xarm_msgs/msg/detail/cio_state__rosidl_typesupport_introspection_cpp.hpp
[5.250s] -- Up-to-date: /home/catcyber02/Mobile-Robots-2026-1/install/xarm_msgs/include/xarm_msgs/xarm_msgs/msg/detail/move_velocity__type_support.cpp
[5.251s] -- Up-to-date: /home/catcyber02/Mobile-Robots-2026-1/install/xarm_msgs/include/xarm_msgs/xarm_msgs/msg/detail/io_state__type_support.cpp
[5.251s] -- Up-to-date: /home/catcyber02/Mobile-Robots-2026-1/install/xarm_msgs/lib/libxarm_msgs__rosidl_typesupport_introspection_cpp.so
[5.251s] -- Up-to-date: /home/catcyber02/Mobile-Robots-2026-1/install/xarm_msgs/lib/libxarm_msgs__rosidl_typesupport_cpp.so
[5.252s] -- Up-to-date: /home/catcyber02/Mobile-Robots-2026-1/install/xarm_msgs/share/xarm_msgs/environment/pythonpath.sh
[5.252s] -- Up-to-date: /home/catcyber02/Mobile-Robots-2026-1/install/xarm_msgs/share/xarm_msgs/environment/pythonpath.dsv
[5.252s] -- Up-to-date: /home/catcyber02/Mobile-Robots-2026-1/install/xarm_msgs/lib/python3.12/site-packages/xarm_msgs-0.0.0-py3.12.egg-info
[5.253s] -- Installing: /home/catcyber02/Mobile-Robots-2026-1/install/xarm_msgs/lib/python3.12/site-packages/xarm_msgs-0.0.0-py3.12.egg-info/PKG-INFO
[5.253s] -- Installing: /home/catcyber02/Mobile-Robots-2026-1/install/xarm_msgs/lib/python3.12/site-packages/xarm_msgs-0.0.0-py3.12.egg-info/top_level.txt
[5.253s] -- Installing: /home/catcyber02/Mobile-Robots-2026-1/install/xarm_msgs/lib/python3.12/site-packages/xarm_msgs-0.0.0-py3.12.egg-info/SOURCES.txt
[5.253s] -- Installing: /home/catcyber02/Mobile-Robots-2026-1/install/xarm_msgs/lib/python3.12/site-packages/xarm_msgs-0.0.0-py3.12.egg-info/dependency_links.txt
[5.253s] -- Up-to-date: /home/catcyber02/Mobile-Robots-2026-1/install/xarm_msgs/lib/python3.12/site-packages/xarm_msgs
[5.254s] -- Up-to-date: /home/catcyber02/Mobile-Robots-2026-1/install/xarm_msgs/lib/python3.12/site-packages/xarm_msgs/_xarm_msgs_s.ep.rosidl_typesupport_introspection_c.c
[5.254s] -- Up-to-date: /home/catcyber02/Mobile-Robots-2026-1/install/xarm_msgs/lib/python3.12/site-packages/xarm_msgs/xarm_msgs_s__rosidl_typesupport_fastrtps_c.so
[5.254s] -- Up-to-date: /home/catcyber02/Mobile-Robots-2026-1/install/xarm_msgs/lib/python3.12/site-packages/xarm_msgs/xarm_msgs_s__rosidl_typesupport_c.so
[5.254s] -- Up-to-date: /home/catcyber02/Mobile-Robots-2026-1/install/xarm_msgs/lib/python3.12/site-packages/xarm_msgs/_xarm_msgs_s.ep.rosidl_typesupport_fastrtps_c.c
[5.255s] -- Up-to-date: /home/catcyber02/Mobile-Robots-2026-1/install/xarm_msgs/lib/python3.12/site-packages/xarm_msgs/xarm_msgs_s__rosidl_typesupport_introspection_c.so
[5.255s] -- Up-to-date: /home/catcyber02/Mobile-Robots-2026-1/install/xarm_msgs/lib/python3.12/site-packages/xarm_msgs/srv
[5.255s] -- Up-to-date: /home/catcyber02/Mobile-Robots-2026-1/install/xarm_msgs/lib/python3.12/site-packages/xarm_msgs/srv/_ft_cali_load.py
[5.256s] -- Up-to-date: /home/catcyber02/Mobile-Robots-2026-1/install/xarm_msgs/lib/python3.12/site-packages/xarm_msgs/srv/_vacuum_gripper_ctrl.py
[5.256s] -- Up-to-date: /home/catcyber02/Mobile-Robots-2026-1/install/xarm_msgs/lib/python3.12/site-packages/xarm_msgs/srv/_set_int32.py
[5.257s] -- Up-to-date: /home/catcyber02/Mobile-Robots-2026-1/install/xarm_msgs/lib/python3.12/site-packages/xarm_msgs/srv/_set_tcp_load.py
[5.257s] -- Up-to-date: /home/catcyber02/Mobile-Robots-2026-1/install/xarm_msgs/lib/python3.12/site-packages/xarm_msgs/srv/_move_circle_s.c
[5.258s] -- Up-to-date: /home/catcyber02/Mobile-Robots-2026-1/install/xarm_msgs/lib/python3.12/site-packages/xarm_msgs/srv/_set_analog_io_s.c
[5.258s] -- Up-to-date: /home/catcyber02/Mobile-Robots-2026-1/install/xarm_msgs/lib/python3.12/site-packages/xarm_msgs/srv/_set_modbus_timeout.py
[5.258s] -- Up-to-date: /home/catcyber02/Mobile-Robots-2026-1/install/xarm_msgs/lib/python3.12/site-packages/xarm_msgs/srv/_set_int16_list_s.c
[5.259s] -- Up-to-date: /home/catcyber02/Mobile-Robots-2026-1/install/xarm_msgs/lib/python3.12/site-packages/xarm_msgs/srv/_set_int32_by_type_s.c
[5.259s] -- Up-to-date: /home/catcyber02/Mobile-Robots-2026-1/install/xarm_msgs/lib/python3.12/site-packages/xarm_msgs/srv/_get_analog_io.py
[5.260s] -- Up-to-date: /home/catcyber02/Mobile-Robots-2026-1/install/xarm_msgs/lib/python3.12/site-packages/xarm_msgs/srv/_set_int16.py
[5.260s] -- Up-to-date: /home/catcyber02/Mobile-Robots-2026-1/install/xarm_msgs/lib/python3.12/site-packages/xarm_msgs/srv/_get_int16.py
[5.261s] -- Up-to-date: /home/catcyber02/Mobile-Robots-2026-1/install/xarm_msgs/lib/python3.12/site-packages/xarm_msgs/srv/_move_joint.py
[5.261s] -- Up-to-date: /home/catcyber02/Mobile-Robots-2026-1/install/xarm_msgs/lib/python3.12/site-packages/xarm_msgs/srv/_linear_track_back_origin_s.c
[5.262s] -- Up-to-date: /home/catcyber02/Mobile-Robots-2026-1/install/xarm_msgs/lib/python3.12/site-packages/xarm_msgs/srv/_get_float32.py
[5.262s] -- Up-to-date: /home/catcyber02/Mobile-Robots-2026-1/install/xarm_msgs/lib/python3.12/site-packages/xarm_msgs/srv/_get_set_modbus_data_s.c
[5.262s] -- Up-to-date: /home/catcyber02/Mobile-Robots-2026-1/install/xarm_msgs/lib/python3.12/site-packages/xarm_msgs/srv/_set_float32_s.c
[5.263s] -- Up-to-date: /home/catcyber02/Mobile-Robots-2026-1/install/xarm_msgs/lib/python3.12/site-packages/xarm_msgs/srv/_get_digital_io_s.c
[5.264s] -- Up-to-date: /home/catcyber02/Mobile-Robots-2026-1/install/xarm_msgs/lib/python3.12/site-packages/xarm_msgs/srv/_linear_motor_set_pos_s.c
[5.264s] -- Up-to-date: /home/catcyber02/Mobile-Robots-2026-1/install/xarm_msgs/lib/python3.12/site-packages/xarm_msgs/srv/_call_s.c
[5.265s] -- Up-to-date: /home/catcyber02/Mobile-Robots-2026-1/install/xarm_msgs/lib/python3.12/site-packages/xarm_msgs/srv/_ft_cali_load_s.c
[5.265s] -- Up-to-date: /home/catcyber02/Mobile-Robots-2026-1/install/xarm_msgs/lib/python3.12/site-packages/xarm_msgs/srv/_set_float32_list.py
[5.266s] -- Up-to-date: /home/catcyber02/Mobile-Robots-2026-1/install/xarm_msgs/lib/python3.12/site-packages/xarm_msgs/srv/_plan_exec_s.c
[5.266s] -- Up-to-date: /home/catcyber02/Mobile-Robots-2026-1/install/xarm_msgs/lib/python3.12/site-packages/xarm_msgs/srv/_plan_joint_s.c
[5.266s] -- Up-to-date: /home/catcyber02/Mobile-Robots-2026-1/install/xarm_msgs/lib/python3.12/site-packages/xarm_msgs/srv/_get_float32_list.py
[5.268s] -- Up-to-date: /home/catcyber02/Mobile-Robots-2026-1/install/xarm_msgs/lib/python3.12/site-packages/xarm_msgs/srv/_get_float32_list_s.c
[5.269s] -- Up-to-date: /home/catcyber02/Mobile-Robots-2026-1/install/xarm_msgs/lib/python3.12/site-packages/xarm_msgs/srv/_move_cartesian_s.c
[5.270s] -- Up-to-date: /home/catcyber02/Mobile-Robots-2026-1/install/xarm_msgs/lib/python3.12/site-packages/xarm_msgs/srv/_set_int32_by_type.py
[5.271s] -- Up-to-date: /home/catcyber02/Mobile-Robots-2026-1/install/xarm_msgs/lib/python3.12/site-packages/xarm_msgs/srv/_set_float32_list_s.c
[5.274s] -- Up-to-date: /home/catcyber02/Mobile-Robots-2026-1/install/xarm_msgs/lib/python3.12/site-packages/xarm_msgs/srv/_move_joint_s.c
[5.275s] -- Up-to-date: /home/catcyber02/Mobile-Robots-2026-1/install/xarm_msgs/lib/python3.12/site-packages/xarm_msgs/srv/_move_velocity.py
[5.276s] -- Up-to-date: /home/catcyber02/Mobile-Robots-2026-1/install/xarm_msgs/lib/python3.12/site-packages/xarm_msgs/srv/_linear_track_back_origin.py
[5.276s] -- Up-to-date: /home/catcyber02/Mobile-Robots-2026-1/install/xarm_msgs/lib/python3.12/site-packages/xarm_msgs/srv/_robotiq_activate.py
[5.278s] -- Up-to-date: /home/catcyber02/Mobile-Robots-2026-1/install/xarm_msgs/lib/python3.12/site-packages/xarm_msgs/srv/_set_float32.py
[5.278s] -- Up-to-date: /home/catcyber02/Mobile-Robots-2026-1/install/xarm_msgs/lib/python3.12/site-packages/xarm_msgs/srv/_ft_force_pid_s.c
[5.279s] -- Up-to-date: /home/catcyber02/Mobile-Robots-2026-1/install/xarm_msgs/lib/python3.12/site-packages/xarm_msgs/srv/_traj_play_s.c
[5.279s] -- Up-to-date: /home/catcyber02/Mobile-Robots-2026-1/install/xarm_msgs/lib/python3.12/site-packages/xarm_msgs/srv/_get_set_modbus_data.py
[5.280s] -- Up-to-date: /home/catcyber02/Mobile-Robots-2026-1/install/xarm_msgs/lib/python3.12/site-packages/xarm_msgs/srv/_robotiq_move.py
[5.280s] -- Up-to-date: /home/catcyber02/Mobile-Robots-2026-1/install/xarm_msgs/lib/python3.12/site-packages/xarm_msgs/srv/_set_modbus_timeout_s.c
[5.281s] -- Up-to-date: /home/catcyber02/Mobile-Robots-2026-1/install/xarm_msgs/lib/python3.12/site-packages/xarm_msgs/srv/_linear_motor_set_pos.py
[5.281s] -- Up-to-date: /home/catcyber02/Mobile-Robots-2026-1/install/xarm_msgs/lib/python3.12/site-packages/xarm_msgs/srv/_robotiq_get_status.py
[5.282s] -- Up-to-date: /home/catcyber02/Mobile-Robots-2026-1/install/xarm_msgs/lib/python3.12/site-packages/xarm_msgs/srv/_plan_single_straight_s.c
[5.283s] -- Up-to-date: /home/catcyber02/Mobile-Robots-2026-1/install/xarm_msgs/lib/python3.12/site-packages/xarm_msgs/srv/_linear_track_set_pos_s.c
[5.283s] -- Up-to-date: /home/catcyber02/Mobile-Robots-2026-1/install/xarm_msgs/lib/python3.12/site-packages/xarm_msgs/srv/_move_velocity_s.c
[5.285s] -- Up-to-date: /home/catcyber02/Mobile-Robots-2026-1/install/xarm_msgs/lib/python3.12/site-packages/xarm_msgs/srv/_set_digital_io_s.c
[5.285s] -- Up-to-date: /home/catcyber02/Mobile-Robots-2026-1/install/xarm_msgs/lib/python3.12/site-packages/xarm_msgs/srv/_move_home.py
[5.286s] -- Up-to-date: /home/catcyber02/Mobile-Robots-2026-1/install/xarm_msgs/lib/python3.12/site-packages/xarm_msgs/srv/_plan_single_straight.py
[5.287s] -- Up-to-date: /home/catcyber02/Mobile-Robots-2026-1/install/xarm_msgs/lib/python3.12/site-packages/xarm_msgs/srv/_set_int32_s.c
[5.288s] -- Up-to-date: /home/catcyber02/Mobile-Robots-2026-1/install/xarm_msgs/lib/python3.12/site-packages/xarm_msgs/srv/_linear_motor_back_origin_s.c
[5.289s] -- Up-to-date: /home/catcyber02/Mobile-Robots-2026-1/install/xarm_msgs/lib/python3.12/site-packages/xarm_msgs/srv/_set_int16_s.c
[5.289s] -- Up-to-date: /home/catcyber02/Mobile-Robots-2026-1/install/xarm_msgs/lib/python3.12/site-packages/xarm_msgs/srv/_get_int16_s.c
[5.290s] -- Up-to-date: /home/catcyber02/Mobile-Robots-2026-1/install/xarm_msgs/lib/python3.12/site-packages/xarm_msgs/srv/_move_cartesian.py
[5.294s] -- Up-to-date: /home/catcyber02/Mobile-Robots-2026-1/install/xarm_msgs/lib/python3.12/site-packages/xarm_msgs/srv/_ft_impedance.py
[5.296s] -- Up-to-date: /home/catcyber02/Mobile-Robots-2026-1/install/xarm_msgs/lib/python3.12/site-packages/xarm_msgs/srv/_iden_load_s.c
[5.297s] -- Up-to-date: /home/catcyber02/Mobile-Robots-2026-1/install/xarm_msgs/lib/python3.12/site-packages/xarm_msgs/srv/_plan_joint.py
[5.298s] -- Up-to-date: /home/catcyber02/Mobile-Robots-2026-1/install/xarm_msgs/lib/python3.12/site-packages/xarm_msgs/srv/_bio_gripper_enable.py
[5.298s] -- Up-to-date: /home/catcyber02/Mobile-Robots-2026-1/install/xarm_msgs/lib/python3.12/site-packages/xarm_msgs/srv/_get_float32_s.c
[5.299s] -- Up-to-date: /home/catcyber02/Mobile-Robots-2026-1/install/xarm_msgs/lib/python3.12/site-packages/xarm_msgs/srv/_get_int32.py
[5.301s] -- Up-to-date: /home/catcyber02/Mobile-Robots-2026-1/install/xarm_msgs/lib/python3.12/site-packages/xarm_msgs/srv/_bio_gripper_ctrl.py
[5.301s] -- Up-to-date: /home/catcyber02/Mobile-Robots-2026-1/install/xarm_msgs/lib/python3.12/site-packages/xarm_msgs/srv/_get_analog_io_s.c
[5.304s] -- Up-to-date: /home/catcyber02/Mobile-Robots-2026-1/install/xarm_msgs/lib/python3.12/site-packages/xarm_msgs/srv/_traj_ctrl_s.c
[5.304s] -- Up-to-date: /home/catcyber02/Mobile-Robots-2026-1/install/xarm_msgs/lib/python3.12/site-packages/xarm_msgs/srv/_bio_gripper_ctrl_s.c
[5.305s] -- Up-to-date: /home/catcyber02/Mobile-Robots-2026-1/install/xarm_msgs/lib/python3.12/site-packages/xarm_msgs/srv/_iden_load.py
[5.306s] -- Up-to-date: /home/catcyber02/Mobile-Robots-2026-1/install/xarm_msgs/lib/python3.12/site-packages/xarm_msgs/srv/_robotiq_reset_s.c
[5.307s] -- Up-to-date: /home/catcyber02/Mobile-Robots-2026-1/install/xarm_msgs/lib/python3.12/site-packages/xarm_msgs/srv/_traj_play.py
[5.310s] -- Up-to-date: /home/catcyber02/Mobile-Robots-2026-1/install/xarm_msgs/lib/python3.12/site-packages/xarm_msgs/srv/__init__.py
[5.312s] -- Up-to-date: /home/catcyber02/Mobile-Robots-2026-1/install/xarm_msgs/lib/python3.12/site-packages/xarm_msgs/srv/_ft_impedance_s.c
[5.314s] -- Up-to-date: /home/catcyber02/Mobile-Robots-2026-1/install/xarm_msgs/lib/python3.12/site-packages/xarm_msgs/srv/_linear_track_set_pos.py
[5.315s] -- Up-to-date: /home/catcyber02/Mobile-Robots-2026-1/install/xarm_msgs/lib/python3.12/site-packages/xarm_msgs/srv/_gripper_move.py
[5.315s] -- Up-to-date: /home/catcyber02/Mobile-Robots-2026-1/install/xarm_msgs/lib/python3.12/site-packages/xarm_msgs/srv/_gripper_move_s.c
[5.316s] -- Up-to-date: /home/catcyber02/Mobile-Robots-2026-1/install/xarm_msgs/lib/python3.12/site-packages/xarm_msgs/srv/_set_analog_io.py
[5.317s] -- Up-to-date: /home/catcyber02/Mobile-Robots-2026-1/install/xarm_msgs/lib/python3.12/site-packages/xarm_msgs/srv/_call.py
[5.318s] -- Up-to-date: /home/catcyber02/Mobile-Robots-2026-1/install/xarm_msgs/lib/python3.12/site-packages/xarm_msgs/srv/_get_digital_io.py
[5.319s] -- Up-to-date: /home/catcyber02/Mobile-Robots-2026-1/install/xarm_msgs/lib/python3.12/site-packages/xarm_msgs/srv/_ft_force_params_s.c
[5.319s] -- Up-to-date: /home/catcyber02/Mobile-Robots-2026-1/install/xarm_msgs/lib/python3.12/site-packages/xarm_msgs/srv/_set_digital_io.py
[5.319s] -- Up-to-date: /home/catcyber02/Mobile-Robots-2026-1/install/xarm_msgs/lib/python3.12/site-packages/xarm_msgs/srv/_plan_exec.py
[5.319s] -- Up-to-date: /home/catcyber02/Mobile-Robots-2026-1/install/xarm_msgs/lib/python3.12/site-packages/xarm_msgs/srv/_bio_gripper_enable_s.c
[5.322s] -- Up-to-date: /home/catcyber02/Mobile-Robots-2026-1/install/xarm_msgs/lib/python3.12/site-packages/xarm_msgs/srv/_plan_pose.py
[5.323s] -- Up-to-date: /home/catcyber02/Mobile-Robots-2026-1/install/xarm_msgs/lib/python3.12/site-packages/xarm_msgs/srv/_robotiq_move_s.c
[5.324s] -- Up-to-date: /home/catcyber02/Mobile-Robots-2026-1/install/xarm_msgs/lib/python3.12/site-packages/xarm_msgs/srv/_ft_admittance_params_s.c
[5.325s] -- Up-to-date: /home/catcyber02/Mobile-Robots-2026-1/install/xarm_msgs/lib/python3.12/site-packages/xarm_msgs/srv/_robotiq_get_status_s.c
[5.327s] -- Up-to-date: /home/catcyber02/Mobile-Robots-2026-1/install/xarm_msgs/lib/python3.12/site-packages/xarm_msgs/srv/_traj_ctrl.py
[5.328s] -- Up-to-date: /home/catcyber02/Mobile-Robots-2026-1/install/xarm_msgs/lib/python3.12/site-packages/xarm_msgs/srv/_get_int32_by_type_s.c
[5.329s] -- Up-to-date: /home/catcyber02/Mobile-Robots-2026-1/install/xarm_msgs/lib/python3.12/site-packages/xarm_msgs/srv/_linear_motor_back_origin.py
[5.331s] -- Up-to-date: /home/catcyber02/Mobile-Robots-2026-1/install/xarm_msgs/lib/python3.12/site-packages/xarm_msgs/srv/_ft_force_config.py
[5.334s] -- Up-to-date: /home/catcyber02/Mobile-Robots-2026-1/install/xarm_msgs/lib/python3.12/site-packages/xarm_msgs/srv/_get_int32_by_type.py
[5.334s] -- Up-to-date: /home/catcyber02/Mobile-Robots-2026-1/install/xarm_msgs/lib/python3.12/site-packages/xarm_msgs/srv/_get_int16_list_s.c
[5.335s] -- Up-to-date: /home/catcyber02/Mobile-Robots-2026-1/install/xarm_msgs/lib/python3.12/site-packages/xarm_msgs/srv/_robotiq_reset.py
[5.335s] -- Up-to-date: /home/catcyber02/Mobile-Robots-2026-1/install/xarm_msgs/lib/python3.12/site-packages/xarm_msgs/srv/_move_circle.py
[5.336s] -- Up-to-date: /home/catcyber02/Mobile-Robots-2026-1/install/xarm_msgs/lib/python3.12/site-packages/xarm_msgs/srv/_vacuum_gripper_ctrl_s.c
[5.336s] -- Up-to-date: /home/catcyber02/Mobile-Robots-2026-1/install/xarm_msgs/lib/python3.12/site-packages/xarm_msgs/srv/_robotiq_activate_s.c
[5.336s] -- Up-to-date: /home/catcyber02/Mobile-Robots-2026-1/install/xarm_msgs/lib/python3.12/site-packages/xarm_msgs/srv/_set_int16_list.py
[5.340s] -- Up-to-date: /home/catcyber02/Mobile-Robots-2026-1/install/xarm_msgs/lib/python3.12/site-packages/xarm_msgs/srv/_plan_pose_s.c
[5.340s] -- Up-to-date: /home/catcyber02/Mobile-Robots-2026-1/install/xarm_msgs/lib/python3.12/site-packages/xarm_msgs/srv/_ft_force_pid.py
[5.341s] -- Up-to-date: /home/catcyber02/Mobile-Robots-2026-1/install/xarm_msgs/lib/python3.12/site-packages/xarm_msgs/srv/_set_int16_by_id.py
[5.341s] -- Up-to-date: /home/catcyber02/Mobile-Robots-2026-1/install/xarm_msgs/lib/python3.12/site-packages/xarm_msgs/srv/_get_int32_s.c
[5.342s] -- Up-to-date: /home/catcyber02/Mobile-Robots-2026-1/install/xarm_msgs/lib/python3.12/site-packages/xarm_msgs/srv/_set_tcp_load_s.c
[5.342s] -- Up-to-date: /home/catcyber02/Mobile-Robots-2026-1/install/xarm_msgs/lib/python3.12/site-packages/xarm_msgs/srv/_move_home_s.c
[5.342s] -- Up-to-date: /home/catcyber02/Mobile-Robots-2026-1/install/xarm_msgs/lib/python3.12/site-packages/xarm_msgs/srv/_set_int16_by_id_s.c
[5.347s] -- Up-to-date: /home/catcyber02/Mobile-Robots-2026-1/install/xarm_msgs/lib/python3.12/site-packages/xarm_msgs/srv/_ft_force_config_s.c
[5.347s] -- Up-to-date: /home/catcyber02/Mobile-Robots-2026-1/install/xarm_msgs/lib/python3.12/site-packages/xarm_msgs/srv/_ft_admittance_params.py
[5.348s] -- Up-to-date: /home/catcyber02/Mobile-Robots-2026-1/install/xarm_msgs/lib/python3.12/site-packages/xarm_msgs/srv/_ft_force_params.py
[5.348s] -- Up-to-date: /home/catcyber02/Mobile-Robots-2026-1/install/xarm_msgs/lib/python3.12/site-packages/xarm_msgs/srv/_get_int16_list.py
[5.348s] -- Up-to-date: /home/catcyber02/Mobile-Robots-2026-1/install/xarm_msgs/lib/python3.12/site-packages/xarm_msgs/__init__.py
[5.349s] -- Up-to-date: /home/catcyber02/Mobile-Robots-2026-1/install/xarm_msgs/lib/python3.12/site-packages/xarm_msgs/msg
[5.349s] -- Up-to-date: /home/catcyber02/Mobile-Robots-2026-1/install/xarm_msgs/lib/python3.12/site-packages/xarm_msgs/msg/_robot_msg.py
[5.349s] -- Up-to-date: /home/catcyber02/Mobile-Robots-2026-1/install/xarm_msgs/lib/python3.12/site-packages/xarm_msgs/msg/_move_velocity.py
[5.350s] -- Up-to-date: /home/catcyber02/Mobile-Robots-2026-1/install/xarm_msgs/lib/python3.12/site-packages/xarm_msgs/msg/_cio_state.py
[5.362s] -- Up-to-date: /home/catcyber02/Mobile-Robots-2026-1/install/xarm_msgs/lib/python3.12/site-packages/xarm_msgs/msg/_cio_state_s.c
[5.362s] -- Up-to-date: /home/catcyber02/Mobile-Robots-2026-1/install/xarm_msgs/lib/python3.12/site-packages/xarm_msgs/msg/_move_velocity_s.c
[5.363s] -- Up-to-date: /home/catcyber02/Mobile-Robots-2026-1/install/xarm_msgs/lib/python3.12/site-packages/xarm_msgs/msg/_io_state.py
[5.363s] -- Up-to-date: /home/catcyber02/Mobile-Robots-2026-1/install/xarm_msgs/lib/python3.12/site-packages/xarm_msgs/msg/__init__.py
[5.363s] -- Up-to-date: /home/catcyber02/Mobile-Robots-2026-1/install/xarm_msgs/lib/python3.12/site-packages/xarm_msgs/msg/_io_state_s.c
[5.364s] -- Up-to-date: /home/catcyber02/Mobile-Robots-2026-1/install/xarm_msgs/lib/python3.12/site-packages/xarm_msgs/msg/_robot_msg_s.c
[5.364s] -- Up-to-date: /home/catcyber02/Mobile-Robots-2026-1/install/xarm_msgs/lib/python3.12/site-packages/xarm_msgs/_xarm_msgs_s.ep.rosidl_typesupport_c.c
[5.364s] Listing '/home/catcyber02/Mobile-Robots-2026-1/install/xarm_msgs/lib/python3.12/site-packages/xarm_msgs'...
[5.368s] Listing '/home/catcyber02/Mobile-Robots-2026-1/install/xarm_msgs/lib/python3.12/site-packages/xarm_msgs/msg'...
[5.368s] Listing '/home/catcyber02/Mobile-Robots-2026-1/install/xarm_msgs/lib/python3.12/site-packages/xarm_msgs/srv'...
[5.369s] -- Up-to-date: /home/catcyber02/Mobile-Robots-2026-1/install/xarm_msgs/lib/python3.12/site-packages/xarm_msgs/xarm_msgs_s__rosidl_typesupport_fastrtps_c.so
[5.369s] -- Up-to-date: /home/catcyber02/Mobile-Robots-2026-1/install/xarm_msgs/lib/python3.12/site-packages/xarm_msgs/xarm_msgs_s__rosidl_typesupport_introspection_c.so
[5.369s] -- Up-to-date: /home/catcyber02/Mobile-Robots-2026-1/install/xarm_msgs/lib/python3.12/site-packages/xarm_msgs/xarm_msgs_s__rosidl_typesupport_c.so
[5.369s] -- Up-to-date: /home/catcyber02/Mobile-Robots-2026-1/install/xarm_msgs/lib/libxarm_msgs__rosidl_generator_py.so
[5.370s] -- Up-to-date: /home/catcyber02/Mobile-Robots-2026-1/install/xarm_msgs/share/xarm_msgs/msg/RobotMsg.idl
[5.370s] -- Up-to-date: /home/catcyber02/Mobile-Robots-2026-1/install/xarm_msgs/share/xarm_msgs/msg/IOState.idl
[5.370s] -- Up-to-date: /home/catcyber02/Mobile-Robots-2026-1/install/xarm_msgs/share/xarm_msgs/msg/CIOState.idl
[5.371s] -- Up-to-date: /home/catcyber02/Mobile-Robots-2026-1/install/xarm_msgs/share/xarm_msgs/msg/MoveVelocity.idl
[5.375s] -- Up-to-date: /home/catcyber02/Mobile-Robots-2026-1/install/xarm_msgs/share/xarm_msgs/srv/BioGripperCtrl.idl
[5.376s] -- Up-to-date: /home/catcyber02/Mobile-Robots-2026-1/install/xarm_msgs/share/xarm_msgs/srv/BioGripperEnable.idl
[5.376s] -- Up-to-date: /home/catcyber02/Mobile-Robots-2026-1/install/xarm_msgs/share/xarm_msgs/srv/Call.idl
[5.376s] -- Up-to-date: /home/catcyber02/Mobile-Robots-2026-1/install/xarm_msgs/share/xarm_msgs/srv/GetAnalogIO.idl
[5.377s] -- Up-to-date: /home/catcyber02/Mobile-Robots-2026-1/install/xarm_msgs/share/xarm_msgs/srv/GetDigitalIO.idl
[5.377s] -- Up-to-date: /home/catcyber02/Mobile-Robots-2026-1/install/xarm_msgs/share/xarm_msgs/srv/GetFloat32.idl
[5.377s] -- Up-to-date: /home/catcyber02/Mobile-Robots-2026-1/install/xarm_msgs/share/xarm_msgs/srv/GetFloat32List.idl
[5.380s] -- Up-to-date: /home/catcyber02/Mobile-Robots-2026-1/install/xarm_msgs/share/xarm_msgs/srv/GetInt16.idl
[5.381s] -- Up-to-date: /home/catcyber02/Mobile-Robots-2026-1/install/xarm_msgs/share/xarm_msgs/srv/GetInt16List.idl
[5.381s] -- Up-to-date: /home/catcyber02/Mobile-Robots-2026-1/install/xarm_msgs/share/xarm_msgs/srv/GetInt32.idl
[5.381s] -- Up-to-date: /home/catcyber02/Mobile-Robots-2026-1/install/xarm_msgs/share/xarm_msgs/srv/GetInt32ByType.idl
[5.382s] -- Up-to-date: /home/catcyber02/Mobile-Robots-2026-1/install/xarm_msgs/share/xarm_msgs/srv/GetSetModbusData.idl
[5.382s] -- Up-to-date: /home/catcyber02/Mobile-Robots-2026-1/install/xarm_msgs/share/xarm_msgs/srv/GripperMove.idl
[5.382s] -- Up-to-date: /home/catcyber02/Mobile-Robots-2026-1/install/xarm_msgs/share/xarm_msgs/srv/MoveCartesian.idl
[5.382s] -- Up-to-date: /home/catcyber02/Mobile-Robots-2026-1/install/xarm_msgs/share/xarm_msgs/srv/MoveCircle.idl
[5.383s] -- Up-to-date: /home/catcyber02/Mobile-Robots-2026-1/install/xarm_msgs/share/xarm_msgs/srv/MoveHome.idl
[5.383s] -- Up-to-date: /home/catcyber02/Mobile-Robots-2026-1/install/xarm_msgs/share/xarm_msgs/srv/MoveJoint.idl
[5.383s] -- Up-to-date: /home/catcyber02/Mobile-Robots-2026-1/install/xarm_msgs/share/xarm_msgs/srv/MoveVelocity.idl
[5.383s] -- Up-to-date: /home/catcyber02/Mobile-Robots-2026-1/install/xarm_msgs/share/xarm_msgs/srv/RobotiqActivate.idl
[5.384s] -- Up-to-date: /home/catcyber02/Mobile-Robots-2026-1/install/xarm_msgs/share/xarm_msgs/srv/RobotiqGetStatus.idl
[5.389s] -- Up-to-date: /home/catcyber02/Mobile-Robots-2026-1/install/xarm_msgs/share/xarm_msgs/srv/RobotiqMove.idl
[5.390s] -- Up-to-date: /home/catcyber02/Mobile-Robots-2026-1/install/xarm_msgs/share/xarm_msgs/srv/RobotiqReset.idl
[5.390s] -- Up-to-date: /home/catcyber02/Mobile-Robots-2026-1/install/xarm_msgs/share/xarm_msgs/srv/SetAnalogIO.idl
[5.390s] -- Up-to-date: /home/catcyber02/Mobile-Robots-2026-1/install/xarm_msgs/share/xarm_msgs/srv/SetDigitalIO.idl
[5.390s] -- Up-to-date: /home/catcyber02/Mobile-Robots-2026-1/install/xarm_msgs/share/xarm_msgs/srv/SetFloat32.idl
[5.391s] -- Up-to-date: /home/catcyber02/Mobile-Robots-2026-1/install/xarm_msgs/share/xarm_msgs/srv/SetFloat32List.idl
[5.391s] -- Up-to-date: /home/catcyber02/Mobile-Robots-2026-1/install/xarm_msgs/share/xarm_msgs/srv/SetInt16.idl
[5.391s] -- Up-to-date: /home/catcyber02/Mobile-Robots-2026-1/install/xarm_msgs/share/xarm_msgs/srv/SetInt16ById.idl
[5.391s] -- Up-to-date: /home/catcyber02/Mobile-Robots-2026-1/install/xarm_msgs/share/xarm_msgs/srv/SetInt16List.idl
[5.392s] -- Up-to-date: /home/catcyber02/Mobile-Robots-2026-1/install/xarm_msgs/share/xarm_msgs/srv/SetInt32.idl
[5.392s] -- Up-to-date: /home/catcyber02/Mobile-Robots-2026-1/install/xarm_msgs/share/xarm_msgs/srv/SetInt32ByType.idl
[5.392s] -- Up-to-date: /home/catcyber02/Mobile-Robots-2026-1/install/xarm_msgs/share/xarm_msgs/srv/TrajCtrl.idl
[5.392s] -- Up-to-date: /home/catcyber02/Mobile-Robots-2026-1/install/xarm_msgs/share/xarm_msgs/srv/TrajPlay.idl
[5.397s] -- Up-to-date: /home/catcyber02/Mobile-Robots-2026-1/install/xarm_msgs/share/xarm_msgs/srv/VacuumGripperCtrl.idl
[5.398s] -- Up-to-date: /home/catcyber02/Mobile-Robots-2026-1/install/xarm_msgs/share/xarm_msgs/srv/SetTcpLoad.idl
[5.398s] -- Up-to-date: /home/catcyber02/Mobile-Robots-2026-1/install/xarm_msgs/share/xarm_msgs/srv/SetModbusTimeout.idl
[5.398s] -- Up-to-date: /home/catcyber02/Mobile-Robots-2026-1/install/xarm_msgs/share/xarm_msgs/srv/IdenLoad.idl
[5.399s] -- Up-to-date: /home/catcyber02/Mobile-Robots-2026-1/install/xarm_msgs/share/xarm_msgs/srv/FtCaliLoad.idl
[5.399s] -- Up-to-date: /home/catcyber02/Mobile-Robots-2026-1/install/xarm_msgs/share/xarm_msgs/srv/FtForceParams.idl
[5.399s] -- Up-to-date: /home/catcyber02/Mobile-Robots-2026-1/install/xarm_msgs/share/xarm_msgs/srv/FtAdmittanceParams.idl
[5.399s] -- Up-to-date: /home/catcyber02/Mobile-Robots-2026-1/install/xarm_msgs/share/xarm_msgs/srv/LinearMotorBackOrigin.idl
[5.412s] -- Up-to-date: /home/catcyber02/Mobile-Robots-2026-1/install/xarm_msgs/share/xarm_msgs/srv/LinearMotorSetPos.idl
[5.412s] -- Up-to-date: /home/catcyber02/Mobile-Robots-2026-1/install/xarm_msgs/share/xarm_msgs/srv/PlanExec.idl
[5.412s] -- Up-to-date: /home/catcyber02/Mobile-Robots-2026-1/install/xarm_msgs/share/xarm_msgs/srv/PlanJoint.idl
[5.413s] -- Up-to-date: /home/catcyber02/Mobile-Robots-2026-1/install/xarm_msgs/share/xarm_msgs/srv/PlanPose.idl
[5.413s] -- Up-to-date: /home/catcyber02/Mobile-Robots-2026-1/install/xarm_msgs/share/xarm_msgs/srv/PlanSingleStraight.idl
[5.413s] -- Up-to-date: /home/catcyber02/Mobile-Robots-2026-1/install/xarm_msgs/share/xarm_msgs/srv/FtForceConfig.idl
[5.416s] -- Up-to-date: /home/catcyber02/Mobile-Robots-2026-1/install/xarm_msgs/share/xarm_msgs/srv/FtForcePid.idl
[5.420s] -- Up-to-date: /home/catcyber02/Mobile-Robots-2026-1/install/xarm_msgs/share/xarm_msgs/srv/FtImpedance.idl
[5.422s] -- Up-to-date: /home/catcyber02/Mobile-Robots-2026-1/install/xarm_msgs/share/xarm_msgs/srv/LinearTrackBackOrigin.idl
[5.422s] -- Up-to-date: /home/catcyber02/Mobile-Robots-2026-1/install/xarm_msgs/share/xarm_msgs/srv/LinearTrackSetPos.idl
[5.422s] -- Up-to-date: /home/catcyber02/Mobile-Robots-2026-1/install/xarm_msgs/share/xarm_msgs/msg/RobotMsg.msg
[5.423s] -- Up-to-date: /home/catcyber02/Mobile-Robots-2026-1/install/xarm_msgs/share/xarm_msgs/msg/IOState.msg
[5.423s] -- Up-to-date: /home/catcyber02/Mobile-Robots-2026-1/install/xarm_msgs/share/xarm_msgs/msg/CIOState.msg
[5.423s] -- Up-to-date: /home/catcyber02/Mobile-Robots-2026-1/install/xarm_msgs/share/xarm_msgs/msg/MoveVelocity.msg
[5.424s] -- Up-to-date: /home/catcyber02/Mobile-Robots-2026-1/install/xarm_msgs/share/xarm_msgs/srv/BioGripperCtrl.srv
[5.424s] -- Up-to-date: /home/catcyber02/Mobile-Robots-2026-1/install/xarm_msgs/share/xarm_msgs/srv/BioGripperEnable.srv
[5.424s] -- Up-to-date: /home/catcyber02/Mobile-Robots-2026-1/install/xarm_msgs/share/xarm_msgs/srv/Call.srv
[5.430s] -- Up-to-date: /home/catcyber02/Mobile-Robots-2026-1/install/xarm_msgs/share/xarm_msgs/srv/GetAnalogIO.srv
[5.431s] -- Up-to-date: /home/catcyber02/Mobile-Robots-2026-1/install/xarm_msgs/share/xarm_msgs/srv/GetDigitalIO.srv
[5.431s] -- Up-to-date: /home/catcyber02/Mobile-Robots-2026-1/install/xarm_msgs/share/xarm_msgs/srv/GetFloat32.srv
[5.431s] -- Up-to-date: /home/catcyber02/Mobile-Robots-2026-1/install/xarm_msgs/share/xarm_msgs/srv/GetFloat32List.srv
[5.432s] -- Up-to-date: /home/catcyber02/Mobile-Robots-2026-1/install/xarm_msgs/share/xarm_msgs/srv/GetInt16.srv
[5.432s] -- Up-to-date: /home/catcyber02/Mobile-Robots-2026-1/install/xarm_msgs/share/xarm_msgs/srv/GetInt16List.srv
[5.432s] -- Up-to-date: /home/catcyber02/Mobile-Robots-2026-1/install/xarm_msgs/share/xarm_msgs/srv/GetInt32.srv
[5.432s] -- Up-to-date: /home/catcyber02/Mobile-Robots-2026-1/install/xarm_msgs/share/xarm_msgs/srv/GetInt32ByType.srv
[5.435s] -- Up-to-date: /home/catcyber02/Mobile-Robots-2026-1/install/xarm_msgs/share/xarm_msgs/srv/GetSetModbusData.srv
[5.436s] -- Up-to-date: /home/catcyber02/Mobile-Robots-2026-1/install/xarm_msgs/share/xarm_msgs/srv/GripperMove.srv
[5.436s] -- Up-to-date: /home/catcyber02/Mobile-Robots-2026-1/install/xarm_msgs/share/xarm_msgs/srv/MoveCartesian.srv
[5.436s] -- Up-to-date: /home/catcyber02/Mobile-Robots-2026-1/install/xarm_msgs/share/xarm_msgs/srv/MoveCircle.srv
[5.437s] -- Up-to-date: /home/catcyber02/Mobile-Robots-2026-1/install/xarm_msgs/share/xarm_msgs/srv/MoveHome.srv
[5.437s] -- Up-to-date: /home/catcyber02/Mobile-Robots-2026-1/install/xarm_msgs/share/xarm_msgs/srv/MoveJoint.srv
[5.437s] -- Up-to-date: /home/catcyber02/Mobile-Robots-2026-1/install/xarm_msgs/share/xarm_msgs/srv/MoveVelocity.srv
[5.438s] -- Up-to-date: /home/catcyber02/Mobile-Robots-2026-1/install/xarm_msgs/share/xarm_msgs/srv/RobotiqActivate.srv
[5.438s] -- Up-to-date: /home/catcyber02/Mobile-Robots-2026-1/install/xarm_msgs/share/xarm_msgs/srv/RobotiqGetStatus.srv
[5.438s] -- Up-to-date: /home/catcyber02/Mobile-Robots-2026-1/install/xarm_msgs/share/xarm_msgs/srv/RobotiqMove.srv
[5.438s] -- Up-to-date: /home/catcyber02/Mobile-Robots-2026-1/install/xarm_msgs/share/xarm_msgs/srv/RobotiqReset.srv
[5.445s] -- Up-to-date: /home/catcyber02/Mobile-Robots-2026-1/install/xarm_msgs/share/xarm_msgs/srv/SetAnalogIO.srv
[5.448s] -- Up-to-date: /home/catcyber02/Mobile-Robots-2026-1/install/xarm_msgs/share/xarm_msgs/srv/SetDigitalIO.srv
[5.449s] -- Up-to-date: /home/catcyber02/Mobile-Robots-2026-1/install/xarm_msgs/share/xarm_msgs/srv/SetFloat32.srv
[5.450s] -- Up-to-date: /home/catcyber02/Mobile-Robots-2026-1/install/xarm_msgs/share/xarm_msgs/srv/SetFloat32List.srv
[5.450s] -- Up-to-date: /home/catcyber02/Mobile-Robots-2026-1/install/xarm_msgs/share/xarm_msgs/srv/SetInt16.srv
[5.450s] -- Up-to-date: /home/catcyber02/Mobile-Robots-2026-1/install/xarm_msgs/share/xarm_msgs/srv/SetInt16ById.srv
[5.450s] -- Up-to-date: /home/catcyber02/Mobile-Robots-2026-1/install/xarm_msgs/share/xarm_msgs/srv/SetInt16List.srv
[5.456s] -- Up-to-date: /home/catcyber02/Mobile-Robots-2026-1/install/xarm_msgs/share/xarm_msgs/srv/SetInt32.srv
[5.459s] -- Up-to-date: /home/catcyber02/Mobile-Robots-2026-1/install/xarm_msgs/share/xarm_msgs/srv/SetInt32ByType.srv
[5.459s] -- Up-to-date: /home/catcyber02/Mobile-Robots-2026-1/install/xarm_msgs/share/xarm_msgs/srv/TrajCtrl.srv
[5.459s] -- Up-to-date: /home/catcyber02/Mobile-Robots-2026-1/install/xarm_msgs/share/xarm_msgs/srv/TrajPlay.srv
[5.460s] -- Up-to-date: /home/catcyber02/Mobile-Robots-2026-1/install/xarm_msgs/share/xarm_msgs/srv/VacuumGripperCtrl.srv
[5.460s] -- Up-to-date: /home/catcyber02/Mobile-Robots-2026-1/install/xarm_msgs/share/xarm_msgs/srv/SetTcpLoad.srv
[5.460s] -- Up-to-date: /home/catcyber02/Mobile-Robots-2026-1/install/xarm_msgs/share/xarm_msgs/srv/SetModbusTimeout.srv
[5.466s] -- Up-to-date: /home/catcyber02/Mobile-Robots-2026-1/install/xarm_msgs/share/xarm_msgs/srv/IdenLoad.srv
[5.467s] -- Up-to-date: /home/catcyber02/Mobile-Robots-2026-1/install/xarm_msgs/share/xarm_msgs/srv/FtCaliLoad.srv
[5.467s] -- Up-to-date: /home/catcyber02/Mobile-Robots-2026-1/install/xarm_msgs/share/xarm_msgs/srv/FtForceParams.srv
[5.467s] -- Up-to-date: /home/catcyber02/Mobile-Robots-2026-1/install/xarm_msgs/share/xarm_msgs/srv/FtAdmittanceParams.srv
[5.468s] -- Up-to-date: /home/catcyber02/Mobile-Robots-2026-1/install/xarm_msgs/share/xarm_msgs/srv/LinearMotorBackOrigin.srv
[5.470s] -- Up-to-date: /home/catcyber02/Mobile-Robots-2026-1/install/xarm_msgs/share/xarm_msgs/srv/LinearMotorSetPos.srv
[5.470s] -- Up-to-date: /home/catcyber02/Mobile-Robots-2026-1/install/xarm_msgs/share/xarm_msgs/srv/PlanExec.srv
[5.470s] -- Up-to-date: /home/catcyber02/Mobile-Robots-2026-1/install/xarm_msgs/share/xarm_msgs/srv/PlanJoint.srv
[5.471s] -- Up-to-date: /home/catcyber02/Mobile-Robots-2026-1/install/xarm_msgs/share/xarm_msgs/srv/PlanPose.srv
[5.471s] -- Up-to-date: /home/catcyber02/Mobile-Robots-2026-1/install/xarm_msgs/share/xarm_msgs/srv/PlanSingleStraight.srv
[5.472s] -- Up-to-date: /home/catcyber02/Mobile-Robots-2026-1/install/xarm_msgs/share/xarm_msgs/srv/FtForceConfig.srv
[5.472s] -- Up-to-date: /home/catcyber02/Mobile-Robots-2026-1/install/xarm_msgs/share/xarm_msgs/srv/FtForcePid.srv
[5.472s] -- Up-to-date: /home/catcyber02/Mobile-Robots-2026-1/install/xarm_msgs/share/xarm_msgs/srv/FtImpedance.srv
[5.473s] -- Up-to-date: /home/catcyber02/Mobile-Robots-2026-1/install/xarm_msgs/share/xarm_msgs/srv/LinearTrackBackOrigin.srv
[5.476s] -- Up-to-date: /home/catcyber02/Mobile-Robots-2026-1/install/xarm_msgs/share/xarm_msgs/srv/LinearTrackSetPos.srv
[5.477s] -- Up-to-date: /home/catcyber02/Mobile-Robots-2026-1/install/xarm_msgs/share/ament_index/resource_index/package_run_dependencies/xarm_msgs
[5.477s] -- Up-to-date: /home/catcyber02/Mobile-Robots-2026-1/install/xarm_msgs/share/ament_index/resource_index/parent_prefix_path/xarm_msgs
[5.478s] -- Up-to-date: /home/catcyber02/Mobile-Robots-2026-1/install/xarm_msgs/share/xarm_msgs/environment/ament_prefix_path.sh
[5.478s] -- Up-to-date: /home/catcyber02/Mobile-Robots-2026-1/install/xarm_msgs/share/xarm_msgs/environment/ament_prefix_path.dsv
[5.478s] -- Up-to-date: /home/catcyber02/Mobile-Robots-2026-1/install/xarm_msgs/share/xarm_msgs/environment/path.sh
[5.479s] -- Up-to-date: /home/catcyber02/Mobile-Robots-2026-1/install/xarm_msgs/share/xarm_msgs/environment/path.dsv
[5.479s] -- Up-to-date: /home/catcyber02/Mobile-Robots-2026-1/install/xarm_msgs/share/xarm_msgs/local_setup.bash
[5.479s] -- Up-to-date: /home/catcyber02/Mobile-Robots-2026-1/install/xarm_msgs/share/xarm_msgs/local_setup.sh
[5.479s] -- Up-to-date: /home/catcyber02/Mobile-Robots-2026-1/install/xarm_msgs/share/xarm_msgs/local_setup.zsh
[5.480s] -- Up-to-date: /home/catcyber02/Mobile-Robots-2026-1/install/xarm_msgs/share/xarm_msgs/local_setup.dsv
[5.482s] -- Installing: /home/catcyber02/Mobile-Robots-2026-1/install/xarm_msgs/share/xarm_msgs/package.dsv
[5.485s] -- Up-to-date: /home/catcyber02/Mobile-Robots-2026-1/install/xarm_msgs/share/ament_index/resource_index/packages/xarm_msgs
[5.485s] -- Up-to-date: /home/catcyber02/Mobile-Robots-2026-1/install/xarm_msgs/share/xarm_msgs/cmake/export_xarm_msgs__rosidl_generator_cExport.cmake
[5.486s] -- Up-to-date: /home/catcyber02/Mobile-Robots-2026-1/install/xarm_msgs/share/xarm_msgs/cmake/export_xarm_msgs__rosidl_generator_cExport-noconfig.cmake
[5.486s] -- Up-to-date: /home/catcyber02/Mobile-Robots-2026-1/install/xarm_msgs/share/xarm_msgs/cmake/export_xarm_msgs__rosidl_typesupport_fastrtps_cExport.cmake
[5.490s] -- Up-to-date: /home/catcyber02/Mobile-Robots-2026-1/install/xarm_msgs/share/xarm_msgs/cmake/export_xarm_msgs__rosidl_typesupport_fastrtps_cExport-noconfig.cmake
[5.491s] -- Up-to-date: /home/catcyber02/Mobile-Robots-2026-1/install/xarm_msgs/share/xarm_msgs/cmake/export_xarm_msgs__rosidl_generator_cppExport.cmake
[5.491s] -- Up-to-date: /home/catcyber02/Mobile-Robots-2026-1/install/xarm_msgs/share/xarm_msgs/cmake/export_xarm_msgs__rosidl_typesupport_fastrtps_cppExport.cmake
[5.493s] -- Up-to-date: /home/catcyber02/Mobile-Robots-2026-1/install/xarm_msgs/share/xarm_msgs/cmake/export_xarm_msgs__rosidl_typesupport_fastrtps_cppExport-noconfig.cmake
[5.497s] -- Up-to-date: /home/catcyber02/Mobile-Robots-2026-1/install/xarm_msgs/share/xarm_msgs/cmake/xarm_msgs__rosidl_typesupport_introspection_cExport.cmake
[5.498s] -- Up-to-date: /home/catcyber02/Mobile-Robots-2026-1/install/xarm_msgs/share/xarm_msgs/cmake/xarm_msgs__rosidl_typesupport_introspection_cExport-noconfig.cmake
[5.498s] -- Up-to-date: /home/catcyber02/Mobile-Robots-2026-1/install/xarm_msgs/share/xarm_msgs/cmake/xarm_msgs__rosidl_typesupport_cExport.cmake
[5.499s] -- Up-to-date: /home/catcyber02/Mobile-Robots-2026-1/install/xarm_msgs/share/xarm_msgs/cmake/xarm_msgs__rosidl_typesupport_cExport-noconfig.cmake
[5.499s] -- Up-to-date: /home/catcyber02/Mobile-Robots-2026-1/install/xarm_msgs/share/xarm_msgs/cmake/xarm_msgs__rosidl_typesupport_introspection_cppExport.cmake
[5.499s] -- Up-to-date: /home/catcyber02/Mobile-Robots-2026-1/install/xarm_msgs/share/xarm_msgs/cmake/xarm_msgs__rosidl_typesupport_introspection_cppExport-noconfig.cmake
[5.499s] -- Up-to-date: /home/catcyber02/Mobile-Robots-2026-1/install/xarm_msgs/share/xarm_msgs/cmake/xarm_msgs__rosidl_typesupport_cppExport.cmake
[5.500s] -- Up-to-date: /home/catcyber02/Mobile-Robots-2026-1/install/xarm_msgs/share/xarm_msgs/cmake/xarm_msgs__rosidl_typesupport_cppExport-noconfig.cmake
[5.500s] -- Up-to-date: /home/catcyber02/Mobile-Robots-2026-1/install/xarm_msgs/share/xarm_msgs/cmake/export_xarm_msgs__rosidl_generator_pyExport.cmake
[5.507s] -- Up-to-date: /home/catcyber02/Mobile-Robots-2026-1/install/xarm_msgs/share/xarm_msgs/cmake/export_xarm_msgs__rosidl_generator_pyExport-noconfig.cmake
[5.508s] -- Up-to-date: /home/catcyber02/Mobile-Robots-2026-1/install/xarm_msgs/share/xarm_msgs/cmake/rosidl_cmake-extras.cmake
[5.513s] -- Up-to-date: /home/catcyber02/Mobile-Robots-2026-1/install/xarm_msgs/share/xarm_msgs/cmake/ament_cmake_export_dependencies-extras.cmake
[5.514s] -- Up-to-date: /home/catcyber02/Mobile-Robots-2026-1/install/xarm_msgs/share/xarm_msgs/cmake/ament_cmake_export_include_directories-extras.cmake
[5.514s] -- Up-to-date: /home/catcyber02/Mobile-Robots-2026-1/install/xarm_msgs/share/xarm_msgs/cmake/ament_cmake_export_libraries-extras.cmake
[5.515s] -- Up-to-date: /home/catcyber02/Mobile-Robots-2026-1/install/xarm_msgs/share/xarm_msgs/cmake/ament_cmake_export_targets-extras.cmake
[5.515s] -- Up-to-date: /home/catcyber02/Mobile-Robots-2026-1/install/xarm_msgs/share/xarm_msgs/cmake/rosidl_cmake_export_typesupport_targets-extras.cmake
[5.520s] -- Up-to-date: /home/catcyber02/Mobile-Robots-2026-1/install/xarm_msgs/share/xarm_msgs/cmake/rosidl_cmake_export_typesupport_libraries-extras.cmake
[5.520s] -- Up-to-date: /home/catcyber02/Mobile-Robots-2026-1/install/xarm_msgs/share/xarm_msgs/cmake/xarm_msgsConfig.cmake
[5.521s] -- Up-to-date: /home/catcyber02/Mobile-Robots-2026-1/install/xarm_msgs/share/xarm_msgs/cmake/xarm_msgsConfig-version.cmake
[5.521s] -- Up-to-date: /home/catcyber02/Mobile-Robots-2026-1/install/xarm_msgs/share/xarm_msgs/package.xml
[5.522s] Invoked command in '/home/catcyber02/Mobile-Robots-2026-1/build/xarm_msgs' returned '0': CMAKE_PREFIX_PATH=${CMAKE_PREFIX_PATH}:/home/catcyber02/Mobile-Robots-2026-1/ros2_ws/install/uf_ros_lib:/home/catcyber02/Mobile-Robots-2026-1/ros2_ws/install/simple_move:/opt/ros/jazzy DEBUGINFOD_URLS=https://debuginfod.ubuntu.com /usr/bin/cmake --install /home/catcyber02/Mobile-Robots-2026-1/build/xarm_msgs
