[0.156s] DEBUG:colcon:Command line arguments: ['/usr/bin/colcon', 'build']
[0.156s] DEBUG:colcon:Parsed command line arguments: Namespace(log_base=None, log_level=None, verb_name='build', build_base='build', install_base='install', merge_install=False, symlink_install=False, test_result_base=None, continue_on_error=False, executor='parallel', parallel_workers=8, event_handlers=None, ignore_user_meta=False, metas=['./colcon.meta'], base_paths=['.'], packages_ignore=None, packages_ignore_regex=None, paths=None, packages_up_to=None, packages_up_to_regex=None, packages_above=None, packages_above_and_dependencies=None, packages_above_depth=None, packages_select_by_dep=None, packages_skip_by_dep=None, packages_skip_up_to=None, packages_select_build_failed=False, packages_skip_build_finished=False, packages_select_test_failures=False, packages_skip_test_passed=False, packages_select=None, packages_skip=None, packages_select_regex=None, packages_skip_regex=None, packages_start=None, packages_end=None, allow_overriding=[], cmake_args=None, cmake_target=None, cmake_target_skip_unavailable=False, cmake_clean_cache=False, cmake_clean_first=False, cmake_force_configure=False, ament_cmake_args=None, catkin_cmake_args=None, catkin_skip_building_tests=False, verb_parser=<colcon_defaults.argument_parser.defaults.DefaultArgumentsDecorator object at 0x7b25cdf80320>, verb_extension=<colcon_core.verb.build.BuildVerb object at 0x7b25ce0a0440>, main=<bound method BuildVerb.main of <colcon_core.verb.build.BuildVerb object at 0x7b25ce0a0440>>)
[0.212s] Level 1:colcon.colcon_core.package_discovery:discover_packages(colcon_meta) check parameters
[0.212s] Level 1:colcon.colcon_core.package_discovery:discover_packages(recursive) check parameters
[0.212s] Level 1:colcon.colcon_core.package_discovery:discover_packages(ignore) check parameters
[0.212s] Level 1:colcon.colcon_core.package_discovery:discover_packages(path) check parameters
[0.212s] Level 1:colcon.colcon_core.package_discovery:discover_packages(colcon_meta) discover
[0.212s] Level 1:colcon.colcon_core.package_discovery:discover_packages(recursive) discover
[0.212s] INFO:colcon.colcon_core.package_discovery:Crawling recursively for packages in '/home/catcyber02/Mobile-Robots-2026-1'
[0.212s] Level 1:colcon.colcon_core.package_identification:_identify(.) by extensions ['ignore', 'ignore_ament_install']
[0.212s] Level 1:colcon.colcon_core.package_identification:_identify(.) by extension 'ignore'
[0.213s] Level 1:colcon.colcon_core.package_identification:_identify(.) by extension 'ignore_ament_install'
[0.213s] Level 1:colcon.colcon_core.package_identification:_identify(.) by extensions ['colcon_pkg']
[0.213s] Level 1:colcon.colcon_core.package_identification:_identify(.) by extension 'colcon_pkg'
[0.213s] Level 1:colcon.colcon_core.package_identification:_identify(.) by extensions ['colcon_meta']
[0.213s] Level 1:colcon.colcon_core.package_identification:_identify(.) by extension 'colcon_meta'
[0.213s] Level 1:colcon.colcon_core.package_identification:_identify(.) by extensions ['ros']
[0.213s] Level 1:colcon.colcon_core.package_identification:_identify(.) by extension 'ros'
[0.259s] Level 1:colcon.colcon_core.package_identification:_identify(.) by extensions ['cmake', 'python']
[0.259s] Level 1:colcon.colcon_core.package_identification:_identify(.) by extension 'cmake'
[0.259s] Level 1:colcon.colcon_core.package_identification:_identify(.) by extension 'python'
[0.259s] Level 1:colcon.colcon_core.package_identification:_identify(.) by extensions ['python_setup_py']
[0.259s] Level 1:colcon.colcon_core.package_identification:_identify(.) by extension 'python_setup_py'
[0.259s] Level 1:colcon.colcon_core.package_identification:_identify(Media) by extensions ['ignore', 'ignore_ament_install']
[0.259s] Level 1:colcon.colcon_core.package_identification:_identify(Media) by extension 'ignore'
[0.259s] Level 1:colcon.colcon_core.package_identification:_identify(Media) by extension 'ignore_ament_install'
[0.260s] Level 1:colcon.colcon_core.package_identification:_identify(Media) by extensions ['colcon_pkg']
[0.260s] Level 1:colcon.colcon_core.package_identification:_identify(Media) by extension 'colcon_pkg'
[0.260s] Level 1:colcon.colcon_core.package_identification:_identify(Media) by extensions ['colcon_meta']
[0.260s] Level 1:colcon.colcon_core.package_identification:_identify(Media) by extension 'colcon_meta'
[0.260s] Level 1:colcon.colcon_core.package_identification:_identify(Media) by extensions ['ros']
[0.260s] Level 1:colcon.colcon_core.package_identification:_identify(Media) by extension 'ros'
[0.260s] Level 1:colcon.colcon_core.package_identification:_identify(Media) by extensions ['cmake', 'python']
[0.260s] Level 1:colcon.colcon_core.package_identification:_identify(Media) by extension 'cmake'
[0.260s] Level 1:colcon.colcon_core.package_identification:_identify(Media) by extension 'python'
[0.260s] Level 1:colcon.colcon_core.package_identification:_identify(Media) by extensions ['python_setup_py']
[0.260s] Level 1:colcon.colcon_core.package_identification:_identify(Media) by extension 'python_setup_py'
[0.260s] Level 1:colcon.colcon_core.package_identification:_identify(build) by extensions ['ignore', 'ignore_ament_install']
[0.261s] Level 1:colcon.colcon_core.package_identification:_identify(build) by extension 'ignore'
[0.261s] Level 1:colcon.colcon_core.package_identification:_identify(build) ignored
[0.261s] Level 1:colcon.colcon_core.package_identification:_identify(install) by extensions ['ignore', 'ignore_ament_install']
[0.261s] Level 1:colcon.colcon_core.package_identification:_identify(install) by extension 'ignore'
[0.261s] Level 1:colcon.colcon_core.package_identification:_identify(install) ignored
[0.261s] Level 1:colcon.colcon_core.package_identification:_identify(log) by extensions ['ignore', 'ignore_ament_install']
[0.261s] Level 1:colcon.colcon_core.package_identification:_identify(log) by extension 'ignore'
[0.261s] Level 1:colcon.colcon_core.package_identification:_identify(log) ignored
[0.261s] Level 1:colcon.colcon_core.package_identification:_identify(ros2_ws) by extensions ['ignore', 'ignore_ament_install']
[0.262s] Level 1:colcon.colcon_core.package_identification:_identify(ros2_ws) by extension 'ignore'
[0.262s] Level 1:colcon.colcon_core.package_identification:_identify(ros2_ws) by extension 'ignore_ament_install'
[0.262s] Level 1:colcon.colcon_core.package_identification:_identify(ros2_ws) by extensions ['colcon_pkg']
[0.262s] Level 1:colcon.colcon_core.package_identification:_identify(ros2_ws) by extension 'colcon_pkg'
[0.262s] Level 1:colcon.colcon_core.package_identification:_identify(ros2_ws) by extensions ['colcon_meta']
[0.262s] Level 1:colcon.colcon_core.package_identification:_identify(ros2_ws) by extension 'colcon_meta'
[0.262s] Level 1:colcon.colcon_core.package_identification:_identify(ros2_ws) by extensions ['ros']
[0.262s] Level 1:colcon.colcon_core.package_identification:_identify(ros2_ws) by extension 'ros'
[0.262s] Level 1:colcon.colcon_core.package_identification:_identify(ros2_ws) by extensions ['cmake', 'python']
[0.262s] Level 1:colcon.colcon_core.package_identification:_identify(ros2_ws) by extension 'cmake'
[0.262s] Level 1:colcon.colcon_core.package_identification:_identify(ros2_ws) by extension 'python'
[0.262s] Level 1:colcon.colcon_core.package_identification:_identify(ros2_ws) by extensions ['python_setup_py']
[0.262s] Level 1:colcon.colcon_core.package_identification:_identify(ros2_ws) by extension 'python_setup_py'
[0.263s] Level 1:colcon.colcon_core.package_identification:_identify(ros2_ws/build) by extensions ['ignore', 'ignore_ament_install']
[0.263s] Level 1:colcon.colcon_core.package_identification:_identify(ros2_ws/build) by extension 'ignore'
[0.263s] Level 1:colcon.colcon_core.package_identification:_identify(ros2_ws/build) ignored
[0.263s] Level 1:colcon.colcon_core.package_identification:_identify(ros2_ws/install) by extensions ['ignore', 'ignore_ament_install']
[0.263s] Level 1:colcon.colcon_core.package_identification:_identify(ros2_ws/install) by extension 'ignore'
[0.263s] Level 1:colcon.colcon_core.package_identification:_identify(ros2_ws/install) ignored
[0.263s] Level 1:colcon.colcon_core.package_identification:_identify(ros2_ws/log) by extensions ['ignore', 'ignore_ament_install']
[0.264s] Level 1:colcon.colcon_core.package_identification:_identify(ros2_ws/log) by extension 'ignore'
[0.264s] Level 1:colcon.colcon_core.package_identification:_identify(ros2_ws/log) ignored
[0.264s] Level 1:colcon.colcon_core.package_identification:_identify(ros2_ws/src) by extensions ['ignore', 'ignore_ament_install']
[0.264s] Level 1:colcon.colcon_core.package_identification:_identify(ros2_ws/src) by extension 'ignore'
[0.264s] Level 1:colcon.colcon_core.package_identification:_identify(ros2_ws/src) by extension 'ignore_ament_install'
[0.264s] Level 1:colcon.colcon_core.package_identification:_identify(ros2_ws/src) by extensions ['colcon_pkg']
[0.264s] Level 1:colcon.colcon_core.package_identification:_identify(ros2_ws/src) by extension 'colcon_pkg'
[0.264s] Level 1:colcon.colcon_core.package_identification:_identify(ros2_ws/src) by extensions ['colcon_meta']
[0.264s] Level 1:colcon.colcon_core.package_identification:_identify(ros2_ws/src) by extension 'colcon_meta'
[0.264s] Level 1:colcon.colcon_core.package_identification:_identify(ros2_ws/src) by extensions ['ros']
[0.264s] Level 1:colcon.colcon_core.package_identification:_identify(ros2_ws/src) by extension 'ros'
[0.264s] Level 1:colcon.colcon_core.package_identification:_identify(ros2_ws/src) by extensions ['cmake', 'python']
[0.265s] Level 1:colcon.colcon_core.package_identification:_identify(ros2_ws/src) by extension 'cmake'
[0.265s] Level 1:colcon.colcon_core.package_identification:_identify(ros2_ws/src) by extension 'python'
[0.265s] Level 1:colcon.colcon_core.package_identification:_identify(ros2_ws/src) by extensions ['python_setup_py']
[0.265s] Level 1:colcon.colcon_core.package_identification:_identify(ros2_ws/src) by extension 'python_setup_py'
[0.265s] Level 1:colcon.colcon_core.package_identification:_identify(ros2_ws/src/config_files) by extensions ['ignore', 'ignore_ament_install']
[0.265s] Level 1:colcon.colcon_core.package_identification:_identify(ros2_ws/src/config_files) by extension 'ignore'
[0.265s] Level 1:colcon.colcon_core.package_identification:_identify(ros2_ws/src/config_files) by extension 'ignore_ament_install'
[0.265s] Level 1:colcon.colcon_core.package_identification:_identify(ros2_ws/src/config_files) by extensions ['colcon_pkg']
[0.265s] Level 1:colcon.colcon_core.package_identification:_identify(ros2_ws/src/config_files) by extension 'colcon_pkg'
[0.265s] Level 1:colcon.colcon_core.package_identification:_identify(ros2_ws/src/config_files) by extensions ['colcon_meta']
[0.265s] Level 1:colcon.colcon_core.package_identification:_identify(ros2_ws/src/config_files) by extension 'colcon_meta'
[0.266s] Level 1:colcon.colcon_core.package_identification:_identify(ros2_ws/src/config_files) by extensions ['ros']
[0.266s] Level 1:colcon.colcon_core.package_identification:_identify(ros2_ws/src/config_files) by extension 'ros'
[0.270s] DEBUG:colcon.colcon_core.package_identification:Package 'ros2_ws/src/config_files' with type 'ros.ament_cmake' and name 'config_files'
[0.270s] Level 1:colcon.colcon_core.package_identification:_identify(ros2_ws/src/hardware) by extensions ['ignore', 'ignore_ament_install']
[0.270s] Level 1:colcon.colcon_core.package_identification:_identify(ros2_ws/src/hardware) by extension 'ignore'
[0.270s] Level 1:colcon.colcon_core.package_identification:_identify(ros2_ws/src/hardware) by extension 'ignore_ament_install'
[0.270s] Level 1:colcon.colcon_core.package_identification:_identify(ros2_ws/src/hardware) by extensions ['colcon_pkg']
[0.270s] Level 1:colcon.colcon_core.package_identification:_identify(ros2_ws/src/hardware) by extension 'colcon_pkg'
[0.270s] Level 1:colcon.colcon_core.package_identification:_identify(ros2_ws/src/hardware) by extensions ['colcon_meta']
[0.270s] Level 1:colcon.colcon_core.package_identification:_identify(ros2_ws/src/hardware) by extension 'colcon_meta'
[0.271s] Level 1:colcon.colcon_core.package_identification:_identify(ros2_ws/src/hardware) by extensions ['ros']
[0.271s] Level 1:colcon.colcon_core.package_identification:_identify(ros2_ws/src/hardware) by extension 'ros'
[0.271s] Level 1:colcon.colcon_core.package_identification:_identify(ros2_ws/src/hardware) by extensions ['cmake', 'python']
[0.271s] Level 1:colcon.colcon_core.package_identification:_identify(ros2_ws/src/hardware) by extension 'cmake'
[0.271s] Level 1:colcon.colcon_core.package_identification:_identify(ros2_ws/src/hardware) by extension 'python'
[0.271s] Level 1:colcon.colcon_core.package_identification:_identify(ros2_ws/src/hardware) by extensions ['python_setup_py']
[0.271s] Level 1:colcon.colcon_core.package_identification:_identify(ros2_ws/src/hardware) by extension 'python_setup_py'
[0.271s] Level 1:colcon.colcon_core.package_identification:_identify(ros2_ws/src/hardware/gazebo_envs) by extensions ['ignore', 'ignore_ament_install']
[0.271s] Level 1:colcon.colcon_core.package_identification:_identify(ros2_ws/src/hardware/gazebo_envs) by extension 'ignore'
[0.271s] Level 1:colcon.colcon_core.package_identification:_identify(ros2_ws/src/hardware/gazebo_envs) by extension 'ignore_ament_install'
[0.271s] Level 1:colcon.colcon_core.package_identification:_identify(ros2_ws/src/hardware/gazebo_envs) by extensions ['colcon_pkg']
[0.272s] Level 1:colcon.colcon_core.package_identification:_identify(ros2_ws/src/hardware/gazebo_envs) by extension 'colcon_pkg'
[0.272s] Level 1:colcon.colcon_core.package_identification:_identify(ros2_ws/src/hardware/gazebo_envs) by extensions ['colcon_meta']
[0.272s] Level 1:colcon.colcon_core.package_identification:_identify(ros2_ws/src/hardware/gazebo_envs) by extension 'colcon_meta'
[0.272s] Level 1:colcon.colcon_core.package_identification:_identify(ros2_ws/src/hardware/gazebo_envs) by extensions ['ros']
[0.272s] Level 1:colcon.colcon_core.package_identification:_identify(ros2_ws/src/hardware/gazebo_envs) by extension 'ros'
[0.273s] DEBUG:colcon.colcon_core.package_identification:Package 'ros2_ws/src/hardware/gazebo_envs' with type 'ros.ament_cmake' and name 'gazebo_envs'
[0.273s] Level 1:colcon.colcon_core.package_identification:_identify(ros2_ws/src/hardware/justina_description) by extensions ['ignore', 'ignore_ament_install']
[0.273s] Level 1:colcon.colcon_core.package_identification:_identify(ros2_ws/src/hardware/justina_description) by extension 'ignore'
[0.273s] Level 1:colcon.colcon_core.package_identification:_identify(ros2_ws/src/hardware/justina_description) by extension 'ignore_ament_install'
[0.273s] Level 1:colcon.colcon_core.package_identification:_identify(ros2_ws/src/hardware/justina_description) by extensions ['colcon_pkg']
[0.273s] Level 1:colcon.colcon_core.package_identification:_identify(ros2_ws/src/hardware/justina_description) by extension 'colcon_pkg'
[0.273s] Level 1:colcon.colcon_core.package_identification:_identify(ros2_ws/src/hardware/justina_description) by extensions ['colcon_meta']
[0.273s] Level 1:colcon.colcon_core.package_identification:_identify(ros2_ws/src/hardware/justina_description) by extension 'colcon_meta'
[0.273s] Level 1:colcon.colcon_core.package_identification:_identify(ros2_ws/src/hardware/justina_description) by extensions ['ros']
[0.274s] Level 1:colcon.colcon_core.package_identification:_identify(ros2_ws/src/hardware/justina_description) by extension 'ros'
[0.274s] DEBUG:colcon.colcon_core.package_identification:Package 'ros2_ws/src/hardware/justina_description' with type 'ros.ament_cmake' and name 'justina_description'
[0.274s] Level 1:colcon.colcon_core.package_identification:_identify(ros2_ws/src/hardware/xarm_ros2) by extensions ['ignore', 'ignore_ament_install']
[0.275s] Level 1:colcon.colcon_core.package_identification:_identify(ros2_ws/src/hardware/xarm_ros2) by extension 'ignore'
[0.275s] Level 1:colcon.colcon_core.package_identification:_identify(ros2_ws/src/hardware/xarm_ros2) by extension 'ignore_ament_install'
[0.275s] Level 1:colcon.colcon_core.package_identification:_identify(ros2_ws/src/hardware/xarm_ros2) by extensions ['colcon_pkg']
[0.275s] Level 1:colcon.colcon_core.package_identification:_identify(ros2_ws/src/hardware/xarm_ros2) by extension 'colcon_pkg'
[0.275s] Level 1:colcon.colcon_core.package_identification:_identify(ros2_ws/src/hardware/xarm_ros2) by extensions ['colcon_meta']
[0.275s] Level 1:colcon.colcon_core.package_identification:_identify(ros2_ws/src/hardware/xarm_ros2) by extension 'colcon_meta'
[0.275s] Level 1:colcon.colcon_core.package_identification:_identify(ros2_ws/src/hardware/xarm_ros2) by extensions ['ros']
[0.275s] Level 1:colcon.colcon_core.package_identification:_identify(ros2_ws/src/hardware/xarm_ros2) by extension 'ros'
[0.275s] Level 1:colcon.colcon_core.package_identification:_identify(ros2_ws/src/hardware/xarm_ros2) by extensions ['cmake', 'python']
[0.275s] Level 1:colcon.colcon_core.package_identification:_identify(ros2_ws/src/hardware/xarm_ros2) by extension 'cmake'
[0.275s] Level 1:colcon.colcon_core.package_identification:_identify(ros2_ws/src/hardware/xarm_ros2) by extension 'python'
[0.276s] Level 1:colcon.colcon_core.package_identification:_identify(ros2_ws/src/hardware/xarm_ros2) by extensions ['python_setup_py']
[0.276s] Level 1:colcon.colcon_core.package_identification:_identify(ros2_ws/src/hardware/xarm_ros2) by extension 'python_setup_py'
[0.276s] Level 1:colcon.colcon_core.package_identification:_identify(ros2_ws/src/hardware/xarm_ros2/uf_ros_lib) by extensions ['ignore', 'ignore_ament_install']
[0.276s] Level 1:colcon.colcon_core.package_identification:_identify(ros2_ws/src/hardware/xarm_ros2/uf_ros_lib) by extension 'ignore'
[0.276s] Level 1:colcon.colcon_core.package_identification:_identify(ros2_ws/src/hardware/xarm_ros2/uf_ros_lib) by extension 'ignore_ament_install'
[0.276s] Level 1:colcon.colcon_core.package_identification:_identify(ros2_ws/src/hardware/xarm_ros2/uf_ros_lib) by extensions ['colcon_pkg']
[0.276s] Level 1:colcon.colcon_core.package_identification:_identify(ros2_ws/src/hardware/xarm_ros2/uf_ros_lib) by extension 'colcon_pkg'
[0.276s] Level 1:colcon.colcon_core.package_identification:_identify(ros2_ws/src/hardware/xarm_ros2/uf_ros_lib) by extensions ['colcon_meta']
[0.276s] Level 1:colcon.colcon_core.package_identification:_identify(ros2_ws/src/hardware/xarm_ros2/uf_ros_lib) by extension 'colcon_meta'
[0.276s] Level 1:colcon.colcon_core.package_identification:_identify(ros2_ws/src/hardware/xarm_ros2/uf_ros_lib) by extensions ['ros']
[0.276s] Level 1:colcon.colcon_core.package_identification:_identify(ros2_ws/src/hardware/xarm_ros2/uf_ros_lib) by extension 'ros'
[0.277s] DEBUG:colcon.colcon_core.package_identification:Package 'ros2_ws/src/hardware/xarm_ros2/uf_ros_lib' with type 'ros.ament_python' and name 'uf_ros_lib'
[0.277s] Level 1:colcon.colcon_core.package_identification:_identify(ros2_ws/src/hardware/xarm_ros2/xarm_api) by extensions ['ignore', 'ignore_ament_install']
[0.278s] Level 1:colcon.colcon_core.package_identification:_identify(ros2_ws/src/hardware/xarm_ros2/xarm_api) by extension 'ignore'
[0.278s] Level 1:colcon.colcon_core.package_identification:_identify(ros2_ws/src/hardware/xarm_ros2/xarm_api) by extension 'ignore_ament_install'
[0.278s] Level 1:colcon.colcon_core.package_identification:_identify(ros2_ws/src/hardware/xarm_ros2/xarm_api) by extensions ['colcon_pkg']
[0.278s] Level 1:colcon.colcon_core.package_identification:_identify(ros2_ws/src/hardware/xarm_ros2/xarm_api) by extension 'colcon_pkg'
[0.278s] Level 1:colcon.colcon_core.package_identification:_identify(ros2_ws/src/hardware/xarm_ros2/xarm_api) by extensions ['colcon_meta']
[0.278s] Level 1:colcon.colcon_core.package_identification:_identify(ros2_ws/src/hardware/xarm_ros2/xarm_api) by extension 'colcon_meta'
[0.278s] Level 1:colcon.colcon_core.package_identification:_identify(ros2_ws/src/hardware/xarm_ros2/xarm_api) by extensions ['ros']
[0.278s] Level 1:colcon.colcon_core.package_identification:_identify(ros2_ws/src/hardware/xarm_ros2/xarm_api) by extension 'ros'
[0.280s] DEBUG:colcon.colcon_core.package_identification:Package 'ros2_ws/src/hardware/xarm_ros2/xarm_api' with type 'ros.ament_cmake' and name 'xarm_api'
[0.280s] Level 1:colcon.colcon_core.package_identification:_identify(ros2_ws/src/hardware/xarm_ros2/xarm_controller) by extensions ['ignore', 'ignore_ament_install']
[0.280s] Level 1:colcon.colcon_core.package_identification:_identify(ros2_ws/src/hardware/xarm_ros2/xarm_controller) by extension 'ignore'
[0.280s] Level 1:colcon.colcon_core.package_identification:_identify(ros2_ws/src/hardware/xarm_ros2/xarm_controller) by extension 'ignore_ament_install'
[0.280s] Level 1:colcon.colcon_core.package_identification:_identify(ros2_ws/src/hardware/xarm_ros2/xarm_controller) by extensions ['colcon_pkg']
[0.281s] Level 1:colcon.colcon_core.package_identification:_identify(ros2_ws/src/hardware/xarm_ros2/xarm_controller) by extension 'colcon_pkg'
[0.281s] Level 1:colcon.colcon_core.package_identification:_identify(ros2_ws/src/hardware/xarm_ros2/xarm_controller) by extensions ['colcon_meta']
[0.281s] Level 1:colcon.colcon_core.package_identification:_identify(ros2_ws/src/hardware/xarm_ros2/xarm_controller) by extension 'colcon_meta'
[0.281s] Level 1:colcon.colcon_core.package_identification:_identify(ros2_ws/src/hardware/xarm_ros2/xarm_controller) by extensions ['ros']
[0.281s] Level 1:colcon.colcon_core.package_identification:_identify(ros2_ws/src/hardware/xarm_ros2/xarm_controller) by extension 'ros'
[0.283s] DEBUG:colcon.colcon_core.package_identification:Package 'ros2_ws/src/hardware/xarm_ros2/xarm_controller' with type 'ros.ament_cmake' and name 'xarm_controller'
[0.283s] Level 1:colcon.colcon_core.package_identification:_identify(ros2_ws/src/hardware/xarm_ros2/xarm_description) by extensions ['ignore', 'ignore_ament_install']
[0.283s] Level 1:colcon.colcon_core.package_identification:_identify(ros2_ws/src/hardware/xarm_ros2/xarm_description) by extension 'ignore'
[0.283s] Level 1:colcon.colcon_core.package_identification:_identify(ros2_ws/src/hardware/xarm_ros2/xarm_description) by extension 'ignore_ament_install'
[0.283s] Level 1:colcon.colcon_core.package_identification:_identify(ros2_ws/src/hardware/xarm_ros2/xarm_description) by extensions ['colcon_pkg']
[0.283s] Level 1:colcon.colcon_core.package_identification:_identify(ros2_ws/src/hardware/xarm_ros2/xarm_description) by extension 'colcon_pkg'
[0.284s] Level 1:colcon.colcon_core.package_identification:_identify(ros2_ws/src/hardware/xarm_ros2/xarm_description) by extensions ['colcon_meta']
[0.284s] Level 1:colcon.colcon_core.package_identification:_identify(ros2_ws/src/hardware/xarm_ros2/xarm_description) by extension 'colcon_meta'
[0.284s] Level 1:colcon.colcon_core.package_identification:_identify(ros2_ws/src/hardware/xarm_ros2/xarm_description) by extensions ['ros']
[0.284s] Level 1:colcon.colcon_core.package_identification:_identify(ros2_ws/src/hardware/xarm_ros2/xarm_description) by extension 'ros'
[0.285s] DEBUG:colcon.colcon_core.package_identification:Package 'ros2_ws/src/hardware/xarm_ros2/xarm_description' with type 'ros.ament_cmake' and name 'xarm_description'
[0.285s] Level 1:colcon.colcon_core.package_identification:_identify(ros2_ws/src/hardware/xarm_ros2/xarm_msgs) by extensions ['ignore', 'ignore_ament_install']
[0.285s] Level 1:colcon.colcon_core.package_identification:_identify(ros2_ws/src/hardware/xarm_ros2/xarm_msgs) by extension 'ignore'
[0.285s] Level 1:colcon.colcon_core.package_identification:_identify(ros2_ws/src/hardware/xarm_ros2/xarm_msgs) by extension 'ignore_ament_install'
[0.285s] Level 1:colcon.colcon_core.package_identification:_identify(ros2_ws/src/hardware/xarm_ros2/xarm_msgs) by extensions ['colcon_pkg']
[0.285s] Level 1:colcon.colcon_core.package_identification:_identify(ros2_ws/src/hardware/xarm_ros2/xarm_msgs) by extension 'colcon_pkg'
[0.285s] Level 1:colcon.colcon_core.package_identification:_identify(ros2_ws/src/hardware/xarm_ros2/xarm_msgs) by extensions ['colcon_meta']
[0.285s] Level 1:colcon.colcon_core.package_identification:_identify(ros2_ws/src/hardware/xarm_ros2/xarm_msgs) by extension 'colcon_meta'
[0.285s] Level 1:colcon.colcon_core.package_identification:_identify(ros2_ws/src/hardware/xarm_ros2/xarm_msgs) by extensions ['ros']
[0.285s] Level 1:colcon.colcon_core.package_identification:_identify(ros2_ws/src/hardware/xarm_ros2/xarm_msgs) by extension 'ros'
[0.286s] DEBUG:colcon.colcon_core.package_identification:Package 'ros2_ws/src/hardware/xarm_ros2/xarm_msgs' with type 'ros.ament_cmake' and name 'xarm_msgs'
[0.287s] Level 1:colcon.colcon_core.package_identification:_identify(ros2_ws/src/hardware/xarm_ros2/xarm_sdk) by extensions ['ignore', 'ignore_ament_install']
[0.287s] Level 1:colcon.colcon_core.package_identification:_identify(ros2_ws/src/hardware/xarm_ros2/xarm_sdk) by extension 'ignore'
[0.287s] Level 1:colcon.colcon_core.package_identification:_identify(ros2_ws/src/hardware/xarm_ros2/xarm_sdk) by extension 'ignore_ament_install'
[0.287s] Level 1:colcon.colcon_core.package_identification:_identify(ros2_ws/src/hardware/xarm_ros2/xarm_sdk) by extensions ['colcon_pkg']
[0.287s] Level 1:colcon.colcon_core.package_identification:_identify(ros2_ws/src/hardware/xarm_ros2/xarm_sdk) by extension 'colcon_pkg'
[0.287s] Level 1:colcon.colcon_core.package_identification:_identify(ros2_ws/src/hardware/xarm_ros2/xarm_sdk) by extensions ['colcon_meta']
[0.287s] Level 1:colcon.colcon_core.package_identification:_identify(ros2_ws/src/hardware/xarm_ros2/xarm_sdk) by extension 'colcon_meta'
[0.287s] Level 1:colcon.colcon_core.package_identification:_identify(ros2_ws/src/hardware/xarm_ros2/xarm_sdk) by extensions ['ros']
[0.287s] Level 1:colcon.colcon_core.package_identification:_identify(ros2_ws/src/hardware/xarm_ros2/xarm_sdk) by extension 'ros'
[0.288s] DEBUG:colcon.colcon_core.package_identification:Package 'ros2_ws/src/hardware/xarm_ros2/xarm_sdk' with type 'ros.ament_cmake' and name 'xarm_sdk'
[0.288s] Level 1:colcon.colcon_core.package_identification:_identify(ros2_ws/src/hri) by extensions ['ignore', 'ignore_ament_install']
[0.288s] Level 1:colcon.colcon_core.package_identification:_identify(ros2_ws/src/hri) by extension 'ignore'
[0.288s] Level 1:colcon.colcon_core.package_identification:_identify(ros2_ws/src/hri) by extension 'ignore_ament_install'
[0.289s] Level 1:colcon.colcon_core.package_identification:_identify(ros2_ws/src/hri) by extensions ['colcon_pkg']
[0.289s] Level 1:colcon.colcon_core.package_identification:_identify(ros2_ws/src/hri) by extension 'colcon_pkg'
[0.289s] Level 1:colcon.colcon_core.package_identification:_identify(ros2_ws/src/hri) by extensions ['colcon_meta']
[0.289s] Level 1:colcon.colcon_core.package_identification:_identify(ros2_ws/src/hri) by extension 'colcon_meta'
[0.289s] Level 1:colcon.colcon_core.package_identification:_identify(ros2_ws/src/hri) by extensions ['ros']
[0.289s] Level 1:colcon.colcon_core.package_identification:_identify(ros2_ws/src/hri) by extension 'ros'
[0.289s] Level 1:colcon.colcon_core.package_identification:_identify(ros2_ws/src/hri) by extensions ['cmake', 'python']
[0.289s] Level 1:colcon.colcon_core.package_identification:_identify(ros2_ws/src/hri) by extension 'cmake'
[0.289s] Level 1:colcon.colcon_core.package_identification:_identify(ros2_ws/src/hri) by extension 'python'
[0.289s] Level 1:colcon.colcon_core.package_identification:_identify(ros2_ws/src/hri) by extensions ['python_setup_py']
[0.289s] Level 1:colcon.colcon_core.package_identification:_identify(ros2_ws/src/hri) by extension 'python_setup_py'
[0.290s] Level 1:colcon.colcon_core.package_identification:_identify(ros2_ws/src/hri/justina_gui) by extensions ['ignore', 'ignore_ament_install']
[0.290s] Level 1:colcon.colcon_core.package_identification:_identify(ros2_ws/src/hri/justina_gui) by extension 'ignore'
[0.290s] Level 1:colcon.colcon_core.package_identification:_identify(ros2_ws/src/hri/justina_gui) by extension 'ignore_ament_install'
[0.290s] Level 1:colcon.colcon_core.package_identification:_identify(ros2_ws/src/hri/justina_gui) by extensions ['colcon_pkg']
[0.290s] Level 1:colcon.colcon_core.package_identification:_identify(ros2_ws/src/hri/justina_gui) by extension 'colcon_pkg'
[0.290s] Level 1:colcon.colcon_core.package_identification:_identify(ros2_ws/src/hri/justina_gui) by extensions ['colcon_meta']
[0.290s] Level 1:colcon.colcon_core.package_identification:_identify(ros2_ws/src/hri/justina_gui) by extension 'colcon_meta'
[0.290s] Level 1:colcon.colcon_core.package_identification:_identify(ros2_ws/src/hri/justina_gui) by extensions ['ros']
[0.290s] Level 1:colcon.colcon_core.package_identification:_identify(ros2_ws/src/hri/justina_gui) by extension 'ros'
[0.291s] DEBUG:colcon.colcon_core.package_identification:Package 'ros2_ws/src/hri/justina_gui' with type 'ros.ament_cmake' and name 'justina_gui'
[0.292s] Level 1:colcon.colcon_core.package_identification:_identify(ros2_ws/src/navigation) by extensions ['ignore', 'ignore_ament_install']
[0.292s] Level 1:colcon.colcon_core.package_identification:_identify(ros2_ws/src/navigation) by extension 'ignore'
[0.292s] Level 1:colcon.colcon_core.package_identification:_identify(ros2_ws/src/navigation) by extension 'ignore_ament_install'
[0.292s] Level 1:colcon.colcon_core.package_identification:_identify(ros2_ws/src/navigation) by extensions ['colcon_pkg']
[0.292s] Level 1:colcon.colcon_core.package_identification:_identify(ros2_ws/src/navigation) by extension 'colcon_pkg'
[0.292s] Level 1:colcon.colcon_core.package_identification:_identify(ros2_ws/src/navigation) by extensions ['colcon_meta']
[0.292s] Level 1:colcon.colcon_core.package_identification:_identify(ros2_ws/src/navigation) by extension 'colcon_meta'
[0.292s] Level 1:colcon.colcon_core.package_identification:_identify(ros2_ws/src/navigation) by extensions ['ros']
[0.292s] Level 1:colcon.colcon_core.package_identification:_identify(ros2_ws/src/navigation) by extension 'ros'
[0.292s] Level 1:colcon.colcon_core.package_identification:_identify(ros2_ws/src/navigation) by extensions ['cmake', 'python']
[0.292s] Level 1:colcon.colcon_core.package_identification:_identify(ros2_ws/src/navigation) by extension 'cmake'
[0.293s] Level 1:colcon.colcon_core.package_identification:_identify(ros2_ws/src/navigation) by extension 'python'
[0.293s] Level 1:colcon.colcon_core.package_identification:_identify(ros2_ws/src/navigation) by extensions ['python_setup_py']
[0.293s] Level 1:colcon.colcon_core.package_identification:_identify(ros2_ws/src/navigation) by extension 'python_setup_py'
[0.293s] Level 1:colcon.colcon_core.package_identification:_identify(ros2_ws/src/navigation/map_augmenter) by extensions ['ignore', 'ignore_ament_install']
[0.293s] Level 1:colcon.colcon_core.package_identification:_identify(ros2_ws/src/navigation/map_augmenter) by extension 'ignore'
[0.293s] Level 1:colcon.colcon_core.package_identification:_identify(ros2_ws/src/navigation/map_augmenter) by extension 'ignore_ament_install'
[0.293s] Level 1:colcon.colcon_core.package_identification:_identify(ros2_ws/src/navigation/map_augmenter) by extensions ['colcon_pkg']
[0.293s] Level 1:colcon.colcon_core.package_identification:_identify(ros2_ws/src/navigation/map_augmenter) by extension 'colcon_pkg'
[0.293s] Level 1:colcon.colcon_core.package_identification:_identify(ros2_ws/src/navigation/map_augmenter) by extensions ['colcon_meta']
[0.293s] Level 1:colcon.colcon_core.package_identification:_identify(ros2_ws/src/navigation/map_augmenter) by extension 'colcon_meta'
[0.293s] Level 1:colcon.colcon_core.package_identification:_identify(ros2_ws/src/navigation/map_augmenter) by extensions ['ros']
[0.293s] Level 1:colcon.colcon_core.package_identification:_identify(ros2_ws/src/navigation/map_augmenter) by extension 'ros'
[0.295s] DEBUG:colcon.colcon_core.package_identification:Package 'ros2_ws/src/navigation/map_augmenter' with type 'ros.ament_python' and name 'map_augmenter'
[0.295s] Level 1:colcon.colcon_core.package_identification:_identify(ros2_ws/src/navigation/path_planner) by extensions ['ignore', 'ignore_ament_install']
[0.295s] Level 1:colcon.colcon_core.package_identification:_identify(ros2_ws/src/navigation/path_planner) by extension 'ignore'
[0.295s] Level 1:colcon.colcon_core.package_identification:_identify(ros2_ws/src/navigation/path_planner) by extension 'ignore_ament_install'
[0.296s] Level 1:colcon.colcon_core.package_identification:_identify(ros2_ws/src/navigation/path_planner) by extensions ['colcon_pkg']
[0.296s] Level 1:colcon.colcon_core.package_identification:_identify(ros2_ws/src/navigation/path_planner) by extension 'colcon_pkg'
[0.296s] Level 1:colcon.colcon_core.package_identification:_identify(ros2_ws/src/navigation/path_planner) by extensions ['colcon_meta']
[0.296s] Level 1:colcon.colcon_core.package_identification:_identify(ros2_ws/src/navigation/path_planner) by extension 'colcon_meta'
[0.296s] Level 1:colcon.colcon_core.package_identification:_identify(ros2_ws/src/navigation/path_planner) by extensions ['ros']
[0.296s] Level 1:colcon.colcon_core.package_identification:_identify(ros2_ws/src/navigation/path_planner) by extension 'ros'
[0.297s] DEBUG:colcon.colcon_core.package_identification:Package 'ros2_ws/src/navigation/path_planner' with type 'ros.ament_python' and name 'path_planner'
[0.297s] Level 1:colcon.colcon_core.package_identification:_identify(ros2_ws/src/navigation/simple_move) by extensions ['ignore', 'ignore_ament_install']
[0.297s] Level 1:colcon.colcon_core.package_identification:_identify(ros2_ws/src/navigation/simple_move) by extension 'ignore'
[0.297s] Level 1:colcon.colcon_core.package_identification:_identify(ros2_ws/src/navigation/simple_move) by extension 'ignore_ament_install'
[0.298s] Level 1:colcon.colcon_core.package_identification:_identify(ros2_ws/src/navigation/simple_move) by extensions ['colcon_pkg']
[0.298s] Level 1:colcon.colcon_core.package_identification:_identify(ros2_ws/src/navigation/simple_move) by extension 'colcon_pkg'
[0.298s] Level 1:colcon.colcon_core.package_identification:_identify(ros2_ws/src/navigation/simple_move) by extensions ['colcon_meta']
[0.298s] Level 1:colcon.colcon_core.package_identification:_identify(ros2_ws/src/navigation/simple_move) by extension 'colcon_meta'
[0.298s] Level 1:colcon.colcon_core.package_identification:_identify(ros2_ws/src/navigation/simple_move) by extensions ['ros']
[0.298s] Level 1:colcon.colcon_core.package_identification:_identify(ros2_ws/src/navigation/simple_move) by extension 'ros'
[0.299s] DEBUG:colcon.colcon_core.package_identification:Package 'ros2_ws/src/navigation/simple_move' with type 'ros.ament_python' and name 'simple_move'
[0.299s] Level 1:colcon.colcon_core.package_discovery:discover_packages(recursive) using defaults
[0.299s] Level 1:colcon.colcon_core.package_discovery:discover_packages(ignore) discover
[0.299s] Level 1:colcon.colcon_core.package_discovery:discover_packages(ignore) using defaults
[0.299s] Level 1:colcon.colcon_core.package_discovery:discover_packages(path) discover
[0.299s] Level 1:colcon.colcon_core.package_discovery:discover_packages(path) using defaults
[0.338s] Level 1:colcon.colcon_core.package_discovery:discover_packages(prefix_path) check parameters
[0.338s] Level 1:colcon.colcon_core.package_discovery:discover_packages(prefix_path) discover
[0.343s] DEBUG:colcon.colcon_installed_package_information.package_discovery:Found 13 installed packages in /home/catcyber02/Mobile-Robots-2026-1/ros2_ws/install
[0.347s] DEBUG:colcon.colcon_installed_package_information.package_discovery:Found 386 installed packages in /opt/ros/jazzy
[0.350s] Level 1:colcon.colcon_core.package_discovery:discover_packages(prefix_path) using defaults
[0.454s] Level 5:colcon.colcon_core.verb:set package 'config_files' build argument 'cmake_args' from command line to 'None'
[0.454s] Level 5:colcon.colcon_core.verb:set package 'config_files' build argument 'cmake_target' from command line to 'None'
[0.454s] Level 5:colcon.colcon_core.verb:set package 'config_files' build argument 'cmake_target_skip_unavailable' from command line to 'False'
[0.454s] Level 5:colcon.colcon_core.verb:set package 'config_files' build argument 'cmake_clean_cache' from command line to 'False'
[0.454s] Level 5:colcon.colcon_core.verb:set package 'config_files' build argument 'cmake_clean_first' from command line to 'False'
[0.454s] Level 5:colcon.colcon_core.verb:set package 'config_files' build argument 'cmake_force_configure' from command line to 'False'
[0.454s] Level 5:colcon.colcon_core.verb:set package 'config_files' build argument 'ament_cmake_args' from command line to 'None'
[0.454s] Level 5:colcon.colcon_core.verb:set package 'config_files' build argument 'catkin_cmake_args' from command line to 'None'
[0.454s] Level 5:colcon.colcon_core.verb:set package 'config_files' build argument 'catkin_skip_building_tests' from command line to 'False'
[0.454s] DEBUG:colcon.colcon_core.verb:Building package 'config_files' with the following arguments: {'ament_cmake_args': None, 'build_base': '/home/catcyber02/Mobile-Robots-2026-1/build/config_files', 'catkin_cmake_args': None, 'catkin_skip_building_tests': False, 'cmake_args': None, 'cmake_clean_cache': False, 'cmake_clean_first': False, 'cmake_force_configure': False, 'cmake_target': None, 'cmake_target_skip_unavailable': False, 'install_base': '/home/catcyber02/Mobile-Robots-2026-1/install/config_files', 'merge_install': False, 'path': '/home/catcyber02/Mobile-Robots-2026-1/ros2_ws/src/config_files', 'symlink_install': False, 'test_result_base': None}
[0.455s] Level 5:colcon.colcon_core.verb:set package 'gazebo_envs' build argument 'cmake_args' from command line to 'None'
[0.455s] Level 5:colcon.colcon_core.verb:set package 'gazebo_envs' build argument 'cmake_target' from command line to 'None'
[0.455s] Level 5:colcon.colcon_core.verb:set package 'gazebo_envs' build argument 'cmake_target_skip_unavailable' from command line to 'False'
[0.455s] Level 5:colcon.colcon_core.verb:set package 'gazebo_envs' build argument 'cmake_clean_cache' from command line to 'False'
[0.455s] Level 5:colcon.colcon_core.verb:set package 'gazebo_envs' build argument 'cmake_clean_first' from command line to 'False'
[0.455s] Level 5:colcon.colcon_core.verb:set package 'gazebo_envs' build argument 'cmake_force_configure' from command line to 'False'
[0.455s] Level 5:colcon.colcon_core.verb:set package 'gazebo_envs' build argument 'ament_cmake_args' from command line to 'None'
[0.455s] Level 5:colcon.colcon_core.verb:set package 'gazebo_envs' build argument 'catkin_cmake_args' from command line to 'None'
[0.455s] Level 5:colcon.colcon_core.verb:set package 'gazebo_envs' build argument 'catkin_skip_building_tests' from command line to 'False'
[0.455s] DEBUG:colcon.colcon_core.verb:Building package 'gazebo_envs' with the following arguments: {'ament_cmake_args': None, 'build_base': '/home/catcyber02/Mobile-Robots-2026-1/build/gazebo_envs', 'catkin_cmake_args': None, 'catkin_skip_building_tests': False, 'cmake_args': None, 'cmake_clean_cache': False, 'cmake_clean_first': False, 'cmake_force_configure': False, 'cmake_target': None, 'cmake_target_skip_unavailable': False, 'install_base': '/home/catcyber02/Mobile-Robots-2026-1/install/gazebo_envs', 'merge_install': False, 'path': '/home/catcyber02/Mobile-Robots-2026-1/ros2_ws/src/hardware/gazebo_envs', 'symlink_install': False, 'test_result_base': None}
[0.456s] Level 5:colcon.colcon_core.verb:set package 'justina_description' build argument 'cmake_args' from command line to 'None'
[0.456s] Level 5:colcon.colcon_core.verb:set package 'justina_description' build argument 'cmake_target' from command line to 'None'
[0.456s] Level 5:colcon.colcon_core.verb:set package 'justina_description' build argument 'cmake_target_skip_unavailable' from command line to 'False'
[0.456s] Level 5:colcon.colcon_core.verb:set package 'justina_description' build argument 'cmake_clean_cache' from command line to 'False'
[0.456s] Level 5:colcon.colcon_core.verb:set package 'justina_description' build argument 'cmake_clean_first' from command line to 'False'
[0.456s] Level 5:colcon.colcon_core.verb:set package 'justina_description' build argument 'cmake_force_configure' from command line to 'False'
[0.456s] Level 5:colcon.colcon_core.verb:set package 'justina_description' build argument 'ament_cmake_args' from command line to 'None'
[0.456s] Level 5:colcon.colcon_core.verb:set package 'justina_description' build argument 'catkin_cmake_args' from command line to 'None'
[0.456s] Level 5:colcon.colcon_core.verb:set package 'justina_description' build argument 'catkin_skip_building_tests' from command line to 'False'
[0.456s] DEBUG:colcon.colcon_core.verb:Building package 'justina_description' with the following arguments: {'ament_cmake_args': None, 'build_base': '/home/catcyber02/Mobile-Robots-2026-1/build/justina_description', 'catkin_cmake_args': None, 'catkin_skip_building_tests': False, 'cmake_args': None, 'cmake_clean_cache': False, 'cmake_clean_first': False, 'cmake_force_configure': False, 'cmake_target': None, 'cmake_target_skip_unavailable': False, 'install_base': '/home/catcyber02/Mobile-Robots-2026-1/install/justina_description', 'merge_install': False, 'path': '/home/catcyber02/Mobile-Robots-2026-1/ros2_ws/src/hardware/justina_description', 'symlink_install': False, 'test_result_base': None}
[0.457s] Level 5:colcon.colcon_core.verb:set package 'justina_gui' build argument 'cmake_args' from command line to 'None'
[0.457s] Level 5:colcon.colcon_core.verb:set package 'justina_gui' build argument 'cmake_target' from command line to 'None'
[0.457s] Level 5:colcon.colcon_core.verb:set package 'justina_gui' build argument 'cmake_target_skip_unavailable' from command line to 'False'
[0.457s] Level 5:colcon.colcon_core.verb:set package 'justina_gui' build argument 'cmake_clean_cache' from command line to 'False'
[0.457s] Level 5:colcon.colcon_core.verb:set package 'justina_gui' build argument 'cmake_clean_first' from command line to 'False'
[0.457s] Level 5:colcon.colcon_core.verb:set package 'justina_gui' build argument 'cmake_force_configure' from command line to 'False'
[0.457s] Level 5:colcon.colcon_core.verb:set package 'justina_gui' build argument 'ament_cmake_args' from command line to 'None'
[0.457s] Level 5:colcon.colcon_core.verb:set package 'justina_gui' build argument 'catkin_cmake_args' from command line to 'None'
[0.457s] Level 5:colcon.colcon_core.verb:set package 'justina_gui' build argument 'catkin_skip_building_tests' from command line to 'False'
[0.457s] DEBUG:colcon.colcon_core.verb:Building package 'justina_gui' with the following arguments: {'ament_cmake_args': None, 'build_base': '/home/catcyber02/Mobile-Robots-2026-1/build/justina_gui', 'catkin_cmake_args': None, 'catkin_skip_building_tests': False, 'cmake_args': None, 'cmake_clean_cache': False, 'cmake_clean_first': False, 'cmake_force_configure': False, 'cmake_target': None, 'cmake_target_skip_unavailable': False, 'install_base': '/home/catcyber02/Mobile-Robots-2026-1/install/justina_gui', 'merge_install': False, 'path': '/home/catcyber02/Mobile-Robots-2026-1/ros2_ws/src/hri/justina_gui', 'symlink_install': False, 'test_result_base': None}
[0.458s] Level 5:colcon.colcon_core.verb:set package 'map_augmenter' build argument 'cmake_args' from command line to 'None'
[0.458s] Level 5:colcon.colcon_core.verb:set package 'map_augmenter' build argument 'cmake_target' from command line to 'None'
[0.458s] Level 5:colcon.colcon_core.verb:set package 'map_augmenter' build argument 'cmake_target_skip_unavailable' from command line to 'False'
[0.458s] Level 5:colcon.colcon_core.verb:set package 'map_augmenter' build argument 'cmake_clean_cache' from command line to 'False'
[0.458s] Level 5:colcon.colcon_core.verb:set package 'map_augmenter' build argument 'cmake_clean_first' from command line to 'False'
[0.458s] Level 5:colcon.colcon_core.verb:set package 'map_augmenter' build argument 'cmake_force_configure' from command line to 'False'
[0.458s] Level 5:colcon.colcon_core.verb:set package 'map_augmenter' build argument 'ament_cmake_args' from command line to 'None'
[0.458s] Level 5:colcon.colcon_core.verb:set package 'map_augmenter' build argument 'catkin_cmake_args' from command line to 'None'
[0.458s] Level 5:colcon.colcon_core.verb:set package 'map_augmenter' build argument 'catkin_skip_building_tests' from command line to 'False'
[0.458s] DEBUG:colcon.colcon_core.verb:Building package 'map_augmenter' with the following arguments: {'ament_cmake_args': None, 'build_base': '/home/catcyber02/Mobile-Robots-2026-1/build/map_augmenter', 'catkin_cmake_args': None, 'catkin_skip_building_tests': False, 'cmake_args': None, 'cmake_clean_cache': False, 'cmake_clean_first': False, 'cmake_force_configure': False, 'cmake_target': None, 'cmake_target_skip_unavailable': False, 'install_base': '/home/catcyber02/Mobile-Robots-2026-1/install/map_augmenter', 'merge_install': False, 'path': '/home/catcyber02/Mobile-Robots-2026-1/ros2_ws/src/navigation/map_augmenter', 'symlink_install': False, 'test_result_base': None}
[0.459s] Level 5:colcon.colcon_core.verb:set package 'path_planner' build argument 'cmake_args' from command line to 'None'
[0.459s] Level 5:colcon.colcon_core.verb:set package 'path_planner' build argument 'cmake_target' from command line to 'None'
[0.459s] Level 5:colcon.colcon_core.verb:set package 'path_planner' build argument 'cmake_target_skip_unavailable' from command line to 'False'
[0.459s] Level 5:colcon.colcon_core.verb:set package 'path_planner' build argument 'cmake_clean_cache' from command line to 'False'
[0.459s] Level 5:colcon.colcon_core.verb:set package 'path_planner' build argument 'cmake_clean_first' from command line to 'False'
[0.459s] Level 5:colcon.colcon_core.verb:set package 'path_planner' build argument 'cmake_force_configure' from command line to 'False'
[0.459s] Level 5:colcon.colcon_core.verb:set package 'path_planner' build argument 'ament_cmake_args' from command line to 'None'
[0.459s] Level 5:colcon.colcon_core.verb:set package 'path_planner' build argument 'catkin_cmake_args' from command line to 'None'
[0.459s] Level 5:colcon.colcon_core.verb:set package 'path_planner' build argument 'catkin_skip_building_tests' from command line to 'False'
[0.459s] DEBUG:colcon.colcon_core.verb:Building package 'path_planner' with the following arguments: {'ament_cmake_args': None, 'build_base': '/home/catcyber02/Mobile-Robots-2026-1/build/path_planner', 'catkin_cmake_args': None, 'catkin_skip_building_tests': False, 'cmake_args': None, 'cmake_clean_cache': False, 'cmake_clean_first': False, 'cmake_force_configure': False, 'cmake_target': None, 'cmake_target_skip_unavailable': False, 'install_base': '/home/catcyber02/Mobile-Robots-2026-1/install/path_planner', 'merge_install': False, 'path': '/home/catcyber02/Mobile-Robots-2026-1/ros2_ws/src/navigation/path_planner', 'symlink_install': False, 'test_result_base': None}
[0.460s] Level 5:colcon.colcon_core.verb:set package 'simple_move' build argument 'cmake_args' from command line to 'None'
[0.460s] Level 5:colcon.colcon_core.verb:set package 'simple_move' build argument 'cmake_target' from command line to 'None'
[0.460s] Level 5:colcon.colcon_core.verb:set package 'simple_move' build argument 'cmake_target_skip_unavailable' from command line to 'False'
[0.460s] Level 5:colcon.colcon_core.verb:set package 'simple_move' build argument 'cmake_clean_cache' from command line to 'False'
[0.460s] Level 5:colcon.colcon_core.verb:set package 'simple_move' build argument 'cmake_clean_first' from command line to 'False'
[0.460s] Level 5:colcon.colcon_core.verb:set package 'simple_move' build argument 'cmake_force_configure' from command line to 'False'
[0.460s] Level 5:colcon.colcon_core.verb:set package 'simple_move' build argument 'ament_cmake_args' from command line to 'None'
[0.460s] Level 5:colcon.colcon_core.verb:set package 'simple_move' build argument 'catkin_cmake_args' from command line to 'None'
[0.460s] Level 5:colcon.colcon_core.verb:set package 'simple_move' build argument 'catkin_skip_building_tests' from command line to 'False'
[0.460s] DEBUG:colcon.colcon_core.verb:Building package 'simple_move' with the following arguments: {'ament_cmake_args': None, 'build_base': '/home/catcyber02/Mobile-Robots-2026-1/build/simple_move', 'catkin_cmake_args': None, 'catkin_skip_building_tests': False, 'cmake_args': None, 'cmake_clean_cache': False, 'cmake_clean_first': False, 'cmake_force_configure': False, 'cmake_target': None, 'cmake_target_skip_unavailable': False, 'install_base': '/home/catcyber02/Mobile-Robots-2026-1/install/simple_move', 'merge_install': False, 'path': '/home/catcyber02/Mobile-Robots-2026-1/ros2_ws/src/navigation/simple_move', 'symlink_install': False, 'test_result_base': None}
[0.460s] Level 5:colcon.colcon_core.verb:set package 'uf_ros_lib' build argument 'cmake_args' from command line to 'None'
[0.461s] Level 5:colcon.colcon_core.verb:set package 'uf_ros_lib' build argument 'cmake_target' from command line to 'None'
[0.461s] Level 5:colcon.colcon_core.verb:set package 'uf_ros_lib' build argument 'cmake_target_skip_unavailable' from command line to 'False'
[0.461s] Level 5:colcon.colcon_core.verb:set package 'uf_ros_lib' build argument 'cmake_clean_cache' from command line to 'False'
[0.461s] Level 5:colcon.colcon_core.verb:set package 'uf_ros_lib' build argument 'cmake_clean_first' from command line to 'False'
[0.461s] Level 5:colcon.colcon_core.verb:set package 'uf_ros_lib' build argument 'cmake_force_configure' from command line to 'False'
[0.461s] Level 5:colcon.colcon_core.verb:set package 'uf_ros_lib' build argument 'ament_cmake_args' from command line to 'None'
[0.461s] Level 5:colcon.colcon_core.verb:set package 'uf_ros_lib' build argument 'catkin_cmake_args' from command line to 'None'
[0.461s] Level 5:colcon.colcon_core.verb:set package 'uf_ros_lib' build argument 'catkin_skip_building_tests' from command line to 'False'
[0.461s] DEBUG:colcon.colcon_core.verb:Building package 'uf_ros_lib' with the following arguments: {'ament_cmake_args': None, 'build_base': '/home/catcyber02/Mobile-Robots-2026-1/build/uf_ros_lib', 'catkin_cmake_args': None, 'catkin_skip_building_tests': False, 'cmake_args': None, 'cmake_clean_cache': False, 'cmake_clean_first': False, 'cmake_force_configure': False, 'cmake_target': None, 'cmake_target_skip_unavailable': False, 'install_base': '/home/catcyber02/Mobile-Robots-2026-1/install/uf_ros_lib', 'merge_install': False, 'path': '/home/catcyber02/Mobile-Robots-2026-1/ros2_ws/src/hardware/xarm_ros2/uf_ros_lib', 'symlink_install': False, 'test_result_base': None}
[0.461s] Level 5:colcon.colcon_core.verb:set package 'xarm_description' build argument 'cmake_args' from command line to 'None'
[0.461s] Level 5:colcon.colcon_core.verb:set package 'xarm_description' build argument 'cmake_target' from command line to 'None'
[0.461s] Level 5:colcon.colcon_core.verb:set package 'xarm_description' build argument 'cmake_target_skip_unavailable' from command line to 'False'
[0.462s] Level 5:colcon.colcon_core.verb:set package 'xarm_description' build argument 'cmake_clean_cache' from command line to 'False'
[0.462s] Level 5:colcon.colcon_core.verb:set package 'xarm_description' build argument 'cmake_clean_first' from command line to 'False'
[0.462s] Level 5:colcon.colcon_core.verb:set package 'xarm_description' build argument 'cmake_force_configure' from command line to 'False'
[0.462s] Level 5:colcon.colcon_core.verb:set package 'xarm_description' build argument 'ament_cmake_args' from command line to 'None'
[0.462s] Level 5:colcon.colcon_core.verb:set package 'xarm_description' build argument 'catkin_cmake_args' from command line to 'None'
[0.462s] Level 5:colcon.colcon_core.verb:set package 'xarm_description' build argument 'catkin_skip_building_tests' from command line to 'False'
[0.462s] DEBUG:colcon.colcon_core.verb:Building package 'xarm_description' with the following arguments: {'ament_cmake_args': None, 'build_base': '/home/catcyber02/Mobile-Robots-2026-1/build/xarm_description', 'catkin_cmake_args': None, 'catkin_skip_building_tests': False, 'cmake_args': None, 'cmake_clean_cache': False, 'cmake_clean_first': False, 'cmake_force_configure': False, 'cmake_target': None, 'cmake_target_skip_unavailable': False, 'install_base': '/home/catcyber02/Mobile-Robots-2026-1/install/xarm_description', 'merge_install': False, 'path': '/home/catcyber02/Mobile-Robots-2026-1/ros2_ws/src/hardware/xarm_ros2/xarm_description', 'symlink_install': False, 'test_result_base': None}
[0.462s] Level 5:colcon.colcon_core.verb:set package 'xarm_msgs' build argument 'cmake_args' from command line to 'None'
[0.462s] Level 5:colcon.colcon_core.verb:set package 'xarm_msgs' build argument 'cmake_target' from command line to 'None'
[0.462s] Level 5:colcon.colcon_core.verb:set package 'xarm_msgs' build argument 'cmake_target_skip_unavailable' from command line to 'False'
[0.463s] Level 5:colcon.colcon_core.verb:set package 'xarm_msgs' build argument 'cmake_clean_cache' from command line to 'False'
[0.463s] Level 5:colcon.colcon_core.verb:set package 'xarm_msgs' build argument 'cmake_clean_first' from command line to 'False'
[0.463s] Level 5:colcon.colcon_core.verb:set package 'xarm_msgs' build argument 'cmake_force_configure' from command line to 'False'
[0.463s] Level 5:colcon.colcon_core.verb:set package 'xarm_msgs' build argument 'ament_cmake_args' from command line to 'None'
[0.463s] Level 5:colcon.colcon_core.verb:set package 'xarm_msgs' build argument 'catkin_cmake_args' from command line to 'None'
[0.463s] Level 5:colcon.colcon_core.verb:set package 'xarm_msgs' build argument 'catkin_skip_building_tests' from command line to 'False'
[0.463s] DEBUG:colcon.colcon_core.verb:Building package 'xarm_msgs' with the following arguments: {'ament_cmake_args': None, 'build_base': '/home/catcyber02/Mobile-Robots-2026-1/build/xarm_msgs', 'catkin_cmake_args': None, 'catkin_skip_building_tests': False, 'cmake_args': None, 'cmake_clean_cache': False, 'cmake_clean_first': False, 'cmake_force_configure': False, 'cmake_target': None, 'cmake_target_skip_unavailable': False, 'install_base': '/home/catcyber02/Mobile-Robots-2026-1/install/xarm_msgs', 'merge_install': False, 'path': '/home/catcyber02/Mobile-Robots-2026-1/ros2_ws/src/hardware/xarm_ros2/xarm_msgs', 'symlink_install': False, 'test_result_base': None}
[0.464s] Level 5:colcon.colcon_core.verb:set package 'xarm_sdk' build argument 'cmake_args' from command line to 'None'
[0.464s] Level 5:colcon.colcon_core.verb:set package 'xarm_sdk' build argument 'cmake_target' from command line to 'None'
[0.464s] Level 5:colcon.colcon_core.verb:set package 'xarm_sdk' build argument 'cmake_target_skip_unavailable' from command line to 'False'
[0.464s] Level 5:colcon.colcon_core.verb:set package 'xarm_sdk' build argument 'cmake_clean_cache' from command line to 'False'
[0.464s] Level 5:colcon.colcon_core.verb:set package 'xarm_sdk' build argument 'cmake_clean_first' from command line to 'False'
[0.464s] Level 5:colcon.colcon_core.verb:set package 'xarm_sdk' build argument 'cmake_force_configure' from command line to 'False'
[0.464s] Level 5:colcon.colcon_core.verb:set package 'xarm_sdk' build argument 'ament_cmake_args' from command line to 'None'
[0.464s] Level 5:colcon.colcon_core.verb:set package 'xarm_sdk' build argument 'catkin_cmake_args' from command line to 'None'
[0.464s] Level 5:colcon.colcon_core.verb:set package 'xarm_sdk' build argument 'catkin_skip_building_tests' from command line to 'False'
[0.464s] DEBUG:colcon.colcon_core.verb:Building package 'xarm_sdk' with the following arguments: {'ament_cmake_args': None, 'build_base': '/home/catcyber02/Mobile-Robots-2026-1/build/xarm_sdk', 'catkin_cmake_args': None, 'catkin_skip_building_tests': False, 'cmake_args': None, 'cmake_clean_cache': False, 'cmake_clean_first': False, 'cmake_force_configure': False, 'cmake_target': None, 'cmake_target_skip_unavailable': False, 'install_base': '/home/catcyber02/Mobile-Robots-2026-1/install/xarm_sdk', 'merge_install': False, 'path': '/home/catcyber02/Mobile-Robots-2026-1/ros2_ws/src/hardware/xarm_ros2/xarm_sdk', 'symlink_install': False, 'test_result_base': None}
[0.465s] Level 5:colcon.colcon_core.verb:set package 'xarm_api' build argument 'cmake_args' from command line to 'None'
[0.465s] Level 5:colcon.colcon_core.verb:set package 'xarm_api' build argument 'cmake_target' from command line to 'None'
[0.465s] Level 5:colcon.colcon_core.verb:set package 'xarm_api' build argument 'cmake_target_skip_unavailable' from command line to 'False'
[0.465s] Level 5:colcon.colcon_core.verb:set package 'xarm_api' build argument 'cmake_clean_cache' from command line to 'False'
[0.465s] Level 5:colcon.colcon_core.verb:set package 'xarm_api' build argument 'cmake_clean_first' from command line to 'False'
[0.465s] Level 5:colcon.colcon_core.verb:set package 'xarm_api' build argument 'cmake_force_configure' from command line to 'False'
[0.465s] Level 5:colcon.colcon_core.verb:set package 'xarm_api' build argument 'ament_cmake_args' from command line to 'None'
[0.465s] Level 5:colcon.colcon_core.verb:set package 'xarm_api' build argument 'catkin_cmake_args' from command line to 'None'
[0.465s] Level 5:colcon.colcon_core.verb:set package 'xarm_api' build argument 'catkin_skip_building_tests' from command line to 'False'
[0.465s] DEBUG:colcon.colcon_core.verb:Building package 'xarm_api' with the following arguments: {'ament_cmake_args': None, 'build_base': '/home/catcyber02/Mobile-Robots-2026-1/build/xarm_api', 'catkin_cmake_args': None, 'catkin_skip_building_tests': False, 'cmake_args': None, 'cmake_clean_cache': False, 'cmake_clean_first': False, 'cmake_force_configure': False, 'cmake_target': None, 'cmake_target_skip_unavailable': False, 'install_base': '/home/catcyber02/Mobile-Robots-2026-1/install/xarm_api', 'merge_install': False, 'path': '/home/catcyber02/Mobile-Robots-2026-1/ros2_ws/src/hardware/xarm_ros2/xarm_api', 'symlink_install': False, 'test_result_base': None}
[0.466s] Level 5:colcon.colcon_core.verb:set package 'xarm_controller' build argument 'cmake_args' from command line to 'None'
[0.466s] Level 5:colcon.colcon_core.verb:set package 'xarm_controller' build argument 'cmake_target' from command line to 'None'
[0.466s] Level 5:colcon.colcon_core.verb:set package 'xarm_controller' build argument 'cmake_target_skip_unavailable' from command line to 'False'
[0.466s] Level 5:colcon.colcon_core.verb:set package 'xarm_controller' build argument 'cmake_clean_cache' from command line to 'False'
[0.466s] Level 5:colcon.colcon_core.verb:set package 'xarm_controller' build argument 'cmake_clean_first' from command line to 'False'
[0.466s] Level 5:colcon.colcon_core.verb:set package 'xarm_controller' build argument 'cmake_force_configure' from command line to 'False'
[0.466s] Level 5:colcon.colcon_core.verb:set package 'xarm_controller' build argument 'ament_cmake_args' from command line to 'None'
[0.466s] Level 5:colcon.colcon_core.verb:set package 'xarm_controller' build argument 'catkin_cmake_args' from command line to 'None'
[0.466s] Level 5:colcon.colcon_core.verb:set package 'xarm_controller' build argument 'catkin_skip_building_tests' from command line to 'False'
[0.466s] DEBUG:colcon.colcon_core.verb:Building package 'xarm_controller' with the following arguments: {'ament_cmake_args': None, 'build_base': '/home/catcyber02/Mobile-Robots-2026-1/build/xarm_controller', 'catkin_cmake_args': None, 'catkin_skip_building_tests': False, 'cmake_args': None, 'cmake_clean_cache': False, 'cmake_clean_first': False, 'cmake_force_configure': False, 'cmake_target': None, 'cmake_target_skip_unavailable': False, 'install_base': '/home/catcyber02/Mobile-Robots-2026-1/install/xarm_controller', 'merge_install': False, 'path': '/home/catcyber02/Mobile-Robots-2026-1/ros2_ws/src/hardware/xarm_ros2/xarm_controller', 'symlink_install': False, 'test_result_base': None}
[0.466s] INFO:colcon.colcon_core.executor:Executing jobs using 'parallel' executor
[0.468s] DEBUG:colcon.colcon_parallel_executor.executor.parallel:run_until_complete
[0.469s] INFO:colcon.colcon_ros.task.ament_cmake.build:Building ROS package in '/home/catcyber02/Mobile-Robots-2026-1/ros2_ws/src/hardware/xarm_ros2/xarm_description' with build type 'ament_cmake'
[0.469s] INFO:colcon.colcon_cmake.task.cmake.build:Building CMake package in '/home/catcyber02/Mobile-Robots-2026-1/ros2_ws/src/hardware/xarm_ros2/xarm_description'
[0.474s] INFO:colcon.colcon_core.plugin_system:Skipping extension 'colcon_core.shell.bat': Not used on non-Windows systems
[0.474s] INFO:colcon.colcon_core.shell:Skip shell extension 'powershell' for command environment: Not usable outside of PowerShell
[0.474s] DEBUG:colcon.colcon_core.shell:Skip shell extension 'dsv' for command environment
[0.484s] INFO:colcon.colcon_ros.task.ament_cmake.build:Building ROS package in '/home/catcyber02/Mobile-Robots-2026-1/ros2_ws/src/hardware/xarm_ros2/xarm_msgs' with build type 'ament_cmake'
[0.484s] INFO:colcon.colcon_cmake.task.cmake.build:Building CMake package in '/home/catcyber02/Mobile-Robots-2026-1/ros2_ws/src/hardware/xarm_ros2/xarm_msgs'
[0.484s] INFO:colcon.colcon_core.shell:Skip shell extension 'powershell' for command environment: Not usable outside of PowerShell
[0.484s] DEBUG:colcon.colcon_core.shell:Skip shell extension 'dsv' for command environment
[0.495s] INFO:colcon.colcon_ros.task.ament_cmake.build:Building ROS package in '/home/catcyber02/Mobile-Robots-2026-1/ros2_ws/src/hardware/xarm_ros2/xarm_sdk' with build type 'ament_cmake'
[0.495s] INFO:colcon.colcon_cmake.task.cmake.build:Building CMake package in '/home/catcyber02/Mobile-Robots-2026-1/ros2_ws/src/hardware/xarm_ros2/xarm_sdk'
[0.496s] INFO:colcon.colcon_core.shell:Skip shell extension 'powershell' for command environment: Not usable outside of PowerShell
[0.496s] DEBUG:colcon.colcon_core.shell:Skip shell extension 'dsv' for command environment
[0.505s] INFO:colcon.colcon_ros.task.ament_cmake.build:Building ROS package in '/home/catcyber02/Mobile-Robots-2026-1/ros2_ws/src/config_files' with build type 'ament_cmake'
[0.505s] INFO:colcon.colcon_cmake.task.cmake.build:Building CMake package in '/home/catcyber02/Mobile-Robots-2026-1/ros2_ws/src/config_files'
[0.505s] INFO:colcon.colcon_core.shell:Skip shell extension 'powershell' for command environment: Not usable outside of PowerShell
[0.505s] DEBUG:colcon.colcon_core.shell:Skip shell extension 'dsv' for command environment
[0.513s] INFO:colcon.colcon_ros.task.ament_cmake.build:Building ROS package in '/home/catcyber02/Mobile-Robots-2026-1/ros2_ws/src/hardware/gazebo_envs' with build type 'ament_cmake'
[0.513s] INFO:colcon.colcon_cmake.task.cmake.build:Building CMake package in '/home/catcyber02/Mobile-Robots-2026-1/ros2_ws/src/hardware/gazebo_envs'
[0.514s] INFO:colcon.colcon_core.shell:Skip shell extension 'powershell' for command environment: Not usable outside of PowerShell
[0.514s] DEBUG:colcon.colcon_core.shell:Skip shell extension 'dsv' for command environment
[0.522s] INFO:colcon.colcon_ros.task.ament_cmake.build:Building ROS package in '/home/catcyber02/Mobile-Robots-2026-1/ros2_ws/src/hardware/justina_description' with build type 'ament_cmake'
[0.522s] INFO:colcon.colcon_cmake.task.cmake.build:Building CMake package in '/home/catcyber02/Mobile-Robots-2026-1/ros2_ws/src/hardware/justina_description'
[0.523s] INFO:colcon.colcon_core.shell:Skip shell extension 'powershell' for command environment: Not usable outside of PowerShell
[0.523s] DEBUG:colcon.colcon_core.shell:Skip shell extension 'dsv' for command environment
[0.532s] INFO:colcon.colcon_ros.task.ament_cmake.build:Building ROS package in '/home/catcyber02/Mobile-Robots-2026-1/ros2_ws/src/hri/justina_gui' with build type 'ament_cmake'
[0.532s] INFO:colcon.colcon_cmake.task.cmake.build:Building CMake package in '/home/catcyber02/Mobile-Robots-2026-1/ros2_ws/src/hri/justina_gui'
[0.532s] INFO:colcon.colcon_core.shell:Skip shell extension 'powershell' for command environment: Not usable outside of PowerShell
[0.532s] DEBUG:colcon.colcon_core.shell:Skip shell extension 'dsv' for command environment
[0.541s] INFO:colcon.colcon_ros.task.ament_python.build:Building ROS package in '/home/catcyber02/Mobile-Robots-2026-1/ros2_ws/src/navigation/map_augmenter' with build type 'ament_python'
[0.541s] Level 1:colcon.colcon_core.shell:create_environment_hook('map_augmenter', 'ament_prefix_path')
[0.542s] INFO:colcon.colcon_core.shell:Creating environment hook '/home/catcyber02/Mobile-Robots-2026-1/install/map_augmenter/share/map_augmenter/hook/ament_prefix_path.ps1'
[0.543s] INFO:colcon.colcon_core.shell:Creating environment descriptor '/home/catcyber02/Mobile-Robots-2026-1/install/map_augmenter/share/map_augmenter/hook/ament_prefix_path.dsv'
[0.544s] INFO:colcon.colcon_core.shell:Creating environment hook '/home/catcyber02/Mobile-Robots-2026-1/install/map_augmenter/share/map_augmenter/hook/ament_prefix_path.sh'
[0.546s] INFO:colcon.colcon_core.shell:Skip shell extension 'powershell' for command environment: Not usable outside of PowerShell
[0.546s] DEBUG:colcon.colcon_core.shell:Skip shell extension 'dsv' for command environment
[0.563s] DEBUG:colcon.colcon_core.event_handler.log_command:Invoking command in '/home/catcyber02/Mobile-Robots-2026-1/build/xarm_description': CMAKE_PREFIX_PATH=${CMAKE_PREFIX_PATH}:/home/catcyber02/Mobile-Robots-2026-1/ros2_ws/install/uf_ros_lib:/home/catcyber02/Mobile-Robots-2026-1/ros2_ws/install/simple_move:/home/catcyber02/Mobile-Robots-2026-1/ros2_ws/install/path_planner:/home/catcyber02/Mobile-Robots-2026-1/ros2_ws/install/map_augmenter:/opt/ros/jazzy DEBUGINFOD_URLS=https://debuginfod.ubuntu.com /usr/bin/cmake --build /home/catcyber02/Mobile-Robots-2026-1/build/xarm_description -- -j8 -l8
[0.569s] DEBUG:colcon.colcon_core.event_handler.log_command:Invoking command in '/home/catcyber02/Mobile-Robots-2026-1/build/xarm_msgs': CMAKE_PREFIX_PATH=${CMAKE_PREFIX_PATH}:/home/catcyber02/Mobile-Robots-2026-1/ros2_ws/install/uf_ros_lib:/home/catcyber02/Mobile-Robots-2026-1/ros2_ws/install/simple_move:/home/catcyber02/Mobile-Robots-2026-1/ros2_ws/install/path_planner:/home/catcyber02/Mobile-Robots-2026-1/ros2_ws/install/map_augmenter:/opt/ros/jazzy DEBUGINFOD_URLS=https://debuginfod.ubuntu.com /usr/bin/cmake --build /home/catcyber02/Mobile-Robots-2026-1/build/xarm_msgs -- -j8 -l8
[0.574s] DEBUG:colcon.colcon_core.event_handler.log_command:Invoking command in '/home/catcyber02/Mobile-Robots-2026-1/build/xarm_sdk': CMAKE_PREFIX_PATH=${CMAKE_PREFIX_PATH}:/home/catcyber02/Mobile-Robots-2026-1/ros2_ws/install/uf_ros_lib:/home/catcyber02/Mobile-Robots-2026-1/ros2_ws/install/simple_move:/home/catcyber02/Mobile-Robots-2026-1/ros2_ws/install/path_planner:/home/catcyber02/Mobile-Robots-2026-1/ros2_ws/install/map_augmenter:/opt/ros/jazzy DEBUGINFOD_URLS=https://debuginfod.ubuntu.com /usr/bin/cmake --build /home/catcyber02/Mobile-Robots-2026-1/build/xarm_sdk -- -j8 -l8
[0.580s] DEBUG:colcon.colcon_core.event_handler.log_command:Invoking command in '/home/catcyber02/Mobile-Robots-2026-1/build/config_files': CMAKE_PREFIX_PATH=${CMAKE_PREFIX_PATH}:/home/catcyber02/Mobile-Robots-2026-1/ros2_ws/install/uf_ros_lib:/home/catcyber02/Mobile-Robots-2026-1/ros2_ws/install/simple_move:/home/catcyber02/Mobile-Robots-2026-1/ros2_ws/install/path_planner:/home/catcyber02/Mobile-Robots-2026-1/ros2_ws/install/map_augmenter:/opt/ros/jazzy DEBUGINFOD_URLS=https://debuginfod.ubuntu.com /usr/bin/cmake --build /home/catcyber02/Mobile-Robots-2026-1/build/config_files -- -j8 -l8
[0.585s] DEBUG:colcon.colcon_core.event_handler.log_command:Invoking command in '/home/catcyber02/Mobile-Robots-2026-1/build/gazebo_envs': CMAKE_PREFIX_PATH=${CMAKE_PREFIX_PATH}:/home/catcyber02/Mobile-Robots-2026-1/ros2_ws/install/uf_ros_lib:/home/catcyber02/Mobile-Robots-2026-1/ros2_ws/install/simple_move:/home/catcyber02/Mobile-Robots-2026-1/ros2_ws/install/path_planner:/home/catcyber02/Mobile-Robots-2026-1/ros2_ws/install/map_augmenter:/opt/ros/jazzy DEBUGINFOD_URLS=https://debuginfod.ubuntu.com /usr/bin/cmake --build /home/catcyber02/Mobile-Robots-2026-1/build/gazebo_envs -- -j8 -l8
[0.590s] DEBUG:colcon.colcon_core.event_handler.log_command:Invoking command in '/home/catcyber02/Mobile-Robots-2026-1/build/justina_description': CMAKE_PREFIX_PATH=${CMAKE_PREFIX_PATH}:/home/catcyber02/Mobile-Robots-2026-1/ros2_ws/install/uf_ros_lib:/home/catcyber02/Mobile-Robots-2026-1/ros2_ws/install/simple_move:/home/catcyber02/Mobile-Robots-2026-1/ros2_ws/install/path_planner:/home/catcyber02/Mobile-Robots-2026-1/ros2_ws/install/map_augmenter:/opt/ros/jazzy DEBUGINFOD_URLS=https://debuginfod.ubuntu.com /usr/bin/cmake --build /home/catcyber02/Mobile-Robots-2026-1/build/justina_description -- -j8 -l8
[0.596s] DEBUG:colcon.colcon_core.event_handler.log_command:Invoking command in '/home/catcyber02/Mobile-Robots-2026-1/build/justina_gui': CMAKE_PREFIX_PATH=${CMAKE_PREFIX_PATH}:/home/catcyber02/Mobile-Robots-2026-1/ros2_ws/install/uf_ros_lib:/home/catcyber02/Mobile-Robots-2026-1/ros2_ws/install/simple_move:/home/catcyber02/Mobile-Robots-2026-1/ros2_ws/install/path_planner:/home/catcyber02/Mobile-Robots-2026-1/ros2_ws/install/map_augmenter:/opt/ros/jazzy DEBUGINFOD_URLS=https://debuginfod.ubuntu.com /usr/bin/cmake --build /home/catcyber02/Mobile-Robots-2026-1/build/justina_gui -- -j8 -l8
[1.178s] INFO:colcon.colcon_core.task.python.build:Building Python package in '/home/catcyber02/Mobile-Robots-2026-1/ros2_ws/src/navigation/map_augmenter'
[1.178s] INFO:colcon.colcon_core.shell:Skip shell extension 'powershell' for command environment: Not usable outside of PowerShell
[1.178s] DEBUG:colcon.colcon_core.shell:Skip shell extension 'dsv' for command environment
[1.193s] DEBUG:colcon.colcon_core.event_handler.log_command:Invoked command in '/home/catcyber02/Mobile-Robots-2026-1/build/gazebo_envs' returned '0': CMAKE_PREFIX_PATH=${CMAKE_PREFIX_PATH}:/home/catcyber02/Mobile-Robots-2026-1/ros2_ws/install/uf_ros_lib:/home/catcyber02/Mobile-Robots-2026-1/ros2_ws/install/simple_move:/home/catcyber02/Mobile-Robots-2026-1/ros2_ws/install/path_planner:/home/catcyber02/Mobile-Robots-2026-1/ros2_ws/install/map_augmenter:/opt/ros/jazzy DEBUGINFOD_URLS=https://debuginfod.ubuntu.com /usr/bin/cmake --build /home/catcyber02/Mobile-Robots-2026-1/build/gazebo_envs -- -j8 -l8
[1.215s] DEBUG:colcon.colcon_core.event_handler.log_command:Invoking command in '/home/catcyber02/Mobile-Robots-2026-1/build/gazebo_envs': CMAKE_PREFIX_PATH=${CMAKE_PREFIX_PATH}:/home/catcyber02/Mobile-Robots-2026-1/ros2_ws/install/uf_ros_lib:/home/catcyber02/Mobile-Robots-2026-1/ros2_ws/install/simple_move:/home/catcyber02/Mobile-Robots-2026-1/ros2_ws/install/path_planner:/home/catcyber02/Mobile-Robots-2026-1/ros2_ws/install/map_augmenter:/opt/ros/jazzy DEBUGINFOD_URLS=https://debuginfod.ubuntu.com /usr/bin/cmake --install /home/catcyber02/Mobile-Robots-2026-1/build/gazebo_envs
[1.218s] DEBUG:colcon.colcon_core.event_handler.log_command:Invoked command in '/home/catcyber02/Mobile-Robots-2026-1/build/xarm_description' returned '0': CMAKE_PREFIX_PATH=${CMAKE_PREFIX_PATH}:/home/catcyber02/Mobile-Robots-2026-1/ros2_ws/install/uf_ros_lib:/home/catcyber02/Mobile-Robots-2026-1/ros2_ws/install/simple_move:/home/catcyber02/Mobile-Robots-2026-1/ros2_ws/install/path_planner:/home/catcyber02/Mobile-Robots-2026-1/ros2_ws/install/map_augmenter:/opt/ros/jazzy DEBUGINFOD_URLS=https://debuginfod.ubuntu.com /usr/bin/cmake --build /home/catcyber02/Mobile-Robots-2026-1/build/xarm_description -- -j8 -l8
[1.219s] DEBUG:colcon.colcon_core.event_handler.log_command:Invoking command in '/home/catcyber02/Mobile-Robots-2026-1/build/xarm_description': CMAKE_PREFIX_PATH=${CMAKE_PREFIX_PATH}:/home/catcyber02/Mobile-Robots-2026-1/ros2_ws/install/uf_ros_lib:/home/catcyber02/Mobile-Robots-2026-1/ros2_ws/install/simple_move:/home/catcyber02/Mobile-Robots-2026-1/ros2_ws/install/path_planner:/home/catcyber02/Mobile-Robots-2026-1/ros2_ws/install/map_augmenter:/opt/ros/jazzy DEBUGINFOD_URLS=https://debuginfod.ubuntu.com /usr/bin/cmake --install /home/catcyber02/Mobile-Robots-2026-1/build/xarm_description
[1.222s] DEBUG:colcon.colcon_core.event_handler.log_command:Invoked command in '/home/catcyber02/Mobile-Robots-2026-1/build/config_files' returned '0': CMAKE_PREFIX_PATH=${CMAKE_PREFIX_PATH}:/home/catcyber02/Mobile-Robots-2026-1/ros2_ws/install/uf_ros_lib:/home/catcyber02/Mobile-Robots-2026-1/ros2_ws/install/simple_move:/home/catcyber02/Mobile-Robots-2026-1/ros2_ws/install/path_planner:/home/catcyber02/Mobile-Robots-2026-1/ros2_ws/install/map_augmenter:/opt/ros/jazzy DEBUGINFOD_URLS=https://debuginfod.ubuntu.com /usr/bin/cmake --build /home/catcyber02/Mobile-Robots-2026-1/build/config_files -- -j8 -l8
[1.228s] DEBUG:colcon.colcon_core.event_handler.log_command:Invoking command in '/home/catcyber02/Mobile-Robots-2026-1/build/config_files': CMAKE_PREFIX_PATH=${CMAKE_PREFIX_PATH}:/home/catcyber02/Mobile-Robots-2026-1/ros2_ws/install/uf_ros_lib:/home/catcyber02/Mobile-Robots-2026-1/ros2_ws/install/simple_move:/home/catcyber02/Mobile-Robots-2026-1/ros2_ws/install/path_planner:/home/catcyber02/Mobile-Robots-2026-1/ros2_ws/install/map_augmenter:/opt/ros/jazzy DEBUGINFOD_URLS=https://debuginfod.ubuntu.com /usr/bin/cmake --install /home/catcyber02/Mobile-Robots-2026-1/build/config_files
[1.229s] DEBUG:colcon.colcon_core.event_handler.log_command:Invoked command in '/home/catcyber02/Mobile-Robots-2026-1/build/justina_description' returned '0': CMAKE_PREFIX_PATH=${CMAKE_PREFIX_PATH}:/home/catcyber02/Mobile-Robots-2026-1/ros2_ws/install/uf_ros_lib:/home/catcyber02/Mobile-Robots-2026-1/ros2_ws/install/simple_move:/home/catcyber02/Mobile-Robots-2026-1/ros2_ws/install/path_planner:/home/catcyber02/Mobile-Robots-2026-1/ros2_ws/install/map_augmenter:/opt/ros/jazzy DEBUGINFOD_URLS=https://debuginfod.ubuntu.com /usr/bin/cmake --build /home/catcyber02/Mobile-Robots-2026-1/build/justina_description -- -j8 -l8
[1.230s] DEBUG:colcon.colcon_core.event_handler.log_command:Invoking command in '/home/catcyber02/Mobile-Robots-2026-1/build/justina_description': CMAKE_PREFIX_PATH=${CMAKE_PREFIX_PATH}:/home/catcyber02/Mobile-Robots-2026-1/ros2_ws/install/uf_ros_lib:/home/catcyber02/Mobile-Robots-2026-1/ros2_ws/install/simple_move:/home/catcyber02/Mobile-Robots-2026-1/ros2_ws/install/path_planner:/home/catcyber02/Mobile-Robots-2026-1/ros2_ws/install/map_augmenter:/opt/ros/jazzy DEBUGINFOD_URLS=https://debuginfod.ubuntu.com /usr/bin/cmake --install /home/catcyber02/Mobile-Robots-2026-1/build/justina_description
[1.235s] DEBUG:colcon.colcon_core.event_handler.log_command:Invoked command in '/home/catcyber02/Mobile-Robots-2026-1/build/xarm_sdk' returned '0': CMAKE_PREFIX_PATH=${CMAKE_PREFIX_PATH}:/home/catcyber02/Mobile-Robots-2026-1/ros2_ws/install/uf_ros_lib:/home/catcyber02/Mobile-Robots-2026-1/ros2_ws/install/simple_move:/home/catcyber02/Mobile-Robots-2026-1/ros2_ws/install/path_planner:/home/catcyber02/Mobile-Robots-2026-1/ros2_ws/install/map_augmenter:/opt/ros/jazzy DEBUGINFOD_URLS=https://debuginfod.ubuntu.com /usr/bin/cmake --build /home/catcyber02/Mobile-Robots-2026-1/build/xarm_sdk -- -j8 -l8
[1.239s] DEBUG:colcon.colcon_core.event_handler.log_command:Invoking command in '/home/catcyber02/Mobile-Robots-2026-1/build/xarm_sdk': CMAKE_PREFIX_PATH=${CMAKE_PREFIX_PATH}:/home/catcyber02/Mobile-Robots-2026-1/ros2_ws/install/uf_ros_lib:/home/catcyber02/Mobile-Robots-2026-1/ros2_ws/install/simple_move:/home/catcyber02/Mobile-Robots-2026-1/ros2_ws/install/path_planner:/home/catcyber02/Mobile-Robots-2026-1/ros2_ws/install/map_augmenter:/opt/ros/jazzy DEBUGINFOD_URLS=https://debuginfod.ubuntu.com /usr/bin/cmake --install /home/catcyber02/Mobile-Robots-2026-1/build/xarm_sdk
[1.243s] DEBUG:colcon.colcon_core.event_handler.log_command:Invoked command in '/home/catcyber02/Mobile-Robots-2026-1/build/justina_gui' returned '0': CMAKE_PREFIX_PATH=${CMAKE_PREFIX_PATH}:/home/catcyber02/Mobile-Robots-2026-1/ros2_ws/install/uf_ros_lib:/home/catcyber02/Mobile-Robots-2026-1/ros2_ws/install/simple_move:/home/catcyber02/Mobile-Robots-2026-1/ros2_ws/install/path_planner:/home/catcyber02/Mobile-Robots-2026-1/ros2_ws/install/map_augmenter:/opt/ros/jazzy DEBUGINFOD_URLS=https://debuginfod.ubuntu.com /usr/bin/cmake --build /home/catcyber02/Mobile-Robots-2026-1/build/justina_gui -- -j8 -l8
[1.250s] DEBUG:colcon.colcon_core.event_handler.log_command:Invoking command in '/home/catcyber02/Mobile-Robots-2026-1/build/justina_gui': CMAKE_PREFIX_PATH=${CMAKE_PREFIX_PATH}:/home/catcyber02/Mobile-Robots-2026-1/ros2_ws/install/uf_ros_lib:/home/catcyber02/Mobile-Robots-2026-1/ros2_ws/install/simple_move:/home/catcyber02/Mobile-Robots-2026-1/ros2_ws/install/path_planner:/home/catcyber02/Mobile-Robots-2026-1/ros2_ws/install/map_augmenter:/opt/ros/jazzy DEBUGINFOD_URLS=https://debuginfod.ubuntu.com /usr/bin/cmake --install /home/catcyber02/Mobile-Robots-2026-1/build/justina_gui
[1.264s] Level 1:colcon.colcon_core.environment:create_environment_scripts_only(justina_description)
[1.278s] Level 1:colcon.colcon_core.environment:checking '/home/catcyber02/Mobile-Robots-2026-1/install/justina_description' for CMake module files
[1.282s] Level 1:colcon.colcon_core.environment:checking '/home/catcyber02/Mobile-Robots-2026-1/install/justina_description' for CMake config files
[1.284s] Level 1:colcon.colcon_core.shell:create_environment_hook('justina_description', 'cmake_prefix_path')
[1.285s] INFO:colcon.colcon_core.shell:Creating environment hook '/home/catcyber02/Mobile-Robots-2026-1/install/justina_description/share/justina_description/hook/cmake_prefix_path.ps1'
[1.293s] INFO:colcon.colcon_core.shell:Creating environment descriptor '/home/catcyber02/Mobile-Robots-2026-1/install/justina_description/share/justina_description/hook/cmake_prefix_path.dsv'
[1.297s] INFO:colcon.colcon_core.shell:Creating environment hook '/home/catcyber02/Mobile-Robots-2026-1/install/justina_description/share/justina_description/hook/cmake_prefix_path.sh'
[1.304s] Level 1:colcon.colcon_core.environment:checking '/home/catcyber02/Mobile-Robots-2026-1/install/justina_description/bin'
[1.304s] Level 1:colcon.colcon_core.environment:checking '/home/catcyber02/Mobile-Robots-2026-1/install/justina_description/lib/pkgconfig/justina_description.pc'
[1.306s] Level 1:colcon.colcon_core.environment:checking '/home/catcyber02/Mobile-Robots-2026-1/install/justina_description/lib/python3.12/site-packages'
[1.307s] Level 1:colcon.colcon_core.environment:checking '/home/catcyber02/Mobile-Robots-2026-1/install/justina_description/bin'
[1.309s] INFO:colcon.colcon_core.shell:Creating package script '/home/catcyber02/Mobile-Robots-2026-1/install/justina_description/share/justina_description/package.ps1'
[1.345s] INFO:colcon.colcon_core.shell:Creating package descriptor '/home/catcyber02/Mobile-Robots-2026-1/install/justina_description/share/justina_description/package.dsv'
[1.346s] INFO:colcon.colcon_core.shell:Creating package script '/home/catcyber02/Mobile-Robots-2026-1/install/justina_description/share/justina_description/package.sh'
[1.354s] INFO:colcon.colcon_core.shell:Creating package script '/home/catcyber02/Mobile-Robots-2026-1/install/justina_description/share/justina_description/package.bash'
[1.361s] INFO:colcon.colcon_core.shell:Creating package script '/home/catcyber02/Mobile-Robots-2026-1/install/justina_description/share/justina_description/package.zsh'
[1.367s] Level 1:colcon.colcon_core.environment:create_file_with_runtime_dependencies(/home/catcyber02/Mobile-Robots-2026-1/install/justina_description/share/colcon-core/packages/justina_description)
[1.378s] Level 1:colcon.colcon_core.environment:create_environment_scripts_only(justina_description)
[1.380s] Level 1:colcon.colcon_core.environment:checking '/home/catcyber02/Mobile-Robots-2026-1/install/justina_description' for CMake module files
[1.384s] Level 1:colcon.colcon_core.environment:checking '/home/catcyber02/Mobile-Robots-2026-1/install/justina_description' for CMake config files
[1.386s] Level 1:colcon.colcon_core.shell:create_environment_hook('justina_description', 'cmake_prefix_path')
[1.387s] INFO:colcon.colcon_core.shell:Creating environment hook '/home/catcyber02/Mobile-Robots-2026-1/install/justina_description/share/justina_description/hook/cmake_prefix_path.ps1'
[1.391s] INFO:colcon.colcon_core.shell:Creating environment descriptor '/home/catcyber02/Mobile-Robots-2026-1/install/justina_description/share/justina_description/hook/cmake_prefix_path.dsv'
[1.394s] INFO:colcon.colcon_core.shell:Creating environment hook '/home/catcyber02/Mobile-Robots-2026-1/install/justina_description/share/justina_description/hook/cmake_prefix_path.sh'
[1.397s] Level 1:colcon.colcon_core.environment:checking '/home/catcyber02/Mobile-Robots-2026-1/install/justina_description/bin'
[1.398s] Level 1:colcon.colcon_core.environment:checking '/home/catcyber02/Mobile-Robots-2026-1/install/justina_description/lib/pkgconfig/justina_description.pc'
[1.399s] Level 1:colcon.colcon_core.environment:checking '/home/catcyber02/Mobile-Robots-2026-1/install/justina_description/lib/python3.12/site-packages'
[1.400s] Level 1:colcon.colcon_core.environment:checking '/home/catcyber02/Mobile-Robots-2026-1/install/justina_description/bin'
[1.402s] INFO:colcon.colcon_core.shell:Creating package script '/home/catcyber02/Mobile-Robots-2026-1/install/justina_description/share/justina_description/package.ps1'
[1.406s] INFO:colcon.colcon_core.shell:Creating package descriptor '/home/catcyber02/Mobile-Robots-2026-1/install/justina_description/share/justina_description/package.dsv'
[1.409s] INFO:colcon.colcon_core.shell:Creating package script '/home/catcyber02/Mobile-Robots-2026-1/install/justina_description/share/justina_description/package.sh'
[1.410s] INFO:colcon.colcon_core.shell:Creating package script '/home/catcyber02/Mobile-Robots-2026-1/install/justina_description/share/justina_description/package.bash'
[1.411s] INFO:colcon.colcon_core.shell:Creating package script '/home/catcyber02/Mobile-Robots-2026-1/install/justina_description/share/justina_description/package.zsh'
[1.425s] Level 1:colcon.colcon_core.environment:create_file_with_runtime_dependencies(/home/catcyber02/Mobile-Robots-2026-1/install/justina_description/share/colcon-core/packages/justina_description)
[1.427s] INFO:colcon.colcon_ros.task.ament_python.build:Building ROS package in '/home/catcyber02/Mobile-Robots-2026-1/ros2_ws/src/navigation/path_planner' with build type 'ament_python'
[1.431s] Level 1:colcon.colcon_core.shell:create_environment_hook('path_planner', 'ament_prefix_path')
[1.432s] INFO:colcon.colcon_core.shell:Creating environment hook '/home/catcyber02/Mobile-Robots-2026-1/install/path_planner/share/path_planner/hook/ament_prefix_path.ps1'
[1.433s] INFO:colcon.colcon_core.shell:Creating environment descriptor '/home/catcyber02/Mobile-Robots-2026-1/install/path_planner/share/path_planner/hook/ament_prefix_path.dsv'
[1.434s] INFO:colcon.colcon_core.shell:Creating environment hook '/home/catcyber02/Mobile-Robots-2026-1/install/path_planner/share/path_planner/hook/ament_prefix_path.sh'
[1.437s] INFO:colcon.colcon_core.shell:Skip shell extension 'powershell' for command environment: Not usable outside of PowerShell
[1.438s] DEBUG:colcon.colcon_core.shell:Skip shell extension 'dsv' for command environment
[1.464s] Level 1:colcon.colcon_core.environment:create_environment_scripts_only(justina_gui)
[1.465s] Level 1:colcon.colcon_core.environment:checking '/home/catcyber02/Mobile-Robots-2026-1/install/justina_gui' for CMake module files
[1.470s] Level 1:colcon.colcon_core.environment:checking '/home/catcyber02/Mobile-Robots-2026-1/install/justina_gui' for CMake config files
[1.482s] Level 1:colcon.colcon_core.shell:create_environment_hook('justina_gui', 'cmake_prefix_path')
[1.482s] INFO:colcon.colcon_core.shell:Creating environment hook '/home/catcyber02/Mobile-Robots-2026-1/install/justina_gui/share/justina_gui/hook/cmake_prefix_path.ps1'
[1.492s] INFO:colcon.colcon_core.shell:Creating environment descriptor '/home/catcyber02/Mobile-Robots-2026-1/install/justina_gui/share/justina_gui/hook/cmake_prefix_path.dsv'
[1.495s] INFO:colcon.colcon_core.shell:Creating environment hook '/home/catcyber02/Mobile-Robots-2026-1/install/justina_gui/share/justina_gui/hook/cmake_prefix_path.sh'
[1.500s] Level 1:colcon.colcon_core.environment:checking '/home/catcyber02/Mobile-Robots-2026-1/install/justina_gui/lib'
[1.502s] Level 1:colcon.colcon_core.environment:checking '/home/catcyber02/Mobile-Robots-2026-1/install/justina_gui/bin'
[1.502s] Level 1:colcon.colcon_core.environment:checking '/home/catcyber02/Mobile-Robots-2026-1/install/justina_gui/lib/pkgconfig/justina_gui.pc'
[1.503s] Level 1:colcon.colcon_core.environment:checking '/home/catcyber02/Mobile-Robots-2026-1/install/justina_gui/lib/python3.12/site-packages'
[1.504s] Level 1:colcon.colcon_core.environment:checking '/home/catcyber02/Mobile-Robots-2026-1/install/justina_gui/bin'
[1.504s] INFO:colcon.colcon_core.shell:Creating package script '/home/catcyber02/Mobile-Robots-2026-1/install/justina_gui/share/justina_gui/package.ps1'
[1.511s] INFO:colcon.colcon_core.shell:Creating package descriptor '/home/catcyber02/Mobile-Robots-2026-1/install/justina_gui/share/justina_gui/package.dsv'
[1.520s] INFO:colcon.colcon_core.shell:Creating package script '/home/catcyber02/Mobile-Robots-2026-1/install/justina_gui/share/justina_gui/package.sh'
[1.524s] INFO:colcon.colcon_core.shell:Creating package script '/home/catcyber02/Mobile-Robots-2026-1/install/justina_gui/share/justina_gui/package.bash'
[1.525s] INFO:colcon.colcon_core.shell:Creating package script '/home/catcyber02/Mobile-Robots-2026-1/install/justina_gui/share/justina_gui/package.zsh'
[1.526s] Level 1:colcon.colcon_core.environment:create_file_with_runtime_dependencies(/home/catcyber02/Mobile-Robots-2026-1/install/justina_gui/share/colcon-core/packages/justina_gui)
[1.532s] Level 1:colcon.colcon_core.environment:create_environment_scripts_only(justina_gui)
[1.532s] Level 1:colcon.colcon_core.environment:checking '/home/catcyber02/Mobile-Robots-2026-1/install/justina_gui' for CMake module files
[1.538s] Level 1:colcon.colcon_core.environment:checking '/home/catcyber02/Mobile-Robots-2026-1/install/justina_gui' for CMake config files
[1.542s] Level 1:colcon.colcon_core.shell:create_environment_hook('justina_gui', 'cmake_prefix_path')
[1.542s] INFO:colcon.colcon_core.shell:Creating environment hook '/home/catcyber02/Mobile-Robots-2026-1/install/justina_gui/share/justina_gui/hook/cmake_prefix_path.ps1'
[1.545s] INFO:colcon.colcon_core.shell:Creating environment descriptor '/home/catcyber02/Mobile-Robots-2026-1/install/justina_gui/share/justina_gui/hook/cmake_prefix_path.dsv'
[1.549s] DEBUG:colcon.colcon_core.event_handler.log_command:Invoked command in '/home/catcyber02/Mobile-Robots-2026-1/build/justina_description' returned '0': CMAKE_PREFIX_PATH=${CMAKE_PREFIX_PATH}:/home/catcyber02/Mobile-Robots-2026-1/ros2_ws/install/uf_ros_lib:/home/catcyber02/Mobile-Robots-2026-1/ros2_ws/install/simple_move:/home/catcyber02/Mobile-Robots-2026-1/ros2_ws/install/path_planner:/home/catcyber02/Mobile-Robots-2026-1/ros2_ws/install/map_augmenter:/opt/ros/jazzy DEBUGINFOD_URLS=https://debuginfod.ubuntu.com /usr/bin/cmake --install /home/catcyber02/Mobile-Robots-2026-1/build/justina_description
[1.551s] INFO:colcon.colcon_core.shell:Creating environment hook '/home/catcyber02/Mobile-Robots-2026-1/install/justina_gui/share/justina_gui/hook/cmake_prefix_path.sh'
[1.554s] Level 1:colcon.colcon_core.environment:checking '/home/catcyber02/Mobile-Robots-2026-1/install/justina_gui/lib'
[1.555s] Level 1:colcon.colcon_core.environment:checking '/home/catcyber02/Mobile-Robots-2026-1/install/justina_gui/bin'
[1.555s] Level 1:colcon.colcon_core.environment:checking '/home/catcyber02/Mobile-Robots-2026-1/install/justina_gui/lib/pkgconfig/justina_gui.pc'
[1.556s] Level 1:colcon.colcon_core.environment:checking '/home/catcyber02/Mobile-Robots-2026-1/install/justina_gui/lib/python3.12/site-packages'
[1.556s] Level 1:colcon.colcon_core.environment:checking '/home/catcyber02/Mobile-Robots-2026-1/install/justina_gui/bin'
[1.557s] INFO:colcon.colcon_core.shell:Creating package script '/home/catcyber02/Mobile-Robots-2026-1/install/justina_gui/share/justina_gui/package.ps1'
[1.559s] INFO:colcon.colcon_core.shell:Creating package descriptor '/home/catcyber02/Mobile-Robots-2026-1/install/justina_gui/share/justina_gui/package.dsv'
[1.560s] INFO:colcon.colcon_core.shell:Creating package script '/home/catcyber02/Mobile-Robots-2026-1/install/justina_gui/share/justina_gui/package.sh'
[1.561s] INFO:colcon.colcon_core.shell:Creating package script '/home/catcyber02/Mobile-Robots-2026-1/install/justina_gui/share/justina_gui/package.bash'
[1.562s] INFO:colcon.colcon_core.shell:Creating package script '/home/catcyber02/Mobile-Robots-2026-1/install/justina_gui/share/justina_gui/package.zsh'
[1.563s] Level 1:colcon.colcon_core.environment:create_file_with_runtime_dependencies(/home/catcyber02/Mobile-Robots-2026-1/install/justina_gui/share/colcon-core/packages/justina_gui)
[1.571s] INFO:colcon.colcon_ros.task.ament_python.build:Building ROS package in '/home/catcyber02/Mobile-Robots-2026-1/ros2_ws/src/navigation/simple_move' with build type 'ament_python'
[1.571s] Level 1:colcon.colcon_core.shell:create_environment_hook('simple_move', 'ament_prefix_path')
[1.571s] INFO:colcon.colcon_core.shell:Creating environment hook '/home/catcyber02/Mobile-Robots-2026-1/install/simple_move/share/simple_move/hook/ament_prefix_path.ps1'
[1.574s] INFO:colcon.colcon_core.shell:Creating environment descriptor '/home/catcyber02/Mobile-Robots-2026-1/install/simple_move/share/simple_move/hook/ament_prefix_path.dsv'
[1.579s] INFO:colcon.colcon_core.shell:Creating environment hook '/home/catcyber02/Mobile-Robots-2026-1/install/simple_move/share/simple_move/hook/ament_prefix_path.sh'
[1.585s] INFO:colcon.colcon_core.shell:Skip shell extension 'powershell' for command environment: Not usable outside of PowerShell
[1.585s] DEBUG:colcon.colcon_core.shell:Skip shell extension 'dsv' for command environment
[1.672s] Level 1:colcon.colcon_core.environment:create_environment_scripts_only(xarm_sdk)
[1.674s] Level 1:colcon.colcon_core.environment:checking '/home/catcyber02/Mobile-Robots-2026-1/install/xarm_sdk' for CMake module files
[1.683s] Level 1:colcon.colcon_core.environment:checking '/home/catcyber02/Mobile-Robots-2026-1/install/xarm_sdk' for CMake config files
[1.738s] Level 1:colcon.colcon_core.shell:create_environment_hook('xarm_sdk', 'cmake_prefix_path')
[1.740s] INFO:colcon.colcon_core.shell:Creating environment hook '/home/catcyber02/Mobile-Robots-2026-1/install/xarm_sdk/share/xarm_sdk/hook/cmake_prefix_path.ps1'
[1.742s] INFO:colcon.colcon_core.shell:Creating environment descriptor '/home/catcyber02/Mobile-Robots-2026-1/install/xarm_sdk/share/xarm_sdk/hook/cmake_prefix_path.dsv'
[1.743s] INFO:colcon.colcon_core.shell:Creating environment hook '/home/catcyber02/Mobile-Robots-2026-1/install/xarm_sdk/share/xarm_sdk/hook/cmake_prefix_path.sh'
[1.745s] Level 1:colcon.colcon_core.environment:checking '/home/catcyber02/Mobile-Robots-2026-1/install/xarm_sdk/lib'
[1.745s] Level 1:colcon.colcon_core.shell:create_environment_hook('xarm_sdk', 'ld_library_path_lib')
[1.746s] INFO:colcon.colcon_core.shell:Creating environment hook '/home/catcyber02/Mobile-Robots-2026-1/install/xarm_sdk/share/xarm_sdk/hook/ld_library_path_lib.ps1'
[1.749s] INFO:colcon.colcon_core.shell:Creating environment descriptor '/home/catcyber02/Mobile-Robots-2026-1/install/xarm_sdk/share/xarm_sdk/hook/ld_library_path_lib.dsv'
[1.750s] INFO:colcon.colcon_core.shell:Creating environment hook '/home/catcyber02/Mobile-Robots-2026-1/install/xarm_sdk/share/xarm_sdk/hook/ld_library_path_lib.sh'
[1.751s] Level 1:colcon.colcon_core.environment:checking '/home/catcyber02/Mobile-Robots-2026-1/install/xarm_sdk/bin'
[1.752s] Level 1:colcon.colcon_core.environment:checking '/home/catcyber02/Mobile-Robots-2026-1/install/xarm_sdk/lib/pkgconfig/xarm_sdk.pc'
[1.752s] Level 1:colcon.colcon_core.environment:checking '/home/catcyber02/Mobile-Robots-2026-1/install/xarm_sdk/lib/python3.12/site-packages'
[1.753s] Level 1:colcon.colcon_core.environment:checking '/home/catcyber02/Mobile-Robots-2026-1/install/xarm_sdk/bin'
[1.754s] INFO:colcon.colcon_core.shell:Creating package script '/home/catcyber02/Mobile-Robots-2026-1/install/xarm_sdk/share/xarm_sdk/package.ps1'
[1.763s] INFO:colcon.colcon_core.shell:Creating package descriptor '/home/catcyber02/Mobile-Robots-2026-1/install/xarm_sdk/share/xarm_sdk/package.dsv'
[1.769s] INFO:colcon.colcon_core.shell:Creating package script '/home/catcyber02/Mobile-Robots-2026-1/install/xarm_sdk/share/xarm_sdk/package.sh'
[1.775s] INFO:colcon.colcon_core.shell:Creating package script '/home/catcyber02/Mobile-Robots-2026-1/install/xarm_sdk/share/xarm_sdk/package.bash'
[1.781s] INFO:colcon.colcon_core.shell:Creating package script '/home/catcyber02/Mobile-Robots-2026-1/install/xarm_sdk/share/xarm_sdk/package.zsh'
[1.784s] Level 1:colcon.colcon_core.environment:create_file_with_runtime_dependencies(/home/catcyber02/Mobile-Robots-2026-1/install/xarm_sdk/share/colcon-core/packages/xarm_sdk)
[1.790s] Level 1:colcon.colcon_core.environment:create_environment_scripts_only(xarm_sdk)
[1.791s] Level 1:colcon.colcon_core.environment:checking '/home/catcyber02/Mobile-Robots-2026-1/install/xarm_sdk' for CMake module files
[1.801s] Level 1:colcon.colcon_core.environment:checking '/home/catcyber02/Mobile-Robots-2026-1/install/xarm_sdk' for CMake config files
[1.853s] Level 1:colcon.colcon_core.shell:create_environment_hook('xarm_sdk', 'cmake_prefix_path')
[1.854s] INFO:colcon.colcon_core.shell:Creating environment hook '/home/catcyber02/Mobile-Robots-2026-1/install/xarm_sdk/share/xarm_sdk/hook/cmake_prefix_path.ps1'
[1.858s] DEBUG:colcon.colcon_core.event_handler.log_command:Invoked command in '/home/catcyber02/Mobile-Robots-2026-1/build/justina_gui' returned '0': CMAKE_PREFIX_PATH=${CMAKE_PREFIX_PATH}:/home/catcyber02/Mobile-Robots-2026-1/ros2_ws/install/uf_ros_lib:/home/catcyber02/Mobile-Robots-2026-1/ros2_ws/install/simple_move:/home/catcyber02/Mobile-Robots-2026-1/ros2_ws/install/path_planner:/home/catcyber02/Mobile-Robots-2026-1/ros2_ws/install/map_augmenter:/opt/ros/jazzy DEBUGINFOD_URLS=https://debuginfod.ubuntu.com /usr/bin/cmake --install /home/catcyber02/Mobile-Robots-2026-1/build/justina_gui
[1.859s] INFO:colcon.colcon_core.shell:Creating environment descriptor '/home/catcyber02/Mobile-Robots-2026-1/install/xarm_sdk/share/xarm_sdk/hook/cmake_prefix_path.dsv'
[1.862s] DEBUG:colcon.colcon_core.event_handler.log_command:Invoked command in '/home/catcyber02/Mobile-Robots-2026-1/build/xarm_sdk' returned '0': CMAKE_PREFIX_PATH=${CMAKE_PREFIX_PATH}:/home/catcyber02/Mobile-Robots-2026-1/ros2_ws/install/uf_ros_lib:/home/catcyber02/Mobile-Robots-2026-1/ros2_ws/install/simple_move:/home/catcyber02/Mobile-Robots-2026-1/ros2_ws/install/path_planner:/home/catcyber02/Mobile-Robots-2026-1/ros2_ws/install/map_augmenter:/opt/ros/jazzy DEBUGINFOD_URLS=https://debuginfod.ubuntu.com /usr/bin/cmake --install /home/catcyber02/Mobile-Robots-2026-1/build/xarm_sdk
[1.863s] INFO:colcon.colcon_core.shell:Creating environment hook '/home/catcyber02/Mobile-Robots-2026-1/install/xarm_sdk/share/xarm_sdk/hook/cmake_prefix_path.sh'
[1.864s] Level 1:colcon.colcon_core.environment:checking '/home/catcyber02/Mobile-Robots-2026-1/install/xarm_sdk/lib'
[1.864s] Level 1:colcon.colcon_core.shell:create_environment_hook('xarm_sdk', 'ld_library_path_lib')
[1.864s] INFO:colcon.colcon_core.shell:Creating environment hook '/home/catcyber02/Mobile-Robots-2026-1/install/xarm_sdk/share/xarm_sdk/hook/ld_library_path_lib.ps1'
[1.865s] INFO:colcon.colcon_core.shell:Creating environment descriptor '/home/catcyber02/Mobile-Robots-2026-1/install/xarm_sdk/share/xarm_sdk/hook/ld_library_path_lib.dsv'
[1.866s] INFO:colcon.colcon_core.shell:Creating environment hook '/home/catcyber02/Mobile-Robots-2026-1/install/xarm_sdk/share/xarm_sdk/hook/ld_library_path_lib.sh'
[1.867s] Level 1:colcon.colcon_core.environment:checking '/home/catcyber02/Mobile-Robots-2026-1/install/xarm_sdk/bin'
[1.867s] Level 1:colcon.colcon_core.environment:checking '/home/catcyber02/Mobile-Robots-2026-1/install/xarm_sdk/lib/pkgconfig/xarm_sdk.pc'
[1.867s] Level 1:colcon.colcon_core.environment:checking '/home/catcyber02/Mobile-Robots-2026-1/install/xarm_sdk/lib/python3.12/site-packages'
[1.868s] Level 1:colcon.colcon_core.environment:checking '/home/catcyber02/Mobile-Robots-2026-1/install/xarm_sdk/bin'
[1.868s] INFO:colcon.colcon_core.shell:Creating package script '/home/catcyber02/Mobile-Robots-2026-1/install/xarm_sdk/share/xarm_sdk/package.ps1'
[1.869s] INFO:colcon.colcon_core.shell:Creating package descriptor '/home/catcyber02/Mobile-Robots-2026-1/install/xarm_sdk/share/xarm_sdk/package.dsv'
[1.871s] INFO:colcon.colcon_core.shell:Creating package script '/home/catcyber02/Mobile-Robots-2026-1/install/xarm_sdk/share/xarm_sdk/package.sh'
[1.873s] INFO:colcon.colcon_core.shell:Creating package script '/home/catcyber02/Mobile-Robots-2026-1/install/xarm_sdk/share/xarm_sdk/package.bash'
[1.874s] INFO:colcon.colcon_core.shell:Creating package script '/home/catcyber02/Mobile-Robots-2026-1/install/xarm_sdk/share/xarm_sdk/package.zsh'
[1.875s] Level 1:colcon.colcon_core.environment:create_file_with_runtime_dependencies(/home/catcyber02/Mobile-Robots-2026-1/install/xarm_sdk/share/colcon-core/packages/xarm_sdk)
[1.876s] Level 1:colcon.colcon_core.environment:create_environment_scripts_only(gazebo_envs)
[1.877s] Level 1:colcon.colcon_core.environment:checking '/home/catcyber02/Mobile-Robots-2026-1/install/gazebo_envs' for CMake module files
[1.879s] DEBUG:colcon.colcon_core.event_handler.log_command:Invoked command in '/home/catcyber02/Mobile-Robots-2026-1/build/gazebo_envs' returned '0': CMAKE_PREFIX_PATH=${CMAKE_PREFIX_PATH}:/home/catcyber02/Mobile-Robots-2026-1/ros2_ws/install/uf_ros_lib:/home/catcyber02/Mobile-Robots-2026-1/ros2_ws/install/simple_move:/home/catcyber02/Mobile-Robots-2026-1/ros2_ws/install/path_planner:/home/catcyber02/Mobile-Robots-2026-1/ros2_ws/install/map_augmenter:/opt/ros/jazzy DEBUGINFOD_URLS=https://debuginfod.ubuntu.com /usr/bin/cmake --install /home/catcyber02/Mobile-Robots-2026-1/build/gazebo_envs
[1.879s] Level 1:colcon.colcon_core.environment:checking '/home/catcyber02/Mobile-Robots-2026-1/install/gazebo_envs' for CMake config files
[1.880s] Level 1:colcon.colcon_core.shell:create_environment_hook('gazebo_envs', 'cmake_prefix_path')
[1.880s] INFO:colcon.colcon_core.shell:Creating environment hook '/home/catcyber02/Mobile-Robots-2026-1/install/gazebo_envs/share/gazebo_envs/hook/cmake_prefix_path.ps1'
[1.881s] INFO:colcon.colcon_core.shell:Creating environment descriptor '/home/catcyber02/Mobile-Robots-2026-1/install/gazebo_envs/share/gazebo_envs/hook/cmake_prefix_path.dsv'
[1.882s] INFO:colcon.colcon_core.shell:Creating environment hook '/home/catcyber02/Mobile-Robots-2026-1/install/gazebo_envs/share/gazebo_envs/hook/cmake_prefix_path.sh'
[1.884s] Level 1:colcon.colcon_core.environment:checking '/home/catcyber02/Mobile-Robots-2026-1/install/gazebo_envs/bin'
[1.884s] Level 1:colcon.colcon_core.environment:checking '/home/catcyber02/Mobile-Robots-2026-1/install/gazebo_envs/lib/pkgconfig/gazebo_envs.pc'
[1.884s] Level 1:colcon.colcon_core.environment:checking '/home/catcyber02/Mobile-Robots-2026-1/install/gazebo_envs/lib/python3.12/site-packages'
[1.885s] Level 1:colcon.colcon_core.environment:checking '/home/catcyber02/Mobile-Robots-2026-1/install/gazebo_envs/bin'
[1.885s] INFO:colcon.colcon_core.shell:Creating package script '/home/catcyber02/Mobile-Robots-2026-1/install/gazebo_envs/share/gazebo_envs/package.ps1'
[1.886s] INFO:colcon.colcon_core.shell:Creating package descriptor '/home/catcyber02/Mobile-Robots-2026-1/install/gazebo_envs/share/gazebo_envs/package.dsv'
[1.887s] INFO:colcon.colcon_core.shell:Creating package script '/home/catcyber02/Mobile-Robots-2026-1/install/gazebo_envs/share/gazebo_envs/package.sh'
[1.888s] INFO:colcon.colcon_core.shell:Creating package script '/home/catcyber02/Mobile-Robots-2026-1/install/gazebo_envs/share/gazebo_envs/package.bash'
[1.889s] INFO:colcon.colcon_core.shell:Creating package script '/home/catcyber02/Mobile-Robots-2026-1/install/gazebo_envs/share/gazebo_envs/package.zsh'
[1.889s] Level 1:colcon.colcon_core.environment:create_file_with_runtime_dependencies(/home/catcyber02/Mobile-Robots-2026-1/install/gazebo_envs/share/colcon-core/packages/gazebo_envs)
[1.890s] Level 1:colcon.colcon_core.environment:create_environment_scripts_only(gazebo_envs)
[1.891s] Level 1:colcon.colcon_core.environment:checking '/home/catcyber02/Mobile-Robots-2026-1/install/gazebo_envs' for CMake module files
[1.892s] Level 1:colcon.colcon_core.environment:checking '/home/catcyber02/Mobile-Robots-2026-1/install/gazebo_envs' for CMake config files
[1.892s] Level 1:colcon.colcon_core.shell:create_environment_hook('gazebo_envs', 'cmake_prefix_path')
[1.893s] INFO:colcon.colcon_core.shell:Creating environment hook '/home/catcyber02/Mobile-Robots-2026-1/install/gazebo_envs/share/gazebo_envs/hook/cmake_prefix_path.ps1'
[1.894s] INFO:colcon.colcon_core.shell:Creating environment descriptor '/home/catcyber02/Mobile-Robots-2026-1/install/gazebo_envs/share/gazebo_envs/hook/cmake_prefix_path.dsv'
[1.894s] INFO:colcon.colcon_core.shell:Creating environment hook '/home/catcyber02/Mobile-Robots-2026-1/install/gazebo_envs/share/gazebo_envs/hook/cmake_prefix_path.sh'
[1.895s] Level 1:colcon.colcon_core.environment:checking '/home/catcyber02/Mobile-Robots-2026-1/install/gazebo_envs/bin'
[1.895s] Level 1:colcon.colcon_core.environment:checking '/home/catcyber02/Mobile-Robots-2026-1/install/gazebo_envs/lib/pkgconfig/gazebo_envs.pc'
[1.895s] Level 1:colcon.colcon_core.environment:checking '/home/catcyber02/Mobile-Robots-2026-1/install/gazebo_envs/lib/python3.12/site-packages'
[1.896s] Level 1:colcon.colcon_core.environment:checking '/home/catcyber02/Mobile-Robots-2026-1/install/gazebo_envs/bin'
[1.896s] INFO:colcon.colcon_core.shell:Creating package script '/home/catcyber02/Mobile-Robots-2026-1/install/gazebo_envs/share/gazebo_envs/package.ps1'
[1.897s] INFO:colcon.colcon_core.shell:Creating package descriptor '/home/catcyber02/Mobile-Robots-2026-1/install/gazebo_envs/share/gazebo_envs/package.dsv'
[1.898s] INFO:colcon.colcon_core.shell:Creating package script '/home/catcyber02/Mobile-Robots-2026-1/install/gazebo_envs/share/gazebo_envs/package.sh'
[1.899s] INFO:colcon.colcon_core.shell:Creating package script '/home/catcyber02/Mobile-Robots-2026-1/install/gazebo_envs/share/gazebo_envs/package.bash'
[1.900s] INFO:colcon.colcon_core.shell:Creating package script '/home/catcyber02/Mobile-Robots-2026-1/install/gazebo_envs/share/gazebo_envs/package.zsh'
[1.901s] Level 1:colcon.colcon_core.environment:create_file_with_runtime_dependencies(/home/catcyber02/Mobile-Robots-2026-1/install/gazebo_envs/share/colcon-core/packages/gazebo_envs)
[1.901s] Level 1:colcon.colcon_core.environment:create_environment_scripts_only(xarm_description)
[1.902s] Level 1:colcon.colcon_core.environment:checking '/home/catcyber02/Mobile-Robots-2026-1/install/xarm_description' for CMake module files
[1.904s] DEBUG:colcon.colcon_core.event_handler.log_command:Invoked command in '/home/catcyber02/Mobile-Robots-2026-1/build/xarm_description' returned '0': CMAKE_PREFIX_PATH=${CMAKE_PREFIX_PATH}:/home/catcyber02/Mobile-Robots-2026-1/ros2_ws/install/uf_ros_lib:/home/catcyber02/Mobile-Robots-2026-1/ros2_ws/install/simple_move:/home/catcyber02/Mobile-Robots-2026-1/ros2_ws/install/path_planner:/home/catcyber02/Mobile-Robots-2026-1/ros2_ws/install/map_augmenter:/opt/ros/jazzy DEBUGINFOD_URLS=https://debuginfod.ubuntu.com /usr/bin/cmake --install /home/catcyber02/Mobile-Robots-2026-1/build/xarm_description
[1.905s] Level 1:colcon.colcon_core.environment:checking '/home/catcyber02/Mobile-Robots-2026-1/install/xarm_description' for CMake config files
[1.905s] Level 1:colcon.colcon_core.shell:create_environment_hook('xarm_description', 'cmake_prefix_path')
[1.906s] INFO:colcon.colcon_core.shell:Creating environment hook '/home/catcyber02/Mobile-Robots-2026-1/install/xarm_description/share/xarm_description/hook/cmake_prefix_path.ps1'
[1.907s] INFO:colcon.colcon_core.shell:Creating environment descriptor '/home/catcyber02/Mobile-Robots-2026-1/install/xarm_description/share/xarm_description/hook/cmake_prefix_path.dsv'
[1.908s] INFO:colcon.colcon_core.shell:Creating environment hook '/home/catcyber02/Mobile-Robots-2026-1/install/xarm_description/share/xarm_description/hook/cmake_prefix_path.sh'
[1.909s] Level 1:colcon.colcon_core.environment:checking '/home/catcyber02/Mobile-Robots-2026-1/install/xarm_description/bin'
[1.909s] Level 1:colcon.colcon_core.environment:checking '/home/catcyber02/Mobile-Robots-2026-1/install/xarm_description/lib/pkgconfig/xarm_description.pc'
[1.910s] Level 1:colcon.colcon_core.environment:checking '/home/catcyber02/Mobile-Robots-2026-1/install/xarm_description/lib/python3.12/site-packages'
[1.910s] Level 1:colcon.colcon_core.environment:checking '/home/catcyber02/Mobile-Robots-2026-1/install/xarm_description/bin'
[1.911s] INFO:colcon.colcon_core.shell:Creating package script '/home/catcyber02/Mobile-Robots-2026-1/install/xarm_description/share/xarm_description/package.ps1'
[1.912s] INFO:colcon.colcon_core.shell:Creating package descriptor '/home/catcyber02/Mobile-Robots-2026-1/install/xarm_description/share/xarm_description/package.dsv'
[1.913s] INFO:colcon.colcon_core.shell:Creating package script '/home/catcyber02/Mobile-Robots-2026-1/install/xarm_description/share/xarm_description/package.sh'
[1.914s] INFO:colcon.colcon_core.shell:Creating package script '/home/catcyber02/Mobile-Robots-2026-1/install/xarm_description/share/xarm_description/package.bash'
[1.915s] INFO:colcon.colcon_core.shell:Creating package script '/home/catcyber02/Mobile-Robots-2026-1/install/xarm_description/share/xarm_description/package.zsh'
[1.915s] Level 1:colcon.colcon_core.environment:create_file_with_runtime_dependencies(/home/catcyber02/Mobile-Robots-2026-1/install/xarm_description/share/colcon-core/packages/xarm_description)
[1.917s] Level 1:colcon.colcon_core.environment:create_environment_scripts_only(xarm_description)
[1.917s] Level 1:colcon.colcon_core.environment:checking '/home/catcyber02/Mobile-Robots-2026-1/install/xarm_description' for CMake module files
[1.918s] Level 1:colcon.colcon_core.environment:checking '/home/catcyber02/Mobile-Robots-2026-1/install/xarm_description' for CMake config files
[1.918s] Level 1:colcon.colcon_core.shell:create_environment_hook('xarm_description', 'cmake_prefix_path')
[1.919s] INFO:colcon.colcon_core.shell:Creating environment hook '/home/catcyber02/Mobile-Robots-2026-1/install/xarm_description/share/xarm_description/hook/cmake_prefix_path.ps1'
[1.920s] INFO:colcon.colcon_core.shell:Creating environment descriptor '/home/catcyber02/Mobile-Robots-2026-1/install/xarm_description/share/xarm_description/hook/cmake_prefix_path.dsv'
[1.921s] INFO:colcon.colcon_core.shell:Creating environment hook '/home/catcyber02/Mobile-Robots-2026-1/install/xarm_description/share/xarm_description/hook/cmake_prefix_path.sh'
[1.923s] Level 1:colcon.colcon_core.environment:checking '/home/catcyber02/Mobile-Robots-2026-1/install/xarm_description/bin'
[1.923s] Level 1:colcon.colcon_core.environment:checking '/home/catcyber02/Mobile-Robots-2026-1/install/xarm_description/lib/pkgconfig/xarm_description.pc'
[1.924s] Level 1:colcon.colcon_core.environment:checking '/home/catcyber02/Mobile-Robots-2026-1/install/xarm_description/lib/python3.12/site-packages'
[1.924s] Level 1:colcon.colcon_core.environment:checking '/home/catcyber02/Mobile-Robots-2026-1/install/xarm_description/bin'
[1.925s] INFO:colcon.colcon_core.shell:Creating package script '/home/catcyber02/Mobile-Robots-2026-1/install/xarm_description/share/xarm_description/package.ps1'
[1.926s] INFO:colcon.colcon_core.shell:Creating package descriptor '/home/catcyber02/Mobile-Robots-2026-1/install/xarm_description/share/xarm_description/package.dsv'
[1.927s] INFO:colcon.colcon_core.shell:Creating package script '/home/catcyber02/Mobile-Robots-2026-1/install/xarm_description/share/xarm_description/package.sh'
[1.929s] INFO:colcon.colcon_core.shell:Creating package script '/home/catcyber02/Mobile-Robots-2026-1/install/xarm_description/share/xarm_description/package.bash'
[1.930s] INFO:colcon.colcon_core.shell:Creating package script '/home/catcyber02/Mobile-Robots-2026-1/install/xarm_description/share/xarm_description/package.zsh'
[1.931s] Level 1:colcon.colcon_core.environment:create_file_with_runtime_dependencies(/home/catcyber02/Mobile-Robots-2026-1/install/xarm_description/share/colcon-core/packages/xarm_description)
[1.931s] Level 1:colcon.colcon_core.environment:create_environment_scripts_only(config_files)
[1.932s] Level 1:colcon.colcon_core.environment:checking '/home/catcyber02/Mobile-Robots-2026-1/install/config_files' for CMake module files
[1.934s] Level 1:colcon.colcon_core.environment:checking '/home/catcyber02/Mobile-Robots-2026-1/install/config_files' for CMake config files
[1.935s] DEBUG:colcon.colcon_core.event_handler.log_command:Invoked command in '/home/catcyber02/Mobile-Robots-2026-1/build/config_files' returned '0': CMAKE_PREFIX_PATH=${CMAKE_PREFIX_PATH}:/home/catcyber02/Mobile-Robots-2026-1/ros2_ws/install/uf_ros_lib:/home/catcyber02/Mobile-Robots-2026-1/ros2_ws/install/simple_move:/home/catcyber02/Mobile-Robots-2026-1/ros2_ws/install/path_planner:/home/catcyber02/Mobile-Robots-2026-1/ros2_ws/install/map_augmenter:/opt/ros/jazzy DEBUGINFOD_URLS=https://debuginfod.ubuntu.com /usr/bin/cmake --install /home/catcyber02/Mobile-Robots-2026-1/build/config_files
[1.935s] Level 1:colcon.colcon_core.shell:create_environment_hook('config_files', 'cmake_prefix_path')
[1.936s] INFO:colcon.colcon_core.shell:Creating environment hook '/home/catcyber02/Mobile-Robots-2026-1/install/config_files/share/config_files/hook/cmake_prefix_path.ps1'
[1.937s] INFO:colcon.colcon_core.shell:Creating environment descriptor '/home/catcyber02/Mobile-Robots-2026-1/install/config_files/share/config_files/hook/cmake_prefix_path.dsv'
[1.937s] INFO:colcon.colcon_core.shell:Creating environment hook '/home/catcyber02/Mobile-Robots-2026-1/install/config_files/share/config_files/hook/cmake_prefix_path.sh'
[1.938s] Level 1:colcon.colcon_core.environment:checking '/home/catcyber02/Mobile-Robots-2026-1/install/config_files/bin'
[1.939s] Level 1:colcon.colcon_core.environment:checking '/home/catcyber02/Mobile-Robots-2026-1/install/config_files/lib/pkgconfig/config_files.pc'
[1.939s] Level 1:colcon.colcon_core.environment:checking '/home/catcyber02/Mobile-Robots-2026-1/install/config_files/lib/python3.12/site-packages'
[1.939s] Level 1:colcon.colcon_core.environment:checking '/home/catcyber02/Mobile-Robots-2026-1/install/config_files/bin'
[1.940s] INFO:colcon.colcon_core.shell:Creating package script '/home/catcyber02/Mobile-Robots-2026-1/install/config_files/share/config_files/package.ps1'
[1.941s] INFO:colcon.colcon_core.shell:Creating package descriptor '/home/catcyber02/Mobile-Robots-2026-1/install/config_files/share/config_files/package.dsv'
[1.942s] INFO:colcon.colcon_core.shell:Creating package script '/home/catcyber02/Mobile-Robots-2026-1/install/config_files/share/config_files/package.sh'
[1.943s] INFO:colcon.colcon_core.shell:Creating package script '/home/catcyber02/Mobile-Robots-2026-1/install/config_files/share/config_files/package.bash'
[1.944s] INFO:colcon.colcon_core.shell:Creating package script '/home/catcyber02/Mobile-Robots-2026-1/install/config_files/share/config_files/package.zsh'
[1.944s] Level 1:colcon.colcon_core.environment:create_file_with_runtime_dependencies(/home/catcyber02/Mobile-Robots-2026-1/install/config_files/share/colcon-core/packages/config_files)
[1.945s] Level 1:colcon.colcon_core.environment:create_environment_scripts_only(config_files)
[1.946s] Level 1:colcon.colcon_core.environment:checking '/home/catcyber02/Mobile-Robots-2026-1/install/config_files' for CMake module files
[1.947s] Level 1:colcon.colcon_core.environment:checking '/home/catcyber02/Mobile-Robots-2026-1/install/config_files' for CMake config files
[1.947s] Level 1:colcon.colcon_core.shell:create_environment_hook('config_files', 'cmake_prefix_path')
[1.948s] INFO:colcon.colcon_core.shell:Creating environment hook '/home/catcyber02/Mobile-Robots-2026-1/install/config_files/share/config_files/hook/cmake_prefix_path.ps1'
[1.949s] INFO:colcon.colcon_core.shell:Creating environment descriptor '/home/catcyber02/Mobile-Robots-2026-1/install/config_files/share/config_files/hook/cmake_prefix_path.dsv'
[1.950s] INFO:colcon.colcon_core.shell:Creating environment hook '/home/catcyber02/Mobile-Robots-2026-1/install/config_files/share/config_files/hook/cmake_prefix_path.sh'
[1.951s] Level 1:colcon.colcon_core.environment:checking '/home/catcyber02/Mobile-Robots-2026-1/install/config_files/bin'
[1.952s] Level 1:colcon.colcon_core.environment:checking '/home/catcyber02/Mobile-Robots-2026-1/install/config_files/lib/pkgconfig/config_files.pc'
[1.952s] Level 1:colcon.colcon_core.environment:checking '/home/catcyber02/Mobile-Robots-2026-1/install/config_files/lib/python3.12/site-packages'
[1.953s] Level 1:colcon.colcon_core.environment:checking '/home/catcyber02/Mobile-Robots-2026-1/install/config_files/bin'
[1.953s] INFO:colcon.colcon_core.shell:Creating package script '/home/catcyber02/Mobile-Robots-2026-1/install/config_files/share/config_files/package.ps1'
[1.955s] INFO:colcon.colcon_core.shell:Creating package descriptor '/home/catcyber02/Mobile-Robots-2026-1/install/config_files/share/config_files/package.dsv'
[1.956s] INFO:colcon.colcon_core.shell:Creating package script '/home/catcyber02/Mobile-Robots-2026-1/install/config_files/share/config_files/package.sh'
[1.957s] INFO:colcon.colcon_core.shell:Creating package script '/home/catcyber02/Mobile-Robots-2026-1/install/config_files/share/config_files/package.bash'
[1.958s] INFO:colcon.colcon_core.shell:Creating package script '/home/catcyber02/Mobile-Robots-2026-1/install/config_files/share/config_files/package.zsh'
[1.959s] Level 1:colcon.colcon_core.environment:create_file_with_runtime_dependencies(/home/catcyber02/Mobile-Robots-2026-1/install/config_files/share/colcon-core/packages/config_files)
[2.411s] INFO:colcon.colcon_core.task.python.build:Building Python package in '/home/catcyber02/Mobile-Robots-2026-1/ros2_ws/src/navigation/path_planner'
[2.412s] INFO:colcon.colcon_core.shell:Skip shell extension 'powershell' for command environment: Not usable outside of PowerShell
[2.412s] DEBUG:colcon.colcon_core.shell:Skip shell extension 'dsv' for command environment
[2.422s] INFO:colcon.colcon_ros.task.ament_python.build:Building ROS package in '/home/catcyber02/Mobile-Robots-2026-1/ros2_ws/src/hardware/xarm_ros2/uf_ros_lib' with build type 'ament_python'
[2.423s] Level 1:colcon.colcon_core.shell:create_environment_hook('uf_ros_lib', 'ament_prefix_path')
[2.423s] INFO:colcon.colcon_core.shell:Creating environment hook '/home/catcyber02/Mobile-Robots-2026-1/install/uf_ros_lib/share/uf_ros_lib/hook/ament_prefix_path.ps1'
[2.425s] INFO:colcon.colcon_core.shell:Creating environment descriptor '/home/catcyber02/Mobile-Robots-2026-1/install/uf_ros_lib/share/uf_ros_lib/hook/ament_prefix_path.dsv'
[2.426s] INFO:colcon.colcon_core.shell:Creating environment hook '/home/catcyber02/Mobile-Robots-2026-1/install/uf_ros_lib/share/uf_ros_lib/hook/ament_prefix_path.sh'
[2.427s] INFO:colcon.colcon_core.shell:Skip shell extension 'powershell' for command environment: Not usable outside of PowerShell
[2.428s] DEBUG:colcon.colcon_core.shell:Skip shell extension 'dsv' for command environment
[2.441s] DEBUG:colcon.colcon_core.event_handler.log_command:Invoked command in '/home/catcyber02/Mobile-Robots-2026-1/build/xarm_msgs' returned '0': CMAKE_PREFIX_PATH=${CMAKE_PREFIX_PATH}:/home/catcyber02/Mobile-Robots-2026-1/ros2_ws/install/uf_ros_lib:/home/catcyber02/Mobile-Robots-2026-1/ros2_ws/install/simple_move:/home/catcyber02/Mobile-Robots-2026-1/ros2_ws/install/path_planner:/home/catcyber02/Mobile-Robots-2026-1/ros2_ws/install/map_augmenter:/opt/ros/jazzy DEBUGINFOD_URLS=https://debuginfod.ubuntu.com /usr/bin/cmake --build /home/catcyber02/Mobile-Robots-2026-1/build/xarm_msgs -- -j8 -l8
[2.443s] DEBUG:colcon.colcon_core.event_handler.log_command:Invoking command in '/home/catcyber02/Mobile-Robots-2026-1/build/xarm_msgs': CMAKE_PREFIX_PATH=${CMAKE_PREFIX_PATH}:/home/catcyber02/Mobile-Robots-2026-1/ros2_ws/install/uf_ros_lib:/home/catcyber02/Mobile-Robots-2026-1/ros2_ws/install/simple_move:/home/catcyber02/Mobile-Robots-2026-1/ros2_ws/install/path_planner:/home/catcyber02/Mobile-Robots-2026-1/ros2_ws/install/map_augmenter:/opt/ros/jazzy DEBUGINFOD_URLS=https://debuginfod.ubuntu.com /usr/bin/cmake --install /home/catcyber02/Mobile-Robots-2026-1/build/xarm_msgs
[2.843s] INFO:colcon.colcon_core.task.python.build:Building Python package in '/home/catcyber02/Mobile-Robots-2026-1/ros2_ws/src/navigation/simple_move'
[2.843s] INFO:colcon.colcon_core.shell:Skip shell extension 'powershell' for command environment: Not usable outside of PowerShell
[2.843s] DEBUG:colcon.colcon_core.shell:Skip shell extension 'dsv' for command environment
[3.372s] INFO:colcon.colcon_core.task.python.build:Building Python package in '/home/catcyber02/Mobile-Robots-2026-1/ros2_ws/src/hardware/xarm_ros2/uf_ros_lib'
[3.373s] INFO:colcon.colcon_core.shell:Skip shell extension 'powershell' for command environment: Not usable outside of PowerShell
[3.373s] DEBUG:colcon.colcon_core.shell:Skip shell extension 'dsv' for command environment
[3.393s] DEBUG:colcon.colcon_core.event_handler.log_command:Invoking command in '/home/catcyber02/Mobile-Robots-2026-1/ros2_ws/src/navigation/map_augmenter': DEBUGINFOD_URLS=https://debuginfod.ubuntu.com PYTHONPATH=/home/catcyber02/Mobile-Robots-2026-1/build/map_augmenter/prefix_override:/usr/lib/python3/dist-packages/colcon_core/task/python/colcon_distutils_commands:/home/catcyber02/Mobile-Robots-2026-1/install/map_augmenter/lib/python3.12/site-packages:${PYTHONPATH} /usr/bin/python3 -W ignore:setup.py install is deprecated -W ignore:easy_install command is deprecated setup.py egg_info --egg-base ../../../../build/map_augmenter build --build-base /home/catcyber02/Mobile-Robots-2026-1/build/map_augmenter/build install --record /home/catcyber02/Mobile-Robots-2026-1/build/map_augmenter/install.log --single-version-externally-managed install_data
[3.395s] Level 1:colcon.colcon_core.environment:create_environment_scripts_only(xarm_msgs)
[3.396s] DEBUG:colcon.colcon_core.event_handler.log_command:Invoked command in '/home/catcyber02/Mobile-Robots-2026-1/build/xarm_msgs' returned '0': CMAKE_PREFIX_PATH=${CMAKE_PREFIX_PATH}:/home/catcyber02/Mobile-Robots-2026-1/ros2_ws/install/uf_ros_lib:/home/catcyber02/Mobile-Robots-2026-1/ros2_ws/install/simple_move:/home/catcyber02/Mobile-Robots-2026-1/ros2_ws/install/path_planner:/home/catcyber02/Mobile-Robots-2026-1/ros2_ws/install/map_augmenter:/opt/ros/jazzy DEBUGINFOD_URLS=https://debuginfod.ubuntu.com /usr/bin/cmake --install /home/catcyber02/Mobile-Robots-2026-1/build/xarm_msgs
[3.396s] Level 1:colcon.colcon_core.environment:checking '/home/catcyber02/Mobile-Robots-2026-1/install/xarm_msgs' for CMake module files
[3.398s] Level 1:colcon.colcon_core.environment:checking '/home/catcyber02/Mobile-Robots-2026-1/install/xarm_msgs' for CMake config files
[3.402s] Level 1:colcon.colcon_core.shell:create_environment_hook('xarm_msgs', 'cmake_prefix_path')
[3.403s] INFO:colcon.colcon_core.shell:Creating environment hook '/home/catcyber02/Mobile-Robots-2026-1/install/xarm_msgs/share/xarm_msgs/hook/cmake_prefix_path.ps1'
[3.404s] INFO:colcon.colcon_core.shell:Creating environment descriptor '/home/catcyber02/Mobile-Robots-2026-1/install/xarm_msgs/share/xarm_msgs/hook/cmake_prefix_path.dsv'
[3.405s] INFO:colcon.colcon_core.shell:Creating environment hook '/home/catcyber02/Mobile-Robots-2026-1/install/xarm_msgs/share/xarm_msgs/hook/cmake_prefix_path.sh'
[3.406s] Level 1:colcon.colcon_core.environment:checking '/home/catcyber02/Mobile-Robots-2026-1/install/xarm_msgs/lib'
[3.406s] Level 1:colcon.colcon_core.shell:create_environment_hook('xarm_msgs', 'ld_library_path_lib')
[3.407s] INFO:colcon.colcon_core.shell:Creating environment hook '/home/catcyber02/Mobile-Robots-2026-1/install/xarm_msgs/share/xarm_msgs/hook/ld_library_path_lib.ps1'
[3.408s] INFO:colcon.colcon_core.shell:Creating environment descriptor '/home/catcyber02/Mobile-Robots-2026-1/install/xarm_msgs/share/xarm_msgs/hook/ld_library_path_lib.dsv'
[3.409s] INFO:colcon.colcon_core.shell:Creating environment hook '/home/catcyber02/Mobile-Robots-2026-1/install/xarm_msgs/share/xarm_msgs/hook/ld_library_path_lib.sh'
[3.410s] Level 1:colcon.colcon_core.environment:checking '/home/catcyber02/Mobile-Robots-2026-1/install/xarm_msgs/bin'
[3.410s] Level 1:colcon.colcon_core.environment:checking '/home/catcyber02/Mobile-Robots-2026-1/install/xarm_msgs/lib/pkgconfig/xarm_msgs.pc'
[3.411s] Level 1:colcon.colcon_core.environment:checking '/home/catcyber02/Mobile-Robots-2026-1/install/xarm_msgs/lib/python3.12/site-packages'
[3.411s] Level 1:colcon.colcon_core.shell:create_environment_hook('xarm_msgs', 'pythonpath')
[3.412s] INFO:colcon.colcon_core.shell:Creating environment hook '/home/catcyber02/Mobile-Robots-2026-1/install/xarm_msgs/share/xarm_msgs/hook/pythonpath.ps1'
[3.413s] INFO:colcon.colcon_core.shell:Creating environment descriptor '/home/catcyber02/Mobile-Robots-2026-1/install/xarm_msgs/share/xarm_msgs/hook/pythonpath.dsv'
[3.414s] INFO:colcon.colcon_core.shell:Creating environment hook '/home/catcyber02/Mobile-Robots-2026-1/install/xarm_msgs/share/xarm_msgs/hook/pythonpath.sh'
[3.415s] Level 1:colcon.colcon_core.environment:checking '/home/catcyber02/Mobile-Robots-2026-1/install/xarm_msgs/bin'
[3.416s] INFO:colcon.colcon_core.shell:Creating package script '/home/catcyber02/Mobile-Robots-2026-1/install/xarm_msgs/share/xarm_msgs/package.ps1'
[3.417s] INFO:colcon.colcon_core.shell:Creating package descriptor '/home/catcyber02/Mobile-Robots-2026-1/install/xarm_msgs/share/xarm_msgs/package.dsv'
[3.419s] INFO:colcon.colcon_core.shell:Creating package script '/home/catcyber02/Mobile-Robots-2026-1/install/xarm_msgs/share/xarm_msgs/package.sh'
[3.420s] INFO:colcon.colcon_core.shell:Creating package script '/home/catcyber02/Mobile-Robots-2026-1/install/xarm_msgs/share/xarm_msgs/package.bash'
[3.421s] INFO:colcon.colcon_core.shell:Creating package script '/home/catcyber02/Mobile-Robots-2026-1/install/xarm_msgs/share/xarm_msgs/package.zsh'
[3.422s] Level 1:colcon.colcon_core.environment:create_file_with_runtime_dependencies(/home/catcyber02/Mobile-Robots-2026-1/install/xarm_msgs/share/colcon-core/packages/xarm_msgs)
[3.423s] Level 1:colcon.colcon_core.environment:create_environment_scripts_only(xarm_msgs)
[3.424s] Level 1:colcon.colcon_core.environment:checking '/home/catcyber02/Mobile-Robots-2026-1/install/xarm_msgs' for CMake module files
[3.426s] Level 1:colcon.colcon_core.environment:checking '/home/catcyber02/Mobile-Robots-2026-1/install/xarm_msgs' for CMake config files
[3.430s] Level 1:colcon.colcon_core.shell:create_environment_hook('xarm_msgs', 'cmake_prefix_path')
[3.430s] INFO:colcon.colcon_core.shell:Creating environment hook '/home/catcyber02/Mobile-Robots-2026-1/install/xarm_msgs/share/xarm_msgs/hook/cmake_prefix_path.ps1'
[3.431s] INFO:colcon.colcon_core.shell:Creating environment descriptor '/home/catcyber02/Mobile-Robots-2026-1/install/xarm_msgs/share/xarm_msgs/hook/cmake_prefix_path.dsv'
[3.433s] INFO:colcon.colcon_core.shell:Creating environment hook '/home/catcyber02/Mobile-Robots-2026-1/install/xarm_msgs/share/xarm_msgs/hook/cmake_prefix_path.sh'
[3.434s] Level 1:colcon.colcon_core.environment:checking '/home/catcyber02/Mobile-Robots-2026-1/install/xarm_msgs/lib'
[3.435s] Level 1:colcon.colcon_core.shell:create_environment_hook('xarm_msgs', 'ld_library_path_lib')
[3.435s] INFO:colcon.colcon_core.shell:Creating environment hook '/home/catcyber02/Mobile-Robots-2026-1/install/xarm_msgs/share/xarm_msgs/hook/ld_library_path_lib.ps1'
[3.437s] INFO:colcon.colcon_core.shell:Creating environment descriptor '/home/catcyber02/Mobile-Robots-2026-1/install/xarm_msgs/share/xarm_msgs/hook/ld_library_path_lib.dsv'
[3.438s] INFO:colcon.colcon_core.shell:Creating environment hook '/home/catcyber02/Mobile-Robots-2026-1/install/xarm_msgs/share/xarm_msgs/hook/ld_library_path_lib.sh'
[3.440s] Level 1:colcon.colcon_core.environment:checking '/home/catcyber02/Mobile-Robots-2026-1/install/xarm_msgs/bin'
[3.440s] Level 1:colcon.colcon_core.environment:checking '/home/catcyber02/Mobile-Robots-2026-1/install/xarm_msgs/lib/pkgconfig/xarm_msgs.pc'
[3.441s] Level 1:colcon.colcon_core.environment:checking '/home/catcyber02/Mobile-Robots-2026-1/install/xarm_msgs/lib/python3.12/site-packages'
[3.441s] Level 1:colcon.colcon_core.shell:create_environment_hook('xarm_msgs', 'pythonpath')
[3.442s] INFO:colcon.colcon_core.shell:Creating environment hook '/home/catcyber02/Mobile-Robots-2026-1/install/xarm_msgs/share/xarm_msgs/hook/pythonpath.ps1'
[3.443s] INFO:colcon.colcon_core.shell:Creating environment descriptor '/home/catcyber02/Mobile-Robots-2026-1/install/xarm_msgs/share/xarm_msgs/hook/pythonpath.dsv'
[3.445s] INFO:colcon.colcon_core.shell:Creating environment hook '/home/catcyber02/Mobile-Robots-2026-1/install/xarm_msgs/share/xarm_msgs/hook/pythonpath.sh'
[3.446s] Level 1:colcon.colcon_core.environment:checking '/home/catcyber02/Mobile-Robots-2026-1/install/xarm_msgs/bin'
[3.447s] INFO:colcon.colcon_core.shell:Creating package script '/home/catcyber02/Mobile-Robots-2026-1/install/xarm_msgs/share/xarm_msgs/package.ps1'
[3.449s] INFO:colcon.colcon_core.shell:Creating package descriptor '/home/catcyber02/Mobile-Robots-2026-1/install/xarm_msgs/share/xarm_msgs/package.dsv'
[3.451s] INFO:colcon.colcon_core.shell:Creating package script '/home/catcyber02/Mobile-Robots-2026-1/install/xarm_msgs/share/xarm_msgs/package.sh'
[3.453s] INFO:colcon.colcon_core.shell:Creating package script '/home/catcyber02/Mobile-Robots-2026-1/install/xarm_msgs/share/xarm_msgs/package.bash'
[3.454s] INFO:colcon.colcon_core.shell:Creating package script '/home/catcyber02/Mobile-Robots-2026-1/install/xarm_msgs/share/xarm_msgs/package.zsh'
[3.456s] Level 1:colcon.colcon_core.environment:create_file_with_runtime_dependencies(/home/catcyber02/Mobile-Robots-2026-1/install/xarm_msgs/share/colcon-core/packages/xarm_msgs)
[3.457s] INFO:colcon.colcon_ros.task.ament_cmake.build:Building ROS package in '/home/catcyber02/Mobile-Robots-2026-1/ros2_ws/src/hardware/xarm_ros2/xarm_api' with build type 'ament_cmake'
[3.459s] INFO:colcon.colcon_cmake.task.cmake.build:Building CMake package in '/home/catcyber02/Mobile-Robots-2026-1/ros2_ws/src/hardware/xarm_ros2/xarm_api'
[3.459s] INFO:colcon.colcon_core.shell:Skip shell extension 'powershell' for command environment: Not usable outside of PowerShell
[3.459s] DEBUG:colcon.colcon_core.shell:Skip shell extension 'dsv' for command environment
[3.514s] DEBUG:colcon.colcon_core.event_handler.log_command:Invoking command in '/home/catcyber02/Mobile-Robots-2026-1/build/xarm_api': AMENT_PREFIX_PATH=/home/catcyber02/Mobile-Robots-2026-1/install/xarm_sdk:/home/catcyber02/Mobile-Robots-2026-1/install/xarm_msgs:/home/catcyber02/Mobile-Robots-2026-1/install/xarm_description:${AMENT_PREFIX_PATH} CMAKE_PREFIX_PATH=/home/catcyber02/Mobile-Robots-2026-1/install/xarm_sdk:/home/catcyber02/Mobile-Robots-2026-1/install/xarm_msgs:/home/catcyber02/Mobile-Robots-2026-1/install/xarm_description:/home/catcyber02/Mobile-Robots-2026-1/ros2_ws/install/xarm_controller:/home/catcyber02/Mobile-Robots-2026-1/ros2_ws/install/xarm_api:/home/catcyber02/Mobile-Robots-2026-1/ros2_ws/install/xarm_sdk:/home/catcyber02/Mobile-Robots-2026-1/ros2_ws/install/xarm_msgs:/home/catcyber02/Mobile-Robots-2026-1/ros2_ws/install/xarm_description:/home/catcyber02/Mobile-Robots-2026-1/ros2_ws/install/justina_gui:/home/catcyber02/Mobile-Robots-2026-1/ros2_ws/install/justina_description:/home/catcyber02/Mobile-Robots-2026-1/ros2_ws/install/gazebo_envs:/home/catcyber02/Mobile-Robots-2026-1/ros2_ws/install/config_files:/opt/ros/jazzy/opt/gz_sim_vendor:/opt/ros/jazzy/opt/gz_sensors_vendor:/opt/ros/jazzy/opt/gz_physics_vendor:/opt/ros/jazzy/opt/sdformat_vendor:/opt/ros/jazzy/opt/gz_gui_vendor:/opt/ros/jazzy/opt/gz_transport_vendor:/opt/ros/jazzy/opt/gz_rendering_vendor:/opt/ros/jazzy/opt/gz_plugin_vendor:/opt/ros/jazzy/opt/gz_fuel_tools_vendor:/opt/ros/jazzy/opt/gz_msgs_vendor:/opt/ros/jazzy/opt/gz_common_vendor:/opt/ros/jazzy/opt/gz_math_vendor:/opt/ros/jazzy/opt/gz_utils_vendor:/opt/ros/jazzy/opt/gz_tools_vendor:/opt/ros/jazzy/opt/gz_ogre_next_vendor:/opt/ros/jazzy/opt/gz_dartsim_vendor:/opt/ros/jazzy/opt/gz_cmake_vendor:/home/catcyber02/Mobile-Robots-2026-1/ros2_ws/install/uf_ros_lib:/home/catcyber02/Mobile-Robots-2026-1/ros2_ws/install/simple_move:/home/catcyber02/Mobile-Robots-2026-1/ros2_ws/install/path_planner:/home/catcyber02/Mobile-Robots-2026-1/ros2_ws/install/map_augmenter:/opt/ros/jazzy DEBUGINFOD_URLS=https://debuginfod.ubuntu.com LD_LIBRARY_PATH=/home/catcyber02/Mobile-Robots-2026-1/install/xarm_sdk/lib:/home/catcyber02/Mobile-Robots-2026-1/install/xarm_msgs/lib:${LD_LIBRARY_PATH} PYTHONPATH=/home/catcyber02/Mobile-Robots-2026-1/install/xarm_msgs/lib/python3.12/site-packages:${PYTHONPATH} /usr/bin/cmake --build /home/catcyber02/Mobile-Robots-2026-1/build/xarm_api -- -j8 -l8
[3.903s] DEBUG:colcon.colcon_core.event_handler.log_command:Invoked command in '/home/catcyber02/Mobile-Robots-2026-1/build/xarm_api' returned '0': AMENT_PREFIX_PATH=/home/catcyber02/Mobile-Robots-2026-1/install/xarm_sdk:/home/catcyber02/Mobile-Robots-2026-1/install/xarm_msgs:/home/catcyber02/Mobile-Robots-2026-1/install/xarm_description:${AMENT_PREFIX_PATH} CMAKE_PREFIX_PATH=/home/catcyber02/Mobile-Robots-2026-1/install/xarm_sdk:/home/catcyber02/Mobile-Robots-2026-1/install/xarm_msgs:/home/catcyber02/Mobile-Robots-2026-1/install/xarm_description:/home/catcyber02/Mobile-Robots-2026-1/ros2_ws/install/xarm_controller:/home/catcyber02/Mobile-Robots-2026-1/ros2_ws/install/xarm_api:/home/catcyber02/Mobile-Robots-2026-1/ros2_ws/install/xarm_sdk:/home/catcyber02/Mobile-Robots-2026-1/ros2_ws/install/xarm_msgs:/home/catcyber02/Mobile-Robots-2026-1/ros2_ws/install/xarm_description:/home/catcyber02/Mobile-Robots-2026-1/ros2_ws/install/justina_gui:/home/catcyber02/Mobile-Robots-2026-1/ros2_ws/install/justina_description:/home/catcyber02/Mobile-Robots-2026-1/ros2_ws/install/gazebo_envs:/home/catcyber02/Mobile-Robots-2026-1/ros2_ws/install/config_files:/opt/ros/jazzy/opt/gz_sim_vendor:/opt/ros/jazzy/opt/gz_sensors_vendor:/opt/ros/jazzy/opt/gz_physics_vendor:/opt/ros/jazzy/opt/sdformat_vendor:/opt/ros/jazzy/opt/gz_gui_vendor:/opt/ros/jazzy/opt/gz_transport_vendor:/opt/ros/jazzy/opt/gz_rendering_vendor:/opt/ros/jazzy/opt/gz_plugin_vendor:/opt/ros/jazzy/opt/gz_fuel_tools_vendor:/opt/ros/jazzy/opt/gz_msgs_vendor:/opt/ros/jazzy/opt/gz_common_vendor:/opt/ros/jazzy/opt/gz_math_vendor:/opt/ros/jazzy/opt/gz_utils_vendor:/opt/ros/jazzy/opt/gz_tools_vendor:/opt/ros/jazzy/opt/gz_ogre_next_vendor:/opt/ros/jazzy/opt/gz_dartsim_vendor:/opt/ros/jazzy/opt/gz_cmake_vendor:/home/catcyber02/Mobile-Robots-2026-1/ros2_ws/install/uf_ros_lib:/home/catcyber02/Mobile-Robots-2026-1/ros2_ws/install/simple_move:/home/catcyber02/Mobile-Robots-2026-1/ros2_ws/install/path_planner:/home/catcyber02/Mobile-Robots-2026-1/ros2_ws/install/map_augmenter:/opt/ros/jazzy DEBUGINFOD_URLS=https://debuginfod.ubuntu.com LD_LIBRARY_PATH=/home/catcyber02/Mobile-Robots-2026-1/install/xarm_sdk/lib:/home/catcyber02/Mobile-Robots-2026-1/install/xarm_msgs/lib:${LD_LIBRARY_PATH} PYTHONPATH=/home/catcyber02/Mobile-Robots-2026-1/install/xarm_msgs/lib/python3.12/site-packages:${PYTHONPATH} /usr/bin/cmake --build /home/catcyber02/Mobile-Robots-2026-1/build/xarm_api -- -j8 -l8
[3.905s] DEBUG:colcon.colcon_core.event_handler.log_command:Invoking command in '/home/catcyber02/Mobile-Robots-2026-1/build/xarm_api': AMENT_PREFIX_PATH=/home/catcyber02/Mobile-Robots-2026-1/install/xarm_sdk:/home/catcyber02/Mobile-Robots-2026-1/install/xarm_msgs:/home/catcyber02/Mobile-Robots-2026-1/install/xarm_description:${AMENT_PREFIX_PATH} CMAKE_PREFIX_PATH=/home/catcyber02/Mobile-Robots-2026-1/install/xarm_sdk:/home/catcyber02/Mobile-Robots-2026-1/install/xarm_msgs:/home/catcyber02/Mobile-Robots-2026-1/install/xarm_description:/home/catcyber02/Mobile-Robots-2026-1/ros2_ws/install/xarm_controller:/home/catcyber02/Mobile-Robots-2026-1/ros2_ws/install/xarm_api:/home/catcyber02/Mobile-Robots-2026-1/ros2_ws/install/xarm_sdk:/home/catcyber02/Mobile-Robots-2026-1/ros2_ws/install/xarm_msgs:/home/catcyber02/Mobile-Robots-2026-1/ros2_ws/install/xarm_description:/home/catcyber02/Mobile-Robots-2026-1/ros2_ws/install/justina_gui:/home/catcyber02/Mobile-Robots-2026-1/ros2_ws/install/justina_description:/home/catcyber02/Mobile-Robots-2026-1/ros2_ws/install/gazebo_envs:/home/catcyber02/Mobile-Robots-2026-1/ros2_ws/install/config_files:/opt/ros/jazzy/opt/gz_sim_vendor:/opt/ros/jazzy/opt/gz_sensors_vendor:/opt/ros/jazzy/opt/gz_physics_vendor:/opt/ros/jazzy/opt/sdformat_vendor:/opt/ros/jazzy/opt/gz_gui_vendor:/opt/ros/jazzy/opt/gz_transport_vendor:/opt/ros/jazzy/opt/gz_rendering_vendor:/opt/ros/jazzy/opt/gz_plugin_vendor:/opt/ros/jazzy/opt/gz_fuel_tools_vendor:/opt/ros/jazzy/opt/gz_msgs_vendor:/opt/ros/jazzy/opt/gz_common_vendor:/opt/ros/jazzy/opt/gz_math_vendor:/opt/ros/jazzy/opt/gz_utils_vendor:/opt/ros/jazzy/opt/gz_tools_vendor:/opt/ros/jazzy/opt/gz_ogre_next_vendor:/opt/ros/jazzy/opt/gz_dartsim_vendor:/opt/ros/jazzy/opt/gz_cmake_vendor:/home/catcyber02/Mobile-Robots-2026-1/ros2_ws/install/uf_ros_lib:/home/catcyber02/Mobile-Robots-2026-1/ros2_ws/install/simple_move:/home/catcyber02/Mobile-Robots-2026-1/ros2_ws/install/path_planner:/home/catcyber02/Mobile-Robots-2026-1/ros2_ws/install/map_augmenter:/opt/ros/jazzy DEBUGINFOD_URLS=https://debuginfod.ubuntu.com LD_LIBRARY_PATH=/home/catcyber02/Mobile-Robots-2026-1/install/xarm_sdk/lib:/home/catcyber02/Mobile-Robots-2026-1/install/xarm_msgs/lib:${LD_LIBRARY_PATH} PYTHONPATH=/home/catcyber02/Mobile-Robots-2026-1/install/xarm_msgs/lib/python3.12/site-packages:${PYTHONPATH} /usr/bin/cmake --install /home/catcyber02/Mobile-Robots-2026-1/build/xarm_api
[3.963s] Level 1:colcon.colcon_core.environment:create_environment_scripts_only(xarm_api)
[3.964s] Level 1:colcon.colcon_core.environment:checking '/home/catcyber02/Mobile-Robots-2026-1/install/xarm_api' for CMake module files
[3.965s] DEBUG:colcon.colcon_core.event_handler.log_command:Invoked command in '/home/catcyber02/Mobile-Robots-2026-1/build/xarm_api' returned '0': AMENT_PREFIX_PATH=/home/catcyber02/Mobile-Robots-2026-1/install/xarm_sdk:/home/catcyber02/Mobile-Robots-2026-1/install/xarm_msgs:/home/catcyber02/Mobile-Robots-2026-1/install/xarm_description:${AMENT_PREFIX_PATH} CMAKE_PREFIX_PATH=/home/catcyber02/Mobile-Robots-2026-1/install/xarm_sdk:/home/catcyber02/Mobile-Robots-2026-1/install/xarm_msgs:/home/catcyber02/Mobile-Robots-2026-1/install/xarm_description:/home/catcyber02/Mobile-Robots-2026-1/ros2_ws/install/xarm_controller:/home/catcyber02/Mobile-Robots-2026-1/ros2_ws/install/xarm_api:/home/catcyber02/Mobile-Robots-2026-1/ros2_ws/install/xarm_sdk:/home/catcyber02/Mobile-Robots-2026-1/ros2_ws/install/xarm_msgs:/home/catcyber02/Mobile-Robots-2026-1/ros2_ws/install/xarm_description:/home/catcyber02/Mobile-Robots-2026-1/ros2_ws/install/justina_gui:/home/catcyber02/Mobile-Robots-2026-1/ros2_ws/install/justina_description:/home/catcyber02/Mobile-Robots-2026-1/ros2_ws/install/gazebo_envs:/home/catcyber02/Mobile-Robots-2026-1/ros2_ws/install/config_files:/opt/ros/jazzy/opt/gz_sim_vendor:/opt/ros/jazzy/opt/gz_sensors_vendor:/opt/ros/jazzy/opt/gz_physics_vendor:/opt/ros/jazzy/opt/sdformat_vendor:/opt/ros/jazzy/opt/gz_gui_vendor:/opt/ros/jazzy/opt/gz_transport_vendor:/opt/ros/jazzy/opt/gz_rendering_vendor:/opt/ros/jazzy/opt/gz_plugin_vendor:/opt/ros/jazzy/opt/gz_fuel_tools_vendor:/opt/ros/jazzy/opt/gz_msgs_vendor:/opt/ros/jazzy/opt/gz_common_vendor:/opt/ros/jazzy/opt/gz_math_vendor:/opt/ros/jazzy/opt/gz_utils_vendor:/opt/ros/jazzy/opt/gz_tools_vendor:/opt/ros/jazzy/opt/gz_ogre_next_vendor:/opt/ros/jazzy/opt/gz_dartsim_vendor:/opt/ros/jazzy/opt/gz_cmake_vendor:/home/catcyber02/Mobile-Robots-2026-1/ros2_ws/install/uf_ros_lib:/home/catcyber02/Mobile-Robots-2026-1/ros2_ws/install/simple_move:/home/catcyber02/Mobile-Robots-2026-1/ros2_ws/install/path_planner:/home/catcyber02/Mobile-Robots-2026-1/ros2_ws/install/map_augmenter:/opt/ros/jazzy DEBUGINFOD_URLS=https://debuginfod.ubuntu.com LD_LIBRARY_PATH=/home/catcyber02/Mobile-Robots-2026-1/install/xarm_sdk/lib:/home/catcyber02/Mobile-Robots-2026-1/install/xarm_msgs/lib:${LD_LIBRARY_PATH} PYTHONPATH=/home/catcyber02/Mobile-Robots-2026-1/install/xarm_msgs/lib/python3.12/site-packages:${PYTHONPATH} /usr/bin/cmake --install /home/catcyber02/Mobile-Robots-2026-1/build/xarm_api
[3.966s] Level 1:colcon.colcon_core.environment:checking '/home/catcyber02/Mobile-Robots-2026-1/install/xarm_api' for CMake config files
[3.967s] Level 1:colcon.colcon_core.shell:create_environment_hook('xarm_api', 'cmake_prefix_path')
[3.967s] INFO:colcon.colcon_core.shell:Creating environment hook '/home/catcyber02/Mobile-Robots-2026-1/install/xarm_api/share/xarm_api/hook/cmake_prefix_path.ps1'
[3.969s] INFO:colcon.colcon_core.shell:Creating environment descriptor '/home/catcyber02/Mobile-Robots-2026-1/install/xarm_api/share/xarm_api/hook/cmake_prefix_path.dsv'
[3.970s] INFO:colcon.colcon_core.shell:Creating environment hook '/home/catcyber02/Mobile-Robots-2026-1/install/xarm_api/share/xarm_api/hook/cmake_prefix_path.sh'
[3.972s] Level 1:colcon.colcon_core.environment:checking '/home/catcyber02/Mobile-Robots-2026-1/install/xarm_api/lib'
[3.973s] Level 1:colcon.colcon_core.shell:create_environment_hook('xarm_api', 'ld_library_path_lib')
[3.973s] INFO:colcon.colcon_core.shell:Creating environment hook '/home/catcyber02/Mobile-Robots-2026-1/install/xarm_api/share/xarm_api/hook/ld_library_path_lib.ps1'
[3.974s] INFO:colcon.colcon_core.shell:Creating environment descriptor '/home/catcyber02/Mobile-Robots-2026-1/install/xarm_api/share/xarm_api/hook/ld_library_path_lib.dsv'
[3.975s] INFO:colcon.colcon_core.shell:Creating environment hook '/home/catcyber02/Mobile-Robots-2026-1/install/xarm_api/share/xarm_api/hook/ld_library_path_lib.sh'
[3.976s] Level 1:colcon.colcon_core.environment:checking '/home/catcyber02/Mobile-Robots-2026-1/install/xarm_api/bin'
[3.976s] Level 1:colcon.colcon_core.environment:checking '/home/catcyber02/Mobile-Robots-2026-1/install/xarm_api/lib/pkgconfig/xarm_api.pc'
[3.980s] Level 1:colcon.colcon_core.environment:checking '/home/catcyber02/Mobile-Robots-2026-1/install/xarm_api/lib/python3.12/site-packages'
[3.980s] Level 1:colcon.colcon_core.environment:checking '/home/catcyber02/Mobile-Robots-2026-1/install/xarm_api/bin'
[3.981s] INFO:colcon.colcon_core.shell:Creating package script '/home/catcyber02/Mobile-Robots-2026-1/install/xarm_api/share/xarm_api/package.ps1'
[3.983s] INFO:colcon.colcon_core.shell:Creating package descriptor '/home/catcyber02/Mobile-Robots-2026-1/install/xarm_api/share/xarm_api/package.dsv'
[3.985s] INFO:colcon.colcon_core.shell:Creating package script '/home/catcyber02/Mobile-Robots-2026-1/install/xarm_api/share/xarm_api/package.sh'
[3.987s] INFO:colcon.colcon_core.shell:Creating package script '/home/catcyber02/Mobile-Robots-2026-1/install/xarm_api/share/xarm_api/package.bash'
[3.989s] INFO:colcon.colcon_core.shell:Creating package script '/home/catcyber02/Mobile-Robots-2026-1/install/xarm_api/share/xarm_api/package.zsh'
[3.990s] Level 1:colcon.colcon_core.environment:create_file_with_runtime_dependencies(/home/catcyber02/Mobile-Robots-2026-1/install/xarm_api/share/colcon-core/packages/xarm_api)
[3.992s] Level 1:colcon.colcon_core.environment:create_environment_scripts_only(xarm_api)
[3.993s] Level 1:colcon.colcon_core.environment:checking '/home/catcyber02/Mobile-Robots-2026-1/install/xarm_api' for CMake module files
[3.996s] Level 1:colcon.colcon_core.environment:checking '/home/catcyber02/Mobile-Robots-2026-1/install/xarm_api' for CMake config files
[3.997s] Level 1:colcon.colcon_core.shell:create_environment_hook('xarm_api', 'cmake_prefix_path')
[3.998s] INFO:colcon.colcon_core.shell:Creating environment hook '/home/catcyber02/Mobile-Robots-2026-1/install/xarm_api/share/xarm_api/hook/cmake_prefix_path.ps1'
[4.000s] INFO:colcon.colcon_core.shell:Creating environment descriptor '/home/catcyber02/Mobile-Robots-2026-1/install/xarm_api/share/xarm_api/hook/cmake_prefix_path.dsv'
[4.001s] INFO:colcon.colcon_core.shell:Creating environment hook '/home/catcyber02/Mobile-Robots-2026-1/install/xarm_api/share/xarm_api/hook/cmake_prefix_path.sh'
[4.003s] Level 1:colcon.colcon_core.environment:checking '/home/catcyber02/Mobile-Robots-2026-1/install/xarm_api/lib'
[4.004s] Level 1:colcon.colcon_core.shell:create_environment_hook('xarm_api', 'ld_library_path_lib')
[4.004s] INFO:colcon.colcon_core.shell:Creating environment hook '/home/catcyber02/Mobile-Robots-2026-1/install/xarm_api/share/xarm_api/hook/ld_library_path_lib.ps1'
[4.006s] INFO:colcon.colcon_core.shell:Creating environment descriptor '/home/catcyber02/Mobile-Robots-2026-1/install/xarm_api/share/xarm_api/hook/ld_library_path_lib.dsv'
[4.007s] INFO:colcon.colcon_core.shell:Creating environment hook '/home/catcyber02/Mobile-Robots-2026-1/install/xarm_api/share/xarm_api/hook/ld_library_path_lib.sh'
[4.009s] Level 1:colcon.colcon_core.environment:checking '/home/catcyber02/Mobile-Robots-2026-1/install/xarm_api/bin'
[4.010s] Level 1:colcon.colcon_core.environment:checking '/home/catcyber02/Mobile-Robots-2026-1/install/xarm_api/lib/pkgconfig/xarm_api.pc'
[4.010s] Level 1:colcon.colcon_core.environment:checking '/home/catcyber02/Mobile-Robots-2026-1/install/xarm_api/lib/python3.12/site-packages'
[4.011s] Level 1:colcon.colcon_core.environment:checking '/home/catcyber02/Mobile-Robots-2026-1/install/xarm_api/bin'
[4.012s] INFO:colcon.colcon_core.shell:Creating package script '/home/catcyber02/Mobile-Robots-2026-1/install/xarm_api/share/xarm_api/package.ps1'
[4.015s] INFO:colcon.colcon_core.shell:Creating package descriptor '/home/catcyber02/Mobile-Robots-2026-1/install/xarm_api/share/xarm_api/package.dsv'
[4.017s] INFO:colcon.colcon_core.shell:Creating package script '/home/catcyber02/Mobile-Robots-2026-1/install/xarm_api/share/xarm_api/package.sh'
[4.018s] INFO:colcon.colcon_core.shell:Creating package script '/home/catcyber02/Mobile-Robots-2026-1/install/xarm_api/share/xarm_api/package.bash'
[4.019s] INFO:colcon.colcon_core.shell:Creating package script '/home/catcyber02/Mobile-Robots-2026-1/install/xarm_api/share/xarm_api/package.zsh'
[4.021s] Level 1:colcon.colcon_core.environment:create_file_with_runtime_dependencies(/home/catcyber02/Mobile-Robots-2026-1/install/xarm_api/share/colcon-core/packages/xarm_api)
[4.022s] INFO:colcon.colcon_ros.task.ament_cmake.build:Building ROS package in '/home/catcyber02/Mobile-Robots-2026-1/ros2_ws/src/hardware/xarm_ros2/xarm_controller' with build type 'ament_cmake'
[4.022s] INFO:colcon.colcon_cmake.task.cmake.build:Building CMake package in '/home/catcyber02/Mobile-Robots-2026-1/ros2_ws/src/hardware/xarm_ros2/xarm_controller'
[4.023s] INFO:colcon.colcon_core.shell:Skip shell extension 'powershell' for command environment: Not usable outside of PowerShell
[4.023s] DEBUG:colcon.colcon_core.shell:Skip shell extension 'dsv' for command environment
[4.075s] DEBUG:colcon.colcon_core.event_handler.log_command:Invoking command in '/home/catcyber02/Mobile-Robots-2026-1/build/xarm_controller': AMENT_PREFIX_PATH=/home/catcyber02/Mobile-Robots-2026-1/install/xarm_api:/home/catcyber02/Mobile-Robots-2026-1/install/xarm_sdk:/home/catcyber02/Mobile-Robots-2026-1/install/xarm_msgs:/home/catcyber02/Mobile-Robots-2026-1/install/xarm_description:${AMENT_PREFIX_PATH} CMAKE_PREFIX_PATH=/home/catcyber02/Mobile-Robots-2026-1/install/xarm_api:/home/catcyber02/Mobile-Robots-2026-1/install/xarm_sdk:/home/catcyber02/Mobile-Robots-2026-1/install/xarm_msgs:/home/catcyber02/Mobile-Robots-2026-1/install/xarm_description:/home/catcyber02/Mobile-Robots-2026-1/ros2_ws/install/xarm_controller:/home/catcyber02/Mobile-Robots-2026-1/ros2_ws/install/xarm_api:/home/catcyber02/Mobile-Robots-2026-1/ros2_ws/install/xarm_sdk:/home/catcyber02/Mobile-Robots-2026-1/ros2_ws/install/xarm_msgs:/home/catcyber02/Mobile-Robots-2026-1/ros2_ws/install/xarm_description:/home/catcyber02/Mobile-Robots-2026-1/ros2_ws/install/justina_gui:/home/catcyber02/Mobile-Robots-2026-1/ros2_ws/install/justina_description:/home/catcyber02/Mobile-Robots-2026-1/ros2_ws/install/gazebo_envs:/home/catcyber02/Mobile-Robots-2026-1/ros2_ws/install/config_files:/opt/ros/jazzy/opt/gz_sim_vendor:/opt/ros/jazzy/opt/gz_sensors_vendor:/opt/ros/jazzy/opt/gz_physics_vendor:/opt/ros/jazzy/opt/sdformat_vendor:/opt/ros/jazzy/opt/gz_gui_vendor:/opt/ros/jazzy/opt/gz_transport_vendor:/opt/ros/jazzy/opt/gz_rendering_vendor:/opt/ros/jazzy/opt/gz_plugin_vendor:/opt/ros/jazzy/opt/gz_fuel_tools_vendor:/opt/ros/jazzy/opt/gz_msgs_vendor:/opt/ros/jazzy/opt/gz_common_vendor:/opt/ros/jazzy/opt/gz_math_vendor:/opt/ros/jazzy/opt/gz_utils_vendor:/opt/ros/jazzy/opt/gz_tools_vendor:/opt/ros/jazzy/opt/gz_ogre_next_vendor:/opt/ros/jazzy/opt/gz_dartsim_vendor:/opt/ros/jazzy/opt/gz_cmake_vendor:/home/catcyber02/Mobile-Robots-2026-1/ros2_ws/install/uf_ros_lib:/home/catcyber02/Mobile-Robots-2026-1/ros2_ws/install/simple_move:/home/catcyber02/Mobile-Robots-2026-1/ros2_ws/install/path_planner:/home/catcyber02/Mobile-Robots-2026-1/ros2_ws/install/map_augmenter:/opt/ros/jazzy DEBUGINFOD_URLS=https://debuginfod.ubuntu.com LD_LIBRARY_PATH=/home/catcyber02/Mobile-Robots-2026-1/install/xarm_api/lib:/home/catcyber02/Mobile-Robots-2026-1/install/xarm_sdk/lib:/home/catcyber02/Mobile-Robots-2026-1/install/xarm_msgs/lib:${LD_LIBRARY_PATH} PYTHONPATH=/home/catcyber02/Mobile-Robots-2026-1/install/xarm_msgs/lib/python3.12/site-packages:${PYTHONPATH} /usr/bin/cmake --build /home/catcyber02/Mobile-Robots-2026-1/build/xarm_controller -- -j8 -l8
[4.324s] DEBUG:colcon.colcon_core.event_handler.log_command:Invoked command in '/home/catcyber02/Mobile-Robots-2026-1/build/xarm_controller' returned '0': AMENT_PREFIX_PATH=/home/catcyber02/Mobile-Robots-2026-1/install/xarm_api:/home/catcyber02/Mobile-Robots-2026-1/install/xarm_sdk:/home/catcyber02/Mobile-Robots-2026-1/install/xarm_msgs:/home/catcyber02/Mobile-Robots-2026-1/install/xarm_description:${AMENT_PREFIX_PATH} CMAKE_PREFIX_PATH=/home/catcyber02/Mobile-Robots-2026-1/install/xarm_api:/home/catcyber02/Mobile-Robots-2026-1/install/xarm_sdk:/home/catcyber02/Mobile-Robots-2026-1/install/xarm_msgs:/home/catcyber02/Mobile-Robots-2026-1/install/xarm_description:/home/catcyber02/Mobile-Robots-2026-1/ros2_ws/install/xarm_controller:/home/catcyber02/Mobile-Robots-2026-1/ros2_ws/install/xarm_api:/home/catcyber02/Mobile-Robots-2026-1/ros2_ws/install/xarm_sdk:/home/catcyber02/Mobile-Robots-2026-1/ros2_ws/install/xarm_msgs:/home/catcyber02/Mobile-Robots-2026-1/ros2_ws/install/xarm_description:/home/catcyber02/Mobile-Robots-2026-1/ros2_ws/install/justina_gui:/home/catcyber02/Mobile-Robots-2026-1/ros2_ws/install/justina_description:/home/catcyber02/Mobile-Robots-2026-1/ros2_ws/install/gazebo_envs:/home/catcyber02/Mobile-Robots-2026-1/ros2_ws/install/config_files:/opt/ros/jazzy/opt/gz_sim_vendor:/opt/ros/jazzy/opt/gz_sensors_vendor:/opt/ros/jazzy/opt/gz_physics_vendor:/opt/ros/jazzy/opt/sdformat_vendor:/opt/ros/jazzy/opt/gz_gui_vendor:/opt/ros/jazzy/opt/gz_transport_vendor:/opt/ros/jazzy/opt/gz_rendering_vendor:/opt/ros/jazzy/opt/gz_plugin_vendor:/opt/ros/jazzy/opt/gz_fuel_tools_vendor:/opt/ros/jazzy/opt/gz_msgs_vendor:/opt/ros/jazzy/opt/gz_common_vendor:/opt/ros/jazzy/opt/gz_math_vendor:/opt/ros/jazzy/opt/gz_utils_vendor:/opt/ros/jazzy/opt/gz_tools_vendor:/opt/ros/jazzy/opt/gz_ogre_next_vendor:/opt/ros/jazzy/opt/gz_dartsim_vendor:/opt/ros/jazzy/opt/gz_cmake_vendor:/home/catcyber02/Mobile-Robots-2026-1/ros2_ws/install/uf_ros_lib:/home/catcyber02/Mobile-Robots-2026-1/ros2_ws/install/simple_move:/home/catcyber02/Mobile-Robots-2026-1/ros2_ws/install/path_planner:/home/catcyber02/Mobile-Robots-2026-1/ros2_ws/install/map_augmenter:/opt/ros/jazzy DEBUGINFOD_URLS=https://debuginfod.ubuntu.com LD_LIBRARY_PATH=/home/catcyber02/Mobile-Robots-2026-1/install/xarm_api/lib:/home/catcyber02/Mobile-Robots-2026-1/install/xarm_sdk/lib:/home/catcyber02/Mobile-Robots-2026-1/install/xarm_msgs/lib:${LD_LIBRARY_PATH} PYTHONPATH=/home/catcyber02/Mobile-Robots-2026-1/install/xarm_msgs/lib/python3.12/site-packages:${PYTHONPATH} /usr/bin/cmake --build /home/catcyber02/Mobile-Robots-2026-1/build/xarm_controller -- -j8 -l8
[4.327s] DEBUG:colcon.colcon_core.event_handler.log_command:Invoking command in '/home/catcyber02/Mobile-Robots-2026-1/build/xarm_controller': AMENT_PREFIX_PATH=/home/catcyber02/Mobile-Robots-2026-1/install/xarm_api:/home/catcyber02/Mobile-Robots-2026-1/install/xarm_sdk:/home/catcyber02/Mobile-Robots-2026-1/install/xarm_msgs:/home/catcyber02/Mobile-Robots-2026-1/install/xarm_description:${AMENT_PREFIX_PATH} CMAKE_PREFIX_PATH=/home/catcyber02/Mobile-Robots-2026-1/install/xarm_api:/home/catcyber02/Mobile-Robots-2026-1/install/xarm_sdk:/home/catcyber02/Mobile-Robots-2026-1/install/xarm_msgs:/home/catcyber02/Mobile-Robots-2026-1/install/xarm_description:/home/catcyber02/Mobile-Robots-2026-1/ros2_ws/install/xarm_controller:/home/catcyber02/Mobile-Robots-2026-1/ros2_ws/install/xarm_api:/home/catcyber02/Mobile-Robots-2026-1/ros2_ws/install/xarm_sdk:/home/catcyber02/Mobile-Robots-2026-1/ros2_ws/install/xarm_msgs:/home/catcyber02/Mobile-Robots-2026-1/ros2_ws/install/xarm_description:/home/catcyber02/Mobile-Robots-2026-1/ros2_ws/install/justina_gui:/home/catcyber02/Mobile-Robots-2026-1/ros2_ws/install/justina_description:/home/catcyber02/Mobile-Robots-2026-1/ros2_ws/install/gazebo_envs:/home/catcyber02/Mobile-Robots-2026-1/ros2_ws/install/config_files:/opt/ros/jazzy/opt/gz_sim_vendor:/opt/ros/jazzy/opt/gz_sensors_vendor:/opt/ros/jazzy/opt/gz_physics_vendor:/opt/ros/jazzy/opt/sdformat_vendor:/opt/ros/jazzy/opt/gz_gui_vendor:/opt/ros/jazzy/opt/gz_transport_vendor:/opt/ros/jazzy/opt/gz_rendering_vendor:/opt/ros/jazzy/opt/gz_plugin_vendor:/opt/ros/jazzy/opt/gz_fuel_tools_vendor:/opt/ros/jazzy/opt/gz_msgs_vendor:/opt/ros/jazzy/opt/gz_common_vendor:/opt/ros/jazzy/opt/gz_math_vendor:/opt/ros/jazzy/opt/gz_utils_vendor:/opt/ros/jazzy/opt/gz_tools_vendor:/opt/ros/jazzy/opt/gz_ogre_next_vendor:/opt/ros/jazzy/opt/gz_dartsim_vendor:/opt/ros/jazzy/opt/gz_cmake_vendor:/home/catcyber02/Mobile-Robots-2026-1/ros2_ws/install/uf_ros_lib:/home/catcyber02/Mobile-Robots-2026-1/ros2_ws/install/simple_move:/home/catcyber02/Mobile-Robots-2026-1/ros2_ws/install/path_planner:/home/catcyber02/Mobile-Robots-2026-1/ros2_ws/install/map_augmenter:/opt/ros/jazzy DEBUGINFOD_URLS=https://debuginfod.ubuntu.com LD_LIBRARY_PATH=/home/catcyber02/Mobile-Robots-2026-1/install/xarm_api/lib:/home/catcyber02/Mobile-Robots-2026-1/install/xarm_sdk/lib:/home/catcyber02/Mobile-Robots-2026-1/install/xarm_msgs/lib:${LD_LIBRARY_PATH} PYTHONPATH=/home/catcyber02/Mobile-Robots-2026-1/install/xarm_msgs/lib/python3.12/site-packages:${PYTHONPATH} /usr/bin/cmake --install /home/catcyber02/Mobile-Robots-2026-1/build/xarm_controller
[4.366s] Level 1:colcon.colcon_core.environment:create_environment_scripts_only(xarm_controller)
[4.369s] Level 1:colcon.colcon_core.environment:checking '/home/catcyber02/Mobile-Robots-2026-1/install/xarm_controller' for CMake module files
[4.370s] Level 1:colcon.colcon_core.environment:checking '/home/catcyber02/Mobile-Robots-2026-1/install/xarm_controller' for CMake config files
[4.373s] Level 1:colcon.colcon_core.shell:create_environment_hook('xarm_controller', 'cmake_prefix_path')
[4.375s] INFO:colcon.colcon_core.shell:Creating environment hook '/home/catcyber02/Mobile-Robots-2026-1/install/xarm_controller/share/xarm_controller/hook/cmake_prefix_path.ps1'
[4.378s] INFO:colcon.colcon_core.shell:Creating environment descriptor '/home/catcyber02/Mobile-Robots-2026-1/install/xarm_controller/share/xarm_controller/hook/cmake_prefix_path.dsv'
[4.381s] INFO:colcon.colcon_core.shell:Creating environment hook '/home/catcyber02/Mobile-Robots-2026-1/install/xarm_controller/share/xarm_controller/hook/cmake_prefix_path.sh'
[4.384s] Level 1:colcon.colcon_core.environment:checking '/home/catcyber02/Mobile-Robots-2026-1/install/xarm_controller/lib'
[4.386s] Level 1:colcon.colcon_core.shell:create_environment_hook('xarm_controller', 'ld_library_path_lib')
[4.387s] INFO:colcon.colcon_core.shell:Creating environment hook '/home/catcyber02/Mobile-Robots-2026-1/install/xarm_controller/share/xarm_controller/hook/ld_library_path_lib.ps1'
[4.390s] INFO:colcon.colcon_core.shell:Creating environment descriptor '/home/catcyber02/Mobile-Robots-2026-1/install/xarm_controller/share/xarm_controller/hook/ld_library_path_lib.dsv'
[4.393s] INFO:colcon.colcon_core.shell:Creating environment hook '/home/catcyber02/Mobile-Robots-2026-1/install/xarm_controller/share/xarm_controller/hook/ld_library_path_lib.sh'
[4.396s] Level 1:colcon.colcon_core.environment:checking '/home/catcyber02/Mobile-Robots-2026-1/install/xarm_controller/bin'
[4.397s] Level 1:colcon.colcon_core.environment:checking '/home/catcyber02/Mobile-Robots-2026-1/install/xarm_controller/lib/pkgconfig/xarm_controller.pc'
[4.398s] Level 1:colcon.colcon_core.environment:checking '/home/catcyber02/Mobile-Robots-2026-1/install/xarm_controller/lib/python3.12/site-packages'
[4.399s] Level 1:colcon.colcon_core.environment:checking '/home/catcyber02/Mobile-Robots-2026-1/install/xarm_controller/bin'
[4.400s] INFO:colcon.colcon_core.shell:Creating package script '/home/catcyber02/Mobile-Robots-2026-1/install/xarm_controller/share/xarm_controller/package.ps1'
[4.404s] INFO:colcon.colcon_core.shell:Creating package descriptor '/home/catcyber02/Mobile-Robots-2026-1/install/xarm_controller/share/xarm_controller/package.dsv'
[4.407s] INFO:colcon.colcon_core.shell:Creating package script '/home/catcyber02/Mobile-Robots-2026-1/install/xarm_controller/share/xarm_controller/package.sh'
[4.411s] INFO:colcon.colcon_core.shell:Creating package script '/home/catcyber02/Mobile-Robots-2026-1/install/xarm_controller/share/xarm_controller/package.bash'
[4.414s] INFO:colcon.colcon_core.shell:Creating package script '/home/catcyber02/Mobile-Robots-2026-1/install/xarm_controller/share/xarm_controller/package.zsh'
[4.416s] Level 1:colcon.colcon_core.environment:create_file_with_runtime_dependencies(/home/catcyber02/Mobile-Robots-2026-1/install/xarm_controller/share/colcon-core/packages/xarm_controller)
[4.419s] Level 1:colcon.colcon_core.environment:create_environment_scripts_only(xarm_controller)
[4.421s] Level 1:colcon.colcon_core.environment:checking '/home/catcyber02/Mobile-Robots-2026-1/install/xarm_controller' for CMake module files
[4.422s] DEBUG:colcon.colcon_core.event_handler.log_command:Invoked command in '/home/catcyber02/Mobile-Robots-2026-1/build/xarm_controller' returned '0': AMENT_PREFIX_PATH=/home/catcyber02/Mobile-Robots-2026-1/install/xarm_api:/home/catcyber02/Mobile-Robots-2026-1/install/xarm_sdk:/home/catcyber02/Mobile-Robots-2026-1/install/xarm_msgs:/home/catcyber02/Mobile-Robots-2026-1/install/xarm_description:${AMENT_PREFIX_PATH} CMAKE_PREFIX_PATH=/home/catcyber02/Mobile-Robots-2026-1/install/xarm_api:/home/catcyber02/Mobile-Robots-2026-1/install/xarm_sdk:/home/catcyber02/Mobile-Robots-2026-1/install/xarm_msgs:/home/catcyber02/Mobile-Robots-2026-1/install/xarm_description:/home/catcyber02/Mobile-Robots-2026-1/ros2_ws/install/xarm_controller:/home/catcyber02/Mobile-Robots-2026-1/ros2_ws/install/xarm_api:/home/catcyber02/Mobile-Robots-2026-1/ros2_ws/install/xarm_sdk:/home/catcyber02/Mobile-Robots-2026-1/ros2_ws/install/xarm_msgs:/home/catcyber02/Mobile-Robots-2026-1/ros2_ws/install/xarm_description:/home/catcyber02/Mobile-Robots-2026-1/ros2_ws/install/justina_gui:/home/catcyber02/Mobile-Robots-2026-1/ros2_ws/install/justina_description:/home/catcyber02/Mobile-Robots-2026-1/ros2_ws/install/gazebo_envs:/home/catcyber02/Mobile-Robots-2026-1/ros2_ws/install/config_files:/opt/ros/jazzy/opt/gz_sim_vendor:/opt/ros/jazzy/opt/gz_sensors_vendor:/opt/ros/jazzy/opt/gz_physics_vendor:/opt/ros/jazzy/opt/sdformat_vendor:/opt/ros/jazzy/opt/gz_gui_vendor:/opt/ros/jazzy/opt/gz_transport_vendor:/opt/ros/jazzy/opt/gz_rendering_vendor:/opt/ros/jazzy/opt/gz_plugin_vendor:/opt/ros/jazzy/opt/gz_fuel_tools_vendor:/opt/ros/jazzy/opt/gz_msgs_vendor:/opt/ros/jazzy/opt/gz_common_vendor:/opt/ros/jazzy/opt/gz_math_vendor:/opt/ros/jazzy/opt/gz_utils_vendor:/opt/ros/jazzy/opt/gz_tools_vendor:/opt/ros/jazzy/opt/gz_ogre_next_vendor:/opt/ros/jazzy/opt/gz_dartsim_vendor:/opt/ros/jazzy/opt/gz_cmake_vendor:/home/catcyber02/Mobile-Robots-2026-1/ros2_ws/install/uf_ros_lib:/home/catcyber02/Mobile-Robots-2026-1/ros2_ws/install/simple_move:/home/catcyber02/Mobile-Robots-2026-1/ros2_ws/install/path_planner:/home/catcyber02/Mobile-Robots-2026-1/ros2_ws/install/map_augmenter:/opt/ros/jazzy DEBUGINFOD_URLS=https://debuginfod.ubuntu.com LD_LIBRARY_PATH=/home/catcyber02/Mobile-Robots-2026-1/install/xarm_api/lib:/home/catcyber02/Mobile-Robots-2026-1/install/xarm_sdk/lib:/home/catcyber02/Mobile-Robots-2026-1/install/xarm_msgs/lib:${LD_LIBRARY_PATH} PYTHONPATH=/home/catcyber02/Mobile-Robots-2026-1/install/xarm_msgs/lib/python3.12/site-packages:${PYTHONPATH} /usr/bin/cmake --install /home/catcyber02/Mobile-Robots-2026-1/build/xarm_controller
[4.424s] Level 1:colcon.colcon_core.environment:checking '/home/catcyber02/Mobile-Robots-2026-1/install/xarm_controller' for CMake config files
[4.425s] Level 1:colcon.colcon_core.shell:create_environment_hook('xarm_controller', 'cmake_prefix_path')
[4.426s] INFO:colcon.colcon_core.shell:Creating environment hook '/home/catcyber02/Mobile-Robots-2026-1/install/xarm_controller/share/xarm_controller/hook/cmake_prefix_path.ps1'
[4.427s] INFO:colcon.colcon_core.shell:Creating environment descriptor '/home/catcyber02/Mobile-Robots-2026-1/install/xarm_controller/share/xarm_controller/hook/cmake_prefix_path.dsv'
[4.429s] INFO:colcon.colcon_core.shell:Creating environment hook '/home/catcyber02/Mobile-Robots-2026-1/install/xarm_controller/share/xarm_controller/hook/cmake_prefix_path.sh'
[4.431s] Level 1:colcon.colcon_core.environment:checking '/home/catcyber02/Mobile-Robots-2026-1/install/xarm_controller/lib'
[4.431s] Level 1:colcon.colcon_core.shell:create_environment_hook('xarm_controller', 'ld_library_path_lib')
[4.432s] INFO:colcon.colcon_core.shell:Creating environment hook '/home/catcyber02/Mobile-Robots-2026-1/install/xarm_controller/share/xarm_controller/hook/ld_library_path_lib.ps1'
[4.433s] INFO:colcon.colcon_core.shell:Creating environment descriptor '/home/catcyber02/Mobile-Robots-2026-1/install/xarm_controller/share/xarm_controller/hook/ld_library_path_lib.dsv'
[4.434s] INFO:colcon.colcon_core.shell:Creating environment hook '/home/catcyber02/Mobile-Robots-2026-1/install/xarm_controller/share/xarm_controller/hook/ld_library_path_lib.sh'
[4.436s] Level 1:colcon.colcon_core.environment:checking '/home/catcyber02/Mobile-Robots-2026-1/install/xarm_controller/bin'
[4.436s] Level 1:colcon.colcon_core.environment:checking '/home/catcyber02/Mobile-Robots-2026-1/install/xarm_controller/lib/pkgconfig/xarm_controller.pc'
[4.437s] Level 1:colcon.colcon_core.environment:checking '/home/catcyber02/Mobile-Robots-2026-1/install/xarm_controller/lib/python3.12/site-packages'
[4.438s] Level 1:colcon.colcon_core.environment:checking '/home/catcyber02/Mobile-Robots-2026-1/install/xarm_controller/bin'
[4.439s] INFO:colcon.colcon_core.shell:Creating package script '/home/catcyber02/Mobile-Robots-2026-1/install/xarm_controller/share/xarm_controller/package.ps1'
[4.440s] INFO:colcon.colcon_core.shell:Creating package descriptor '/home/catcyber02/Mobile-Robots-2026-1/install/xarm_controller/share/xarm_controller/package.dsv'
[4.443s] INFO:colcon.colcon_core.shell:Creating package script '/home/catcyber02/Mobile-Robots-2026-1/install/xarm_controller/share/xarm_controller/package.sh'
[4.444s] INFO:colcon.colcon_core.shell:Creating package script '/home/catcyber02/Mobile-Robots-2026-1/install/xarm_controller/share/xarm_controller/package.bash'
[4.446s] INFO:colcon.colcon_core.shell:Creating package script '/home/catcyber02/Mobile-Robots-2026-1/install/xarm_controller/share/xarm_controller/package.zsh'
[4.447s] Level 1:colcon.colcon_core.environment:create_file_with_runtime_dependencies(/home/catcyber02/Mobile-Robots-2026-1/install/xarm_controller/share/colcon-core/packages/xarm_controller)
[4.502s] DEBUG:colcon.colcon_core.event_handler.log_command:Invoking command in '/home/catcyber02/Mobile-Robots-2026-1/ros2_ws/src/navigation/path_planner': DEBUGINFOD_URLS=https://debuginfod.ubuntu.com PYTHONPATH=/home/catcyber02/Mobile-Robots-2026-1/build/path_planner/prefix_override:/usr/lib/python3/dist-packages/colcon_core/task/python/colcon_distutils_commands:/home/catcyber02/Mobile-Robots-2026-1/install/path_planner/lib/python3.12/site-packages:${PYTHONPATH} /usr/bin/python3 -W ignore:setup.py install is deprecated -W ignore:easy_install command is deprecated setup.py egg_info --egg-base ../../../../build/path_planner build --build-base /home/catcyber02/Mobile-Robots-2026-1/build/path_planner/build install --record /home/catcyber02/Mobile-Robots-2026-1/build/path_planner/install.log --single-version-externally-managed install_data
[4.873s] Level 1:colcon.colcon_core.environment:checking '/home/catcyber02/Mobile-Robots-2026-1/install/map_augmenter' for CMake module files
[4.874s] DEBUG:colcon.colcon_core.event_handler.log_command:Invoked command in '/home/catcyber02/Mobile-Robots-2026-1/ros2_ws/src/navigation/map_augmenter' returned '0': DEBUGINFOD_URLS=https://debuginfod.ubuntu.com PYTHONPATH=/home/catcyber02/Mobile-Robots-2026-1/build/map_augmenter/prefix_override:/usr/lib/python3/dist-packages/colcon_core/task/python/colcon_distutils_commands:/home/catcyber02/Mobile-Robots-2026-1/install/map_augmenter/lib/python3.12/site-packages:${PYTHONPATH} /usr/bin/python3 -W ignore:setup.py install is deprecated -W ignore:easy_install command is deprecated setup.py egg_info --egg-base ../../../../build/map_augmenter build --build-base /home/catcyber02/Mobile-Robots-2026-1/build/map_augmenter/build install --record /home/catcyber02/Mobile-Robots-2026-1/build/map_augmenter/install.log --single-version-externally-managed install_data
[4.875s] Level 1:colcon.colcon_core.environment:checking '/home/catcyber02/Mobile-Robots-2026-1/install/map_augmenter' for CMake config files
[4.877s] Level 1:colcon.colcon_core.environment:checking '/home/catcyber02/Mobile-Robots-2026-1/install/map_augmenter/lib'
[4.877s] Level 1:colcon.colcon_core.environment:checking '/home/catcyber02/Mobile-Robots-2026-1/install/map_augmenter/bin'
[4.877s] Level 1:colcon.colcon_core.environment:checking '/home/catcyber02/Mobile-Robots-2026-1/install/map_augmenter/lib/pkgconfig/map_augmenter.pc'
[4.878s] Level 1:colcon.colcon_core.environment:checking '/home/catcyber02/Mobile-Robots-2026-1/install/map_augmenter/lib/python3.12/site-packages'
[4.878s] Level 1:colcon.colcon_core.shell:create_environment_hook('map_augmenter', 'pythonpath')
[4.879s] INFO:colcon.colcon_core.shell:Creating environment hook '/home/catcyber02/Mobile-Robots-2026-1/install/map_augmenter/share/map_augmenter/hook/pythonpath.ps1'
[4.880s] INFO:colcon.colcon_core.shell:Creating environment descriptor '/home/catcyber02/Mobile-Robots-2026-1/install/map_augmenter/share/map_augmenter/hook/pythonpath.dsv'
[4.880s] INFO:colcon.colcon_core.shell:Creating environment hook '/home/catcyber02/Mobile-Robots-2026-1/install/map_augmenter/share/map_augmenter/hook/pythonpath.sh'
[4.882s] Level 1:colcon.colcon_core.environment:checking '/home/catcyber02/Mobile-Robots-2026-1/install/map_augmenter/bin'
[4.882s] Level 1:colcon.colcon_core.environment:create_environment_scripts_only(map_augmenter)
[4.882s] INFO:colcon.colcon_core.shell:Creating package script '/home/catcyber02/Mobile-Robots-2026-1/install/map_augmenter/share/map_augmenter/package.ps1'
[4.884s] INFO:colcon.colcon_core.shell:Creating package descriptor '/home/catcyber02/Mobile-Robots-2026-1/install/map_augmenter/share/map_augmenter/package.dsv'
[4.885s] INFO:colcon.colcon_core.shell:Creating package script '/home/catcyber02/Mobile-Robots-2026-1/install/map_augmenter/share/map_augmenter/package.sh'
[4.886s] INFO:colcon.colcon_core.shell:Creating package script '/home/catcyber02/Mobile-Robots-2026-1/install/map_augmenter/share/map_augmenter/package.bash'
[4.886s] INFO:colcon.colcon_core.shell:Creating package script '/home/catcyber02/Mobile-Robots-2026-1/install/map_augmenter/share/map_augmenter/package.zsh'
[4.887s] Level 1:colcon.colcon_core.environment:create_file_with_runtime_dependencies(/home/catcyber02/Mobile-Robots-2026-1/install/map_augmenter/share/colcon-core/packages/map_augmenter)
[5.012s] DEBUG:colcon.colcon_core.event_handler.log_command:Invoking command in '/home/catcyber02/Mobile-Robots-2026-1/ros2_ws/src/navigation/simple_move': DEBUGINFOD_URLS=https://debuginfod.ubuntu.com PYTHONPATH=/home/catcyber02/Mobile-Robots-2026-1/build/simple_move/prefix_override:/usr/lib/python3/dist-packages/colcon_core/task/python/colcon_distutils_commands:/home/catcyber02/Mobile-Robots-2026-1/install/simple_move/lib/python3.12/site-packages:${PYTHONPATH} /usr/bin/python3 -W ignore:setup.py install is deprecated -W ignore:easy_install command is deprecated setup.py egg_info --egg-base ../../../../build/simple_move build --build-base /home/catcyber02/Mobile-Robots-2026-1/build/simple_move/build install --record /home/catcyber02/Mobile-Robots-2026-1/build/simple_move/install.log --single-version-externally-managed install_data
[5.092s] DEBUG:colcon.colcon_core.event_handler.log_command:Invoking command in '/home/catcyber02/Mobile-Robots-2026-1/ros2_ws/src/hardware/xarm_ros2/uf_ros_lib': DEBUGINFOD_URLS=https://debuginfod.ubuntu.com PYTHONPATH=/home/catcyber02/Mobile-Robots-2026-1/build/uf_ros_lib/prefix_override:/usr/lib/python3/dist-packages/colcon_core/task/python/colcon_distutils_commands:/home/catcyber02/Mobile-Robots-2026-1/install/uf_ros_lib/lib/python3.12/site-packages:${PYTHONPATH} /usr/bin/python3 -W ignore:setup.py install is deprecated -W ignore:easy_install command is deprecated setup.py egg_info --egg-base ../../../../../build/uf_ros_lib build --build-base /home/catcyber02/Mobile-Robots-2026-1/build/uf_ros_lib/build install --record /home/catcyber02/Mobile-Robots-2026-1/build/uf_ros_lib/install.log --single-version-externally-managed install_data
[5.719s] Level 1:colcon.colcon_core.environment:checking '/home/catcyber02/Mobile-Robots-2026-1/install/path_planner' for CMake module files
[5.720s] DEBUG:colcon.colcon_core.event_handler.log_command:Invoked command in '/home/catcyber02/Mobile-Robots-2026-1/ros2_ws/src/navigation/path_planner' returned '0': DEBUGINFOD_URLS=https://debuginfod.ubuntu.com PYTHONPATH=/home/catcyber02/Mobile-Robots-2026-1/build/path_planner/prefix_override:/usr/lib/python3/dist-packages/colcon_core/task/python/colcon_distutils_commands:/home/catcyber02/Mobile-Robots-2026-1/install/path_planner/lib/python3.12/site-packages:${PYTHONPATH} /usr/bin/python3 -W ignore:setup.py install is deprecated -W ignore:easy_install command is deprecated setup.py egg_info --egg-base ../../../../build/path_planner build --build-base /home/catcyber02/Mobile-Robots-2026-1/build/path_planner/build install --record /home/catcyber02/Mobile-Robots-2026-1/build/path_planner/install.log --single-version-externally-managed install_data
[5.721s] Level 1:colcon.colcon_core.environment:checking '/home/catcyber02/Mobile-Robots-2026-1/install/path_planner' for CMake config files
[5.722s] Level 1:colcon.colcon_core.environment:checking '/home/catcyber02/Mobile-Robots-2026-1/install/path_planner/lib'
[5.722s] Level 1:colcon.colcon_core.environment:checking '/home/catcyber02/Mobile-Robots-2026-1/install/path_planner/bin'
[5.722s] Level 1:colcon.colcon_core.environment:checking '/home/catcyber02/Mobile-Robots-2026-1/install/path_planner/lib/pkgconfig/path_planner.pc'
[5.723s] Level 1:colcon.colcon_core.environment:checking '/home/catcyber02/Mobile-Robots-2026-1/install/path_planner/lib/python3.12/site-packages'
[5.723s] Level 1:colcon.colcon_core.shell:create_environment_hook('path_planner', 'pythonpath')
[5.723s] INFO:colcon.colcon_core.shell:Creating environment hook '/home/catcyber02/Mobile-Robots-2026-1/install/path_planner/share/path_planner/hook/pythonpath.ps1'
[5.724s] INFO:colcon.colcon_core.shell:Creating environment descriptor '/home/catcyber02/Mobile-Robots-2026-1/install/path_planner/share/path_planner/hook/pythonpath.dsv'
[5.725s] INFO:colcon.colcon_core.shell:Creating environment hook '/home/catcyber02/Mobile-Robots-2026-1/install/path_planner/share/path_planner/hook/pythonpath.sh'
[5.726s] Level 1:colcon.colcon_core.environment:checking '/home/catcyber02/Mobile-Robots-2026-1/install/path_planner/bin'
[5.727s] Level 1:colcon.colcon_core.environment:create_environment_scripts_only(path_planner)
[5.727s] INFO:colcon.colcon_core.shell:Creating package script '/home/catcyber02/Mobile-Robots-2026-1/install/path_planner/share/path_planner/package.ps1'
[5.728s] INFO:colcon.colcon_core.shell:Creating package descriptor '/home/catcyber02/Mobile-Robots-2026-1/install/path_planner/share/path_planner/package.dsv'
[5.730s] INFO:colcon.colcon_core.shell:Creating package script '/home/catcyber02/Mobile-Robots-2026-1/install/path_planner/share/path_planner/package.sh'
[5.731s] INFO:colcon.colcon_core.shell:Creating package script '/home/catcyber02/Mobile-Robots-2026-1/install/path_planner/share/path_planner/package.bash'
[5.732s] INFO:colcon.colcon_core.shell:Creating package script '/home/catcyber02/Mobile-Robots-2026-1/install/path_planner/share/path_planner/package.zsh'
[5.733s] Level 1:colcon.colcon_core.environment:create_file_with_runtime_dependencies(/home/catcyber02/Mobile-Robots-2026-1/install/path_planner/share/colcon-core/packages/path_planner)
[6.124s] Level 1:colcon.colcon_core.environment:checking '/home/catcyber02/Mobile-Robots-2026-1/install/simple_move' for CMake module files
[6.125s] DEBUG:colcon.colcon_core.event_handler.log_command:Invoked command in '/home/catcyber02/Mobile-Robots-2026-1/ros2_ws/src/navigation/simple_move' returned '0': DEBUGINFOD_URLS=https://debuginfod.ubuntu.com PYTHONPATH=/home/catcyber02/Mobile-Robots-2026-1/build/simple_move/prefix_override:/usr/lib/python3/dist-packages/colcon_core/task/python/colcon_distutils_commands:/home/catcyber02/Mobile-Robots-2026-1/install/simple_move/lib/python3.12/site-packages:${PYTHONPATH} /usr/bin/python3 -W ignore:setup.py install is deprecated -W ignore:easy_install command is deprecated setup.py egg_info --egg-base ../../../../build/simple_move build --build-base /home/catcyber02/Mobile-Robots-2026-1/build/simple_move/build install --record /home/catcyber02/Mobile-Robots-2026-1/build/simple_move/install.log --single-version-externally-managed install_data
[6.125s] Level 1:colcon.colcon_core.environment:checking '/home/catcyber02/Mobile-Robots-2026-1/install/simple_move' for CMake config files
[6.126s] Level 1:colcon.colcon_core.environment:checking '/home/catcyber02/Mobile-Robots-2026-1/install/simple_move/lib'
[6.127s] Level 1:colcon.colcon_core.environment:checking '/home/catcyber02/Mobile-Robots-2026-1/install/simple_move/bin'
[6.127s] Level 1:colcon.colcon_core.environment:checking '/home/catcyber02/Mobile-Robots-2026-1/install/simple_move/lib/pkgconfig/simple_move.pc'
[6.127s] Level 1:colcon.colcon_core.environment:checking '/home/catcyber02/Mobile-Robots-2026-1/install/simple_move/lib/python3.12/site-packages'
[6.127s] Level 1:colcon.colcon_core.shell:create_environment_hook('simple_move', 'pythonpath')
[6.128s] INFO:colcon.colcon_core.shell:Creating environment hook '/home/catcyber02/Mobile-Robots-2026-1/install/simple_move/share/simple_move/hook/pythonpath.ps1'
[6.128s] INFO:colcon.colcon_core.shell:Creating environment descriptor '/home/catcyber02/Mobile-Robots-2026-1/install/simple_move/share/simple_move/hook/pythonpath.dsv'
[6.129s] INFO:colcon.colcon_core.shell:Creating environment hook '/home/catcyber02/Mobile-Robots-2026-1/install/simple_move/share/simple_move/hook/pythonpath.sh'
[6.130s] Level 1:colcon.colcon_core.environment:checking '/home/catcyber02/Mobile-Robots-2026-1/install/simple_move/bin'
[6.130s] Level 1:colcon.colcon_core.environment:create_environment_scripts_only(simple_move)
[6.130s] INFO:colcon.colcon_core.shell:Creating package script '/home/catcyber02/Mobile-Robots-2026-1/install/simple_move/share/simple_move/package.ps1'
[6.131s] INFO:colcon.colcon_core.shell:Creating package descriptor '/home/catcyber02/Mobile-Robots-2026-1/install/simple_move/share/simple_move/package.dsv'
[6.132s] INFO:colcon.colcon_core.shell:Creating package script '/home/catcyber02/Mobile-Robots-2026-1/install/simple_move/share/simple_move/package.sh'
[6.133s] INFO:colcon.colcon_core.shell:Creating package script '/home/catcyber02/Mobile-Robots-2026-1/install/simple_move/share/simple_move/package.bash'
[6.134s] INFO:colcon.colcon_core.shell:Creating package script '/home/catcyber02/Mobile-Robots-2026-1/install/simple_move/share/simple_move/package.zsh'
[6.134s] Level 1:colcon.colcon_core.environment:create_file_with_runtime_dependencies(/home/catcyber02/Mobile-Robots-2026-1/install/simple_move/share/colcon-core/packages/simple_move)
[6.231s] Level 1:colcon.colcon_core.environment:checking '/home/catcyber02/Mobile-Robots-2026-1/install/uf_ros_lib' for CMake module files
[6.232s] DEBUG:colcon.colcon_core.event_handler.log_command:Invoked command in '/home/catcyber02/Mobile-Robots-2026-1/ros2_ws/src/hardware/xarm_ros2/uf_ros_lib' returned '0': DEBUGINFOD_URLS=https://debuginfod.ubuntu.com PYTHONPATH=/home/catcyber02/Mobile-Robots-2026-1/build/uf_ros_lib/prefix_override:/usr/lib/python3/dist-packages/colcon_core/task/python/colcon_distutils_commands:/home/catcyber02/Mobile-Robots-2026-1/install/uf_ros_lib/lib/python3.12/site-packages:${PYTHONPATH} /usr/bin/python3 -W ignore:setup.py install is deprecated -W ignore:easy_install command is deprecated setup.py egg_info --egg-base ../../../../../build/uf_ros_lib build --build-base /home/catcyber02/Mobile-Robots-2026-1/build/uf_ros_lib/build install --record /home/catcyber02/Mobile-Robots-2026-1/build/uf_ros_lib/install.log --single-version-externally-managed install_data
[6.233s] Level 1:colcon.colcon_core.environment:checking '/home/catcyber02/Mobile-Robots-2026-1/install/uf_ros_lib' for CMake config files
[6.234s] Level 1:colcon.colcon_core.environment:checking '/home/catcyber02/Mobile-Robots-2026-1/install/uf_ros_lib/lib'
[6.234s] Level 1:colcon.colcon_core.environment:checking '/home/catcyber02/Mobile-Robots-2026-1/install/uf_ros_lib/bin'
[6.234s] Level 1:colcon.colcon_core.environment:checking '/home/catcyber02/Mobile-Robots-2026-1/install/uf_ros_lib/lib/pkgconfig/uf_ros_lib.pc'
[6.234s] Level 1:colcon.colcon_core.environment:checking '/home/catcyber02/Mobile-Robots-2026-1/install/uf_ros_lib/lib/python3.12/site-packages'
[6.235s] Level 1:colcon.colcon_core.shell:create_environment_hook('uf_ros_lib', 'pythonpath')
[6.235s] INFO:colcon.colcon_core.shell:Creating environment hook '/home/catcyber02/Mobile-Robots-2026-1/install/uf_ros_lib/share/uf_ros_lib/hook/pythonpath.ps1'
[6.236s] INFO:colcon.colcon_core.shell:Creating environment descriptor '/home/catcyber02/Mobile-Robots-2026-1/install/uf_ros_lib/share/uf_ros_lib/hook/pythonpath.dsv'
[6.236s] INFO:colcon.colcon_core.shell:Creating environment hook '/home/catcyber02/Mobile-Robots-2026-1/install/uf_ros_lib/share/uf_ros_lib/hook/pythonpath.sh'
[6.237s] Level 1:colcon.colcon_core.environment:checking '/home/catcyber02/Mobile-Robots-2026-1/install/uf_ros_lib/bin'
[6.237s] Level 1:colcon.colcon_core.environment:create_environment_scripts_only(uf_ros_lib)
[6.238s] INFO:colcon.colcon_core.shell:Creating package script '/home/catcyber02/Mobile-Robots-2026-1/install/uf_ros_lib/share/uf_ros_lib/package.ps1'
[6.239s] INFO:colcon.colcon_core.shell:Creating package descriptor '/home/catcyber02/Mobile-Robots-2026-1/install/uf_ros_lib/share/uf_ros_lib/package.dsv'
[6.239s] INFO:colcon.colcon_core.shell:Creating package script '/home/catcyber02/Mobile-Robots-2026-1/install/uf_ros_lib/share/uf_ros_lib/package.sh'
[6.240s] INFO:colcon.colcon_core.shell:Creating package script '/home/catcyber02/Mobile-Robots-2026-1/install/uf_ros_lib/share/uf_ros_lib/package.bash'
[6.241s] INFO:colcon.colcon_core.shell:Creating package script '/home/catcyber02/Mobile-Robots-2026-1/install/uf_ros_lib/share/uf_ros_lib/package.zsh'
[6.241s] Level 1:colcon.colcon_core.environment:create_file_with_runtime_dependencies(/home/catcyber02/Mobile-Robots-2026-1/install/uf_ros_lib/share/colcon-core/packages/uf_ros_lib)
[6.242s] DEBUG:colcon.colcon_parallel_executor.executor.parallel:closing loop
[6.243s] DEBUG:colcon.colcon_parallel_executor.executor.parallel:loop closed
[6.243s] DEBUG:colcon.colcon_parallel_executor.executor.parallel:run_until_complete finished with '0'
[6.243s] DEBUG:colcon.colcon_core.event_reactor:joining thread
[6.254s] INFO:colcon.colcon_core.plugin_system:Skipping extension 'colcon_notification.desktop_notification.terminal_notifier': Not used on non-Darwin systems
[6.254s] INFO:colcon.colcon_core.plugin_system:Skipping extension 'colcon_notification.desktop_notification.win32': Not used on non-Windows systems
[6.254s] INFO:colcon.colcon_notification.desktop_notification:Sending desktop notification using 'notify2'
[6.275s] DEBUG:colcon.colcon_core.event_reactor:joined thread
[6.275s] INFO:colcon.colcon_core.shell:Creating prefix script '/home/catcyber02/Mobile-Robots-2026-1/install/local_setup.ps1'
[6.277s] INFO:colcon.colcon_core.shell:Creating prefix util module '/home/catcyber02/Mobile-Robots-2026-1/install/_local_setup_util_ps1.py'
[6.279s] INFO:colcon.colcon_core.shell:Creating prefix chain script '/home/catcyber02/Mobile-Robots-2026-1/install/setup.ps1'
[6.282s] INFO:colcon.colcon_core.shell:Creating prefix script '/home/catcyber02/Mobile-Robots-2026-1/install/local_setup.sh'
[6.283s] INFO:colcon.colcon_core.shell:Creating prefix util module '/home/catcyber02/Mobile-Robots-2026-1/install/_local_setup_util_sh.py'
[6.284s] INFO:colcon.colcon_core.shell:Creating prefix chain script '/home/catcyber02/Mobile-Robots-2026-1/install/setup.sh'
[6.286s] INFO:colcon.colcon_core.shell:Creating prefix script '/home/catcyber02/Mobile-Robots-2026-1/install/local_setup.bash'
[6.287s] INFO:colcon.colcon_core.shell:Creating prefix chain script '/home/catcyber02/Mobile-Robots-2026-1/install/setup.bash'
[6.289s] INFO:colcon.colcon_core.shell:Creating prefix script '/home/catcyber02/Mobile-Robots-2026-1/install/local_setup.zsh'
[6.290s] INFO:colcon.colcon_core.shell:Creating prefix chain script '/home/catcyber02/Mobile-Robots-2026-1/install/setup.zsh'
