[0.090s] Invoking command in '/home/quarcks/Mobile-Robots-2026-1/build/gazebo_envs': CMAKE_PREFIX_PATH=${CMAKE_PREFIX_PATH}:/home/quarcks/Mobile-Robots-2026-1/install/uf_ros_lib:/home/quarcks/Mobile-Robots-2026-1/install/simple_move:/home/quarcks/Mobile-Robots-2026-1/install/path_planner:/home/quarcks/Mobile-Robots-2026-1/install/map_augmenter:/home/quarcks/Mobile-Robots-2026-1/ros2_ws/install/uf_ros_lib:/home/quarcks/Mobile-Robots-2026-1/ros2_ws/install/simple_move:/opt/ros/jazzy DEBUGINFOD_URLS=https://debuginfod.ubuntu.com /usr/bin/cmake --build /home/quarcks/Mobile-Robots-2026-1/build/gazebo_envs -- -j12 -l12
[1.234s] Invoked command in '/home/quarcks/Mobile-Robots-2026-1/build/gazebo_envs' returned '0': CMAKE_PREFIX_PATH=${CMAKE_PREFIX_PATH}:/home/quarcks/Mobile-Robots-2026-1/install/uf_ros_lib:/home/quarcks/Mobile-Robots-2026-1/install/simple_move:/home/quarcks/Mobile-Robots-2026-1/install/path_planner:/home/quarcks/Mobile-Robots-2026-1/install/map_augmenter:/home/quarcks/Mobile-Robots-2026-1/ros2_ws/install/uf_ros_lib:/home/quarcks/Mobile-Robots-2026-1/ros2_ws/install/simple_move:/opt/ros/jazzy DEBUGINFOD_URLS=https://debuginfod.ubuntu.com /usr/bin/cmake --build /home/quarcks/Mobile-Robots-2026-1/build/gazebo_envs -- -j12 -l12
[1.237s] Invoking command in '/home/quarcks/Mobile-Robots-2026-1/build/gazebo_envs': CMAKE_PREFIX_PATH=${CMAKE_PREFIX_PATH}:/home/quarcks/Mobile-Robots-2026-1/install/uf_ros_lib:/home/quarcks/Mobile-Robots-2026-1/install/simple_move:/home/quarcks/Mobile-Robots-2026-1/install/path_planner:/home/quarcks/Mobile-Robots-2026-1/install/map_augmenter:/home/quarcks/Mobile-Robots-2026-1/ros2_ws/install/uf_ros_lib:/home/quarcks/Mobile-Robots-2026-1/ros2_ws/install/simple_move:/opt/ros/jazzy DEBUGINFOD_URLS=https://debuginfod.ubuntu.com /usr/bin/cmake --install /home/quarcks/Mobile-Robots-2026-1/build/gazebo_envs
[1.635s] -- Install configuration: ""
[1.635s] -- Up-to-date: /home/quarcks/Mobile-Robots-2026-1/install/gazebo_envs/share/gazebo_envs/launch
[1.635s] -- Up-to-date: /home/quarcks/Mobile-Robots-2026-1/install/gazebo_envs/share/gazebo_envs/launch/house_simul.launch.py
[1.635s] -- Up-to-date: /home/quarcks/Mobile-Robots-2026-1/install/gazebo_envs/share/gazebo_envs/models
[1.635s] -- Up-to-date: /home/quarcks/Mobile-Robots-2026-1/install/gazebo_envs/share/gazebo_envs/models/aws_robomaker_residential_DeskPortraitA_02
[1.635s] -- Up-to-date: /home/quarcks/Mobile-Robots-2026-1/install/gazebo_envs/share/gazebo_envs/models/aws_robomaker_residential_DeskPortraitA_02/model.config
[1.635s] -- Up-to-date: /home/quarcks/Mobile-Robots-2026-1/install/gazebo_envs/share/gazebo_envs/models/aws_robomaker_residential_DeskPortraitA_02/meshes
[1.635s] -- Up-to-date: /home/quarcks/Mobile-Robots-2026-1/install/gazebo_envs/share/gazebo_envs/models/aws_robomaker_residential_DeskPortraitA_02/meshes/aws_DeskPortraitA_01_collision.DAE
[1.635s] -- Up-to-date: /home/quarcks/Mobile-Robots-2026-1/install/gazebo_envs/share/gazebo_envs/models/aws_robomaker_residential_DeskPortraitA_02/meshes/aws_DeskPortraitA_01_visual.DAE
[1.635s] -- Up-to-date: /home/quarcks/Mobile-Robots-2026-1/install/gazebo_envs/share/gazebo_envs/models/aws_robomaker_residential_DeskPortraitA_02/model.sdf
[1.635s] -- Up-to-date: /home/quarcks/Mobile-Robots-2026-1/install/gazebo_envs/share/gazebo_envs/models/aws_robomaker_residential_DeskPortraitA_02/materials
[1.635s] -- Up-to-date: /home/quarcks/Mobile-Robots-2026-1/install/gazebo_envs/share/gazebo_envs/models/aws_robomaker_residential_DeskPortraitA_02/materials/textures
[1.635s] -- Up-to-date: /home/quarcks/Mobile-Robots-2026-1/install/gazebo_envs/share/gazebo_envs/models/aws_robomaker_residential_DeskPortraitA_02/materials/textures/aws_DeskPortraitA_01.png
[1.636s] -- Up-to-date: /home/quarcks/Mobile-Robots-2026-1/install/gazebo_envs/share/gazebo_envs/models/aws_robomaker_residential_DeskPortraitA_02/materials/textures/DeskPortraitA_02.jpg
[1.636s] -- Up-to-date: /home/quarcks/Mobile-Robots-2026-1/install/gazebo_envs/share/gazebo_envs/models/aws_robomaker_residential_DeskPortraitA_02/materials/textures/aws_DeskPortraitA_02.png
[1.636s] -- Up-to-date: /home/quarcks/Mobile-Robots-2026-1/install/gazebo_envs/share/gazebo_envs/models/aws_robomaker_residential_Bed_01
[1.636s] -- Up-to-date: /home/quarcks/Mobile-Robots-2026-1/install/gazebo_envs/share/gazebo_envs/models/aws_robomaker_residential_Bed_01/model.config
[1.636s] -- Up-to-date: /home/quarcks/Mobile-Robots-2026-1/install/gazebo_envs/share/gazebo_envs/models/aws_robomaker_residential_Bed_01/meshes
[1.636s] -- Up-to-date: /home/quarcks/Mobile-Robots-2026-1/install/gazebo_envs/share/gazebo_envs/models/aws_robomaker_residential_Bed_01/meshes/aws_Bed_01_visual.DAE
[1.636s] -- Up-to-date: /home/quarcks/Mobile-Robots-2026-1/install/gazebo_envs/share/gazebo_envs/models/aws_robomaker_residential_Bed_01/meshes/aws_Bed_01_collision.DAE
[1.636s] -- Up-to-date: /home/quarcks/Mobile-Robots-2026-1/install/gazebo_envs/share/gazebo_envs/models/aws_robomaker_residential_Bed_01/model.sdf
[1.636s] -- Up-to-date: /home/quarcks/Mobile-Robots-2026-1/install/gazebo_envs/share/gazebo_envs/models/aws_robomaker_residential_Bed_01/materials
[1.636s] -- Up-to-date: /home/quarcks/Mobile-Robots-2026-1/install/gazebo_envs/share/gazebo_envs/models/aws_robomaker_residential_Bed_01/materials/textures
[1.636s] -- Up-to-date: /home/quarcks/Mobile-Robots-2026-1/install/gazebo_envs/share/gazebo_envs/models/aws_robomaker_residential_Bed_01/materials/textures/aws_BedA_01.png
[1.636s] -- Up-to-date: /home/quarcks/Mobile-Robots-2026-1/install/gazebo_envs/share/gazebo_envs/models/aws_robomaker_residential_Bed_01/materials/textures/aws_BedC_01.png
[1.636s] -- Up-to-date: /home/quarcks/Mobile-Robots-2026-1/install/gazebo_envs/share/gazebo_envs/models/aws_robomaker_residential_Bed_01/materials/textures/aws_BedB_01.png
[1.636s] -- Up-to-date: /home/quarcks/Mobile-Robots-2026-1/install/gazebo_envs/share/gazebo_envs/models/aws_robomaker_residential_Bed_01/materials/textures/aws_Bed_01.png
[1.636s] -- Up-to-date: /home/quarcks/Mobile-Robots-2026-1/install/gazebo_envs/share/gazebo_envs/models/cafe_counter
[1.641s] -- Up-to-date: /home/quarcks/Mobile-Robots-2026-1/install/gazebo_envs/share/gazebo_envs/models/cafe_counter/model.config
[1.641s] -- Up-to-date: /home/quarcks/Mobile-Robots-2026-1/install/gazebo_envs/share/gazebo_envs/models/cafe_counter/meshes
[1.641s] -- Up-to-date: /home/quarcks/Mobile-Robots-2026-1/install/gazebo_envs/share/gazebo_envs/models/cafe_counter/meshes/cafe_counter.obj
[1.641s] -- Up-to-date: /home/quarcks/Mobile-Robots-2026-1/install/gazebo_envs/share/gazebo_envs/models/cafe_counter/meshes/cafe_counter.mtl
[1.641s] -- Up-to-date: /home/quarcks/Mobile-Robots-2026-1/install/gazebo_envs/share/gazebo_envs/models/cafe_counter/meshes/counter_sink.obj
[1.641s] -- Up-to-date: /home/quarcks/Mobile-Robots-2026-1/install/gazebo_envs/share/gazebo_envs/models/cafe_counter/meshes/counter_no_sink.obj
[1.642s] -- Up-to-date: /home/quarcks/Mobile-Robots-2026-1/install/gazebo_envs/share/gazebo_envs/models/cafe_counter/model.sdf
[1.642s] -- Up-to-date: /home/quarcks/Mobile-Robots-2026-1/install/gazebo_envs/share/gazebo_envs/models/cafe_counter/materials
[1.642s] -- Up-to-date: /home/quarcks/Mobile-Robots-2026-1/install/gazebo_envs/share/gazebo_envs/models/cafe_counter/materials/textures
[1.642s] -- Up-to-date: /home/quarcks/Mobile-Robots-2026-1/install/gazebo_envs/share/gazebo_envs/models/cafe_counter/materials/textures/cafe_counter.png
[1.642s] -- Up-to-date: /home/quarcks/Mobile-Robots-2026-1/install/gazebo_envs/share/gazebo_envs/models/aws_robomaker_warehouse_ClutteringA_01
[1.642s] -- Up-to-date: /home/quarcks/Mobile-Robots-2026-1/install/gazebo_envs/share/gazebo_envs/models/aws_robomaker_warehouse_ClutteringA_01/model.config
[1.642s] -- Up-to-date: /home/quarcks/Mobile-Robots-2026-1/install/gazebo_envs/share/gazebo_envs/models/aws_robomaker_warehouse_ClutteringA_01/meshes
[1.642s] -- Up-to-date: /home/quarcks/Mobile-Robots-2026-1/install/gazebo_envs/share/gazebo_envs/models/aws_robomaker_warehouse_ClutteringA_01/meshes/aws_robomaker_warehouse_ClutteringA_01_collision.DAE
[1.642s] -- Up-to-date: /home/quarcks/Mobile-Robots-2026-1/install/gazebo_envs/share/gazebo_envs/models/aws_robomaker_warehouse_ClutteringA_01/meshes/aws_robomaker_warehouse_ClutteringA_01_visual.DAE
[1.642s] -- Up-to-date: /home/quarcks/Mobile-Robots-2026-1/install/gazebo_envs/share/gazebo_envs/models/aws_robomaker_warehouse_ClutteringA_01/.DS_Store
[1.642s] -- Up-to-date: /home/quarcks/Mobile-Robots-2026-1/install/gazebo_envs/share/gazebo_envs/models/aws_robomaker_warehouse_ClutteringA_01/model.sdf
[1.642s] -- Up-to-date: /home/quarcks/Mobile-Robots-2026-1/install/gazebo_envs/share/gazebo_envs/models/aws_robomaker_warehouse_ClutteringA_01/materials
[1.642s] -- Up-to-date: /home/quarcks/Mobile-Robots-2026-1/install/gazebo_envs/share/gazebo_envs/models/aws_robomaker_warehouse_ClutteringA_01/materials/.DS_Store
[1.642s] -- Up-to-date: /home/quarcks/Mobile-Robots-2026-1/install/gazebo_envs/share/gazebo_envs/models/aws_robomaker_warehouse_ClutteringA_01/materials/textures
[1.643s] -- Up-to-date: /home/quarcks/Mobile-Robots-2026-1/install/gazebo_envs/share/gazebo_envs/models/aws_robomaker_warehouse_ClutteringA_01/materials/textures/aws_robomaker_warehouse_ClutteringA_02.png
[1.643s] -- Up-to-date: /home/quarcks/Mobile-Robots-2026-1/install/gazebo_envs/share/gazebo_envs/models/aws_robomaker_warehouse_ClutteringA_01/materials/textures/aws_robomaker_warehouse_ClutteringA_03.png
[1.643s] -- Up-to-date: /home/quarcks/Mobile-Robots-2026-1/install/gazebo_envs/share/gazebo_envs/models/aws_robomaker_warehouse_ClutteringA_01/materials/textures/aws_robomaker_warehouse_ClutteringA_01.png
[1.643s] -- Up-to-date: /home/quarcks/Mobile-Robots-2026-1/install/gazebo_envs/share/gazebo_envs/models/aws_robomaker_warehouse_ClutteringA_01/materials/textures/.DS_Store
[1.643s] -- Up-to-date: /home/quarcks/Mobile-Robots-2026-1/install/gazebo_envs/share/gazebo_envs/models/aws_robomaker_warehouse_Bucket_01
[1.643s] -- Up-to-date: /home/quarcks/Mobile-Robots-2026-1/install/gazebo_envs/share/gazebo_envs/models/aws_robomaker_warehouse_Bucket_01/model.config
[1.643s] -- Up-to-date: /home/quarcks/Mobile-Robots-2026-1/install/gazebo_envs/share/gazebo_envs/models/aws_robomaker_warehouse_Bucket_01/meshes
[1.648s] -- Up-to-date: /home/quarcks/Mobile-Robots-2026-1/install/gazebo_envs/share/gazebo_envs/models/aws_robomaker_warehouse_Bucket_01/meshes/aws_robomaker_warehouse_Bucket_01_visual.DAE
[1.649s] -- Up-to-date: /home/quarcks/Mobile-Robots-2026-1/install/gazebo_envs/share/gazebo_envs/models/aws_robomaker_warehouse_Bucket_01/meshes/aws_robomaker_warehouse_Bucket_01_collision.DAE
[1.649s] -- Up-to-date: /home/quarcks/Mobile-Robots-2026-1/install/gazebo_envs/share/gazebo_envs/models/aws_robomaker_warehouse_Bucket_01/.DS_Store
[1.649s] -- Up-to-date: /home/quarcks/Mobile-Robots-2026-1/install/gazebo_envs/share/gazebo_envs/models/aws_robomaker_warehouse_Bucket_01/model.sdf
[1.649s] -- Up-to-date: /home/quarcks/Mobile-Robots-2026-1/install/gazebo_envs/share/gazebo_envs/models/aws_robomaker_warehouse_Bucket_01/materials
[1.649s] -- Up-to-date: /home/quarcks/Mobile-Robots-2026-1/install/gazebo_envs/share/gazebo_envs/models/aws_robomaker_warehouse_Bucket_01/materials/.DS_Store
[1.649s] -- Up-to-date: /home/quarcks/Mobile-Robots-2026-1/install/gazebo_envs/share/gazebo_envs/models/aws_robomaker_warehouse_Bucket_01/materials/textures
[1.649s] -- Up-to-date: /home/quarcks/Mobile-Robots-2026-1/install/gazebo_envs/share/gazebo_envs/models/aws_robomaker_warehouse_Bucket_01/materials/textures/aws_robomaker_warehouse_Bucket_01.png
[1.649s] -- Up-to-date: /home/quarcks/Mobile-Robots-2026-1/install/gazebo_envs/share/gazebo_envs/models/aws_robomaker_residential_AirconditionerB_01
[1.649s] -- Up-to-date: /home/quarcks/Mobile-Robots-2026-1/install/gazebo_envs/share/gazebo_envs/models/aws_robomaker_residential_AirconditionerB_01/model.config
[1.649s] -- Up-to-date: /home/quarcks/Mobile-Robots-2026-1/install/gazebo_envs/share/gazebo_envs/models/aws_robomaker_residential_AirconditionerB_01/meshes
[1.649s] -- Up-to-date: /home/quarcks/Mobile-Robots-2026-1/install/gazebo_envs/share/gazebo_envs/models/aws_robomaker_residential_AirconditionerB_01/meshes/aws_AirconditionerB_01_collision.DAE
[1.649s] -- Up-to-date: /home/quarcks/Mobile-Robots-2026-1/install/gazebo_envs/share/gazebo_envs/models/aws_robomaker_residential_AirconditionerB_01/meshes/aws_AirconditionerB_01_visual.DAE
[1.649s] -- Up-to-date: /home/quarcks/Mobile-Robots-2026-1/install/gazebo_envs/share/gazebo_envs/models/aws_robomaker_residential_AirconditionerB_01/model.sdf
[1.650s] -- Up-to-date: /home/quarcks/Mobile-Robots-2026-1/install/gazebo_envs/share/gazebo_envs/models/aws_robomaker_residential_AirconditionerB_01/materials
[1.650s] -- Up-to-date: /home/quarcks/Mobile-Robots-2026-1/install/gazebo_envs/share/gazebo_envs/models/aws_robomaker_residential_AirconditionerB_01/materials/textures
[1.650s] -- Up-to-date: /home/quarcks/Mobile-Robots-2026-1/install/gazebo_envs/share/gazebo_envs/models/aws_robomaker_residential_AirconditionerB_01/materials/textures/aws_AirconditionerB_01.png
[1.650s] -- Up-to-date: /home/quarcks/Mobile-Robots-2026-1/install/gazebo_envs/share/gazebo_envs/models/cheezit_big_original
[1.650s] -- Up-to-date: /home/quarcks/Mobile-Robots-2026-1/install/gazebo_envs/share/gazebo_envs/models/cheezit_big_original/model.config
[1.650s] -- Up-to-date: /home/quarcks/Mobile-Robots-2026-1/install/gazebo_envs/share/gazebo_envs/models/cheezit_big_original/meshes
[1.650s] -- Up-to-date: /home/quarcks/Mobile-Robots-2026-1/install/gazebo_envs/share/gazebo_envs/models/cheezit_big_original/meshes/cheezit_big_original.dae
[1.650s] -- Up-to-date: /home/quarcks/Mobile-Robots-2026-1/install/gazebo_envs/share/gazebo_envs/models/cheezit_big_original/meshes/cheez_tex_0.jpg
[1.650s] -- Up-to-date: /home/quarcks/Mobile-Robots-2026-1/install/gazebo_envs/share/gazebo_envs/models/cheezit_big_original/model.sdf
[1.650s] -- Up-to-date: /home/quarcks/Mobile-Robots-2026-1/install/gazebo_envs/share/gazebo_envs/models/aws_robomaker_residential_TVCabinet_01
[1.650s] -- Up-to-date: /home/quarcks/Mobile-Robots-2026-1/install/gazebo_envs/share/gazebo_envs/models/aws_robomaker_residential_TVCabinet_01/model.config
[1.650s] -- Up-to-date: /home/quarcks/Mobile-Robots-2026-1/install/gazebo_envs/share/gazebo_envs/models/aws_robomaker_residential_TVCabinet_01/meshes
[1.650s] -- Up-to-date: /home/quarcks/Mobile-Robots-2026-1/install/gazebo_envs/share/gazebo_envs/models/aws_robomaker_residential_TVCabinet_01/meshes/aws_TVCabinet_01_collision.DAE
[1.654s] -- Up-to-date: /home/quarcks/Mobile-Robots-2026-1/install/gazebo_envs/share/gazebo_envs/models/aws_robomaker_residential_TVCabinet_01/meshes/aws_TVCabinet_01_visual.DAE
[1.654s] -- Up-to-date: /home/quarcks/Mobile-Robots-2026-1/install/gazebo_envs/share/gazebo_envs/models/aws_robomaker_residential_TVCabinet_01/model.sdf
[1.655s] -- Up-to-date: /home/quarcks/Mobile-Robots-2026-1/install/gazebo_envs/share/gazebo_envs/models/aws_robomaker_residential_TVCabinet_01/materials
[1.655s] -- Up-to-date: /home/quarcks/Mobile-Robots-2026-1/install/gazebo_envs/share/gazebo_envs/models/aws_robomaker_residential_TVCabinet_01/materials/textures
[1.655s] -- Up-to-date: /home/quarcks/Mobile-Robots-2026-1/install/gazebo_envs/share/gazebo_envs/models/aws_robomaker_residential_TVCabinet_01/materials/textures/aws_TVCabinet_01.png
[1.655s] -- Up-to-date: /home/quarcks/Mobile-Robots-2026-1/install/gazebo_envs/share/gazebo_envs/models/aws_robomaker_residential_FoldingDoor_01
[1.655s] -- Up-to-date: /home/quarcks/Mobile-Robots-2026-1/install/gazebo_envs/share/gazebo_envs/models/aws_robomaker_residential_FoldingDoor_01/model.config
[1.655s] -- Up-to-date: /home/quarcks/Mobile-Robots-2026-1/install/gazebo_envs/share/gazebo_envs/models/aws_robomaker_residential_FoldingDoor_01/meshes
[1.655s] -- Up-to-date: /home/quarcks/Mobile-Robots-2026-1/install/gazebo_envs/share/gazebo_envs/models/aws_robomaker_residential_FoldingDoor_01/meshes/aws_FoldingDoor_01_visual.DAE
[1.655s] -- Up-to-date: /home/quarcks/Mobile-Robots-2026-1/install/gazebo_envs/share/gazebo_envs/models/aws_robomaker_residential_FoldingDoor_01/meshes/aws_FoldingDoor_01_collision.DAE
[1.655s] -- Up-to-date: /home/quarcks/Mobile-Robots-2026-1/install/gazebo_envs/share/gazebo_envs/models/aws_robomaker_residential_FoldingDoor_01/model.sdf
[1.655s] -- Up-to-date: /home/quarcks/Mobile-Robots-2026-1/install/gazebo_envs/share/gazebo_envs/models/aws_robomaker_residential_FoldingDoor_01/materials
[1.655s] -- Up-to-date: /home/quarcks/Mobile-Robots-2026-1/install/gazebo_envs/share/gazebo_envs/models/aws_robomaker_residential_FoldingDoor_01/materials/textures
[1.655s] -- Up-to-date: /home/quarcks/Mobile-Robots-2026-1/install/gazebo_envs/share/gazebo_envs/models/aws_robomaker_residential_FoldingDoor_01/materials/textures/aws_FoldingDoor_01.png
[1.655s] -- Up-to-date: /home/quarcks/Mobile-Robots-2026-1/install/gazebo_envs/share/gazebo_envs/models/aws_robomaker_warehouse_ClutteringD_01
[1.655s] -- Up-to-date: /home/quarcks/Mobile-Robots-2026-1/install/gazebo_envs/share/gazebo_envs/models/aws_robomaker_warehouse_ClutteringD_01/model.config
[1.655s] -- Up-to-date: /home/quarcks/Mobile-Robots-2026-1/install/gazebo_envs/share/gazebo_envs/models/aws_robomaker_warehouse_ClutteringD_01/meshes
[1.655s] -- Up-to-date: /home/quarcks/Mobile-Robots-2026-1/install/gazebo_envs/share/gazebo_envs/models/aws_robomaker_warehouse_ClutteringD_01/meshes/aws_robomaker_warehouse_ClutteringD_01_collision.DAE
[1.655s] -- Up-to-date: /home/quarcks/Mobile-Robots-2026-1/install/gazebo_envs/share/gazebo_envs/models/aws_robomaker_warehouse_ClutteringD_01/meshes/aws_robomaker_warehouse_ClutteringD_01_visual.DAE
[1.656s] -- Up-to-date: /home/quarcks/Mobile-Robots-2026-1/install/gazebo_envs/share/gazebo_envs/models/aws_robomaker_warehouse_ClutteringD_01/model.sdf
[1.656s] -- Up-to-date: /home/quarcks/Mobile-Robots-2026-1/install/gazebo_envs/share/gazebo_envs/models/aws_robomaker_warehouse_ClutteringD_01/materials
[1.656s] -- Up-to-date: /home/quarcks/Mobile-Robots-2026-1/install/gazebo_envs/share/gazebo_envs/models/aws_robomaker_warehouse_ClutteringD_01/materials/textures
[1.656s] -- Up-to-date: /home/quarcks/Mobile-Robots-2026-1/install/gazebo_envs/share/gazebo_envs/models/aws_robomaker_warehouse_ClutteringD_01/materials/textures/aws_robomaker_warehouse_ClutteringD_02.png
[1.656s] -- Up-to-date: /home/quarcks/Mobile-Robots-2026-1/install/gazebo_envs/share/gazebo_envs/models/aws_robomaker_warehouse_ClutteringD_01/materials/textures/aws_robomaker_warehouse_ClutteringD_01.png
[1.656s] -- Up-to-date: /home/quarcks/Mobile-Robots-2026-1/install/gazebo_envs/share/gazebo_envs/models/aws_robomaker_residential_Tablet_01
[1.656s] -- Up-to-date: /home/quarcks/Mobile-Robots-2026-1/install/gazebo_envs/share/gazebo_envs/models/aws_robomaker_residential_Tablet_01/model.config
[1.663s] -- Up-to-date: /home/quarcks/Mobile-Robots-2026-1/install/gazebo_envs/share/gazebo_envs/models/aws_robomaker_residential_Tablet_01/meshes
[1.663s] -- Up-to-date: /home/quarcks/Mobile-Robots-2026-1/install/gazebo_envs/share/gazebo_envs/models/aws_robomaker_residential_Tablet_01/meshes/aws_Tablet_01_collision.DAE
[1.663s] -- Up-to-date: /home/quarcks/Mobile-Robots-2026-1/install/gazebo_envs/share/gazebo_envs/models/aws_robomaker_residential_Tablet_01/meshes/aws_Tablet_01_visual.DAE
[1.663s] -- Up-to-date: /home/quarcks/Mobile-Robots-2026-1/install/gazebo_envs/share/gazebo_envs/models/aws_robomaker_residential_Tablet_01/.DS_Store
[1.663s] -- Up-to-date: /home/quarcks/Mobile-Robots-2026-1/install/gazebo_envs/share/gazebo_envs/models/aws_robomaker_residential_Tablet_01/model.sdf
[1.663s] -- Up-to-date: /home/quarcks/Mobile-Robots-2026-1/install/gazebo_envs/share/gazebo_envs/models/aws_robomaker_residential_Tablet_01/materials
[1.663s] -- Up-to-date: /home/quarcks/Mobile-Robots-2026-1/install/gazebo_envs/share/gazebo_envs/models/aws_robomaker_residential_Tablet_01/materials/.DS_Store
[1.663s] -- Up-to-date: /home/quarcks/Mobile-Robots-2026-1/install/gazebo_envs/share/gazebo_envs/models/aws_robomaker_residential_Tablet_01/materials/textures
[1.663s] -- Up-to-date: /home/quarcks/Mobile-Robots-2026-1/install/gazebo_envs/share/gazebo_envs/models/aws_robomaker_residential_Tablet_01/materials/textures/aws_Tablet_01_nologo.png
[1.663s] -- Up-to-date: /home/quarcks/Mobile-Robots-2026-1/install/gazebo_envs/share/gazebo_envs/models/aws_robomaker_residential_RoomWindow_01
[1.664s] -- Up-to-date: /home/quarcks/Mobile-Robots-2026-1/install/gazebo_envs/share/gazebo_envs/models/aws_robomaker_residential_RoomWindow_01/model.config
[1.664s] -- Up-to-date: /home/quarcks/Mobile-Robots-2026-1/install/gazebo_envs/share/gazebo_envs/models/aws_robomaker_residential_RoomWindow_01/meshes
[1.664s] -- Up-to-date: /home/quarcks/Mobile-Robots-2026-1/install/gazebo_envs/share/gazebo_envs/models/aws_robomaker_residential_RoomWindow_01/meshes/aws_RoomWindow_01_collision.DAE
[1.664s] -- Up-to-date: /home/quarcks/Mobile-Robots-2026-1/install/gazebo_envs/share/gazebo_envs/models/aws_robomaker_residential_RoomWindow_01/meshes/aws_RoomWindow_01_visual.DAE
[1.664s] -- Up-to-date: /home/quarcks/Mobile-Robots-2026-1/install/gazebo_envs/share/gazebo_envs/models/aws_robomaker_residential_RoomWindow_01/model.sdf
[1.664s] -- Up-to-date: /home/quarcks/Mobile-Robots-2026-1/install/gazebo_envs/share/gazebo_envs/models/aws_robomaker_residential_RoomWindow_01/materials
[1.664s] -- Up-to-date: /home/quarcks/Mobile-Robots-2026-1/install/gazebo_envs/share/gazebo_envs/models/aws_robomaker_residential_RoomWindow_01/materials/textures
[1.664s] -- Up-to-date: /home/quarcks/Mobile-Robots-2026-1/install/gazebo_envs/share/gazebo_envs/models/aws_robomaker_residential_RoomWindow_01/materials/textures/aws_RoomWindow_01.png
[1.664s] -- Up-to-date: /home/quarcks/Mobile-Robots-2026-1/install/gazebo_envs/share/gazebo_envs/models/aws_robomaker_warehouse_WallB_01
[1.664s] -- Up-to-date: /home/quarcks/Mobile-Robots-2026-1/install/gazebo_envs/share/gazebo_envs/models/aws_robomaker_warehouse_WallB_01/model.config
[1.664s] -- Up-to-date: /home/quarcks/Mobile-Robots-2026-1/install/gazebo_envs/share/gazebo_envs/models/aws_robomaker_warehouse_WallB_01/meshes
[1.664s] -- Up-to-date: /home/quarcks/Mobile-Robots-2026-1/install/gazebo_envs/share/gazebo_envs/models/aws_robomaker_warehouse_WallB_01/meshes/aws_robomaker_warehouse_WallB_01_visual.DAE
[1.664s] -- Up-to-date: /home/quarcks/Mobile-Robots-2026-1/install/gazebo_envs/share/gazebo_envs/models/aws_robomaker_warehouse_WallB_01/meshes/aws_robomaker_warehouse_WallB_01_collision.DAE
[1.664s] -- Up-to-date: /home/quarcks/Mobile-Robots-2026-1/install/gazebo_envs/share/gazebo_envs/models/aws_robomaker_warehouse_WallB_01/model.sdf
[1.664s] -- Up-to-date: /home/quarcks/Mobile-Robots-2026-1/install/gazebo_envs/share/gazebo_envs/models/aws_robomaker_warehouse_WallB_01/materials
[1.664s] -- Up-to-date: /home/quarcks/Mobile-Robots-2026-1/install/gazebo_envs/share/gazebo_envs/models/aws_robomaker_warehouse_WallB_01/materials/textures
[1.665s] -- Up-to-date: /home/quarcks/Mobile-Robots-2026-1/install/gazebo_envs/share/gazebo_envs/models/aws_robomaker_warehouse_WallB_01/materials/textures/aws_robomaker_warehouse_WallB_01.png
[1.665s] -- Up-to-date: /home/quarcks/Mobile-Robots-2026-1/install/gazebo_envs/share/gazebo_envs/models/ground_plane
[1.665s] -- Up-to-date: /home/quarcks/Mobile-Robots-2026-1/install/gazebo_envs/share/gazebo_envs/models/ground_plane/model-1_3.sdf
[1.665s] -- Up-to-date: /home/quarcks/Mobile-Robots-2026-1/install/gazebo_envs/share/gazebo_envs/models/ground_plane/model.config
[1.665s] -- Up-to-date: /home/quarcks/Mobile-Robots-2026-1/install/gazebo_envs/share/gazebo_envs/models/ground_plane/model-1_4.sdf
[1.665s] -- Up-to-date: /home/quarcks/Mobile-Robots-2026-1/install/gazebo_envs/share/gazebo_envs/models/ground_plane/model.sdf
[1.665s] -- Up-to-date: /home/quarcks/Mobile-Robots-2026-1/install/gazebo_envs/share/gazebo_envs/models/ground_plane/model-1_2.sdf
[1.665s] -- Up-to-date: /home/quarcks/Mobile-Robots-2026-1/install/gazebo_envs/share/gazebo_envs/models/aws_robomaker_residential_PortraitB_03
[1.665s] -- Up-to-date: /home/quarcks/Mobile-Robots-2026-1/install/gazebo_envs/share/gazebo_envs/models/aws_robomaker_residential_PortraitB_03/model.config
[1.665s] -- Up-to-date: /home/quarcks/Mobile-Robots-2026-1/install/gazebo_envs/share/gazebo_envs/models/aws_robomaker_residential_PortraitB_03/meshes
[1.665s] -- Up-to-date: /home/quarcks/Mobile-Robots-2026-1/install/gazebo_envs/share/gazebo_envs/models/aws_robomaker_residential_PortraitB_03/meshes/aws_PortraitB_01_collision.DAE
[1.665s] -- Up-to-date: /home/quarcks/Mobile-Robots-2026-1/install/gazebo_envs/share/gazebo_envs/models/aws_robomaker_residential_PortraitB_03/meshes/aws_PortraitB_01_visual.DAE
[1.665s] -- Up-to-date: /home/quarcks/Mobile-Robots-2026-1/install/gazebo_envs/share/gazebo_envs/models/aws_robomaker_residential_PortraitB_03/model.sdf
[1.665s] -- Up-to-date: /home/quarcks/Mobile-Robots-2026-1/install/gazebo_envs/share/gazebo_envs/models/aws_robomaker_residential_PortraitB_03/materials
[1.665s] -- Up-to-date: /home/quarcks/Mobile-Robots-2026-1/install/gazebo_envs/share/gazebo_envs/models/aws_robomaker_residential_PortraitB_03/materials/textures
[1.665s] -- Up-to-date: /home/quarcks/Mobile-Robots-2026-1/install/gazebo_envs/share/gazebo_envs/models/aws_robomaker_residential_PortraitB_03/materials/textures/aws_PortraitB_01.png
[1.666s] -- Up-to-date: /home/quarcks/Mobile-Robots-2026-1/install/gazebo_envs/share/gazebo_envs/models/aws_robomaker_residential_PortraitB_03/materials/textures/aws_PortraitB_02.png
[1.666s] -- Up-to-date: /home/quarcks/Mobile-Robots-2026-1/install/gazebo_envs/share/gazebo_envs/models/aws_robomaker_residential_PortraitB_03/materials/textures/PortraitB_03.jpg
[1.666s] -- Up-to-date: /home/quarcks/Mobile-Robots-2026-1/install/gazebo_envs/share/gazebo_envs/models/aws_robomaker_residential_RoomWall_01
[1.666s] -- Up-to-date: /home/quarcks/Mobile-Robots-2026-1/install/gazebo_envs/share/gazebo_envs/models/aws_robomaker_residential_RoomWall_01/model.config
[1.666s] -- Up-to-date: /home/quarcks/Mobile-Robots-2026-1/install/gazebo_envs/share/gazebo_envs/models/aws_robomaker_residential_RoomWall_01/meshes
[1.666s] -- Up-to-date: /home/quarcks/Mobile-Robots-2026-1/install/gazebo_envs/share/gazebo_envs/models/aws_robomaker_residential_RoomWall_01/meshes/aws_RoomWall_01_collision.DAE
[1.666s] -- Up-to-date: /home/quarcks/Mobile-Robots-2026-1/install/gazebo_envs/share/gazebo_envs/models/aws_robomaker_residential_RoomWall_01/meshes/aws_RoomWall_01_visual.DAE
[1.666s] -- Up-to-date: /home/quarcks/Mobile-Robots-2026-1/install/gazebo_envs/share/gazebo_envs/models/aws_robomaker_residential_RoomWall_01/model.sdf
[1.666s] -- Up-to-date: /home/quarcks/Mobile-Robots-2026-1/install/gazebo_envs/share/gazebo_envs/models/aws_robomaker_residential_RoomWall_01/materials
[1.666s] -- Up-to-date: /home/quarcks/Mobile-Robots-2026-1/install/gazebo_envs/share/gazebo_envs/models/aws_robomaker_residential_RoomWall_01/materials/textures
[1.666s] -- Up-to-date: /home/quarcks/Mobile-Robots-2026-1/install/gazebo_envs/share/gazebo_envs/models/aws_robomaker_residential_RoomWall_01/materials/textures/aws_RoomWall_01.png
[1.666s] -- Up-to-date: /home/quarcks/Mobile-Robots-2026-1/install/gazebo_envs/share/gazebo_envs/models/aws_robomaker_residential_Vase_01
[1.666s] -- Up-to-date: /home/quarcks/Mobile-Robots-2026-1/install/gazebo_envs/share/gazebo_envs/models/aws_robomaker_residential_Vase_01/model.config
[1.668s] -- Up-to-date: /home/quarcks/Mobile-Robots-2026-1/install/gazebo_envs/share/gazebo_envs/models/aws_robomaker_residential_Vase_01/meshes
[1.668s] -- Up-to-date: /home/quarcks/Mobile-Robots-2026-1/install/gazebo_envs/share/gazebo_envs/models/aws_robomaker_residential_Vase_01/meshes/aws_Vase_01_visual.DAE
[1.668s] -- Up-to-date: /home/quarcks/Mobile-Robots-2026-1/install/gazebo_envs/share/gazebo_envs/models/aws_robomaker_residential_Vase_01/meshes/aws_Vase_01_collision.DAE
[1.668s] -- Up-to-date: /home/quarcks/Mobile-Robots-2026-1/install/gazebo_envs/share/gazebo_envs/models/aws_robomaker_residential_Vase_01/model.sdf
[1.668s] -- Up-to-date: /home/quarcks/Mobile-Robots-2026-1/install/gazebo_envs/share/gazebo_envs/models/aws_robomaker_residential_Vase_01/materials
[1.668s] -- Up-to-date: /home/quarcks/Mobile-Robots-2026-1/install/gazebo_envs/share/gazebo_envs/models/aws_robomaker_residential_Vase_01/materials/textures
[1.668s] -- Up-to-date: /home/quarcks/Mobile-Robots-2026-1/install/gazebo_envs/share/gazebo_envs/models/aws_robomaker_residential_Vase_01/materials/textures/aws_Vase_01.png
[1.668s] -- Up-to-date: /home/quarcks/Mobile-Robots-2026-1/install/gazebo_envs/share/gazebo_envs/models/cafe
[1.668s] -- Up-to-date: /home/quarcks/Mobile-Robots-2026-1/install/gazebo_envs/share/gazebo_envs/models/cafe/model.config
[1.668s] -- Up-to-date: /home/quarcks/Mobile-Robots-2026-1/install/gazebo_envs/share/gazebo_envs/models/cafe/meshes
[1.668s] -- Up-to-date: /home/quarcks/Mobile-Robots-2026-1/install/gazebo_envs/share/gazebo_envs/models/cafe/meshes/cafe.dae
[1.668s] -- Up-to-date: /home/quarcks/Mobile-Robots-2026-1/install/gazebo_envs/share/gazebo_envs/models/cafe/model.sdf
[1.668s] -- Up-to-date: /home/quarcks/Mobile-Robots-2026-1/install/gazebo_envs/share/gazebo_envs/models/cafe/materials
[1.668s] -- Up-to-date: /home/quarcks/Mobile-Robots-2026-1/install/gazebo_envs/share/gazebo_envs/models/cafe/materials/textures
[1.668s] -- Up-to-date: /home/quarcks/Mobile-Robots-2026-1/install/gazebo_envs/share/gazebo_envs/models/cafe/materials/textures/__auto_29.jpg
[1.669s] -- Up-to-date: /home/quarcks/Mobile-Robots-2026-1/install/gazebo_envs/share/gazebo_envs/models/cafe/materials/textures/__auto_30.jpg
[1.669s] -- Up-to-date: /home/quarcks/Mobile-Robots-2026-1/install/gazebo_envs/share/gazebo_envs/models/cafe/materials/textures/__auto_28.jpg
[1.669s] -- Up-to-date: /home/quarcks/Mobile-Robots-2026-1/install/gazebo_envs/share/gazebo_envs/models/cafe/materials/textures/__auto_37.jpg
[1.669s] -- Up-to-date: /home/quarcks/Mobile-Robots-2026-1/install/gazebo_envs/share/gazebo_envs/models/cafe/materials/textures/__auto_34.jpg
[1.669s] -- Up-to-date: /home/quarcks/Mobile-Robots-2026-1/install/gazebo_envs/share/gazebo_envs/models/cafe/materials/textures/__auto_23.jpg
[1.669s] -- Up-to-date: /home/quarcks/Mobile-Robots-2026-1/install/gazebo_envs/share/gazebo_envs/models/cafe/materials/textures/__auto_2.jpg
[1.669s] -- Up-to-date: /home/quarcks/Mobile-Robots-2026-1/install/gazebo_envs/share/gazebo_envs/models/cafe/materials/textures/__auto_26.jpg
[1.669s] -- Up-to-date: /home/quarcks/Mobile-Robots-2026-1/install/gazebo_envs/share/gazebo_envs/models/cafe/materials/textures/__auto_31.jpg
[1.669s] -- Up-to-date: /home/quarcks/Mobile-Robots-2026-1/install/gazebo_envs/share/gazebo_envs/models/cafe/materials/textures/__auto_21.jpg
[1.669s] -- Up-to-date: /home/quarcks/Mobile-Robots-2026-1/install/gazebo_envs/share/gazebo_envs/models/cafe/materials/textures/__auto_22.jpg
[1.669s] -- Up-to-date: /home/quarcks/Mobile-Robots-2026-1/install/gazebo_envs/share/gazebo_envs/models/cafe/materials/textures/__auto_10.jpg
[1.669s] -- Up-to-date: /home/quarcks/Mobile-Robots-2026-1/install/gazebo_envs/share/gazebo_envs/models/cafe/materials/textures/__auto_35.jpg
[1.669s] -- Up-to-date: /home/quarcks/Mobile-Robots-2026-1/install/gazebo_envs/share/gazebo_envs/models/cafe/materials/textures/__auto_25.jpg
[1.669s] -- Up-to-date: /home/quarcks/Mobile-Robots-2026-1/install/gazebo_envs/share/gazebo_envs/models/cafe/materials/textures/__auto_24.jpg
[1.669s] -- Up-to-date: /home/quarcks/Mobile-Robots-2026-1/install/gazebo_envs/share/gazebo_envs/models/aws_robomaker_residential_Refrigerator_01
[1.669s] -- Up-to-date: /home/quarcks/Mobile-Robots-2026-1/install/gazebo_envs/share/gazebo_envs/models/aws_robomaker_residential_Refrigerator_01/model.config
[1.670s] -- Up-to-date: /home/quarcks/Mobile-Robots-2026-1/install/gazebo_envs/share/gazebo_envs/models/aws_robomaker_residential_Refrigerator_01/meshes
[1.670s] -- Up-to-date: /home/quarcks/Mobile-Robots-2026-1/install/gazebo_envs/share/gazebo_envs/models/aws_robomaker_residential_Refrigerator_01/meshes/aws_Refrigerator_01.DAE
[1.670s] -- Up-to-date: /home/quarcks/Mobile-Robots-2026-1/install/gazebo_envs/share/gazebo_envs/models/aws_robomaker_residential_Refrigerator_01/meshes/aws_Refrigerator_01_collision.DAE
[1.670s] -- Up-to-date: /home/quarcks/Mobile-Robots-2026-1/install/gazebo_envs/share/gazebo_envs/models/aws_robomaker_residential_Refrigerator_01/meshes/aws_Refrigerator_01_visual.DAE
[1.670s] -- Up-to-date: /home/quarcks/Mobile-Robots-2026-1/install/gazebo_envs/share/gazebo_envs/models/aws_robomaker_residential_Refrigerator_01/model.sdf
[1.670s] -- Up-to-date: /home/quarcks/Mobile-Robots-2026-1/install/gazebo_envs/share/gazebo_envs/models/aws_robomaker_residential_Refrigerator_01/materials
[1.670s] -- Up-to-date: /home/quarcks/Mobile-Robots-2026-1/install/gazebo_envs/share/gazebo_envs/models/aws_robomaker_residential_Refrigerator_01/materials/textures
[1.670s] -- Up-to-date: /home/quarcks/Mobile-Robots-2026-1/install/gazebo_envs/share/gazebo_envs/models/aws_robomaker_residential_Refrigerator_01/materials/textures/aws_Refrigerator_02.png
[1.670s] -- Up-to-date: /home/quarcks/Mobile-Robots-2026-1/install/gazebo_envs/share/gazebo_envs/models/aws_robomaker_residential_Refrigerator_01/materials/textures/aws_Refrigerator_01.png
[1.670s] -- Up-to-date: /home/quarcks/Mobile-Robots-2026-1/install/gazebo_envs/share/gazebo_envs/models/red_cylinder
[1.670s] -- Up-to-date: /home/quarcks/Mobile-Robots-2026-1/install/gazebo_envs/share/gazebo_envs/models/red_cylinder/model.config
[1.670s] -- Up-to-date: /home/quarcks/Mobile-Robots-2026-1/install/gazebo_envs/share/gazebo_envs/models/red_cylinder/model.sdf
[1.670s] -- Up-to-date: /home/quarcks/Mobile-Robots-2026-1/install/gazebo_envs/share/gazebo_envs/models/aws_robomaker_residential_FloorB_01
[1.670s] -- Up-to-date: /home/quarcks/Mobile-Robots-2026-1/install/gazebo_envs/share/gazebo_envs/models/aws_robomaker_residential_FloorB_01/model.config
[1.670s] -- Up-to-date: /home/quarcks/Mobile-Robots-2026-1/install/gazebo_envs/share/gazebo_envs/models/aws_robomaker_residential_FloorB_01/meshes
[1.670s] -- Up-to-date: /home/quarcks/Mobile-Robots-2026-1/install/gazebo_envs/share/gazebo_envs/models/aws_robomaker_residential_FloorB_01/meshes/aws_FloorB_01_collision.DAE
[1.671s] -- Up-to-date: /home/quarcks/Mobile-Robots-2026-1/install/gazebo_envs/share/gazebo_envs/models/aws_robomaker_residential_FloorB_01/meshes/aws_FloorB_01_visual.DAE
[1.671s] -- Up-to-date: /home/quarcks/Mobile-Robots-2026-1/install/gazebo_envs/share/gazebo_envs/models/aws_robomaker_residential_FloorB_01/model.sdf
[1.671s] -- Up-to-date: /home/quarcks/Mobile-Robots-2026-1/install/gazebo_envs/share/gazebo_envs/models/aws_robomaker_residential_FloorB_01/materials
[1.671s] -- Up-to-date: /home/quarcks/Mobile-Robots-2026-1/install/gazebo_envs/share/gazebo_envs/models/aws_robomaker_residential_FloorB_01/materials/textures
[1.671s] -- Up-to-date: /home/quarcks/Mobile-Robots-2026-1/install/gazebo_envs/share/gazebo_envs/models/aws_robomaker_residential_FloorB_01/materials/textures/aws_FloorB_01.png
[1.671s] -- Up-to-date: /home/quarcks/Mobile-Robots-2026-1/install/gazebo_envs/share/gazebo_envs/models/aws_robomaker_residential_PortraitE_01
[1.672s] -- Up-to-date: /home/quarcks/Mobile-Robots-2026-1/install/gazebo_envs/share/gazebo_envs/models/aws_robomaker_residential_PortraitE_01/model.config
[1.672s] -- Up-to-date: /home/quarcks/Mobile-Robots-2026-1/install/gazebo_envs/share/gazebo_envs/models/aws_robomaker_residential_PortraitE_01/meshes
[1.672s] -- Up-to-date: /home/quarcks/Mobile-Robots-2026-1/install/gazebo_envs/share/gazebo_envs/models/aws_robomaker_residential_PortraitE_01/meshes/aws_PortraitE_01_visual.DAE
[1.673s] -- Up-to-date: /home/quarcks/Mobile-Robots-2026-1/install/gazebo_envs/share/gazebo_envs/models/aws_robomaker_residential_PortraitE_01/meshes/aws_PortraitE_01_collision.DAE
[1.673s] -- Up-to-date: /home/quarcks/Mobile-Robots-2026-1/install/gazebo_envs/share/gazebo_envs/models/aws_robomaker_residential_PortraitE_01/model.sdf
[1.673s] -- Up-to-date: /home/quarcks/Mobile-Robots-2026-1/install/gazebo_envs/share/gazebo_envs/models/aws_robomaker_residential_PortraitE_01/materials
[1.673s] -- Up-to-date: /home/quarcks/Mobile-Robots-2026-1/install/gazebo_envs/share/gazebo_envs/models/aws_robomaker_residential_PortraitE_01/materials/textures
[1.674s] -- Up-to-date: /home/quarcks/Mobile-Robots-2026-1/install/gazebo_envs/share/gazebo_envs/models/aws_robomaker_residential_PortraitE_01/materials/textures/aws_PortraitE_02.png
[1.674s] -- Up-to-date: /home/quarcks/Mobile-Robots-2026-1/install/gazebo_envs/share/gazebo_envs/models/aws_robomaker_residential_PortraitE_01/materials/textures/PortraitE_01.jpg
[1.674s] -- Up-to-date: /home/quarcks/Mobile-Robots-2026-1/install/gazebo_envs/share/gazebo_envs/models/aws_robomaker_residential_PortraitE_01/materials/textures/aws_PortraitE_01.png
[1.674s] -- Up-to-date: /home/quarcks/Mobile-Robots-2026-1/install/gazebo_envs/share/gazebo_envs/models/aws_robomaker_residential_CoffeeTable_01
[1.674s] -- Up-to-date: /home/quarcks/Mobile-Robots-2026-1/install/gazebo_envs/share/gazebo_envs/models/aws_robomaker_residential_CoffeeTable_01/model.config
[1.674s] -- Up-to-date: /home/quarcks/Mobile-Robots-2026-1/install/gazebo_envs/share/gazebo_envs/models/aws_robomaker_residential_CoffeeTable_01/meshes
[1.674s] -- Up-to-date: /home/quarcks/Mobile-Robots-2026-1/install/gazebo_envs/share/gazebo_envs/models/aws_robomaker_residential_CoffeeTable_01/meshes/aws_CoffeeTable_01_visual.DAE
[1.674s] -- Up-to-date: /home/quarcks/Mobile-Robots-2026-1/install/gazebo_envs/share/gazebo_envs/models/aws_robomaker_residential_CoffeeTable_01/meshes/aws_CoffeeTable_01_collision.DAE
[1.674s] -- Up-to-date: /home/quarcks/Mobile-Robots-2026-1/install/gazebo_envs/share/gazebo_envs/models/aws_robomaker_residential_CoffeeTable_01/model.sdf
[1.674s] -- Up-to-date: /home/quarcks/Mobile-Robots-2026-1/install/gazebo_envs/share/gazebo_envs/models/aws_robomaker_residential_CoffeeTable_01/materials
[1.674s] -- Up-to-date: /home/quarcks/Mobile-Robots-2026-1/install/gazebo_envs/share/gazebo_envs/models/aws_robomaker_residential_CoffeeTable_01/materials/textures
[1.674s] -- Up-to-date: /home/quarcks/Mobile-Robots-2026-1/install/gazebo_envs/share/gazebo_envs/models/aws_robomaker_residential_CoffeeTable_01/materials/textures/aws_CoffeeTable_01.png
[1.674s] -- Up-to-date: /home/quarcks/Mobile-Robots-2026-1/install/gazebo_envs/share/gazebo_envs/models/brown_table
[1.674s] -- Up-to-date: /home/quarcks/Mobile-Robots-2026-1/install/gazebo_envs/share/gazebo_envs/models/brown_table/model.config
[1.674s] -- Up-to-date: /home/quarcks/Mobile-Robots-2026-1/install/gazebo_envs/share/gazebo_envs/models/brown_table/model.sdf
[1.675s] -- Up-to-date: /home/quarcks/Mobile-Robots-2026-1/install/gazebo_envs/share/gazebo_envs/models/aws_robomaker_residential_TV_01
[1.675s] -- Up-to-date: /home/quarcks/Mobile-Robots-2026-1/install/gazebo_envs/share/gazebo_envs/models/aws_robomaker_residential_TV_01/model.config
[1.675s] -- Up-to-date: /home/quarcks/Mobile-Robots-2026-1/install/gazebo_envs/share/gazebo_envs/models/aws_robomaker_residential_TV_01/meshes
[1.676s] -- Up-to-date: /home/quarcks/Mobile-Robots-2026-1/install/gazebo_envs/share/gazebo_envs/models/aws_robomaker_residential_TV_01/meshes/aws_TV_01_collision.DAE
[1.676s] -- Up-to-date: /home/quarcks/Mobile-Robots-2026-1/install/gazebo_envs/share/gazebo_envs/models/aws_robomaker_residential_TV_01/meshes/aws_TV_01_visual.DAE
[1.676s] -- Up-to-date: /home/quarcks/Mobile-Robots-2026-1/install/gazebo_envs/share/gazebo_envs/models/aws_robomaker_residential_TV_01/model.sdf
[1.676s] -- Up-to-date: /home/quarcks/Mobile-Robots-2026-1/install/gazebo_envs/share/gazebo_envs/models/aws_robomaker_residential_TV_01/materials
[1.676s] -- Up-to-date: /home/quarcks/Mobile-Robots-2026-1/install/gazebo_envs/share/gazebo_envs/models/aws_robomaker_residential_TV_01/materials/textures
[1.676s] -- Up-to-date: /home/quarcks/Mobile-Robots-2026-1/install/gazebo_envs/share/gazebo_envs/models/aws_robomaker_residential_TV_01/materials/textures/aws_TV_01.png
[1.676s] -- Up-to-date: /home/quarcks/Mobile-Robots-2026-1/install/gazebo_envs/share/gazebo_envs/models/aws_robomaker_warehouse_RoofB_01
[1.676s] -- Up-to-date: /home/quarcks/Mobile-Robots-2026-1/install/gazebo_envs/share/gazebo_envs/models/aws_robomaker_warehouse_RoofB_01/model.config
[1.676s] -- Up-to-date: /home/quarcks/Mobile-Robots-2026-1/install/gazebo_envs/share/gazebo_envs/models/aws_robomaker_warehouse_RoofB_01/meshes
[1.676s] -- Up-to-date: /home/quarcks/Mobile-Robots-2026-1/install/gazebo_envs/share/gazebo_envs/models/aws_robomaker_warehouse_RoofB_01/meshes/aws_robomaker_warehouse_RoofB_01_visual.DAE
[1.677s] -- Up-to-date: /home/quarcks/Mobile-Robots-2026-1/install/gazebo_envs/share/gazebo_envs/models/aws_robomaker_warehouse_RoofB_01/meshes/aws_robomaker_warehouse_RoofB_01_collision.DAE
[1.678s] -- Up-to-date: /home/quarcks/Mobile-Robots-2026-1/install/gazebo_envs/share/gazebo_envs/models/aws_robomaker_warehouse_RoofB_01/model.sdf
[1.678s] -- Up-to-date: /home/quarcks/Mobile-Robots-2026-1/install/gazebo_envs/share/gazebo_envs/models/aws_robomaker_warehouse_RoofB_01/materials
[1.679s] -- Up-to-date: /home/quarcks/Mobile-Robots-2026-1/install/gazebo_envs/share/gazebo_envs/models/aws_robomaker_warehouse_RoofB_01/materials/textures
[1.680s] -- Up-to-date: /home/quarcks/Mobile-Robots-2026-1/install/gazebo_envs/share/gazebo_envs/models/aws_robomaker_warehouse_RoofB_01/materials/textures/aws_robomaker_warehouse_RoofB_01.png
[1.681s] -- Up-to-date: /home/quarcks/Mobile-Robots-2026-1/install/gazebo_envs/share/gazebo_envs/models/aws_robomaker_residential_ChairD_01
[1.681s] -- Up-to-date: /home/quarcks/Mobile-Robots-2026-1/install/gazebo_envs/share/gazebo_envs/models/aws_robomaker_residential_ChairD_01/model.config
[1.682s] -- Up-to-date: /home/quarcks/Mobile-Robots-2026-1/install/gazebo_envs/share/gazebo_envs/models/aws_robomaker_residential_ChairD_01/meshes
[1.682s] -- Up-to-date: /home/quarcks/Mobile-Robots-2026-1/install/gazebo_envs/share/gazebo_envs/models/aws_robomaker_residential_ChairD_01/meshes/aws_ChairD_01_visual.DAE
[1.683s] -- Up-to-date: /home/quarcks/Mobile-Robots-2026-1/install/gazebo_envs/share/gazebo_envs/models/aws_robomaker_residential_ChairD_01/meshes/aws_ChairD_01_collision.DAE
[1.683s] -- Up-to-date: /home/quarcks/Mobile-Robots-2026-1/install/gazebo_envs/share/gazebo_envs/models/aws_robomaker_residential_ChairD_01/model.sdf
[1.683s] -- Up-to-date: /home/quarcks/Mobile-Robots-2026-1/install/gazebo_envs/share/gazebo_envs/models/aws_robomaker_residential_ChairD_01/materials
[1.683s] -- Up-to-date: /home/quarcks/Mobile-Robots-2026-1/install/gazebo_envs/share/gazebo_envs/models/aws_robomaker_residential_ChairD_01/materials/textures
[1.684s] -- Up-to-date: /home/quarcks/Mobile-Robots-2026-1/install/gazebo_envs/share/gazebo_envs/models/aws_robomaker_residential_ChairD_01/materials/textures/aws_ChairD_01.png
[1.684s] -- Up-to-date: /home/quarcks/Mobile-Robots-2026-1/install/gazebo_envs/share/gazebo_envs/models/aws_robomaker_warehouse_ShelfF_01
[1.685s] -- Up-to-date: /home/quarcks/Mobile-Robots-2026-1/install/gazebo_envs/share/gazebo_envs/models/aws_robomaker_warehouse_ShelfF_01/model.config
[1.686s] -- Up-to-date: /home/quarcks/Mobile-Robots-2026-1/install/gazebo_envs/share/gazebo_envs/models/aws_robomaker_warehouse_ShelfF_01/meshes
[1.686s] -- Up-to-date: /home/quarcks/Mobile-Robots-2026-1/install/gazebo_envs/share/gazebo_envs/models/aws_robomaker_warehouse_ShelfF_01/meshes/aws_robomaker_warehouse_ShelfF_01_collision.DAE
[1.687s] -- Up-to-date: /home/quarcks/Mobile-Robots-2026-1/install/gazebo_envs/share/gazebo_envs/models/aws_robomaker_warehouse_ShelfF_01/meshes/aws_robomaker_warehouse_ShelfF_01_visual.DAE
[1.688s] -- Up-to-date: /home/quarcks/Mobile-Robots-2026-1/install/gazebo_envs/share/gazebo_envs/models/aws_robomaker_warehouse_ShelfF_01/model.sdf
[1.689s] -- Up-to-date: /home/quarcks/Mobile-Robots-2026-1/install/gazebo_envs/share/gazebo_envs/models/aws_robomaker_warehouse_ShelfF_01/materials
[1.690s] -- Up-to-date: /home/quarcks/Mobile-Robots-2026-1/install/gazebo_envs/share/gazebo_envs/models/aws_robomaker_warehouse_ShelfF_01/materials/textures
[1.690s] -- Up-to-date: /home/quarcks/Mobile-Robots-2026-1/install/gazebo_envs/share/gazebo_envs/models/aws_robomaker_warehouse_ShelfF_01/materials/textures/aws_robomaker_warehouse_ShelfF_02.png
[1.691s] -- Up-to-date: /home/quarcks/Mobile-Robots-2026-1/install/gazebo_envs/share/gazebo_envs/models/aws_robomaker_warehouse_ShelfF_01/materials/textures/aws_robomaker_warehouse_ShelfF_01.png
[1.691s] -- Up-to-date: /home/quarcks/Mobile-Robots-2026-1/install/gazebo_envs/share/gazebo_envs/models/aws_robomaker_warehouse_ShelfF_01/materials/textures/aws_robomaker_warehouse_ShelfF_03.png
[1.692s] -- Up-to-date: /home/quarcks/Mobile-Robots-2026-1/install/gazebo_envs/share/gazebo_envs/models/aws_robomaker_residential_ReadingDesk_01
[1.693s] -- Up-to-date: /home/quarcks/Mobile-Robots-2026-1/install/gazebo_envs/share/gazebo_envs/models/aws_robomaker_residential_ReadingDesk_01/model.config
[1.693s] -- Up-to-date: /home/quarcks/Mobile-Robots-2026-1/install/gazebo_envs/share/gazebo_envs/models/aws_robomaker_residential_ReadingDesk_01/meshes
[1.693s] -- Up-to-date: /home/quarcks/Mobile-Robots-2026-1/install/gazebo_envs/share/gazebo_envs/models/aws_robomaker_residential_ReadingDesk_01/meshes/aws_ReadingDesk_01_visual.DAE
[1.694s] -- Up-to-date: /home/quarcks/Mobile-Robots-2026-1/install/gazebo_envs/share/gazebo_envs/models/aws_robomaker_residential_ReadingDesk_01/meshes/aws_ReadingDesk_01_collision.DAE
[1.694s] -- Up-to-date: /home/quarcks/Mobile-Robots-2026-1/install/gazebo_envs/share/gazebo_envs/models/aws_robomaker_residential_ReadingDesk_01/model.sdf
[1.694s] -- Up-to-date: /home/quarcks/Mobile-Robots-2026-1/install/gazebo_envs/share/gazebo_envs/models/aws_robomaker_residential_ReadingDesk_01/materials
[1.694s] -- Up-to-date: /home/quarcks/Mobile-Robots-2026-1/install/gazebo_envs/share/gazebo_envs/models/aws_robomaker_residential_ReadingDesk_01/materials/textures
[1.695s] -- Up-to-date: /home/quarcks/Mobile-Robots-2026-1/install/gazebo_envs/share/gazebo_envs/models/aws_robomaker_residential_ReadingDesk_01/materials/textures/aws_ReadingDesk_01.png
[1.695s] -- Up-to-date: /home/quarcks/Mobile-Robots-2026-1/install/gazebo_envs/share/gazebo_envs/models/aws_robomaker_residential_DeskPortraitC_02
[1.696s] -- Up-to-date: /home/quarcks/Mobile-Robots-2026-1/install/gazebo_envs/share/gazebo_envs/models/aws_robomaker_residential_DeskPortraitC_02/model.config
[1.696s] -- Up-to-date: /home/quarcks/Mobile-Robots-2026-1/install/gazebo_envs/share/gazebo_envs/models/aws_robomaker_residential_DeskPortraitC_02/meshes
[1.698s] -- Up-to-date: /home/quarcks/Mobile-Robots-2026-1/install/gazebo_envs/share/gazebo_envs/models/aws_robomaker_residential_DeskPortraitC_02/meshes/aws_DeskPortraitC_01_visual.DAE
[1.698s] -- Up-to-date: /home/quarcks/Mobile-Robots-2026-1/install/gazebo_envs/share/gazebo_envs/models/aws_robomaker_residential_DeskPortraitC_02/meshes/aws_DeskPortraitC_01_collision.DAE
[1.698s] -- Up-to-date: /home/quarcks/Mobile-Robots-2026-1/install/gazebo_envs/share/gazebo_envs/models/aws_robomaker_residential_DeskPortraitC_02/model.sdf
[1.698s] -- Up-to-date: /home/quarcks/Mobile-Robots-2026-1/install/gazebo_envs/share/gazebo_envs/models/aws_robomaker_residential_DeskPortraitC_02/materials
[1.698s] -- Up-to-date: /home/quarcks/Mobile-Robots-2026-1/install/gazebo_envs/share/gazebo_envs/models/aws_robomaker_residential_DeskPortraitC_02/materials/textures
[1.698s] -- Up-to-date: /home/quarcks/Mobile-Robots-2026-1/install/gazebo_envs/share/gazebo_envs/models/aws_robomaker_residential_DeskPortraitC_02/materials/textures/DeskPortraitC_02.jpg
[1.699s] -- Up-to-date: /home/quarcks/Mobile-Robots-2026-1/install/gazebo_envs/share/gazebo_envs/models/aws_robomaker_residential_DeskPortraitC_02/materials/textures/aws_DeskPortraitC_02.png
[1.699s] -- Up-to-date: /home/quarcks/Mobile-Robots-2026-1/install/gazebo_envs/share/gazebo_envs/models/aws_robomaker_residential_DeskPortraitC_02/materials/textures/aws_DeskPortraitC_01.png
[1.699s] -- Up-to-date: /home/quarcks/Mobile-Robots-2026-1/install/gazebo_envs/share/gazebo_envs/models/aws_robomaker_residential_Quilt_01
[1.699s] -- Up-to-date: /home/quarcks/Mobile-Robots-2026-1/install/gazebo_envs/share/gazebo_envs/models/aws_robomaker_residential_Quilt_01/model.config
[1.699s] -- Up-to-date: /home/quarcks/Mobile-Robots-2026-1/install/gazebo_envs/share/gazebo_envs/models/aws_robomaker_residential_Quilt_01/meshes
[1.699s] -- Up-to-date: /home/quarcks/Mobile-Robots-2026-1/install/gazebo_envs/share/gazebo_envs/models/aws_robomaker_residential_Quilt_01/meshes/aws_Quilt_01_collision.DAE
[1.699s] -- Up-to-date: /home/quarcks/Mobile-Robots-2026-1/install/gazebo_envs/share/gazebo_envs/models/aws_robomaker_residential_Quilt_01/meshes/aws_Quilt_01_visual.DAE
[1.699s] -- Up-to-date: /home/quarcks/Mobile-Robots-2026-1/install/gazebo_envs/share/gazebo_envs/models/aws_robomaker_residential_Quilt_01/model.sdf
[1.699s] -- Up-to-date: /home/quarcks/Mobile-Robots-2026-1/install/gazebo_envs/share/gazebo_envs/models/aws_robomaker_residential_Quilt_01/materials
[1.699s] -- Up-to-date: /home/quarcks/Mobile-Robots-2026-1/install/gazebo_envs/share/gazebo_envs/models/aws_robomaker_residential_Quilt_01/materials/textures
[1.699s] -- Up-to-date: /home/quarcks/Mobile-Robots-2026-1/install/gazebo_envs/share/gazebo_envs/models/aws_robomaker_residential_Quilt_01/materials/textures/aws_Quilt_01.png
[1.699s] -- Up-to-date: /home/quarcks/Mobile-Robots-2026-1/install/gazebo_envs/share/gazebo_envs/models/aws_robomaker_residential_PortraitD_02
[1.700s] -- Up-to-date: /home/quarcks/Mobile-Robots-2026-1/install/gazebo_envs/share/gazebo_envs/models/aws_robomaker_residential_PortraitD_02/model.config
[1.700s] -- Up-to-date: /home/quarcks/Mobile-Robots-2026-1/install/gazebo_envs/share/gazebo_envs/models/aws_robomaker_residential_PortraitD_02/meshes
[1.700s] -- Up-to-date: /home/quarcks/Mobile-Robots-2026-1/install/gazebo_envs/share/gazebo_envs/models/aws_robomaker_residential_PortraitD_02/meshes/aws_PortraitD_01_collision.DAE
[1.700s] -- Up-to-date: /home/quarcks/Mobile-Robots-2026-1/install/gazebo_envs/share/gazebo_envs/models/aws_robomaker_residential_PortraitD_02/meshes/aws_PortraitD_01_visual.DAE
[1.700s] -- Up-to-date: /home/quarcks/Mobile-Robots-2026-1/install/gazebo_envs/share/gazebo_envs/models/aws_robomaker_residential_PortraitD_02/model.sdf
[1.700s] -- Up-to-date: /home/quarcks/Mobile-Robots-2026-1/install/gazebo_envs/share/gazebo_envs/models/aws_robomaker_residential_PortraitD_02/materials
[1.700s] -- Up-to-date: /home/quarcks/Mobile-Robots-2026-1/install/gazebo_envs/share/gazebo_envs/models/aws_robomaker_residential_PortraitD_02/materials/textures
[1.700s] -- Up-to-date: /home/quarcks/Mobile-Robots-2026-1/install/gazebo_envs/share/gazebo_envs/models/aws_robomaker_residential_PortraitD_02/materials/textures/aws_PortraitD_01.png
[1.700s] -- Up-to-date: /home/quarcks/Mobile-Robots-2026-1/install/gazebo_envs/share/gazebo_envs/models/aws_robomaker_residential_PortraitD_02/materials/textures/aws_PortraitD_02.png
[1.700s] -- Up-to-date: /home/quarcks/Mobile-Robots-2026-1/install/gazebo_envs/share/gazebo_envs/models/aws_robomaker_residential_PortraitD_02/materials/textures/PortraitD_02.jpg
[1.700s] -- Up-to-date: /home/quarcks/Mobile-Robots-2026-1/install/gazebo_envs/share/gazebo_envs/models/aws_robomaker_residential_Trash_01
[1.701s] -- Up-to-date: /home/quarcks/Mobile-Robots-2026-1/install/gazebo_envs/share/gazebo_envs/models/aws_robomaker_residential_Trash_01/model.config
[1.701s] -- Up-to-date: /home/quarcks/Mobile-Robots-2026-1/install/gazebo_envs/share/gazebo_envs/models/aws_robomaker_residential_Trash_01/meshes
[1.701s] -- Up-to-date: /home/quarcks/Mobile-Robots-2026-1/install/gazebo_envs/share/gazebo_envs/models/aws_robomaker_residential_Trash_01/meshes/aws_Trash_01_collision.DAE
[1.701s] -- Up-to-date: /home/quarcks/Mobile-Robots-2026-1/install/gazebo_envs/share/gazebo_envs/models/aws_robomaker_residential_Trash_01/meshes/aws_Trash_01_visual.DAE
[1.701s] -- Up-to-date: /home/quarcks/Mobile-Robots-2026-1/install/gazebo_envs/share/gazebo_envs/models/aws_robomaker_residential_Trash_01/model.sdf
[1.701s] -- Up-to-date: /home/quarcks/Mobile-Robots-2026-1/install/gazebo_envs/share/gazebo_envs/models/aws_robomaker_residential_Trash_01/materials
[1.701s] -- Up-to-date: /home/quarcks/Mobile-Robots-2026-1/install/gazebo_envs/share/gazebo_envs/models/aws_robomaker_residential_Trash_01/materials/textures
[1.701s] -- Up-to-date: /home/quarcks/Mobile-Robots-2026-1/install/gazebo_envs/share/gazebo_envs/models/aws_robomaker_residential_Trash_01/materials/textures/aws_Trash_01.png
[1.701s] -- Up-to-date: /home/quarcks/Mobile-Robots-2026-1/install/gazebo_envs/share/gazebo_envs/models/aws_robomaker_warehouse_GroundB_01
[1.701s] -- Up-to-date: /home/quarcks/Mobile-Robots-2026-1/install/gazebo_envs/share/gazebo_envs/models/aws_robomaker_warehouse_GroundB_01/model.config
[1.701s] -- Up-to-date: /home/quarcks/Mobile-Robots-2026-1/install/gazebo_envs/share/gazebo_envs/models/aws_robomaker_warehouse_GroundB_01/meshes
[1.702s] -- Up-to-date: /home/quarcks/Mobile-Robots-2026-1/install/gazebo_envs/share/gazebo_envs/models/aws_robomaker_warehouse_GroundB_01/meshes/aws_robomaker_warehouse_GroundB_01_visual.DAE
[1.702s] -- Up-to-date: /home/quarcks/Mobile-Robots-2026-1/install/gazebo_envs/share/gazebo_envs/models/aws_robomaker_warehouse_GroundB_01/meshes/aws_robomaker_warehouse_GroundB_01_collision.DAE
[1.702s] -- Up-to-date: /home/quarcks/Mobile-Robots-2026-1/install/gazebo_envs/share/gazebo_envs/models/aws_robomaker_warehouse_GroundB_01/model.sdf
[1.702s] -- Up-to-date: /home/quarcks/Mobile-Robots-2026-1/install/gazebo_envs/share/gazebo_envs/models/aws_robomaker_warehouse_GroundB_01/materials
[1.702s] -- Up-to-date: /home/quarcks/Mobile-Robots-2026-1/install/gazebo_envs/share/gazebo_envs/models/aws_robomaker_warehouse_GroundB_01/materials/textures
[1.702s] -- Up-to-date: /home/quarcks/Mobile-Robots-2026-1/install/gazebo_envs/share/gazebo_envs/models/aws_robomaker_warehouse_GroundB_01/materials/textures/aws_robomaker_warehouse_GroundB_01.png
[1.702s] -- Up-to-date: /home/quarcks/Mobile-Robots-2026-1/install/gazebo_envs/share/gazebo_envs/models/aws_robomaker_warehouse_GroundB_01/materials/textures/aws_robomaker_warehouse_GroundB_02.png
[1.702s] -- Up-to-date: /home/quarcks/Mobile-Robots-2026-1/install/gazebo_envs/share/gazebo_envs/models/aws_robomaker_residential_PortraitB_02
[1.702s] -- Up-to-date: /home/quarcks/Mobile-Robots-2026-1/install/gazebo_envs/share/gazebo_envs/models/aws_robomaker_residential_PortraitB_02/model.config
[1.703s] -- Up-to-date: /home/quarcks/Mobile-Robots-2026-1/install/gazebo_envs/share/gazebo_envs/models/aws_robomaker_residential_PortraitB_02/meshes
[1.703s] -- Up-to-date: /home/quarcks/Mobile-Robots-2026-1/install/gazebo_envs/share/gazebo_envs/models/aws_robomaker_residential_PortraitB_02/meshes/aws_PortraitB_01_collision.DAE
[1.703s] -- Up-to-date: /home/quarcks/Mobile-Robots-2026-1/install/gazebo_envs/share/gazebo_envs/models/aws_robomaker_residential_PortraitB_02/meshes/aws_PortraitB_01_visual.DAE
[1.703s] -- Up-to-date: /home/quarcks/Mobile-Robots-2026-1/install/gazebo_envs/share/gazebo_envs/models/aws_robomaker_residential_PortraitB_02/model.sdf
[1.703s] -- Up-to-date: /home/quarcks/Mobile-Robots-2026-1/install/gazebo_envs/share/gazebo_envs/models/aws_robomaker_residential_PortraitB_02/materials
[1.703s] -- Up-to-date: /home/quarcks/Mobile-Robots-2026-1/install/gazebo_envs/share/gazebo_envs/models/aws_robomaker_residential_PortraitB_02/materials/textures
[1.703s] -- Up-to-date: /home/quarcks/Mobile-Robots-2026-1/install/gazebo_envs/share/gazebo_envs/models/aws_robomaker_residential_PortraitB_02/materials/textures/aws_PortraitB_01.png
[1.703s] -- Up-to-date: /home/quarcks/Mobile-Robots-2026-1/install/gazebo_envs/share/gazebo_envs/models/aws_robomaker_residential_PortraitB_02/materials/textures/PortraitB_02.jpg
[1.703s] -- Up-to-date: /home/quarcks/Mobile-Robots-2026-1/install/gazebo_envs/share/gazebo_envs/models/aws_robomaker_residential_PortraitB_02/materials/textures/aws_PortraitB_02.png
[1.703s] -- Up-to-date: /home/quarcks/Mobile-Robots-2026-1/install/gazebo_envs/share/gazebo_envs/models/aws_robomaker_residential_KitchenTable_01
[1.704s] -- Up-to-date: /home/quarcks/Mobile-Robots-2026-1/install/gazebo_envs/share/gazebo_envs/models/aws_robomaker_residential_KitchenTable_01/model.config
[1.704s] -- Up-to-date: /home/quarcks/Mobile-Robots-2026-1/install/gazebo_envs/share/gazebo_envs/models/aws_robomaker_residential_KitchenTable_01/meshes
[1.704s] -- Up-to-date: /home/quarcks/Mobile-Robots-2026-1/install/gazebo_envs/share/gazebo_envs/models/aws_robomaker_residential_KitchenTable_01/meshes/aws_KitchenTable_01_collision.DAE
[1.704s] -- Up-to-date: /home/quarcks/Mobile-Robots-2026-1/install/gazebo_envs/share/gazebo_envs/models/aws_robomaker_residential_KitchenTable_01/meshes/aws_KitchenTable_01_visual.DAE
[1.704s] -- Up-to-date: /home/quarcks/Mobile-Robots-2026-1/install/gazebo_envs/share/gazebo_envs/models/aws_robomaker_residential_KitchenTable_01/model.sdf
[1.704s] -- Up-to-date: /home/quarcks/Mobile-Robots-2026-1/install/gazebo_envs/share/gazebo_envs/models/aws_robomaker_residential_KitchenTable_01/materials
[1.704s] -- Up-to-date: /home/quarcks/Mobile-Robots-2026-1/install/gazebo_envs/share/gazebo_envs/models/aws_robomaker_residential_KitchenTable_01/materials/textures
[1.704s] -- Up-to-date: /home/quarcks/Mobile-Robots-2026-1/install/gazebo_envs/share/gazebo_envs/models/aws_robomaker_residential_KitchenTable_01/materials/textures/aws_KitchenTable_01.png
[1.704s] -- Up-to-date: /home/quarcks/Mobile-Robots-2026-1/install/gazebo_envs/share/gazebo_envs/models/aws_robomaker_residential_Pillow_01
[1.704s] -- Up-to-date: /home/quarcks/Mobile-Robots-2026-1/install/gazebo_envs/share/gazebo_envs/models/aws_robomaker_residential_Pillow_01/model.config
[1.704s] -- Up-to-date: /home/quarcks/Mobile-Robots-2026-1/install/gazebo_envs/share/gazebo_envs/models/aws_robomaker_residential_Pillow_01/meshes
[1.704s] -- Up-to-date: /home/quarcks/Mobile-Robots-2026-1/install/gazebo_envs/share/gazebo_envs/models/aws_robomaker_residential_Pillow_01/meshes/aws_Pillow_01_visual.DAE
[1.705s] -- Up-to-date: /home/quarcks/Mobile-Robots-2026-1/install/gazebo_envs/share/gazebo_envs/models/aws_robomaker_residential_Pillow_01/meshes/aws_Pillow_01_collision.DAE
[1.705s] -- Up-to-date: /home/quarcks/Mobile-Robots-2026-1/install/gazebo_envs/share/gazebo_envs/models/aws_robomaker_residential_Pillow_01/model.sdf
[1.705s] -- Up-to-date: /home/quarcks/Mobile-Robots-2026-1/install/gazebo_envs/share/gazebo_envs/models/aws_robomaker_residential_Pillow_01/materials
[1.705s] -- Up-to-date: /home/quarcks/Mobile-Robots-2026-1/install/gazebo_envs/share/gazebo_envs/models/aws_robomaker_residential_Pillow_01/materials/textures
[1.705s] -- Up-to-date: /home/quarcks/Mobile-Robots-2026-1/install/gazebo_envs/share/gazebo_envs/models/aws_robomaker_residential_Pillow_01/materials/textures/aws_Pillow_01.png
[1.705s] -- Up-to-date: /home/quarcks/Mobile-Robots-2026-1/install/gazebo_envs/share/gazebo_envs/models/coke_can
[1.705s] -- Up-to-date: /home/quarcks/Mobile-Robots-2026-1/install/gazebo_envs/share/gazebo_envs/models/coke_can/model-1_3.sdf
[1.705s] -- Up-to-date: /home/quarcks/Mobile-Robots-2026-1/install/gazebo_envs/share/gazebo_envs/models/coke_can/model.config
[1.705s] -- Up-to-date: /home/quarcks/Mobile-Robots-2026-1/install/gazebo_envs/share/gazebo_envs/models/coke_can/meshes
[1.705s] -- Up-to-date: /home/quarcks/Mobile-Robots-2026-1/install/gazebo_envs/share/gazebo_envs/models/coke_can/meshes/coke_can.dae
[1.705s] -- Up-to-date: /home/quarcks/Mobile-Robots-2026-1/install/gazebo_envs/share/gazebo_envs/models/coke_can/model-1_4.sdf
[1.706s] -- Up-to-date: /home/quarcks/Mobile-Robots-2026-1/install/gazebo_envs/share/gazebo_envs/models/coke_can/model.sdf
[1.706s] -- Up-to-date: /home/quarcks/Mobile-Robots-2026-1/install/gazebo_envs/share/gazebo_envs/models/coke_can/model-1_2.sdf
[1.706s] -- Up-to-date: /home/quarcks/Mobile-Robots-2026-1/install/gazebo_envs/share/gazebo_envs/models/coke_can/materials
[1.706s] -- Up-to-date: /home/quarcks/Mobile-Robots-2026-1/install/gazebo_envs/share/gazebo_envs/models/coke_can/materials/textures
[1.706s] -- Up-to-date: /home/quarcks/Mobile-Robots-2026-1/install/gazebo_envs/share/gazebo_envs/models/coke_can/materials/textures/coke_can.png
[1.706s] -- Up-to-date: /home/quarcks/Mobile-Robots-2026-1/install/gazebo_envs/share/gazebo_envs/models/aws_robomaker_residential_SecurityCamera_01
[1.706s] -- Up-to-date: /home/quarcks/Mobile-Robots-2026-1/install/gazebo_envs/share/gazebo_envs/models/aws_robomaker_residential_SecurityCamera_01/model.config
[1.706s] -- Up-to-date: /home/quarcks/Mobile-Robots-2026-1/install/gazebo_envs/share/gazebo_envs/models/aws_robomaker_residential_SecurityCamera_01/meshes
[1.707s] -- Up-to-date: /home/quarcks/Mobile-Robots-2026-1/install/gazebo_envs/share/gazebo_envs/models/aws_robomaker_residential_SecurityCamera_01/meshes/aws_SecurityCamera_01_collision.DAE
[1.707s] -- Up-to-date: /home/quarcks/Mobile-Robots-2026-1/install/gazebo_envs/share/gazebo_envs/models/aws_robomaker_residential_SecurityCamera_01/meshes/aws_SecurityCamera_01_visual.DAE
[1.707s] -- Up-to-date: /home/quarcks/Mobile-Robots-2026-1/install/gazebo_envs/share/gazebo_envs/models/aws_robomaker_residential_SecurityCamera_01/model.sdf
[1.707s] -- Up-to-date: /home/quarcks/Mobile-Robots-2026-1/install/gazebo_envs/share/gazebo_envs/models/aws_robomaker_residential_SecurityCamera_01/materials
[1.707s] -- Up-to-date: /home/quarcks/Mobile-Robots-2026-1/install/gazebo_envs/share/gazebo_envs/models/aws_robomaker_residential_SecurityCamera_01/materials/textures
[1.707s] -- Up-to-date: /home/quarcks/Mobile-Robots-2026-1/install/gazebo_envs/share/gazebo_envs/models/aws_robomaker_residential_SecurityCamera_01/materials/textures/aws_SecurityCamera_01.png
[1.707s] -- Up-to-date: /home/quarcks/Mobile-Robots-2026-1/install/gazebo_envs/share/gazebo_envs/models/aws_robomaker_residential_DeskPortraitA_01
[1.707s] -- Up-to-date: /home/quarcks/Mobile-Robots-2026-1/install/gazebo_envs/share/gazebo_envs/models/aws_robomaker_residential_DeskPortraitA_01/model.config
[1.707s] -- Up-to-date: /home/quarcks/Mobile-Robots-2026-1/install/gazebo_envs/share/gazebo_envs/models/aws_robomaker_residential_DeskPortraitA_01/meshes
[1.708s] -- Up-to-date: /home/quarcks/Mobile-Robots-2026-1/install/gazebo_envs/share/gazebo_envs/models/aws_robomaker_residential_DeskPortraitA_01/meshes/aws_DeskPortraitA_01_collision.DAE
[1.708s] -- Up-to-date: /home/quarcks/Mobile-Robots-2026-1/install/gazebo_envs/share/gazebo_envs/models/aws_robomaker_residential_DeskPortraitA_01/meshes/aws_DeskPortraitA_01_visual.DAE
[1.708s] -- Up-to-date: /home/quarcks/Mobile-Robots-2026-1/install/gazebo_envs/share/gazebo_envs/models/aws_robomaker_residential_DeskPortraitA_01/model.sdf
[1.708s] -- Up-to-date: /home/quarcks/Mobile-Robots-2026-1/install/gazebo_envs/share/gazebo_envs/models/aws_robomaker_residential_DeskPortraitA_01/materials
[1.708s] -- Up-to-date: /home/quarcks/Mobile-Robots-2026-1/install/gazebo_envs/share/gazebo_envs/models/aws_robomaker_residential_DeskPortraitA_01/materials/textures
[1.708s] -- Up-to-date: /home/quarcks/Mobile-Robots-2026-1/install/gazebo_envs/share/gazebo_envs/models/aws_robomaker_residential_DeskPortraitA_01/materials/textures/aws_DeskPortraitA_01.png
[1.710s] -- Up-to-date: /home/quarcks/Mobile-Robots-2026-1/install/gazebo_envs/share/gazebo_envs/models/aws_robomaker_residential_DeskPortraitA_01/materials/textures/DeskPortraitA_01.jpg
[1.710s] -- Up-to-date: /home/quarcks/Mobile-Robots-2026-1/install/gazebo_envs/share/gazebo_envs/models/aws_robomaker_residential_DeskPortraitA_01/materials/textures/aws_DeskPortraitA_02.png
[1.710s] -- Up-to-date: /home/quarcks/Mobile-Robots-2026-1/install/gazebo_envs/share/gazebo_envs/models/aws_robomaker_residential_DeskPortraitD_01
[1.711s] -- Up-to-date: /home/quarcks/Mobile-Robots-2026-1/install/gazebo_envs/share/gazebo_envs/models/aws_robomaker_residential_DeskPortraitD_01/model.config
[1.711s] -- Up-to-date: /home/quarcks/Mobile-Robots-2026-1/install/gazebo_envs/share/gazebo_envs/models/aws_robomaker_residential_DeskPortraitD_01/meshes
[1.712s] -- Up-to-date: /home/quarcks/Mobile-Robots-2026-1/install/gazebo_envs/share/gazebo_envs/models/aws_robomaker_residential_DeskPortraitD_01/meshes/aws_DeskPortraitD_01_collision.DAE
[1.712s] -- Up-to-date: /home/quarcks/Mobile-Robots-2026-1/install/gazebo_envs/share/gazebo_envs/models/aws_robomaker_residential_DeskPortraitD_01/meshes/aws_DeskPortraitD_01_visual.DAE
[1.712s] -- Up-to-date: /home/quarcks/Mobile-Robots-2026-1/install/gazebo_envs/share/gazebo_envs/models/aws_robomaker_residential_DeskPortraitD_01/model.sdf
[1.712s] -- Up-to-date: /home/quarcks/Mobile-Robots-2026-1/install/gazebo_envs/share/gazebo_envs/models/aws_robomaker_residential_DeskPortraitD_01/materials
[1.712s] -- Up-to-date: /home/quarcks/Mobile-Robots-2026-1/install/gazebo_envs/share/gazebo_envs/models/aws_robomaker_residential_DeskPortraitD_01/materials/textures
[1.712s] -- Up-to-date: /home/quarcks/Mobile-Robots-2026-1/install/gazebo_envs/share/gazebo_envs/models/aws_robomaker_residential_DeskPortraitD_01/materials/textures/DeskPortraitD_01.jpg
[1.713s] -- Up-to-date: /home/quarcks/Mobile-Robots-2026-1/install/gazebo_envs/share/gazebo_envs/models/aws_robomaker_residential_DeskPortraitD_01/materials/textures/aws_DeskPortraitD_01.png
[1.713s] -- Up-to-date: /home/quarcks/Mobile-Robots-2026-1/install/gazebo_envs/share/gazebo_envs/models/aws_robomaker_residential_DeskPortraitD_01/materials/textures/aws_DeskPortraitD_02.png
[1.713s] -- Up-to-date: /home/quarcks/Mobile-Robots-2026-1/install/gazebo_envs/share/gazebo_envs/models/aws_robomaker_warehouse_DeskC_01
[1.713s] -- Up-to-date: /home/quarcks/Mobile-Robots-2026-1/install/gazebo_envs/share/gazebo_envs/models/aws_robomaker_warehouse_DeskC_01/model.config
[1.714s] -- Up-to-date: /home/quarcks/Mobile-Robots-2026-1/install/gazebo_envs/share/gazebo_envs/models/aws_robomaker_warehouse_DeskC_01/meshes
[1.714s] -- Up-to-date: /home/quarcks/Mobile-Robots-2026-1/install/gazebo_envs/share/gazebo_envs/models/aws_robomaker_warehouse_DeskC_01/meshes/aws_robomaker_warehouse_DeskC_01_collision.DAE
[1.714s] -- Up-to-date: /home/quarcks/Mobile-Robots-2026-1/install/gazebo_envs/share/gazebo_envs/models/aws_robomaker_warehouse_DeskC_01/meshes/aws_robomaker_warehouse_DeskC_01_visual.DAE
[1.714s] -- Up-to-date: /home/quarcks/Mobile-Robots-2026-1/install/gazebo_envs/share/gazebo_envs/models/aws_robomaker_warehouse_DeskC_01/model.sdf
[1.716s] -- Up-to-date: /home/quarcks/Mobile-Robots-2026-1/install/gazebo_envs/share/gazebo_envs/models/aws_robomaker_warehouse_DeskC_01/materials
[1.716s] -- Up-to-date: /home/quarcks/Mobile-Robots-2026-1/install/gazebo_envs/share/gazebo_envs/models/aws_robomaker_warehouse_DeskC_01/materials/.DS_Store
[1.717s] -- Up-to-date: /home/quarcks/Mobile-Robots-2026-1/install/gazebo_envs/share/gazebo_envs/models/aws_robomaker_warehouse_DeskC_01/materials/textures
[1.717s] -- Up-to-date: /home/quarcks/Mobile-Robots-2026-1/install/gazebo_envs/share/gazebo_envs/models/aws_robomaker_warehouse_DeskC_01/materials/textures/aws_robomaker_warehouse_DeskC_02.png
[1.718s] -- Up-to-date: /home/quarcks/Mobile-Robots-2026-1/install/gazebo_envs/share/gazebo_envs/models/aws_robomaker_warehouse_DeskC_01/materials/textures/aws_robomaker_warehouse_DeskC_01.png
[1.719s] -- Up-to-date: /home/quarcks/Mobile-Robots-2026-1/install/gazebo_envs/share/gazebo_envs/models/aws_robomaker_warehouse_DeskC_01/materials/textures/aws_robomaker_warehouse_DeskC_04.png
[1.719s] -- Up-to-date: /home/quarcks/Mobile-Robots-2026-1/install/gazebo_envs/share/gazebo_envs/models/aws_robomaker_warehouse_DeskC_01/materials/textures/aws_robomaker_warehouse_DeskC_03.psd
[1.719s] -- Up-to-date: /home/quarcks/Mobile-Robots-2026-1/install/gazebo_envs/share/gazebo_envs/models/aws_robomaker_warehouse_DeskC_01/materials/textures/aws_robomaker_warehouse_DeskC_03.png
[1.719s] -- Up-to-date: /home/quarcks/Mobile-Robots-2026-1/install/gazebo_envs/share/gazebo_envs/models/aws_robomaker_residential_Dumbbell_01
[1.719s] -- Up-to-date: /home/quarcks/Mobile-Robots-2026-1/install/gazebo_envs/share/gazebo_envs/models/aws_robomaker_residential_Dumbbell_01/model.config
[1.720s] -- Up-to-date: /home/quarcks/Mobile-Robots-2026-1/install/gazebo_envs/share/gazebo_envs/models/aws_robomaker_residential_Dumbbell_01/meshes
[1.720s] -- Up-to-date: /home/quarcks/Mobile-Robots-2026-1/install/gazebo_envs/share/gazebo_envs/models/aws_robomaker_residential_Dumbbell_01/meshes/aws_Dumbbell_01_collision.DAE
[1.720s] -- Up-to-date: /home/quarcks/Mobile-Robots-2026-1/install/gazebo_envs/share/gazebo_envs/models/aws_robomaker_residential_Dumbbell_01/meshes/aws_Dumbbell_01_visual.DAE
[1.720s] -- Up-to-date: /home/quarcks/Mobile-Robots-2026-1/install/gazebo_envs/share/gazebo_envs/models/aws_robomaker_residential_Dumbbell_01/model.sdf
[1.721s] -- Up-to-date: /home/quarcks/Mobile-Robots-2026-1/install/gazebo_envs/share/gazebo_envs/models/aws_robomaker_residential_Dumbbell_01/materials
[1.721s] -- Up-to-date: /home/quarcks/Mobile-Robots-2026-1/install/gazebo_envs/share/gazebo_envs/models/aws_robomaker_residential_Dumbbell_01/materials/textures
[1.721s] -- Up-to-date: /home/quarcks/Mobile-Robots-2026-1/install/gazebo_envs/share/gazebo_envs/models/aws_robomaker_residential_Dumbbell_01/materials/textures/aws_Dumbbell_01.png
[1.722s] -- Up-to-date: /home/quarcks/Mobile-Robots-2026-1/install/gazebo_envs/share/gazebo_envs/models/aws_robomaker_warehouse_PalletJackB_01
[1.729s] -- Up-to-date: /home/quarcks/Mobile-Robots-2026-1/install/gazebo_envs/share/gazebo_envs/models/aws_robomaker_warehouse_PalletJackB_01/model.config
[1.730s] -- Up-to-date: /home/quarcks/Mobile-Robots-2026-1/install/gazebo_envs/share/gazebo_envs/models/aws_robomaker_warehouse_PalletJackB_01/meshes
[1.731s] -- Up-to-date: /home/quarcks/Mobile-Robots-2026-1/install/gazebo_envs/share/gazebo_envs/models/aws_robomaker_warehouse_PalletJackB_01/meshes/aws_robomaker_warehouse_PalletJackB_01_visual.DAE
[1.731s] -- Up-to-date: /home/quarcks/Mobile-Robots-2026-1/install/gazebo_envs/share/gazebo_envs/models/aws_robomaker_warehouse_PalletJackB_01/meshes/aws_robomaker_warehouse_PalletJackB_01_collision.DAE
[1.732s] -- Up-to-date: /home/quarcks/Mobile-Robots-2026-1/install/gazebo_envs/share/gazebo_envs/models/aws_robomaker_warehouse_PalletJackB_01/.DS_Store
[1.733s] -- Up-to-date: /home/quarcks/Mobile-Robots-2026-1/install/gazebo_envs/share/gazebo_envs/models/aws_robomaker_warehouse_PalletJackB_01/model.sdf
[1.733s] -- Up-to-date: /home/quarcks/Mobile-Robots-2026-1/install/gazebo_envs/share/gazebo_envs/models/aws_robomaker_warehouse_PalletJackB_01/materials
[1.733s] -- Up-to-date: /home/quarcks/Mobile-Robots-2026-1/install/gazebo_envs/share/gazebo_envs/models/aws_robomaker_warehouse_PalletJackB_01/materials/.DS_Store
[1.736s] -- Up-to-date: /home/quarcks/Mobile-Robots-2026-1/install/gazebo_envs/share/gazebo_envs/models/aws_robomaker_warehouse_PalletJackB_01/materials/textures
[1.736s] -- Up-to-date: /home/quarcks/Mobile-Robots-2026-1/install/gazebo_envs/share/gazebo_envs/models/aws_robomaker_warehouse_PalletJackB_01/materials/textures/aws_robomaker_warehouse_PalletJackB_02.png
[1.736s] -- Up-to-date: /home/quarcks/Mobile-Robots-2026-1/install/gazebo_envs/share/gazebo_envs/models/aws_robomaker_warehouse_PalletJackB_01/materials/textures/aws_robomaker_warehouse_PalletJackB_01.png
[1.736s] -- Up-to-date: /home/quarcks/Mobile-Robots-2026-1/install/gazebo_envs/share/gazebo_envs/models/aws_robomaker_residential_AirconditionerA_01
[1.736s] -- Up-to-date: /home/quarcks/Mobile-Robots-2026-1/install/gazebo_envs/share/gazebo_envs/models/aws_robomaker_residential_AirconditionerA_01/model.config
[1.737s] -- Up-to-date: /home/quarcks/Mobile-Robots-2026-1/install/gazebo_envs/share/gazebo_envs/models/aws_robomaker_residential_AirconditionerA_01/meshes
[1.737s] -- Up-to-date: /home/quarcks/Mobile-Robots-2026-1/install/gazebo_envs/share/gazebo_envs/models/aws_robomaker_residential_AirconditionerA_01/meshes/aws_AirconditionerA_01_collision.DAE
[1.737s] -- Up-to-date: /home/quarcks/Mobile-Robots-2026-1/install/gazebo_envs/share/gazebo_envs/models/aws_robomaker_residential_AirconditionerA_01/meshes/aws_AirconditionerA_01_visual.DAE
[1.737s] -- Up-to-date: /home/quarcks/Mobile-Robots-2026-1/install/gazebo_envs/share/gazebo_envs/models/aws_robomaker_residential_AirconditionerA_01/model.sdf
[1.737s] -- Up-to-date: /home/quarcks/Mobile-Robots-2026-1/install/gazebo_envs/share/gazebo_envs/models/aws_robomaker_residential_AirconditionerA_01/materials
[1.738s] -- Up-to-date: /home/quarcks/Mobile-Robots-2026-1/install/gazebo_envs/share/gazebo_envs/models/aws_robomaker_residential_AirconditionerA_01/materials/textures
[1.738s] -- Up-to-date: /home/quarcks/Mobile-Robots-2026-1/install/gazebo_envs/share/gazebo_envs/models/aws_robomaker_residential_AirconditionerA_01/materials/textures/aws_AirconditionerA_01.png
[1.738s] -- Up-to-date: /home/quarcks/Mobile-Robots-2026-1/install/gazebo_envs/share/gazebo_envs/models/aws_robomaker_residential_KitchenUtensils_01
[1.738s] -- Up-to-date: /home/quarcks/Mobile-Robots-2026-1/install/gazebo_envs/share/gazebo_envs/models/aws_robomaker_residential_KitchenUtensils_01/model.config
[1.738s] -- Up-to-date: /home/quarcks/Mobile-Robots-2026-1/install/gazebo_envs/share/gazebo_envs/models/aws_robomaker_residential_KitchenUtensils_01/meshes
[1.739s] -- Up-to-date: /home/quarcks/Mobile-Robots-2026-1/install/gazebo_envs/share/gazebo_envs/models/aws_robomaker_residential_KitchenUtensils_01/meshes/aws_KitchenUtensils_01_visual.DAE
[1.739s] -- Up-to-date: /home/quarcks/Mobile-Robots-2026-1/install/gazebo_envs/share/gazebo_envs/models/aws_robomaker_residential_KitchenUtensils_01/meshes/aws_KitchenUtensils_01_collision.DAE
[1.739s] -- Up-to-date: /home/quarcks/Mobile-Robots-2026-1/install/gazebo_envs/share/gazebo_envs/models/aws_robomaker_residential_KitchenUtensils_01/model.sdf
[1.739s] -- Up-to-date: /home/quarcks/Mobile-Robots-2026-1/install/gazebo_envs/share/gazebo_envs/models/aws_robomaker_residential_KitchenUtensils_01/materials
[1.740s] -- Up-to-date: /home/quarcks/Mobile-Robots-2026-1/install/gazebo_envs/share/gazebo_envs/models/aws_robomaker_residential_KitchenUtensils_01/materials/textures
[1.740s] -- Up-to-date: /home/quarcks/Mobile-Robots-2026-1/install/gazebo_envs/share/gazebo_envs/models/aws_robomaker_residential_KitchenUtensils_01/materials/textures/aws_KitchenUtensils_01.png
[1.740s] -- Up-to-date: /home/quarcks/Mobile-Robots-2026-1/install/gazebo_envs/share/gazebo_envs/models/aws_robomaker_residential_DeskPortraitB_01
[1.740s] -- Up-to-date: /home/quarcks/Mobile-Robots-2026-1/install/gazebo_envs/share/gazebo_envs/models/aws_robomaker_residential_DeskPortraitB_01/model.config
[1.740s] -- Up-to-date: /home/quarcks/Mobile-Robots-2026-1/install/gazebo_envs/share/gazebo_envs/models/aws_robomaker_residential_DeskPortraitB_01/meshes
[1.741s] -- Up-to-date: /home/quarcks/Mobile-Robots-2026-1/install/gazebo_envs/share/gazebo_envs/models/aws_robomaker_residential_DeskPortraitB_01/meshes/aws_DeskPortraitB_01_visual.DAE
[1.744s] -- Up-to-date: /home/quarcks/Mobile-Robots-2026-1/install/gazebo_envs/share/gazebo_envs/models/aws_robomaker_residential_DeskPortraitB_01/meshes/aws_DeskPortraitB_01_collision.DAE
[1.744s] -- Up-to-date: /home/quarcks/Mobile-Robots-2026-1/install/gazebo_envs/share/gazebo_envs/models/aws_robomaker_residential_DeskPortraitB_01/model.sdf
[1.745s] -- Up-to-date: /home/quarcks/Mobile-Robots-2026-1/install/gazebo_envs/share/gazebo_envs/models/aws_robomaker_residential_DeskPortraitB_01/materials
[1.745s] -- Up-to-date: /home/quarcks/Mobile-Robots-2026-1/install/gazebo_envs/share/gazebo_envs/models/aws_robomaker_residential_DeskPortraitB_01/materials/textures
[1.745s] -- Up-to-date: /home/quarcks/Mobile-Robots-2026-1/install/gazebo_envs/share/gazebo_envs/models/aws_robomaker_residential_DeskPortraitB_01/materials/textures/aws_DeskPortraitB_02.png
[1.745s] -- Up-to-date: /home/quarcks/Mobile-Robots-2026-1/install/gazebo_envs/share/gazebo_envs/models/aws_robomaker_residential_DeskPortraitB_01/materials/textures/DeskPortraitB_01.jpg
[1.745s] -- Up-to-date: /home/quarcks/Mobile-Robots-2026-1/install/gazebo_envs/share/gazebo_envs/models/aws_robomaker_residential_DeskPortraitB_01/materials/textures/aws_DeskPortraitB_01.png
[1.745s] -- Up-to-date: /home/quarcks/Mobile-Robots-2026-1/install/gazebo_envs/share/gazebo_envs/models/aws_robomaker_residential_PortraitA_01
[1.746s] -- Up-to-date: /home/quarcks/Mobile-Robots-2026-1/install/gazebo_envs/share/gazebo_envs/models/aws_robomaker_residential_PortraitA_01/model.config
[1.747s] -- Up-to-date: /home/quarcks/Mobile-Robots-2026-1/install/gazebo_envs/share/gazebo_envs/models/aws_robomaker_residential_PortraitA_01/meshes
[1.747s] -- Up-to-date: /home/quarcks/Mobile-Robots-2026-1/install/gazebo_envs/share/gazebo_envs/models/aws_robomaker_residential_PortraitA_01/meshes/aws_PortraitA_01_collision.DAE
[1.747s] -- Up-to-date: /home/quarcks/Mobile-Robots-2026-1/install/gazebo_envs/share/gazebo_envs/models/aws_robomaker_residential_PortraitA_01/meshes/aws_PortraitA_01_visual.DAE
[1.747s] -- Up-to-date: /home/quarcks/Mobile-Robots-2026-1/install/gazebo_envs/share/gazebo_envs/models/aws_robomaker_residential_PortraitA_01/model.sdf
[1.748s] -- Up-to-date: /home/quarcks/Mobile-Robots-2026-1/install/gazebo_envs/share/gazebo_envs/models/aws_robomaker_residential_PortraitA_01/materials
[1.748s] -- Up-to-date: /home/quarcks/Mobile-Robots-2026-1/install/gazebo_envs/share/gazebo_envs/models/aws_robomaker_residential_PortraitA_01/materials/textures
[1.748s] -- Up-to-date: /home/quarcks/Mobile-Robots-2026-1/install/gazebo_envs/share/gazebo_envs/models/aws_robomaker_residential_PortraitA_01/materials/textures/aws_PortraitA_02.png
[1.749s] -- Up-to-date: /home/quarcks/Mobile-Robots-2026-1/install/gazebo_envs/share/gazebo_envs/models/aws_robomaker_residential_PortraitA_01/materials/textures/aws_PortraitA_01.png
[1.749s] -- Up-to-date: /home/quarcks/Mobile-Robots-2026-1/install/gazebo_envs/share/gazebo_envs/models/aws_robomaker_residential_PortraitA_01/materials/textures/PortraitA_01.jpg
[1.750s] -- Up-to-date: /home/quarcks/Mobile-Robots-2026-1/install/gazebo_envs/share/gazebo_envs/models/sun
[1.751s] -- Up-to-date: /home/quarcks/Mobile-Robots-2026-1/install/gazebo_envs/share/gazebo_envs/models/sun/model-1_3.sdf
[1.752s] -- Up-to-date: /home/quarcks/Mobile-Robots-2026-1/install/gazebo_envs/share/gazebo_envs/models/sun/model.config
[1.752s] -- Up-to-date: /home/quarcks/Mobile-Robots-2026-1/install/gazebo_envs/share/gazebo_envs/models/sun/model-1_4.sdf
[1.752s] -- Up-to-date: /home/quarcks/Mobile-Robots-2026-1/install/gazebo_envs/share/gazebo_envs/models/sun/model.sdf
[1.753s] -- Up-to-date: /home/quarcks/Mobile-Robots-2026-1/install/gazebo_envs/share/gazebo_envs/models/sun/model-1_2.sdf
[1.753s] -- Up-to-date: /home/quarcks/Mobile-Robots-2026-1/install/gazebo_envs/share/gazebo_envs/models/aws_robomaker_residential_LightC_01
[1.755s] -- Up-to-date: /home/quarcks/Mobile-Robots-2026-1/install/gazebo_envs/share/gazebo_envs/models/aws_robomaker_residential_LightC_01/model.config
[1.756s] -- Up-to-date: /home/quarcks/Mobile-Robots-2026-1/install/gazebo_envs/share/gazebo_envs/models/aws_robomaker_residential_LightC_01/meshes
[1.756s] -- Up-to-date: /home/quarcks/Mobile-Robots-2026-1/install/gazebo_envs/share/gazebo_envs/models/aws_robomaker_residential_LightC_01/meshes/aws_LightC_01_collision.DAE
[1.757s] -- Up-to-date: /home/quarcks/Mobile-Robots-2026-1/install/gazebo_envs/share/gazebo_envs/models/aws_robomaker_residential_LightC_01/meshes/aws_LightC_01_visual.DAE
[1.757s] -- Up-to-date: /home/quarcks/Mobile-Robots-2026-1/install/gazebo_envs/share/gazebo_envs/models/aws_robomaker_residential_LightC_01/model.sdf
[1.757s] -- Up-to-date: /home/quarcks/Mobile-Robots-2026-1/install/gazebo_envs/share/gazebo_envs/models/aws_robomaker_residential_LightC_01/materials
[1.757s] -- Up-to-date: /home/quarcks/Mobile-Robots-2026-1/install/gazebo_envs/share/gazebo_envs/models/aws_robomaker_residential_LightC_01/materials/textures
[1.758s] -- Up-to-date: /home/quarcks/Mobile-Robots-2026-1/install/gazebo_envs/share/gazebo_envs/models/aws_robomaker_residential_LightC_01/materials/textures/aws_LightC_01.png
[1.758s] -- Up-to-date: /home/quarcks/Mobile-Robots-2026-1/install/gazebo_envs/share/gazebo_envs/models/aws_robomaker_residential_ChairA_01
[1.758s] -- Up-to-date: /home/quarcks/Mobile-Robots-2026-1/install/gazebo_envs/share/gazebo_envs/models/aws_robomaker_residential_ChairA_01/model.config
[1.759s] -- Up-to-date: /home/quarcks/Mobile-Robots-2026-1/install/gazebo_envs/share/gazebo_envs/models/aws_robomaker_residential_ChairA_01/meshes
[1.759s] -- Up-to-date: /home/quarcks/Mobile-Robots-2026-1/install/gazebo_envs/share/gazebo_envs/models/aws_robomaker_residential_ChairA_01/meshes/aws_ChairA_01_visual.DAE
[1.759s] -- Up-to-date: /home/quarcks/Mobile-Robots-2026-1/install/gazebo_envs/share/gazebo_envs/models/aws_robomaker_residential_ChairA_01/meshes/aws_ChairA_01_collision.DAE
[1.759s] -- Up-to-date: /home/quarcks/Mobile-Robots-2026-1/install/gazebo_envs/share/gazebo_envs/models/aws_robomaker_residential_ChairA_01/model.sdf
[1.759s] -- Up-to-date: /home/quarcks/Mobile-Robots-2026-1/install/gazebo_envs/share/gazebo_envs/models/aws_robomaker_residential_ChairA_01/materials
[1.762s] -- Up-to-date: /home/quarcks/Mobile-Robots-2026-1/install/gazebo_envs/share/gazebo_envs/models/aws_robomaker_residential_ChairA_01/materials/textures
[1.763s] -- Up-to-date: /home/quarcks/Mobile-Robots-2026-1/install/gazebo_envs/share/gazebo_envs/models/aws_robomaker_residential_ChairA_01/materials/textures/aws_ChairA_01.png
[1.763s] -- Up-to-date: /home/quarcks/Mobile-Robots-2026-1/install/gazebo_envs/share/gazebo_envs/models/aws_robomaker_residential_CookingBench_01
[1.763s] -- Up-to-date: /home/quarcks/Mobile-Robots-2026-1/install/gazebo_envs/share/gazebo_envs/models/aws_robomaker_residential_CookingBench_01/model.config
[1.763s] -- Up-to-date: /home/quarcks/Mobile-Robots-2026-1/install/gazebo_envs/share/gazebo_envs/models/aws_robomaker_residential_CookingBench_01/meshes
[1.764s] -- Up-to-date: /home/quarcks/Mobile-Robots-2026-1/install/gazebo_envs/share/gazebo_envs/models/aws_robomaker_residential_CookingBench_01/meshes/aws_CookingBench_01_collision.DAE
[1.764s] -- Up-to-date: /home/quarcks/Mobile-Robots-2026-1/install/gazebo_envs/share/gazebo_envs/models/aws_robomaker_residential_CookingBench_01/meshes/aws_CookingBench_01.DAE
[1.766s] -- Up-to-date: /home/quarcks/Mobile-Robots-2026-1/install/gazebo_envs/share/gazebo_envs/models/aws_robomaker_residential_CookingBench_01/meshes/aws_CookingBench_01_visual.DAE
[1.766s] -- Up-to-date: /home/quarcks/Mobile-Robots-2026-1/install/gazebo_envs/share/gazebo_envs/models/aws_robomaker_residential_CookingBench_01/model.sdf
[1.766s] -- Up-to-date: /home/quarcks/Mobile-Robots-2026-1/install/gazebo_envs/share/gazebo_envs/models/aws_robomaker_residential_CookingBench_01/materials
[1.767s] -- Up-to-date: /home/quarcks/Mobile-Robots-2026-1/install/gazebo_envs/share/gazebo_envs/models/aws_robomaker_residential_CookingBench_01/materials/textures
[1.767s] -- Up-to-date: /home/quarcks/Mobile-Robots-2026-1/install/gazebo_envs/share/gazebo_envs/models/aws_robomaker_residential_CookingBench_01/materials/textures/aws_CookingBench_01.png
[1.768s] -- Up-to-date: /home/quarcks/Mobile-Robots-2026-1/install/gazebo_envs/share/gazebo_envs/models/cafe_table
[1.768s] -- Up-to-date: /home/quarcks/Mobile-Robots-2026-1/install/gazebo_envs/share/gazebo_envs/models/cafe_table/model.config
[1.768s] -- Up-to-date: /home/quarcks/Mobile-Robots-2026-1/install/gazebo_envs/share/gazebo_envs/models/cafe_table/meshes
[1.768s] -- Up-to-date: /home/quarcks/Mobile-Robots-2026-1/install/gazebo_envs/share/gazebo_envs/models/cafe_table/meshes/cafe_table.dae
[1.768s] -- Up-to-date: /home/quarcks/Mobile-Robots-2026-1/install/gazebo_envs/share/gazebo_envs/models/cafe_table/model-1_4.sdf
[1.770s] -- Up-to-date: /home/quarcks/Mobile-Robots-2026-1/install/gazebo_envs/share/gazebo_envs/models/cafe_table/model.sdf
[1.770s] -- Up-to-date: /home/quarcks/Mobile-Robots-2026-1/install/gazebo_envs/share/gazebo_envs/models/cafe_table/materials
[1.770s] -- Up-to-date: /home/quarcks/Mobile-Robots-2026-1/install/gazebo_envs/share/gazebo_envs/models/cafe_table/materials/textures
[1.771s] -- Up-to-date: /home/quarcks/Mobile-Robots-2026-1/install/gazebo_envs/share/gazebo_envs/models/cafe_table/materials/textures/Wood_Floor_Dark.jpg
[1.771s] -- Up-to-date: /home/quarcks/Mobile-Robots-2026-1/install/gazebo_envs/share/gazebo_envs/models/cafe_table/materials/textures/Maple.jpg
[1.771s] -- Up-to-date: /home/quarcks/Mobile-Robots-2026-1/install/gazebo_envs/share/gazebo_envs/models/aws_robomaker_residential_FoldingDoor_02
[1.773s] -- Up-to-date: /home/quarcks/Mobile-Robots-2026-1/install/gazebo_envs/share/gazebo_envs/models/aws_robomaker_residential_FoldingDoor_02/model.config
[1.773s] -- Up-to-date: /home/quarcks/Mobile-Robots-2026-1/install/gazebo_envs/share/gazebo_envs/models/aws_robomaker_residential_FoldingDoor_02/meshes
[1.774s] -- Up-to-date: /home/quarcks/Mobile-Robots-2026-1/install/gazebo_envs/share/gazebo_envs/models/aws_robomaker_residential_FoldingDoor_02/meshes/aws_FoldingDoor_02_collision.DAE
[1.774s] -- Up-to-date: /home/quarcks/Mobile-Robots-2026-1/install/gazebo_envs/share/gazebo_envs/models/aws_robomaker_residential_FoldingDoor_02/meshes/aws_FoldingDoor_02_visual.DAE
[1.774s] -- Up-to-date: /home/quarcks/Mobile-Robots-2026-1/install/gazebo_envs/share/gazebo_envs/models/aws_robomaker_residential_FoldingDoor_02/model.sdf
[1.774s] -- Up-to-date: /home/quarcks/Mobile-Robots-2026-1/install/gazebo_envs/share/gazebo_envs/models/aws_robomaker_residential_FoldingDoor_02/materials
[1.774s] -- Up-to-date: /home/quarcks/Mobile-Robots-2026-1/install/gazebo_envs/share/gazebo_envs/models/aws_robomaker_residential_FoldingDoor_02/materials/textures
[1.775s] -- Up-to-date: /home/quarcks/Mobile-Robots-2026-1/install/gazebo_envs/share/gazebo_envs/models/aws_robomaker_residential_FoldingDoor_02/materials/textures/aws_FoldingDoor_02.png
[1.775s] -- Up-to-date: /home/quarcks/Mobile-Robots-2026-1/install/gazebo_envs/share/gazebo_envs/models/aws_robomaker_residential_PortraitE_02
[1.775s] -- Up-to-date: /home/quarcks/Mobile-Robots-2026-1/install/gazebo_envs/share/gazebo_envs/models/aws_robomaker_residential_PortraitE_02/model.config
[1.775s] -- Up-to-date: /home/quarcks/Mobile-Robots-2026-1/install/gazebo_envs/share/gazebo_envs/models/aws_robomaker_residential_PortraitE_02/meshes
[1.775s] -- Up-to-date: /home/quarcks/Mobile-Robots-2026-1/install/gazebo_envs/share/gazebo_envs/models/aws_robomaker_residential_PortraitE_02/meshes/aws_PortraitE_01_visual.DAE
[1.776s] -- Up-to-date: /home/quarcks/Mobile-Robots-2026-1/install/gazebo_envs/share/gazebo_envs/models/aws_robomaker_residential_PortraitE_02/meshes/aws_PortraitE_01_collision.DAE
[1.776s] -- Up-to-date: /home/quarcks/Mobile-Robots-2026-1/install/gazebo_envs/share/gazebo_envs/models/aws_robomaker_residential_PortraitE_02/model.sdf
[1.776s] -- Up-to-date: /home/quarcks/Mobile-Robots-2026-1/install/gazebo_envs/share/gazebo_envs/models/aws_robomaker_residential_PortraitE_02/materials
[1.776s] -- Up-to-date: /home/quarcks/Mobile-Robots-2026-1/install/gazebo_envs/share/gazebo_envs/models/aws_robomaker_residential_PortraitE_02/materials/textures
[1.776s] -- Up-to-date: /home/quarcks/Mobile-Robots-2026-1/install/gazebo_envs/share/gazebo_envs/models/aws_robomaker_residential_PortraitE_02/materials/textures/aws_PortraitE_02.png
[1.776s] -- Up-to-date: /home/quarcks/Mobile-Robots-2026-1/install/gazebo_envs/share/gazebo_envs/models/aws_robomaker_residential_PortraitE_02/materials/textures/PortraitE_02.jpg
[1.777s] -- Up-to-date: /home/quarcks/Mobile-Robots-2026-1/install/gazebo_envs/share/gazebo_envs/models/aws_robomaker_residential_PortraitE_02/materials/textures/aws_PortraitE_01.png
[1.777s] -- Up-to-date: /home/quarcks/Mobile-Robots-2026-1/install/gazebo_envs/share/gazebo_envs/models/aws_robomaker_residential_DeskPortraitD_03
[1.777s] -- Up-to-date: /home/quarcks/Mobile-Robots-2026-1/install/gazebo_envs/share/gazebo_envs/models/aws_robomaker_residential_DeskPortraitD_03/model.config
[1.778s] -- Up-to-date: /home/quarcks/Mobile-Robots-2026-1/install/gazebo_envs/share/gazebo_envs/models/aws_robomaker_residential_DeskPortraitD_03/meshes
[1.778s] -- Up-to-date: /home/quarcks/Mobile-Robots-2026-1/install/gazebo_envs/share/gazebo_envs/models/aws_robomaker_residential_DeskPortraitD_03/meshes/aws_DeskPortraitD_01_collision.DAE
[1.778s] -- Up-to-date: /home/quarcks/Mobile-Robots-2026-1/install/gazebo_envs/share/gazebo_envs/models/aws_robomaker_residential_DeskPortraitD_03/meshes/aws_DeskPortraitD_01_visual.DAE
[1.779s] -- Up-to-date: /home/quarcks/Mobile-Robots-2026-1/install/gazebo_envs/share/gazebo_envs/models/aws_robomaker_residential_DeskPortraitD_03/model.sdf
[1.779s] -- Up-to-date: /home/quarcks/Mobile-Robots-2026-1/install/gazebo_envs/share/gazebo_envs/models/aws_robomaker_residential_DeskPortraitD_03/materials
[1.779s] -- Up-to-date: /home/quarcks/Mobile-Robots-2026-1/install/gazebo_envs/share/gazebo_envs/models/aws_robomaker_residential_DeskPortraitD_03/materials/textures
[1.779s] -- Up-to-date: /home/quarcks/Mobile-Robots-2026-1/install/gazebo_envs/share/gazebo_envs/models/aws_robomaker_residential_DeskPortraitD_03/materials/textures/DeskPortraitD_03.jpg
[1.781s] -- Up-to-date: /home/quarcks/Mobile-Robots-2026-1/install/gazebo_envs/share/gazebo_envs/models/aws_robomaker_residential_DeskPortraitD_03/materials/textures/aws_DeskPortraitD_01.png
[1.781s] -- Up-to-date: /home/quarcks/Mobile-Robots-2026-1/install/gazebo_envs/share/gazebo_envs/models/aws_robomaker_residential_DeskPortraitD_03/materials/textures/aws_DeskPortraitD_02.png
[1.782s] -- Up-to-date: /home/quarcks/Mobile-Robots-2026-1/install/gazebo_envs/share/gazebo_envs/models/mustard
[1.782s] -- Up-to-date: /home/quarcks/Mobile-Robots-2026-1/install/gazebo_envs/share/gazebo_envs/models/mustard/model.config
[1.782s] -- Up-to-date: /home/quarcks/Mobile-Robots-2026-1/install/gazebo_envs/share/gazebo_envs/models/mustard/meshes
[1.783s] -- Up-to-date: /home/quarcks/Mobile-Robots-2026-1/install/gazebo_envs/share/gazebo_envs/models/mustard/meshes/mustard.dae
[1.783s] -- Up-to-date: /home/quarcks/Mobile-Robots-2026-1/install/gazebo_envs/share/gazebo_envs/models/mustard/meshes/texture_map.png
[1.783s] -- Up-to-date: /home/quarcks/Mobile-Robots-2026-1/install/gazebo_envs/share/gazebo_envs/models/mustard/model.sdf
[1.784s] -- Up-to-date: /home/quarcks/Mobile-Robots-2026-1/install/gazebo_envs/share/gazebo_envs/models/mustard/materials
[1.786s] -- Up-to-date: /home/quarcks/Mobile-Robots-2026-1/install/gazebo_envs/share/gazebo_envs/models/mustard/materials/scripts
[1.786s] -- Up-to-date: /home/quarcks/Mobile-Robots-2026-1/install/gazebo_envs/share/gazebo_envs/models/mustard/materials/scripts/mustard.material
[1.786s] -- Up-to-date: /home/quarcks/Mobile-Robots-2026-1/install/gazebo_envs/share/gazebo_envs/models/mustard/materials/textures
[1.792s] -- Up-to-date: /home/quarcks/Mobile-Robots-2026-1/install/gazebo_envs/share/gazebo_envs/models/mustard/materials/textures/optimized_tsdf_texture_mapped_mesh.png
[1.792s] -- Up-to-date: /home/quarcks/Mobile-Robots-2026-1/install/gazebo_envs/share/gazebo_envs/models/aws_robomaker_residential_Curtain_01
[1.792s] -- Up-to-date: /home/quarcks/Mobile-Robots-2026-1/install/gazebo_envs/share/gazebo_envs/models/aws_robomaker_residential_Curtain_01/model.config
[1.792s] -- Up-to-date: /home/quarcks/Mobile-Robots-2026-1/install/gazebo_envs/share/gazebo_envs/models/aws_robomaker_residential_Curtain_01/meshes
[1.793s] -- Up-to-date: /home/quarcks/Mobile-Robots-2026-1/install/gazebo_envs/share/gazebo_envs/models/aws_robomaker_residential_Curtain_01/meshes/aws_Curtain_01_visual.DAE
[1.793s] -- Up-to-date: /home/quarcks/Mobile-Robots-2026-1/install/gazebo_envs/share/gazebo_envs/models/aws_robomaker_residential_Curtain_01/meshes/aws_Curtain_01_collision.DAE
[1.793s] -- Up-to-date: /home/quarcks/Mobile-Robots-2026-1/install/gazebo_envs/share/gazebo_envs/models/aws_robomaker_residential_Curtain_01/model.sdf
[1.794s] -- Up-to-date: /home/quarcks/Mobile-Robots-2026-1/install/gazebo_envs/share/gazebo_envs/models/aws_robomaker_residential_Curtain_01/materials
[1.794s] -- Up-to-date: /home/quarcks/Mobile-Robots-2026-1/install/gazebo_envs/share/gazebo_envs/models/aws_robomaker_residential_Curtain_01/materials/textures
[1.794s] -- Up-to-date: /home/quarcks/Mobile-Robots-2026-1/install/gazebo_envs/share/gazebo_envs/models/aws_robomaker_residential_Curtain_01/materials/textures/aws_Curtain_01.png
[1.794s] -- Up-to-date: /home/quarcks/Mobile-Robots-2026-1/install/gazebo_envs/share/gazebo_envs/models/aws_robomaker_residential_DeskPortraitD_04
[1.795s] -- Up-to-date: /home/quarcks/Mobile-Robots-2026-1/install/gazebo_envs/share/gazebo_envs/models/aws_robomaker_residential_DeskPortraitD_04/model.config
[1.795s] -- Up-to-date: /home/quarcks/Mobile-Robots-2026-1/install/gazebo_envs/share/gazebo_envs/models/aws_robomaker_residential_DeskPortraitD_04/meshes
[1.795s] -- Up-to-date: /home/quarcks/Mobile-Robots-2026-1/install/gazebo_envs/share/gazebo_envs/models/aws_robomaker_residential_DeskPortraitD_04/meshes/aws_DeskPortraitD_01_collision.DAE
[1.796s] -- Up-to-date: /home/quarcks/Mobile-Robots-2026-1/install/gazebo_envs/share/gazebo_envs/models/aws_robomaker_residential_DeskPortraitD_04/meshes/aws_DeskPortraitD_01_visual.DAE
[1.796s] -- Up-to-date: /home/quarcks/Mobile-Robots-2026-1/install/gazebo_envs/share/gazebo_envs/models/aws_robomaker_residential_DeskPortraitD_04/model.sdf
[1.798s] -- Up-to-date: /home/quarcks/Mobile-Robots-2026-1/install/gazebo_envs/share/gazebo_envs/models/aws_robomaker_residential_DeskPortraitD_04/materials
[1.798s] -- Up-to-date: /home/quarcks/Mobile-Robots-2026-1/install/gazebo_envs/share/gazebo_envs/models/aws_robomaker_residential_DeskPortraitD_04/materials/textures
[1.798s] -- Up-to-date: /home/quarcks/Mobile-Robots-2026-1/install/gazebo_envs/share/gazebo_envs/models/aws_robomaker_residential_DeskPortraitD_04/materials/textures/DeskPortraitD_04.jpg
[1.799s] -- Up-to-date: /home/quarcks/Mobile-Robots-2026-1/install/gazebo_envs/share/gazebo_envs/models/aws_robomaker_residential_DeskPortraitD_04/materials/textures/aws_DeskPortraitD_01.png
[1.799s] -- Up-to-date: /home/quarcks/Mobile-Robots-2026-1/install/gazebo_envs/share/gazebo_envs/models/aws_robomaker_residential_DeskPortraitD_04/materials/textures/aws_DeskPortraitD_02.png
[1.809s] -- Up-to-date: /home/quarcks/Mobile-Robots-2026-1/install/gazebo_envs/share/gazebo_envs/models/aws_robomaker_residential_DeskPortraitC_01
[1.810s] -- Up-to-date: /home/quarcks/Mobile-Robots-2026-1/install/gazebo_envs/share/gazebo_envs/models/aws_robomaker_residential_DeskPortraitC_01/model.config
[1.810s] -- Up-to-date: /home/quarcks/Mobile-Robots-2026-1/install/gazebo_envs/share/gazebo_envs/models/aws_robomaker_residential_DeskPortraitC_01/meshes
[1.810s] -- Up-to-date: /home/quarcks/Mobile-Robots-2026-1/install/gazebo_envs/share/gazebo_envs/models/aws_robomaker_residential_DeskPortraitC_01/meshes/aws_DeskPortraitC_01_visual.DAE
[1.810s] -- Up-to-date: /home/quarcks/Mobile-Robots-2026-1/install/gazebo_envs/share/gazebo_envs/models/aws_robomaker_residential_DeskPortraitC_01/meshes/aws_DeskPortraitC_01_collision.DAE
[1.810s] -- Up-to-date: /home/quarcks/Mobile-Robots-2026-1/install/gazebo_envs/share/gazebo_envs/models/aws_robomaker_residential_DeskPortraitC_01/model.sdf
[1.811s] -- Up-to-date: /home/quarcks/Mobile-Robots-2026-1/install/gazebo_envs/share/gazebo_envs/models/aws_robomaker_residential_DeskPortraitC_01/materials
[1.811s] -- Up-to-date: /home/quarcks/Mobile-Robots-2026-1/install/gazebo_envs/share/gazebo_envs/models/aws_robomaker_residential_DeskPortraitC_01/materials/textures
[1.811s] -- Up-to-date: /home/quarcks/Mobile-Robots-2026-1/install/gazebo_envs/share/gazebo_envs/models/aws_robomaker_residential_DeskPortraitC_01/materials/textures/DeskPortraitC_01.jpg
[1.811s] -- Up-to-date: /home/quarcks/Mobile-Robots-2026-1/install/gazebo_envs/share/gazebo_envs/models/aws_robomaker_residential_DeskPortraitC_01/materials/textures/aws_DeskPortraitC_02.png
[1.811s] -- Up-to-date: /home/quarcks/Mobile-Robots-2026-1/install/gazebo_envs/share/gazebo_envs/models/aws_robomaker_residential_DeskPortraitC_01/materials/textures/aws_DeskPortraitC_01.png
[1.812s] -- Up-to-date: /home/quarcks/Mobile-Robots-2026-1/install/gazebo_envs/share/gazebo_envs/models/aws_robomaker_warehouse_Lamp_01
[1.812s] -- Up-to-date: /home/quarcks/Mobile-Robots-2026-1/install/gazebo_envs/share/gazebo_envs/models/aws_robomaker_warehouse_Lamp_01/model.config
[1.812s] -- Up-to-date: /home/quarcks/Mobile-Robots-2026-1/install/gazebo_envs/share/gazebo_envs/models/aws_robomaker_warehouse_Lamp_01/meshes
[1.812s] -- Up-to-date: /home/quarcks/Mobile-Robots-2026-1/install/gazebo_envs/share/gazebo_envs/models/aws_robomaker_warehouse_Lamp_01/meshes/aws_robomaker_warehouse_Lamp_01_visual.DAE
[1.812s] -- Up-to-date: /home/quarcks/Mobile-Robots-2026-1/install/gazebo_envs/share/gazebo_envs/models/aws_robomaker_warehouse_Lamp_01/meshes/aws_robomaker_warehouse_Lamp_01_collision.DAE
[1.813s] -- Up-to-date: /home/quarcks/Mobile-Robots-2026-1/install/gazebo_envs/share/gazebo_envs/models/aws_robomaker_warehouse_Lamp_01/model.sdf
[1.813s] -- Up-to-date: /home/quarcks/Mobile-Robots-2026-1/install/gazebo_envs/share/gazebo_envs/models/aws_robomaker_warehouse_Lamp_01/materials
[1.814s] -- Up-to-date: /home/quarcks/Mobile-Robots-2026-1/install/gazebo_envs/share/gazebo_envs/models/aws_robomaker_warehouse_Lamp_01/materials/textures
[1.818s] -- Up-to-date: /home/quarcks/Mobile-Robots-2026-1/install/gazebo_envs/share/gazebo_envs/models/aws_robomaker_warehouse_Lamp_01/materials/textures/aws_robomaker_warehouse_Lamp_01.png
[1.823s] -- Up-to-date: /home/quarcks/Mobile-Robots-2026-1/install/gazebo_envs/share/gazebo_envs/models/aws_robomaker_residential_Board_01
[1.824s] -- Up-to-date: /home/quarcks/Mobile-Robots-2026-1/install/gazebo_envs/share/gazebo_envs/models/aws_robomaker_residential_Board_01/model.config
[1.824s] -- Up-to-date: /home/quarcks/Mobile-Robots-2026-1/install/gazebo_envs/share/gazebo_envs/models/aws_robomaker_residential_Board_01/meshes
[1.824s] -- Up-to-date: /home/quarcks/Mobile-Robots-2026-1/install/gazebo_envs/share/gazebo_envs/models/aws_robomaker_residential_Board_01/meshes/aws_Board_01_collision.DAE
[1.824s] -- Up-to-date: /home/quarcks/Mobile-Robots-2026-1/install/gazebo_envs/share/gazebo_envs/models/aws_robomaker_residential_Board_01/meshes/aws_Board_01_visual.DAE
[1.825s] -- Up-to-date: /home/quarcks/Mobile-Robots-2026-1/install/gazebo_envs/share/gazebo_envs/models/aws_robomaker_residential_Board_01/model.sdf
[1.825s] -- Up-to-date: /home/quarcks/Mobile-Robots-2026-1/install/gazebo_envs/share/gazebo_envs/models/aws_robomaker_residential_Board_01/materials
[1.825s] -- Up-to-date: /home/quarcks/Mobile-Robots-2026-1/install/gazebo_envs/share/gazebo_envs/models/aws_robomaker_residential_Board_01/materials/textures
[1.825s] -- Up-to-date: /home/quarcks/Mobile-Robots-2026-1/install/gazebo_envs/share/gazebo_envs/models/aws_robomaker_residential_Board_01/materials/textures/aws_Board_01.png
[1.825s] -- Up-to-date: /home/quarcks/Mobile-Robots-2026-1/install/gazebo_envs/share/gazebo_envs/models/cardboard_box
[1.826s] -- Up-to-date: /home/quarcks/Mobile-Robots-2026-1/install/gazebo_envs/share/gazebo_envs/models/cardboard_box/model.config
[1.826s] -- Up-to-date: /home/quarcks/Mobile-Robots-2026-1/install/gazebo_envs/share/gazebo_envs/models/cardboard_box/meshes
[1.826s] -- Up-to-date: /home/quarcks/Mobile-Robots-2026-1/install/gazebo_envs/share/gazebo_envs/models/cardboard_box/meshes/cardboard_box.png
[1.826s] -- Up-to-date: /home/quarcks/Mobile-Robots-2026-1/install/gazebo_envs/share/gazebo_envs/models/cardboard_box/meshes/cardboard_box.dae
[1.827s] -- Up-to-date: /home/quarcks/Mobile-Robots-2026-1/install/gazebo_envs/share/gazebo_envs/models/cardboard_box/model.sdf
[1.827s] -- Up-to-date: /home/quarcks/Mobile-Robots-2026-1/install/gazebo_envs/share/gazebo_envs/models/cardboard_box/materials
[1.827s] -- Up-to-date: /home/quarcks/Mobile-Robots-2026-1/install/gazebo_envs/share/gazebo_envs/models/cardboard_box/materials/textures
[1.827s] -- Up-to-date: /home/quarcks/Mobile-Robots-2026-1/install/gazebo_envs/share/gazebo_envs/models/cardboard_box/materials/textures/cardboard_box.png
[1.828s] -- Up-to-date: /home/quarcks/Mobile-Robots-2026-1/install/gazebo_envs/share/gazebo_envs/models/aws_robomaker_residential_SofaC_01
[1.828s] -- Up-to-date: /home/quarcks/Mobile-Robots-2026-1/install/gazebo_envs/share/gazebo_envs/models/aws_robomaker_residential_SofaC_01/model.config
[1.828s] -- Up-to-date: /home/quarcks/Mobile-Robots-2026-1/install/gazebo_envs/share/gazebo_envs/models/aws_robomaker_residential_SofaC_01/meshes
[1.828s] -- Up-to-date: /home/quarcks/Mobile-Robots-2026-1/install/gazebo_envs/share/gazebo_envs/models/aws_robomaker_residential_SofaC_01/meshes/aws_SofaC_01_visual.DAE
[1.829s] -- Up-to-date: /home/quarcks/Mobile-Robots-2026-1/install/gazebo_envs/share/gazebo_envs/models/aws_robomaker_residential_SofaC_01/meshes/aws_SofaC_01_collision.DAE
[1.829s] -- Up-to-date: /home/quarcks/Mobile-Robots-2026-1/install/gazebo_envs/share/gazebo_envs/models/aws_robomaker_residential_SofaC_01/model.sdf
[1.829s] -- Up-to-date: /home/quarcks/Mobile-Robots-2026-1/install/gazebo_envs/share/gazebo_envs/models/aws_robomaker_residential_SofaC_01/materials
[1.829s] -- Up-to-date: /home/quarcks/Mobile-Robots-2026-1/install/gazebo_envs/share/gazebo_envs/models/aws_robomaker_residential_SofaC_01/materials/textures
[1.830s] -- Up-to-date: /home/quarcks/Mobile-Robots-2026-1/install/gazebo_envs/share/gazebo_envs/models/aws_robomaker_residential_SofaC_01/materials/textures/aws_SofaC_01.png
[1.831s] -- Up-to-date: /home/quarcks/Mobile-Robots-2026-1/install/gazebo_envs/share/gazebo_envs/models/aws_robomaker_residential_DeskPortraitB_02
[1.841s] -- Up-to-date: /home/quarcks/Mobile-Robots-2026-1/install/gazebo_envs/share/gazebo_envs/models/aws_robomaker_residential_DeskPortraitB_02/model.config
[1.841s] -- Up-to-date: /home/quarcks/Mobile-Robots-2026-1/install/gazebo_envs/share/gazebo_envs/models/aws_robomaker_residential_DeskPortraitB_02/meshes
[1.842s] -- Up-to-date: /home/quarcks/Mobile-Robots-2026-1/install/gazebo_envs/share/gazebo_envs/models/aws_robomaker_residential_DeskPortraitB_02/meshes/aws_DeskPortraitB_01_visual.DAE
[1.842s] -- Up-to-date: /home/quarcks/Mobile-Robots-2026-1/install/gazebo_envs/share/gazebo_envs/models/aws_robomaker_residential_DeskPortraitB_02/meshes/aws_DeskPortraitB_01_collision.DAE
[1.842s] -- Up-to-date: /home/quarcks/Mobile-Robots-2026-1/install/gazebo_envs/share/gazebo_envs/models/aws_robomaker_residential_DeskPortraitB_02/model.sdf
[1.842s] -- Up-to-date: /home/quarcks/Mobile-Robots-2026-1/install/gazebo_envs/share/gazebo_envs/models/aws_robomaker_residential_DeskPortraitB_02/materials
[1.842s] -- Up-to-date: /home/quarcks/Mobile-Robots-2026-1/install/gazebo_envs/share/gazebo_envs/models/aws_robomaker_residential_DeskPortraitB_02/materials/textures
[1.843s] -- Up-to-date: /home/quarcks/Mobile-Robots-2026-1/install/gazebo_envs/share/gazebo_envs/models/aws_robomaker_residential_DeskPortraitB_02/materials/textures/aws_DeskPortraitB_02.png
[1.843s] -- Up-to-date: /home/quarcks/Mobile-Robots-2026-1/install/gazebo_envs/share/gazebo_envs/models/aws_robomaker_residential_DeskPortraitB_02/materials/textures/DeskPortraitB_02.jpg
[1.843s] -- Up-to-date: /home/quarcks/Mobile-Robots-2026-1/install/gazebo_envs/share/gazebo_envs/models/aws_robomaker_residential_DeskPortraitB_02/materials/textures/aws_DeskPortraitB_01.png
[1.843s] -- Up-to-date: /home/quarcks/Mobile-Robots-2026-1/install/gazebo_envs/share/gazebo_envs/models/aws_robomaker_residential_NightStand_01
[1.844s] -- Up-to-date: /home/quarcks/Mobile-Robots-2026-1/install/gazebo_envs/share/gazebo_envs/models/aws_robomaker_residential_NightStand_01/model.config
[1.844s] -- Up-to-date: /home/quarcks/Mobile-Robots-2026-1/install/gazebo_envs/share/gazebo_envs/models/aws_robomaker_residential_NightStand_01/meshes
[1.844s] -- Up-to-date: /home/quarcks/Mobile-Robots-2026-1/install/gazebo_envs/share/gazebo_envs/models/aws_robomaker_residential_NightStand_01/meshes/aws_NightStand_01_visual.DAE
[1.844s] -- Up-to-date: /home/quarcks/Mobile-Robots-2026-1/install/gazebo_envs/share/gazebo_envs/models/aws_robomaker_residential_NightStand_01/meshes/aws_NightStand_01_collision.DAE
[1.844s] -- Up-to-date: /home/quarcks/Mobile-Robots-2026-1/install/gazebo_envs/share/gazebo_envs/models/aws_robomaker_residential_NightStand_01/model.sdf
[1.845s] -- Up-to-date: /home/quarcks/Mobile-Robots-2026-1/install/gazebo_envs/share/gazebo_envs/models/aws_robomaker_residential_NightStand_01/materials
[1.845s] -- Up-to-date: /home/quarcks/Mobile-Robots-2026-1/install/gazebo_envs/share/gazebo_envs/models/aws_robomaker_residential_NightStand_01/materials/textures
[1.845s] -- Up-to-date: /home/quarcks/Mobile-Robots-2026-1/install/gazebo_envs/share/gazebo_envs/models/aws_robomaker_residential_NightStand_01/materials/textures/aws_NightStand_01.png
[1.846s] -- Up-to-date: /home/quarcks/Mobile-Robots-2026-1/install/gazebo_envs/share/gazebo_envs/models/aws_robomaker_residential_Wardrobe_01
[1.846s] -- Up-to-date: /home/quarcks/Mobile-Robots-2026-1/install/gazebo_envs/share/gazebo_envs/models/aws_robomaker_residential_Wardrobe_01/model.config
[1.846s] -- Up-to-date: /home/quarcks/Mobile-Robots-2026-1/install/gazebo_envs/share/gazebo_envs/models/aws_robomaker_residential_Wardrobe_01/meshes
[1.846s] -- Up-to-date: /home/quarcks/Mobile-Robots-2026-1/install/gazebo_envs/share/gazebo_envs/models/aws_robomaker_residential_Wardrobe_01/meshes/aws_Wardrobe_01_collision.DAE
[1.847s] -- Up-to-date: /home/quarcks/Mobile-Robots-2026-1/install/gazebo_envs/share/gazebo_envs/models/aws_robomaker_residential_Wardrobe_01/meshes/aws_Wardrobe_01_visual.DAE
[1.847s] -- Up-to-date: /home/quarcks/Mobile-Robots-2026-1/install/gazebo_envs/share/gazebo_envs/models/aws_robomaker_residential_Wardrobe_01/model.sdf
[1.847s] -- Up-to-date: /home/quarcks/Mobile-Robots-2026-1/install/gazebo_envs/share/gazebo_envs/models/aws_robomaker_residential_Wardrobe_01/materials
[1.854s] -- Up-to-date: /home/quarcks/Mobile-Robots-2026-1/install/gazebo_envs/share/gazebo_envs/models/aws_robomaker_residential_Wardrobe_01/materials/textures
[1.855s] -- Up-to-date: /home/quarcks/Mobile-Robots-2026-1/install/gazebo_envs/share/gazebo_envs/models/aws_robomaker_residential_Wardrobe_01/materials/textures/aws_Wardrobe_01.png
[1.855s] -- Up-to-date: /home/quarcks/Mobile-Robots-2026-1/install/gazebo_envs/share/gazebo_envs/models/aws_robomaker_residential_HouseWallB_01
[1.855s] -- Up-to-date: /home/quarcks/Mobile-Robots-2026-1/install/gazebo_envs/share/gazebo_envs/models/aws_robomaker_residential_HouseWallB_01/model.config
[1.855s] -- Up-to-date: /home/quarcks/Mobile-Robots-2026-1/install/gazebo_envs/share/gazebo_envs/models/aws_robomaker_residential_HouseWallB_01/meshes
[1.855s] -- Up-to-date: /home/quarcks/Mobile-Robots-2026-1/install/gazebo_envs/share/gazebo_envs/models/aws_robomaker_residential_HouseWallB_01/meshes/aws_HouseWallB_01_collision.DAE
[1.855s] -- Up-to-date: /home/quarcks/Mobile-Robots-2026-1/install/gazebo_envs/share/gazebo_envs/models/aws_robomaker_residential_HouseWallB_01/meshes/aws_HouseWallB_01_visual.DAE
[1.856s] -- Up-to-date: /home/quarcks/Mobile-Robots-2026-1/install/gazebo_envs/share/gazebo_envs/models/aws_robomaker_residential_HouseWallB_01/model.sdf
[1.856s] -- Up-to-date: /home/quarcks/Mobile-Robots-2026-1/install/gazebo_envs/share/gazebo_envs/models/aws_robomaker_residential_HouseWallB_01/materials
[1.856s] -- Up-to-date: /home/quarcks/Mobile-Robots-2026-1/install/gazebo_envs/share/gazebo_envs/models/aws_robomaker_residential_HouseWallB_01/materials/textures
[1.856s] -- Up-to-date: /home/quarcks/Mobile-Robots-2026-1/install/gazebo_envs/share/gazebo_envs/models/aws_robomaker_residential_HouseWallB_01/materials/textures/aws_HouseWallB_01.png
[1.857s] -- Up-to-date: /home/quarcks/Mobile-Robots-2026-1/install/gazebo_envs/share/gazebo_envs/models/aws_robomaker_residential_FitnessEquipment_01
[1.857s] -- Up-to-date: /home/quarcks/Mobile-Robots-2026-1/install/gazebo_envs/share/gazebo_envs/models/aws_robomaker_residential_FitnessEquipment_01/model.config
[1.857s] -- Up-to-date: /home/quarcks/Mobile-Robots-2026-1/install/gazebo_envs/share/gazebo_envs/models/aws_robomaker_residential_FitnessEquipment_01/meshes
[1.857s] -- Up-to-date: /home/quarcks/Mobile-Robots-2026-1/install/gazebo_envs/share/gazebo_envs/models/aws_robomaker_residential_FitnessEquipment_01/meshes/aws_FitnessEquipment_01_collision.DAE
[1.858s] -- Up-to-date: /home/quarcks/Mobile-Robots-2026-1/install/gazebo_envs/share/gazebo_envs/models/aws_robomaker_residential_FitnessEquipment_01/meshes/aws_FitnessEquipment_01_visual.DAE
[1.858s] -- Up-to-date: /home/quarcks/Mobile-Robots-2026-1/install/gazebo_envs/share/gazebo_envs/models/aws_robomaker_residential_FitnessEquipment_01/model.sdf
[1.858s] -- Up-to-date: /home/quarcks/Mobile-Robots-2026-1/install/gazebo_envs/share/gazebo_envs/models/aws_robomaker_residential_FitnessEquipment_01/materials
[1.858s] -- Up-to-date: /home/quarcks/Mobile-Robots-2026-1/install/gazebo_envs/share/gazebo_envs/models/aws_robomaker_residential_FitnessEquipment_01/materials/textures
[1.858s] -- Up-to-date: /home/quarcks/Mobile-Robots-2026-1/install/gazebo_envs/share/gazebo_envs/models/aws_robomaker_residential_FitnessEquipment_01/materials/textures/aws_FitnessEquipment_01.png
[1.859s] -- Up-to-date: /home/quarcks/Mobile-Robots-2026-1/install/gazebo_envs/share/gazebo_envs/models/aws_robomaker_residential_RoomCeiling_01
[1.859s] -- Up-to-date: /home/quarcks/Mobile-Robots-2026-1/install/gazebo_envs/share/gazebo_envs/models/aws_robomaker_residential_RoomCeiling_01/model.config
[1.859s] -- Up-to-date: /home/quarcks/Mobile-Robots-2026-1/install/gazebo_envs/share/gazebo_envs/models/aws_robomaker_residential_RoomCeiling_01/meshes
[1.860s] -- Up-to-date: /home/quarcks/Mobile-Robots-2026-1/install/gazebo_envs/share/gazebo_envs/models/aws_robomaker_residential_RoomCeiling_01/meshes/aws_RoomCeiling_01_collision.DAE
[1.860s] -- Up-to-date: /home/quarcks/Mobile-Robots-2026-1/install/gazebo_envs/share/gazebo_envs/models/aws_robomaker_residential_RoomCeiling_01/meshes/aws_RoomCeiling_01_visual.DAE
[1.860s] -- Up-to-date: /home/quarcks/Mobile-Robots-2026-1/install/gazebo_envs/share/gazebo_envs/models/aws_robomaker_residential_RoomCeiling_01/model.sdf
[1.860s] -- Up-to-date: /home/quarcks/Mobile-Robots-2026-1/install/gazebo_envs/share/gazebo_envs/models/aws_robomaker_residential_RoomCeiling_01/materials
[1.861s] -- Up-to-date: /home/quarcks/Mobile-Robots-2026-1/install/gazebo_envs/share/gazebo_envs/models/aws_robomaker_residential_RoomCeiling_01/materials/textures
[1.861s] -- Up-to-date: /home/quarcks/Mobile-Robots-2026-1/install/gazebo_envs/share/gazebo_envs/models/aws_robomaker_residential_RoomCeiling_01/materials/textures/aws_RoomCeiling_01.png
[1.861s] -- Up-to-date: /home/quarcks/Mobile-Robots-2026-1/install/gazebo_envs/share/gazebo_envs/models/aws_robomaker_residential_BalconyTable_01
[1.861s] -- Up-to-date: /home/quarcks/Mobile-Robots-2026-1/install/gazebo_envs/share/gazebo_envs/models/aws_robomaker_residential_BalconyTable_01/model.config
[1.861s] -- Up-to-date: /home/quarcks/Mobile-Robots-2026-1/install/gazebo_envs/share/gazebo_envs/models/aws_robomaker_residential_BalconyTable_01/meshes
[1.862s] -- Up-to-date: /home/quarcks/Mobile-Robots-2026-1/install/gazebo_envs/share/gazebo_envs/models/aws_robomaker_residential_BalconyTable_01/meshes/aws_BalconyTable_01_visual.DAE
[1.862s] -- Up-to-date: /home/quarcks/Mobile-Robots-2026-1/install/gazebo_envs/share/gazebo_envs/models/aws_robomaker_residential_BalconyTable_01/meshes/aws_BalconyTable_01_collision.DAE
[1.862s] -- Up-to-date: /home/quarcks/Mobile-Robots-2026-1/install/gazebo_envs/share/gazebo_envs/models/aws_robomaker_residential_BalconyTable_01/model.sdf
[1.862s] -- Up-to-date: /home/quarcks/Mobile-Robots-2026-1/install/gazebo_envs/share/gazebo_envs/models/aws_robomaker_residential_BalconyTable_01/materials
[1.863s] -- Up-to-date: /home/quarcks/Mobile-Robots-2026-1/install/gazebo_envs/share/gazebo_envs/models/aws_robomaker_residential_BalconyTable_01/materials/textures
[1.863s] -- Up-to-date: /home/quarcks/Mobile-Robots-2026-1/install/gazebo_envs/share/gazebo_envs/models/aws_robomaker_residential_BalconyTable_01/materials/textures/aws_BalconyTable_01.png
[1.863s] -- Up-to-date: /home/quarcks/Mobile-Robots-2026-1/install/gazebo_envs/share/gazebo_envs/models/Apriltag36_11_00000
[1.863s] -- Up-to-date: /home/quarcks/Mobile-Robots-2026-1/install/gazebo_envs/share/gazebo_envs/models/Apriltag36_11_00000/model.config
[1.863s] -- Up-to-date: /home/quarcks/Mobile-Robots-2026-1/install/gazebo_envs/share/gazebo_envs/models/Apriltag36_11_00000/meshes
[1.864s] -- Up-to-date: /home/quarcks/Mobile-Robots-2026-1/install/gazebo_envs/share/gazebo_envs/models/Apriltag36_11_00000/meshes/tag36_11_00000.dae
[1.864s] -- Up-to-date: /home/quarcks/Mobile-Robots-2026-1/install/gazebo_envs/share/gazebo_envs/models/Apriltag36_11_00000/model.sdf
[1.864s] -- Up-to-date: /home/quarcks/Mobile-Robots-2026-1/install/gazebo_envs/share/gazebo_envs/models/Apriltag36_11_00000/materials
[1.864s] -- Up-to-date: /home/quarcks/Mobile-Robots-2026-1/install/gazebo_envs/share/gazebo_envs/models/Apriltag36_11_00000/materials/textures
[1.865s] -- Up-to-date: /home/quarcks/Mobile-Robots-2026-1/install/gazebo_envs/share/gazebo_envs/models/Apriltag36_11_00000/materials/textures/tag36_11_00000.png
[1.866s] -- Up-to-date: /home/quarcks/Mobile-Robots-2026-1/install/gazebo_envs/share/gazebo_envs/models/aws_robomaker_residential_Rangehood_01
[1.867s] -- Up-to-date: /home/quarcks/Mobile-Robots-2026-1/install/gazebo_envs/share/gazebo_envs/models/aws_robomaker_residential_Rangehood_01/model.config
[1.867s] -- Up-to-date: /home/quarcks/Mobile-Robots-2026-1/install/gazebo_envs/share/gazebo_envs/models/aws_robomaker_residential_Rangehood_01/meshes
[1.867s] -- Up-to-date: /home/quarcks/Mobile-Robots-2026-1/install/gazebo_envs/share/gazebo_envs/models/aws_robomaker_residential_Rangehood_01/meshes/aws_Rangehood_01_visual.DAE
[1.867s] -- Up-to-date: /home/quarcks/Mobile-Robots-2026-1/install/gazebo_envs/share/gazebo_envs/models/aws_robomaker_residential_Rangehood_01/meshes/aws_Rangehood_01_collision.DAE
[1.867s] -- Up-to-date: /home/quarcks/Mobile-Robots-2026-1/install/gazebo_envs/share/gazebo_envs/models/aws_robomaker_residential_Rangehood_01/model.sdf
[1.868s] -- Up-to-date: /home/quarcks/Mobile-Robots-2026-1/install/gazebo_envs/share/gazebo_envs/models/aws_robomaker_residential_Rangehood_01/materials
[1.868s] -- Up-to-date: /home/quarcks/Mobile-Robots-2026-1/install/gazebo_envs/share/gazebo_envs/models/aws_robomaker_residential_Rangehood_01/materials/textures
[1.876s] -- Up-to-date: /home/quarcks/Mobile-Robots-2026-1/install/gazebo_envs/share/gazebo_envs/models/aws_robomaker_residential_Rangehood_01/materials/textures/aws_Rangehood_01.png
[1.876s] -- Up-to-date: /home/quarcks/Mobile-Robots-2026-1/install/gazebo_envs/share/gazebo_envs/models/aws_robomaker_residential_PortraitC_01
[1.876s] -- Up-to-date: /home/quarcks/Mobile-Robots-2026-1/install/gazebo_envs/share/gazebo_envs/models/aws_robomaker_residential_PortraitC_01/model.config
[1.877s] -- Up-to-date: /home/quarcks/Mobile-Robots-2026-1/install/gazebo_envs/share/gazebo_envs/models/aws_robomaker_residential_PortraitC_01/meshes
[1.877s] -- Up-to-date: /home/quarcks/Mobile-Robots-2026-1/install/gazebo_envs/share/gazebo_envs/models/aws_robomaker_residential_PortraitC_01/meshes/aws_PortraitC_01_collision.DAE
[1.877s] -- Up-to-date: /home/quarcks/Mobile-Robots-2026-1/install/gazebo_envs/share/gazebo_envs/models/aws_robomaker_residential_PortraitC_01/meshes/aws_PortraitC_01_visual.DAE
[1.878s] -- Up-to-date: /home/quarcks/Mobile-Robots-2026-1/install/gazebo_envs/share/gazebo_envs/models/aws_robomaker_residential_PortraitC_01/model.sdf
[1.878s] -- Up-to-date: /home/quarcks/Mobile-Robots-2026-1/install/gazebo_envs/share/gazebo_envs/models/aws_robomaker_residential_PortraitC_01/materials
[1.878s] -- Up-to-date: /home/quarcks/Mobile-Robots-2026-1/install/gazebo_envs/share/gazebo_envs/models/aws_robomaker_residential_PortraitC_01/materials/textures
[1.878s] -- Up-to-date: /home/quarcks/Mobile-Robots-2026-1/install/gazebo_envs/share/gazebo_envs/models/aws_robomaker_residential_PortraitC_01/materials/textures/aws_PortraitC_02.png
[1.878s] -- Up-to-date: /home/quarcks/Mobile-Robots-2026-1/install/gazebo_envs/share/gazebo_envs/models/aws_robomaker_residential_PortraitC_01/materials/textures/PortraitC_01.jpg
[1.879s] -- Up-to-date: /home/quarcks/Mobile-Robots-2026-1/install/gazebo_envs/share/gazebo_envs/models/aws_robomaker_residential_PortraitC_01/materials/textures/aws_PortraitC_01.png
[1.879s] -- Up-to-date: /home/quarcks/Mobile-Robots-2026-1/install/gazebo_envs/share/gazebo_envs/models/aws_robomaker_residential_SofaB_01
[1.880s] -- Up-to-date: /home/quarcks/Mobile-Robots-2026-1/install/gazebo_envs/share/gazebo_envs/models/aws_robomaker_residential_SofaB_01/model.config
[1.880s] -- Up-to-date: /home/quarcks/Mobile-Robots-2026-1/install/gazebo_envs/share/gazebo_envs/models/aws_robomaker_residential_SofaB_01/meshes
[1.881s] -- Up-to-date: /home/quarcks/Mobile-Robots-2026-1/install/gazebo_envs/share/gazebo_envs/models/aws_robomaker_residential_SofaB_01/meshes/aws_SofaB_01_collision.DAE
[1.881s] -- Up-to-date: /home/quarcks/Mobile-Robots-2026-1/install/gazebo_envs/share/gazebo_envs/models/aws_robomaker_residential_SofaB_01/meshes/aws_SofaB_01_visual.DAE
[1.881s] -- Up-to-date: /home/quarcks/Mobile-Robots-2026-1/install/gazebo_envs/share/gazebo_envs/models/aws_robomaker_residential_SofaB_01/model.sdf
[1.881s] -- Up-to-date: /home/quarcks/Mobile-Robots-2026-1/install/gazebo_envs/share/gazebo_envs/models/aws_robomaker_residential_SofaB_01/materials
[1.882s] -- Up-to-date: /home/quarcks/Mobile-Robots-2026-1/install/gazebo_envs/share/gazebo_envs/models/aws_robomaker_residential_SofaB_01/materials/textures
[1.882s] -- Up-to-date: /home/quarcks/Mobile-Robots-2026-1/install/gazebo_envs/share/gazebo_envs/models/aws_robomaker_residential_SofaB_01/materials/textures/aws_SofaB_01.png
[1.882s] -- Up-to-date: /home/quarcks/Mobile-Robots-2026-1/install/gazebo_envs/share/gazebo_envs/models/aws_robomaker_residential_Carpet_01
[1.882s] -- Up-to-date: /home/quarcks/Mobile-Robots-2026-1/install/gazebo_envs/share/gazebo_envs/models/aws_robomaker_residential_Carpet_01/model.config
[1.883s] -- Up-to-date: /home/quarcks/Mobile-Robots-2026-1/install/gazebo_envs/share/gazebo_envs/models/aws_robomaker_residential_Carpet_01/meshes
[1.884s] -- Up-to-date: /home/quarcks/Mobile-Robots-2026-1/install/gazebo_envs/share/gazebo_envs/models/aws_robomaker_residential_Carpet_01/meshes/aws_Carpet_01_visual.DAE
[1.884s] -- Up-to-date: /home/quarcks/Mobile-Robots-2026-1/install/gazebo_envs/share/gazebo_envs/models/aws_robomaker_residential_Carpet_01/meshes/aws_Carpet_01_collision.DAE
[1.884s] -- Up-to-date: /home/quarcks/Mobile-Robots-2026-1/install/gazebo_envs/share/gazebo_envs/models/aws_robomaker_residential_Carpet_01/model.sdf
[1.885s] -- Up-to-date: /home/quarcks/Mobile-Robots-2026-1/install/gazebo_envs/share/gazebo_envs/models/aws_robomaker_residential_Carpet_01/materials
[1.885s] -- Up-to-date: /home/quarcks/Mobile-Robots-2026-1/install/gazebo_envs/share/gazebo_envs/models/aws_robomaker_residential_Carpet_01/materials/textures
[1.885s] -- Up-to-date: /home/quarcks/Mobile-Robots-2026-1/install/gazebo_envs/share/gazebo_envs/models/aws_robomaker_residential_Carpet_01/materials/textures/aws_Carpet_01.png
[1.885s] -- Up-to-date: /home/quarcks/Mobile-Robots-2026-1/install/gazebo_envs/share/gazebo_envs/models/aws_robomaker_warehouse_TrashCanC_01
[1.885s] -- Up-to-date: /home/quarcks/Mobile-Robots-2026-1/install/gazebo_envs/share/gazebo_envs/models/aws_robomaker_warehouse_TrashCanC_01/model.config
[1.886s] -- Up-to-date: /home/quarcks/Mobile-Robots-2026-1/install/gazebo_envs/share/gazebo_envs/models/aws_robomaker_warehouse_TrashCanC_01/meshes
[1.886s] -- Up-to-date: /home/quarcks/Mobile-Robots-2026-1/install/gazebo_envs/share/gazebo_envs/models/aws_robomaker_warehouse_TrashCanC_01/meshes/aws_robomaker_warehouse_TrashCanC_01_visual.DAE
[1.886s] -- Up-to-date: /home/quarcks/Mobile-Robots-2026-1/install/gazebo_envs/share/gazebo_envs/models/aws_robomaker_warehouse_TrashCanC_01/meshes/aws_robomaker_warehouse_TrashCanC_01_collision.DAE
[1.887s] -- Up-to-date: /home/quarcks/Mobile-Robots-2026-1/install/gazebo_envs/share/gazebo_envs/models/aws_robomaker_warehouse_TrashCanC_01/model.sdf
[1.887s] -- Up-to-date: /home/quarcks/Mobile-Robots-2026-1/install/gazebo_envs/share/gazebo_envs/models/aws_robomaker_warehouse_TrashCanC_01/materials
[1.887s] -- Up-to-date: /home/quarcks/Mobile-Robots-2026-1/install/gazebo_envs/share/gazebo_envs/models/aws_robomaker_warehouse_TrashCanC_01/materials/textures
[1.887s] -- Up-to-date: /home/quarcks/Mobile-Robots-2026-1/install/gazebo_envs/share/gazebo_envs/models/aws_robomaker_warehouse_TrashCanC_01/materials/textures/aws_robomaker_warehouse_TrashCanC_01.png
[1.887s] -- Up-to-date: /home/quarcks/Mobile-Robots-2026-1/install/gazebo_envs/share/gazebo_envs/models/aws_robomaker_residential_Chandelier_01
[1.888s] -- Up-to-date: /home/quarcks/Mobile-Robots-2026-1/install/gazebo_envs/share/gazebo_envs/models/aws_robomaker_residential_Chandelier_01/model.config
[1.888s] -- Up-to-date: /home/quarcks/Mobile-Robots-2026-1/install/gazebo_envs/share/gazebo_envs/models/aws_robomaker_residential_Chandelier_01/meshes
[1.888s] -- Up-to-date: /home/quarcks/Mobile-Robots-2026-1/install/gazebo_envs/share/gazebo_envs/models/aws_robomaker_residential_Chandelier_01/meshes/aws_Chandelier_01_visual.DAE
[1.888s] -- Up-to-date: /home/quarcks/Mobile-Robots-2026-1/install/gazebo_envs/share/gazebo_envs/models/aws_robomaker_residential_Chandelier_01/meshes/aws_Chandelier_01_collision.DAE
[1.888s] -- Up-to-date: /home/quarcks/Mobile-Robots-2026-1/install/gazebo_envs/share/gazebo_envs/models/aws_robomaker_residential_Chandelier_01/meshes/aws_Chandelier_01.DAE
[1.889s] -- Up-to-date: /home/quarcks/Mobile-Robots-2026-1/install/gazebo_envs/share/gazebo_envs/models/aws_robomaker_residential_Chandelier_01/model.sdf
[1.889s] -- Up-to-date: /home/quarcks/Mobile-Robots-2026-1/install/gazebo_envs/share/gazebo_envs/models/aws_robomaker_residential_Chandelier_01/materials
[1.889s] -- Up-to-date: /home/quarcks/Mobile-Robots-2026-1/install/gazebo_envs/share/gazebo_envs/models/aws_robomaker_residential_Chandelier_01/materials/textures
[1.896s] -- Up-to-date: /home/quarcks/Mobile-Robots-2026-1/install/gazebo_envs/share/gazebo_envs/models/aws_robomaker_residential_Chandelier_01/materials/textures/aws_Chandelier_01.png
[1.897s] -- Up-to-date: /home/quarcks/Mobile-Robots-2026-1/install/gazebo_envs/share/gazebo_envs/models/aws_robomaker_residential_ShoeRack_01
[1.897s] -- Up-to-date: /home/quarcks/Mobile-Robots-2026-1/install/gazebo_envs/share/gazebo_envs/models/aws_robomaker_residential_ShoeRack_01/model.config
[1.897s] -- Up-to-date: /home/quarcks/Mobile-Robots-2026-1/install/gazebo_envs/share/gazebo_envs/models/aws_robomaker_residential_ShoeRack_01/meshes
[1.897s] -- Up-to-date: /home/quarcks/Mobile-Robots-2026-1/install/gazebo_envs/share/gazebo_envs/models/aws_robomaker_residential_ShoeRack_01/meshes/aws_ShoeRack_01_visual.DAE
[1.898s] -- Up-to-date: /home/quarcks/Mobile-Robots-2026-1/install/gazebo_envs/share/gazebo_envs/models/aws_robomaker_residential_ShoeRack_01/meshes/aws_ShoeRack_01_collision.DAE
[1.898s] -- Up-to-date: /home/quarcks/Mobile-Robots-2026-1/install/gazebo_envs/share/gazebo_envs/models/aws_robomaker_residential_ShoeRack_01/model.sdf
[1.898s] -- Up-to-date: /home/quarcks/Mobile-Robots-2026-1/install/gazebo_envs/share/gazebo_envs/models/aws_robomaker_residential_ShoeRack_01/materials
[1.898s] -- Up-to-date: /home/quarcks/Mobile-Robots-2026-1/install/gazebo_envs/share/gazebo_envs/models/aws_robomaker_residential_ShoeRack_01/materials/textures
[1.899s] -- Up-to-date: /home/quarcks/Mobile-Robots-2026-1/install/gazebo_envs/share/gazebo_envs/models/aws_robomaker_residential_ShoeRack_01/materials/textures/aws_ShoeRack_01.png
[1.899s] -- Up-to-date: /home/quarcks/Mobile-Robots-2026-1/install/gazebo_envs/share/gazebo_envs/models/aws_robomaker_residential_Sofa_01
[1.899s] -- Up-to-date: /home/quarcks/Mobile-Robots-2026-1/install/gazebo_envs/share/gazebo_envs/models/aws_robomaker_residential_Sofa_01/model.config
[1.899s] -- Up-to-date: /home/quarcks/Mobile-Robots-2026-1/install/gazebo_envs/share/gazebo_envs/models/aws_robomaker_residential_Sofa_01/meshes
[1.899s] -- Up-to-date: /home/quarcks/Mobile-Robots-2026-1/install/gazebo_envs/share/gazebo_envs/models/aws_robomaker_residential_Sofa_01/meshes/aws_Sofa_01_visual.DAE
[1.900s] -- Up-to-date: /home/quarcks/Mobile-Robots-2026-1/install/gazebo_envs/share/gazebo_envs/models/aws_robomaker_residential_Sofa_01/meshes/aws_Sofa_01.DAE
[1.900s] -- Up-to-date: /home/quarcks/Mobile-Robots-2026-1/install/gazebo_envs/share/gazebo_envs/models/aws_robomaker_residential_Sofa_01/meshes/aws_Sofa_01_collision.DAE
[1.900s] -- Up-to-date: /home/quarcks/Mobile-Robots-2026-1/install/gazebo_envs/share/gazebo_envs/models/aws_robomaker_residential_Sofa_01/model.sdf
[1.900s] -- Up-to-date: /home/quarcks/Mobile-Robots-2026-1/install/gazebo_envs/share/gazebo_envs/models/aws_robomaker_residential_Sofa_01/materials
[1.900s] -- Up-to-date: /home/quarcks/Mobile-Robots-2026-1/install/gazebo_envs/share/gazebo_envs/models/aws_robomaker_residential_Sofa_01/materials/textures
[1.901s] -- Up-to-date: /home/quarcks/Mobile-Robots-2026-1/install/gazebo_envs/share/gazebo_envs/models/aws_robomaker_residential_Sofa_01/materials/textures/aws_Sofa_01.png
[1.902s] -- Up-to-date: /home/quarcks/Mobile-Robots-2026-1/install/gazebo_envs/share/gazebo_envs/models/aws_robomaker_residential_PortraitA_02
[1.903s] -- Up-to-date: /home/quarcks/Mobile-Robots-2026-1/install/gazebo_envs/share/gazebo_envs/models/aws_robomaker_residential_PortraitA_02/model.config
[1.903s] -- Up-to-date: /home/quarcks/Mobile-Robots-2026-1/install/gazebo_envs/share/gazebo_envs/models/aws_robomaker_residential_PortraitA_02/meshes
[1.903s] -- Up-to-date: /home/quarcks/Mobile-Robots-2026-1/install/gazebo_envs/share/gazebo_envs/models/aws_robomaker_residential_PortraitA_02/meshes/aws_PortraitA_01_collision.DAE
[1.904s] -- Up-to-date: /home/quarcks/Mobile-Robots-2026-1/install/gazebo_envs/share/gazebo_envs/models/aws_robomaker_residential_PortraitA_02/meshes/aws_PortraitA_01_visual.DAE
[1.904s] -- Up-to-date: /home/quarcks/Mobile-Robots-2026-1/install/gazebo_envs/share/gazebo_envs/models/aws_robomaker_residential_PortraitA_02/model.sdf
[1.904s] -- Up-to-date: /home/quarcks/Mobile-Robots-2026-1/install/gazebo_envs/share/gazebo_envs/models/aws_robomaker_residential_PortraitA_02/materials
[1.904s] -- Up-to-date: /home/quarcks/Mobile-Robots-2026-1/install/gazebo_envs/share/gazebo_envs/models/aws_robomaker_residential_PortraitA_02/materials/textures
[1.904s] -- Up-to-date: /home/quarcks/Mobile-Robots-2026-1/install/gazebo_envs/share/gazebo_envs/models/aws_robomaker_residential_PortraitA_02/materials/textures/PortraitA_02.jpg
[1.905s] -- Up-to-date: /home/quarcks/Mobile-Robots-2026-1/install/gazebo_envs/share/gazebo_envs/models/aws_robomaker_residential_PortraitA_02/materials/textures/aws_PortraitA_02.png
[1.905s] -- Up-to-date: /home/quarcks/Mobile-Robots-2026-1/install/gazebo_envs/share/gazebo_envs/models/aws_robomaker_residential_PortraitA_02/materials/textures/aws_PortraitA_01.png
[1.905s] -- Up-to-date: /home/quarcks/Mobile-Robots-2026-1/install/gazebo_envs/share/gazebo_envs/models/aws_robomaker_residential_Tableware_01
[1.905s] -- Up-to-date: /home/quarcks/Mobile-Robots-2026-1/install/gazebo_envs/share/gazebo_envs/models/aws_robomaker_residential_Tableware_01/model.config
[1.905s] -- Up-to-date: /home/quarcks/Mobile-Robots-2026-1/install/gazebo_envs/share/gazebo_envs/models/aws_robomaker_residential_Tableware_01/meshes
[1.906s] -- Up-to-date: /home/quarcks/Mobile-Robots-2026-1/install/gazebo_envs/share/gazebo_envs/models/aws_robomaker_residential_Tableware_01/meshes/aws_Tableware_01_visual.DAE
[1.906s] -- Up-to-date: /home/quarcks/Mobile-Robots-2026-1/install/gazebo_envs/share/gazebo_envs/models/aws_robomaker_residential_Tableware_01/meshes/aws_Tableware_01_collision.DAE
[1.906s] -- Up-to-date: /home/quarcks/Mobile-Robots-2026-1/install/gazebo_envs/share/gazebo_envs/models/aws_robomaker_residential_Tableware_01/model.sdf
[1.906s] -- Up-to-date: /home/quarcks/Mobile-Robots-2026-1/install/gazebo_envs/share/gazebo_envs/models/aws_robomaker_residential_Tableware_01/materials
[1.906s] -- Up-to-date: /home/quarcks/Mobile-Robots-2026-1/install/gazebo_envs/share/gazebo_envs/models/aws_robomaker_residential_Tableware_01/materials/textures
[1.907s] -- Up-to-date: /home/quarcks/Mobile-Robots-2026-1/install/gazebo_envs/share/gazebo_envs/models/aws_robomaker_residential_Tableware_01/materials/textures/aws_Tableware_01.png
[1.907s] -- Up-to-date: /home/quarcks/Mobile-Robots-2026-1/install/gazebo_envs/share/gazebo_envs/models/aws_robomaker_residential_DeskPortraitD_02
[1.907s] -- Up-to-date: /home/quarcks/Mobile-Robots-2026-1/install/gazebo_envs/share/gazebo_envs/models/aws_robomaker_residential_DeskPortraitD_02/model.config
[1.907s] -- Up-to-date: /home/quarcks/Mobile-Robots-2026-1/install/gazebo_envs/share/gazebo_envs/models/aws_robomaker_residential_DeskPortraitD_02/meshes
[1.908s] -- Up-to-date: /home/quarcks/Mobile-Robots-2026-1/install/gazebo_envs/share/gazebo_envs/models/aws_robomaker_residential_DeskPortraitD_02/meshes/aws_DeskPortraitD_01_collision.DAE
[1.908s] -- Up-to-date: /home/quarcks/Mobile-Robots-2026-1/install/gazebo_envs/share/gazebo_envs/models/aws_robomaker_residential_DeskPortraitD_02/meshes/aws_DeskPortraitD_01_visual.DAE
[1.908s] -- Up-to-date: /home/quarcks/Mobile-Robots-2026-1/install/gazebo_envs/share/gazebo_envs/models/aws_robomaker_residential_DeskPortraitD_02/model.sdf
[1.908s] -- Up-to-date: /home/quarcks/Mobile-Robots-2026-1/install/gazebo_envs/share/gazebo_envs/models/aws_robomaker_residential_DeskPortraitD_02/materials
[1.908s] -- Up-to-date: /home/quarcks/Mobile-Robots-2026-1/install/gazebo_envs/share/gazebo_envs/models/aws_robomaker_residential_DeskPortraitD_02/materials/textures
[1.909s] -- Up-to-date: /home/quarcks/Mobile-Robots-2026-1/install/gazebo_envs/share/gazebo_envs/models/aws_robomaker_residential_DeskPortraitD_02/materials/textures/DeskPortraitD_02.jpg
[1.909s] -- Up-to-date: /home/quarcks/Mobile-Robots-2026-1/install/gazebo_envs/share/gazebo_envs/models/aws_robomaker_residential_DeskPortraitD_02/materials/textures/aws_DeskPortraitD_01.png
[1.909s] -- Up-to-date: /home/quarcks/Mobile-Robots-2026-1/install/gazebo_envs/share/gazebo_envs/models/aws_robomaker_residential_DeskPortraitD_02/materials/textures/aws_DeskPortraitD_02.png
[1.909s] -- Up-to-date: /home/quarcks/Mobile-Robots-2026-1/install/gazebo_envs/share/gazebo_envs/models/aws_robomaker_residential_SeasoningBox_01
[1.910s] -- Up-to-date: /home/quarcks/Mobile-Robots-2026-1/install/gazebo_envs/share/gazebo_envs/models/aws_robomaker_residential_SeasoningBox_01/model.config
[1.910s] -- Up-to-date: /home/quarcks/Mobile-Robots-2026-1/install/gazebo_envs/share/gazebo_envs/models/aws_robomaker_residential_SeasoningBox_01/meshes
[1.910s] -- Up-to-date: /home/quarcks/Mobile-Robots-2026-1/install/gazebo_envs/share/gazebo_envs/models/aws_robomaker_residential_SeasoningBox_01/meshes/aws_SeasoningBox_01_visual.DAE
[1.910s] -- Up-to-date: /home/quarcks/Mobile-Robots-2026-1/install/gazebo_envs/share/gazebo_envs/models/aws_robomaker_residential_SeasoningBox_01/meshes/aws_SeasoningBox_01_collision.DAE
[1.911s] -- Up-to-date: /home/quarcks/Mobile-Robots-2026-1/install/gazebo_envs/share/gazebo_envs/models/aws_robomaker_residential_SeasoningBox_01/model.sdf
[1.911s] -- Up-to-date: /home/quarcks/Mobile-Robots-2026-1/install/gazebo_envs/share/gazebo_envs/models/aws_robomaker_residential_SeasoningBox_01/materials
[1.911s] -- Up-to-date: /home/quarcks/Mobile-Robots-2026-1/install/gazebo_envs/share/gazebo_envs/models/aws_robomaker_residential_SeasoningBox_01/materials/textures
[1.911s] -- Up-to-date: /home/quarcks/Mobile-Robots-2026-1/install/gazebo_envs/share/gazebo_envs/models/aws_robomaker_residential_SeasoningBox_01/materials/textures/aws_SeasoningBox_01.png
[1.911s] -- Up-to-date: /home/quarcks/Mobile-Robots-2026-1/install/gazebo_envs/share/gazebo_envs/models/aws_robomaker_warehouse_ClutteringC_01
[1.912s] -- Up-to-date: /home/quarcks/Mobile-Robots-2026-1/install/gazebo_envs/share/gazebo_envs/models/aws_robomaker_warehouse_ClutteringC_01/model.config
[1.912s] -- Up-to-date: /home/quarcks/Mobile-Robots-2026-1/install/gazebo_envs/share/gazebo_envs/models/aws_robomaker_warehouse_ClutteringC_01/meshes
[1.912s] -- Up-to-date: /home/quarcks/Mobile-Robots-2026-1/install/gazebo_envs/share/gazebo_envs/models/aws_robomaker_warehouse_ClutteringC_01/meshes/aws_robomaker_warehouse_ClutteringC_01_visual.DAE
[1.912s] -- Up-to-date: /home/quarcks/Mobile-Robots-2026-1/install/gazebo_envs/share/gazebo_envs/models/aws_robomaker_warehouse_ClutteringC_01/meshes/aws_robomaker_warehouse_ClutteringC_01_collision.DAE
[1.912s] -- Up-to-date: /home/quarcks/Mobile-Robots-2026-1/install/gazebo_envs/share/gazebo_envs/models/aws_robomaker_warehouse_ClutteringC_01/model.sdf
[1.913s] -- Up-to-date: /home/quarcks/Mobile-Robots-2026-1/install/gazebo_envs/share/gazebo_envs/models/aws_robomaker_warehouse_ClutteringC_01/materials
[1.913s] -- Up-to-date: /home/quarcks/Mobile-Robots-2026-1/install/gazebo_envs/share/gazebo_envs/models/aws_robomaker_warehouse_ClutteringC_01/materials/textures
[1.913s] -- Up-to-date: /home/quarcks/Mobile-Robots-2026-1/install/gazebo_envs/share/gazebo_envs/models/aws_robomaker_warehouse_ClutteringC_01/materials/textures/aws_robomaker_warehouse_ClutteringC_02.png
[1.913s] -- Up-to-date: /home/quarcks/Mobile-Robots-2026-1/install/gazebo_envs/share/gazebo_envs/models/aws_robomaker_warehouse_ClutteringC_01/materials/textures/aws_robomaker_warehouse_ClutteringC_01.png
[1.914s] -- Up-to-date: /home/quarcks/Mobile-Robots-2026-1/install/gazebo_envs/share/gazebo_envs/models/aws_robomaker_warehouse_ShelfE_01
[1.914s] -- Up-to-date: /home/quarcks/Mobile-Robots-2026-1/install/gazebo_envs/share/gazebo_envs/models/aws_robomaker_warehouse_ShelfE_01/model.config
[1.914s] -- Up-to-date: /home/quarcks/Mobile-Robots-2026-1/install/gazebo_envs/share/gazebo_envs/models/aws_robomaker_warehouse_ShelfE_01/meshes
[1.914s] -- Up-to-date: /home/quarcks/Mobile-Robots-2026-1/install/gazebo_envs/share/gazebo_envs/models/aws_robomaker_warehouse_ShelfE_01/meshes/aws_robomaker_warehouse_ShelfE_01_collision.DAE
[1.915s] -- Up-to-date: /home/quarcks/Mobile-Robots-2026-1/install/gazebo_envs/share/gazebo_envs/models/aws_robomaker_warehouse_ShelfE_01/meshes/aws_robomaker_warehouse_ShelfE_01_visual.DAE
[1.915s] -- Up-to-date: /home/quarcks/Mobile-Robots-2026-1/install/gazebo_envs/share/gazebo_envs/models/aws_robomaker_warehouse_ShelfE_01/.DS_Store
[1.915s] -- Up-to-date: /home/quarcks/Mobile-Robots-2026-1/install/gazebo_envs/share/gazebo_envs/models/aws_robomaker_warehouse_ShelfE_01/model.sdf
[1.916s] -- Up-to-date: /home/quarcks/Mobile-Robots-2026-1/install/gazebo_envs/share/gazebo_envs/models/aws_robomaker_warehouse_ShelfE_01/materials
[1.916s] -- Up-to-date: /home/quarcks/Mobile-Robots-2026-1/install/gazebo_envs/share/gazebo_envs/models/aws_robomaker_warehouse_ShelfE_01/materials/.DS_Store
[1.916s] -- Up-to-date: /home/quarcks/Mobile-Robots-2026-1/install/gazebo_envs/share/gazebo_envs/models/aws_robomaker_warehouse_ShelfE_01/materials/textures
[1.916s] -- Up-to-date: /home/quarcks/Mobile-Robots-2026-1/install/gazebo_envs/share/gazebo_envs/models/aws_robomaker_warehouse_ShelfE_01/materials/textures/aws_robomaker_warehouse_ShelfE_03.png
[1.916s] -- Up-to-date: /home/quarcks/Mobile-Robots-2026-1/install/gazebo_envs/share/gazebo_envs/models/aws_robomaker_warehouse_ShelfE_01/materials/textures/aws_robomaker_warehouse_ShelfE_04.png
[1.916s] -- Up-to-date: /home/quarcks/Mobile-Robots-2026-1/install/gazebo_envs/share/gazebo_envs/models/aws_robomaker_warehouse_ShelfE_01/materials/textures/aws_robomaker_warehouse_ShelfE_01.png
[1.917s] -- Up-to-date: /home/quarcks/Mobile-Robots-2026-1/install/gazebo_envs/share/gazebo_envs/models/aws_robomaker_warehouse_ShelfE_01/materials/textures/aws_robomaker_warehouse_ShelfE_02.png
[1.917s] -- Up-to-date: /home/quarcks/Mobile-Robots-2026-1/install/gazebo_envs/share/gazebo_envs/models/aws_robomaker_residential_KitchenCabinet_01
[1.917s] -- Up-to-date: /home/quarcks/Mobile-Robots-2026-1/install/gazebo_envs/share/gazebo_envs/models/aws_robomaker_residential_KitchenCabinet_01/model.config
[1.917s] -- Up-to-date: /home/quarcks/Mobile-Robots-2026-1/install/gazebo_envs/share/gazebo_envs/models/aws_robomaker_residential_KitchenCabinet_01/meshes
[1.917s] -- Up-to-date: /home/quarcks/Mobile-Robots-2026-1/install/gazebo_envs/share/gazebo_envs/models/aws_robomaker_residential_KitchenCabinet_01/meshes/aws_KitchenCabinet_01_collision.DAE
[1.918s] -- Up-to-date: /home/quarcks/Mobile-Robots-2026-1/install/gazebo_envs/share/gazebo_envs/models/aws_robomaker_residential_KitchenCabinet_01/meshes/aws_KitchenCabinet_01_visual.DAE
[1.918s] -- Up-to-date: /home/quarcks/Mobile-Robots-2026-1/install/gazebo_envs/share/gazebo_envs/models/aws_robomaker_residential_KitchenCabinet_01/model.sdf
[1.918s] -- Up-to-date: /home/quarcks/Mobile-Robots-2026-1/install/gazebo_envs/share/gazebo_envs/models/aws_robomaker_residential_KitchenCabinet_01/materials
[1.918s] -- Up-to-date: /home/quarcks/Mobile-Robots-2026-1/install/gazebo_envs/share/gazebo_envs/models/aws_robomaker_residential_KitchenCabinet_01/materials/textures
[1.918s] -- Up-to-date: /home/quarcks/Mobile-Robots-2026-1/install/gazebo_envs/share/gazebo_envs/models/aws_robomaker_residential_KitchenCabinet_01/materials/textures/aws_KitchenCabinet_01.png
[1.919s] -- Up-to-date: /home/quarcks/Mobile-Robots-2026-1/install/gazebo_envs/share/gazebo_envs/models/aws_robomaker_residential_TV_02
[1.919s] -- Up-to-date: /home/quarcks/Mobile-Robots-2026-1/install/gazebo_envs/share/gazebo_envs/models/aws_robomaker_residential_TV_02/model.config
[1.919s] -- Up-to-date: /home/quarcks/Mobile-Robots-2026-1/install/gazebo_envs/share/gazebo_envs/models/aws_robomaker_residential_TV_02/meshes
[1.919s] -- Up-to-date: /home/quarcks/Mobile-Robots-2026-1/install/gazebo_envs/share/gazebo_envs/models/aws_robomaker_residential_TV_02/meshes/aws_TV_01_collision.DAE
[1.920s] -- Up-to-date: /home/quarcks/Mobile-Robots-2026-1/install/gazebo_envs/share/gazebo_envs/models/aws_robomaker_residential_TV_02/meshes/aws_TV_01_visual.DAE
[1.921s] -- Up-to-date: /home/quarcks/Mobile-Robots-2026-1/install/gazebo_envs/share/gazebo_envs/models/aws_robomaker_residential_TV_02/model.sdf
[1.921s] -- Up-to-date: /home/quarcks/Mobile-Robots-2026-1/install/gazebo_envs/share/gazebo_envs/models/aws_robomaker_residential_TV_02/materials
[1.921s] -- Up-to-date: /home/quarcks/Mobile-Robots-2026-1/install/gazebo_envs/share/gazebo_envs/models/aws_robomaker_residential_TV_02/materials/textures
[1.921s] -- Up-to-date: /home/quarcks/Mobile-Robots-2026-1/install/gazebo_envs/share/gazebo_envs/models/aws_robomaker_residential_TV_02/materials/textures/aws_TV_01.png
[1.922s] -- Up-to-date: /home/quarcks/Mobile-Robots-2026-1/install/gazebo_envs/share/gazebo_envs/models/aws_robomaker_residential_PortraitB_01
[1.922s] -- Up-to-date: /home/quarcks/Mobile-Robots-2026-1/install/gazebo_envs/share/gazebo_envs/models/aws_robomaker_residential_PortraitB_01/model.config
[1.922s] -- Up-to-date: /home/quarcks/Mobile-Robots-2026-1/install/gazebo_envs/share/gazebo_envs/models/aws_robomaker_residential_PortraitB_01/meshes
[1.923s] -- Up-to-date: /home/quarcks/Mobile-Robots-2026-1/install/gazebo_envs/share/gazebo_envs/models/aws_robomaker_residential_PortraitB_01/meshes/aws_PortraitB_01_collision.DAE
[1.923s] -- Up-to-date: /home/quarcks/Mobile-Robots-2026-1/install/gazebo_envs/share/gazebo_envs/models/aws_robomaker_residential_PortraitB_01/meshes/aws_PortraitB_01_visual.DAE
[1.923s] -- Up-to-date: /home/quarcks/Mobile-Robots-2026-1/install/gazebo_envs/share/gazebo_envs/models/aws_robomaker_residential_PortraitB_01/model.sdf
[1.923s] -- Up-to-date: /home/quarcks/Mobile-Robots-2026-1/install/gazebo_envs/share/gazebo_envs/models/aws_robomaker_residential_PortraitB_01/materials
[1.923s] -- Up-to-date: /home/quarcks/Mobile-Robots-2026-1/install/gazebo_envs/share/gazebo_envs/models/aws_robomaker_residential_PortraitB_01/materials/textures
[1.924s] -- Up-to-date: /home/quarcks/Mobile-Robots-2026-1/install/gazebo_envs/share/gazebo_envs/models/aws_robomaker_residential_PortraitB_01/materials/textures/aws_PortraitB_01.png
[1.924s] -- Up-to-date: /home/quarcks/Mobile-Robots-2026-1/install/gazebo_envs/share/gazebo_envs/models/aws_robomaker_residential_PortraitB_01/materials/textures/aws_PortraitB_02.png
[1.924s] -- Up-to-date: /home/quarcks/Mobile-Robots-2026-1/install/gazebo_envs/share/gazebo_envs/models/aws_robomaker_residential_PortraitB_01/materials/textures/PortraitB_01.jpg
[1.924s] -- Up-to-date: /home/quarcks/Mobile-Robots-2026-1/install/gazebo_envs/share/gazebo_envs/models/aws_robomaker_residential_Door_01
[1.924s] -- Up-to-date: /home/quarcks/Mobile-Robots-2026-1/install/gazebo_envs/share/gazebo_envs/models/aws_robomaker_residential_Door_01/model.config
[1.924s] -- Up-to-date: /home/quarcks/Mobile-Robots-2026-1/install/gazebo_envs/share/gazebo_envs/models/aws_robomaker_residential_Door_01/meshes
[1.925s] -- Up-to-date: /home/quarcks/Mobile-Robots-2026-1/install/gazebo_envs/share/gazebo_envs/models/aws_robomaker_residential_Door_01/meshes/aws_Door_01_collision.DAE
[1.925s] -- Up-to-date: /home/quarcks/Mobile-Robots-2026-1/install/gazebo_envs/share/gazebo_envs/models/aws_robomaker_residential_Door_01/meshes/aws_Door_01_visual.DAE
[1.925s] -- Up-to-date: /home/quarcks/Mobile-Robots-2026-1/install/gazebo_envs/share/gazebo_envs/models/aws_robomaker_residential_Door_01/model.sdf
[1.925s] -- Up-to-date: /home/quarcks/Mobile-Robots-2026-1/install/gazebo_envs/share/gazebo_envs/models/aws_robomaker_residential_Door_01/materials
[1.925s] -- Up-to-date: /home/quarcks/Mobile-Robots-2026-1/install/gazebo_envs/share/gazebo_envs/models/aws_robomaker_residential_Door_01/materials/textures
[1.926s] -- Up-to-date: /home/quarcks/Mobile-Robots-2026-1/install/gazebo_envs/share/gazebo_envs/models/aws_robomaker_residential_Door_01/materials/textures/aws_Door_01.png
[1.926s] -- Up-to-date: /home/quarcks/Mobile-Robots-2026-1/install/gazebo_envs/share/gazebo_envs/models/aws_robomaker_residential_Ball_01
[1.926s] -- Up-to-date: /home/quarcks/Mobile-Robots-2026-1/install/gazebo_envs/share/gazebo_envs/models/aws_robomaker_residential_Ball_01/model.config
[1.926s] -- Up-to-date: /home/quarcks/Mobile-Robots-2026-1/install/gazebo_envs/share/gazebo_envs/models/aws_robomaker_residential_Ball_01/meshes
[1.926s] -- Up-to-date: /home/quarcks/Mobile-Robots-2026-1/install/gazebo_envs/share/gazebo_envs/models/aws_robomaker_residential_Ball_01/meshes/aws_Ball_01_collision.DAE
[1.927s] -- Up-to-date: /home/quarcks/Mobile-Robots-2026-1/install/gazebo_envs/share/gazebo_envs/models/aws_robomaker_residential_Ball_01/meshes/aws_Ball_01_visual.DAE
[1.927s] -- Up-to-date: /home/quarcks/Mobile-Robots-2026-1/install/gazebo_envs/share/gazebo_envs/models/aws_robomaker_residential_Ball_01/model.sdf
[1.927s] -- Up-to-date: /home/quarcks/Mobile-Robots-2026-1/install/gazebo_envs/share/gazebo_envs/models/aws_robomaker_residential_Ball_01/materials
[1.927s] -- Up-to-date: /home/quarcks/Mobile-Robots-2026-1/install/gazebo_envs/share/gazebo_envs/models/aws_robomaker_residential_Ball_01/materials/textures
[1.927s] -- Up-to-date: /home/quarcks/Mobile-Robots-2026-1/install/gazebo_envs/share/gazebo_envs/models/aws_robomaker_residential_Ball_01/materials/textures/aws_Ball_01.png
[1.928s] -- Up-to-date: /home/quarcks/Mobile-Robots-2026-1/install/gazebo_envs/share/gazebo_envs/models/aws_robomaker_residential_PortraitD_01
[1.928s] -- Up-to-date: /home/quarcks/Mobile-Robots-2026-1/install/gazebo_envs/share/gazebo_envs/models/aws_robomaker_residential_PortraitD_01/model.config
[1.928s] -- Up-to-date: /home/quarcks/Mobile-Robots-2026-1/install/gazebo_envs/share/gazebo_envs/models/aws_robomaker_residential_PortraitD_01/meshes
[1.928s] -- Up-to-date: /home/quarcks/Mobile-Robots-2026-1/install/gazebo_envs/share/gazebo_envs/models/aws_robomaker_residential_PortraitD_01/meshes/aws_PortraitD_01_collision.DAE
[1.929s] -- Up-to-date: /home/quarcks/Mobile-Robots-2026-1/install/gazebo_envs/share/gazebo_envs/models/aws_robomaker_residential_PortraitD_01/meshes/aws_PortraitD_01_visual.DAE
[1.929s] -- Up-to-date: /home/quarcks/Mobile-Robots-2026-1/install/gazebo_envs/share/gazebo_envs/models/aws_robomaker_residential_PortraitD_01/model.sdf
[1.929s] -- Up-to-date: /home/quarcks/Mobile-Robots-2026-1/install/gazebo_envs/share/gazebo_envs/models/aws_robomaker_residential_PortraitD_01/materials
[1.929s] -- Up-to-date: /home/quarcks/Mobile-Robots-2026-1/install/gazebo_envs/share/gazebo_envs/models/aws_robomaker_residential_PortraitD_01/materials/textures
[1.930s] -- Up-to-date: /home/quarcks/Mobile-Robots-2026-1/install/gazebo_envs/share/gazebo_envs/models/aws_robomaker_residential_PortraitD_01/materials/textures/PortraitD_01.jpg
[1.930s] -- Up-to-date: /home/quarcks/Mobile-Robots-2026-1/install/gazebo_envs/share/gazebo_envs/models/aws_robomaker_residential_PortraitD_01/materials/textures/aws_PortraitD_01.png
[1.930s] -- Up-to-date: /home/quarcks/Mobile-Robots-2026-1/install/gazebo_envs/share/gazebo_envs/models/aws_robomaker_residential_PortraitD_01/materials/textures/aws_PortraitD_02.png
[1.930s] -- Up-to-date: /home/quarcks/Mobile-Robots-2026-1/install/gazebo_envs/share/gazebo_envs/models/aws_robomaker_warehouse_ShelfD_01
[1.930s] -- Up-to-date: /home/quarcks/Mobile-Robots-2026-1/install/gazebo_envs/share/gazebo_envs/models/aws_robomaker_warehouse_ShelfD_01/model.config
[1.931s] -- Up-to-date: /home/quarcks/Mobile-Robots-2026-1/install/gazebo_envs/share/gazebo_envs/models/aws_robomaker_warehouse_ShelfD_01/meshes
[1.931s] -- Up-to-date: /home/quarcks/Mobile-Robots-2026-1/install/gazebo_envs/share/gazebo_envs/models/aws_robomaker_warehouse_ShelfD_01/meshes/aws_robomaker_warehouse_ShelfD_01_collision.DAE
[1.931s] -- Up-to-date: /home/quarcks/Mobile-Robots-2026-1/install/gazebo_envs/share/gazebo_envs/models/aws_robomaker_warehouse_ShelfD_01/meshes/aws_robomaker_warehouse_ShelfD_01_visual.DAE
[1.932s] -- Up-to-date: /home/quarcks/Mobile-Robots-2026-1/install/gazebo_envs/share/gazebo_envs/models/aws_robomaker_warehouse_ShelfD_01/model.sdf
[1.932s] -- Up-to-date: /home/quarcks/Mobile-Robots-2026-1/install/gazebo_envs/share/gazebo_envs/models/aws_robomaker_warehouse_ShelfD_01/materials
[1.932s] -- Up-to-date: /home/quarcks/Mobile-Robots-2026-1/install/gazebo_envs/share/gazebo_envs/models/aws_robomaker_warehouse_ShelfD_01/materials/textures
[1.932s] -- Up-to-date: /home/quarcks/Mobile-Robots-2026-1/install/gazebo_envs/share/gazebo_envs/models/aws_robomaker_warehouse_ShelfD_01/materials/textures/aws_robomaker_warehouse_ShelfD_02.png
[1.932s] -- Up-to-date: /home/quarcks/Mobile-Robots-2026-1/install/gazebo_envs/share/gazebo_envs/models/aws_robomaker_warehouse_ShelfD_01/materials/textures/aws_robomaker_warehouse_ShelfD_01.png
[1.932s] -- Up-to-date: /home/quarcks/Mobile-Robots-2026-1/install/gazebo_envs/share/gazebo_envs/models/aws_robomaker_warehouse_ShelfD_01/materials/textures/aws_robomaker_warehouse_ShelfD_04.png
[1.933s] -- Up-to-date: /home/quarcks/Mobile-Robots-2026-1/install/gazebo_envs/share/gazebo_envs/models/aws_robomaker_warehouse_ShelfD_01/materials/textures/aws_robomaker_warehouse_ShelfD_03.png
[1.933s] -- Up-to-date: /home/quarcks/Mobile-Robots-2026-1/install/gazebo_envs/share/gazebo_envs/models/aws_robomaker_residential_Handle_01
[1.933s] -- Up-to-date: /home/quarcks/Mobile-Robots-2026-1/install/gazebo_envs/share/gazebo_envs/models/aws_robomaker_residential_Handle_01/model.config
[1.933s] -- Up-to-date: /home/quarcks/Mobile-Robots-2026-1/install/gazebo_envs/share/gazebo_envs/models/aws_robomaker_residential_Handle_01/meshes
[1.934s] -- Up-to-date: /home/quarcks/Mobile-Robots-2026-1/install/gazebo_envs/share/gazebo_envs/models/aws_robomaker_residential_Handle_01/meshes/aws_Handle_01_collision.DAE
[1.934s] -- Up-to-date: /home/quarcks/Mobile-Robots-2026-1/install/gazebo_envs/share/gazebo_envs/models/aws_robomaker_residential_Handle_01/meshes/aws_Handle_01_visual.DAE
[1.934s] -- Up-to-date: /home/quarcks/Mobile-Robots-2026-1/install/gazebo_envs/share/gazebo_envs/models/aws_robomaker_residential_Handle_01/model.sdf
[1.934s] -- Up-to-date: /home/quarcks/Mobile-Robots-2026-1/install/gazebo_envs/share/gazebo_envs/models/aws_robomaker_residential_Handle_01/materials
[1.935s] -- Up-to-date: /home/quarcks/Mobile-Robots-2026-1/install/gazebo_envs/share/gazebo_envs/models/aws_robomaker_residential_Handle_01/materials/textures
[1.935s] -- Up-to-date: /home/quarcks/Mobile-Robots-2026-1/install/gazebo_envs/share/gazebo_envs/models/aws_robomaker_residential_Handle_01/materials/textures/aws_Handle_01.png
[1.935s] -- Up-to-date: /home/quarcks/Mobile-Robots-2026-1/install/gazebo_envs/share/gazebo_envs/worlds
[1.935s] -- Up-to-date: /home/quarcks/Mobile-Robots-2026-1/install/gazebo_envs/share/gazebo_envs/worlds/house.world
[1.936s] -- Up-to-date: /home/quarcks/Mobile-Robots-2026-1/install/gazebo_envs/share/gazebo_envs/worlds/simple_house.world
[1.936s] -- Up-to-date: /home/quarcks/Mobile-Robots-2026-1/install/gazebo_envs/share/gazebo_envs/config
[1.936s] -- Up-to-date: /home/quarcks/Mobile-Robots-2026-1/install/gazebo_envs/share/gazebo_envs/config/gz_bridge.yaml
[1.936s] -- Up-to-date: /home/quarcks/Mobile-Robots-2026-1/install/gazebo_envs/share/ament_index/resource_index/package_run_dependencies/gazebo_envs
[1.937s] -- Up-to-date: /home/quarcks/Mobile-Robots-2026-1/install/gazebo_envs/share/ament_index/resource_index/parent_prefix_path/gazebo_envs
[1.937s] -- Up-to-date: /home/quarcks/Mobile-Robots-2026-1/install/gazebo_envs/share/gazebo_envs/environment/ament_prefix_path.sh
[1.937s] -- Up-to-date: /home/quarcks/Mobile-Robots-2026-1/install/gazebo_envs/share/gazebo_envs/environment/ament_prefix_path.dsv
[1.937s] -- Up-to-date: /home/quarcks/Mobile-Robots-2026-1/install/gazebo_envs/share/gazebo_envs/environment/path.sh
[1.938s] -- Up-to-date: /home/quarcks/Mobile-Robots-2026-1/install/gazebo_envs/share/gazebo_envs/environment/path.dsv
[1.939s] -- Up-to-date: /home/quarcks/Mobile-Robots-2026-1/install/gazebo_envs/share/gazebo_envs/local_setup.bash
[1.939s] -- Up-to-date: /home/quarcks/Mobile-Robots-2026-1/install/gazebo_envs/share/gazebo_envs/local_setup.sh
[1.940s] -- Up-to-date: /home/quarcks/Mobile-Robots-2026-1/install/gazebo_envs/share/gazebo_envs/local_setup.zsh
[1.940s] -- Up-to-date: /home/quarcks/Mobile-Robots-2026-1/install/gazebo_envs/share/gazebo_envs/local_setup.dsv
[1.940s] -- Up-to-date: /home/quarcks/Mobile-Robots-2026-1/install/gazebo_envs/share/gazebo_envs/package.dsv
[1.940s] -- Up-to-date: /home/quarcks/Mobile-Robots-2026-1/install/gazebo_envs/share/ament_index/resource_index/packages/gazebo_envs
[1.940s] -- Up-to-date: /home/quarcks/Mobile-Robots-2026-1/install/gazebo_envs/share/gazebo_envs/cmake/gazebo_envsConfig.cmake
[1.941s] -- Up-to-date: /home/quarcks/Mobile-Robots-2026-1/install/gazebo_envs/share/gazebo_envs/cmake/gazebo_envsConfig-version.cmake
[1.941s] -- Up-to-date: /home/quarcks/Mobile-Robots-2026-1/install/gazebo_envs/share/gazebo_envs/package.xml
[2.011s] Invoked command in '/home/quarcks/Mobile-Robots-2026-1/build/gazebo_envs' returned '0': CMAKE_PREFIX_PATH=${CMAKE_PREFIX_PATH}:/home/quarcks/Mobile-Robots-2026-1/install/uf_ros_lib:/home/quarcks/Mobile-Robots-2026-1/install/simple_move:/home/quarcks/Mobile-Robots-2026-1/install/path_planner:/home/quarcks/Mobile-Robots-2026-1/install/map_augmenter:/home/quarcks/Mobile-Robots-2026-1/ros2_ws/install/uf_ros_lib:/home/quarcks/Mobile-Robots-2026-1/ros2_ws/install/simple_move:/opt/ros/jazzy DEBUGINFOD_URLS=https://debuginfod.ubuntu.com /usr/bin/cmake --install /home/quarcks/Mobile-Robots-2026-1/build/gazebo_envs
