[0.193s] DEBUG:colcon:Command line arguments: ['/usr/bin/colcon', 'build']
[0.193s] DEBUG:colcon:Parsed command line arguments: Namespace(log_base=None, log_level=None, verb_name='build', build_base='build', install_base='install', merge_install=False, symlink_install=False, test_result_base=None, continue_on_error=False, executor='parallel', parallel_workers=8, event_handlers=None, ignore_user_meta=False, metas=['./colcon.meta'], base_paths=['.'], packages_ignore=None, packages_ignore_regex=None, paths=None, packages_up_to=None, packages_up_to_regex=None, packages_above=None, packages_above_and_dependencies=None, packages_above_depth=None, packages_select_by_dep=None, packages_skip_by_dep=None, packages_skip_up_to=None, packages_select_build_failed=False, packages_skip_build_finished=False, packages_select_test_failures=False, packages_skip_test_passed=False, packages_select=None, packages_skip=None, packages_select_regex=None, packages_skip_regex=None, packages_start=None, packages_end=None, allow_overriding=[], cmake_args=None, cmake_target=None, cmake_target_skip_unavailable=False, cmake_clean_cache=False, cmake_clean_first=False, cmake_force_configure=False, ament_cmake_args=None, catkin_cmake_args=None, catkin_skip_building_tests=False, verb_parser=<colcon_defaults.argument_parser.defaults.DefaultArgumentsDecorator object at 0x7b0b1d753cb0>, verb_extension=<colcon_core.verb.build.BuildVerb object at 0x7b0b1d8b81a0>, main=<bound method BuildVerb.main of <colcon_core.verb.build.BuildVerb object at 0x7b0b1d8b81a0>>)
[0.264s] Level 1:colcon.colcon_core.package_discovery:discover_packages(colcon_meta) check parameters
[0.264s] Level 1:colcon.colcon_core.package_discovery:discover_packages(recursive) check parameters
[0.264s] Level 1:colcon.colcon_core.package_discovery:discover_packages(ignore) check parameters
[0.264s] Level 1:colcon.colcon_core.package_discovery:discover_packages(path) check parameters
[0.264s] Level 1:colcon.colcon_core.package_discovery:discover_packages(colcon_meta) discover
[0.265s] Level 1:colcon.colcon_core.package_discovery:discover_packages(recursive) discover
[0.265s] INFO:colcon.colcon_core.package_discovery:Crawling recursively for packages in '/home/catcyber02/Mobile-Robots-2026-1'
[0.265s] Level 1:colcon.colcon_core.package_identification:_identify(.) by extensions ['ignore', 'ignore_ament_install']
[0.265s] Level 1:colcon.colcon_core.package_identification:_identify(.) by extension 'ignore'
[0.265s] Level 1:colcon.colcon_core.package_identification:_identify(.) by extension 'ignore_ament_install'
[0.265s] Level 1:colcon.colcon_core.package_identification:_identify(.) by extensions ['colcon_pkg']
[0.265s] Level 1:colcon.colcon_core.package_identification:_identify(.) by extension 'colcon_pkg'
[0.265s] Level 1:colcon.colcon_core.package_identification:_identify(.) by extensions ['colcon_meta']
[0.265s] Level 1:colcon.colcon_core.package_identification:_identify(.) by extension 'colcon_meta'
[0.265s] Level 1:colcon.colcon_core.package_identification:_identify(.) by extensions ['ros']
[0.265s] Level 1:colcon.colcon_core.package_identification:_identify(.) by extension 'ros'
[0.313s] Level 1:colcon.colcon_core.package_identification:_identify(.) by extensions ['cmake', 'python']
[0.313s] Level 1:colcon.colcon_core.package_identification:_identify(.) by extension 'cmake'
[0.313s] Level 1:colcon.colcon_core.package_identification:_identify(.) by extension 'python'
[0.314s] Level 1:colcon.colcon_core.package_identification:_identify(.) by extensions ['python_setup_py']
[0.314s] Level 1:colcon.colcon_core.package_identification:_identify(.) by extension 'python_setup_py'
[0.314s] Level 1:colcon.colcon_core.package_identification:_identify(Media) by extensions ['ignore', 'ignore_ament_install']
[0.314s] Level 1:colcon.colcon_core.package_identification:_identify(Media) by extension 'ignore'
[0.314s] Level 1:colcon.colcon_core.package_identification:_identify(Media) by extension 'ignore_ament_install'
[0.314s] Level 1:colcon.colcon_core.package_identification:_identify(Media) by extensions ['colcon_pkg']
[0.314s] Level 1:colcon.colcon_core.package_identification:_identify(Media) by extension 'colcon_pkg'
[0.314s] Level 1:colcon.colcon_core.package_identification:_identify(Media) by extensions ['colcon_meta']
[0.314s] Level 1:colcon.colcon_core.package_identification:_identify(Media) by extension 'colcon_meta'
[0.315s] Level 1:colcon.colcon_core.package_identification:_identify(Media) by extensions ['ros']
[0.315s] Level 1:colcon.colcon_core.package_identification:_identify(Media) by extension 'ros'
[0.315s] Level 1:colcon.colcon_core.package_identification:_identify(Media) by extensions ['cmake', 'python']
[0.315s] Level 1:colcon.colcon_core.package_identification:_identify(Media) by extension 'cmake'
[0.315s] Level 1:colcon.colcon_core.package_identification:_identify(Media) by extension 'python'
[0.315s] Level 1:colcon.colcon_core.package_identification:_identify(Media) by extensions ['python_setup_py']
[0.315s] Level 1:colcon.colcon_core.package_identification:_identify(Media) by extension 'python_setup_py'
[0.315s] Level 1:colcon.colcon_core.package_identification:_identify(build) by extensions ['ignore', 'ignore_ament_install']
[0.315s] Level 1:colcon.colcon_core.package_identification:_identify(build) by extension 'ignore'
[0.315s] Level 1:colcon.colcon_core.package_identification:_identify(build) ignored
[0.316s] Level 1:colcon.colcon_core.package_identification:_identify(install) by extensions ['ignore', 'ignore_ament_install']
[0.316s] Level 1:colcon.colcon_core.package_identification:_identify(install) by extension 'ignore'
[0.316s] Level 1:colcon.colcon_core.package_identification:_identify(install) ignored
[0.316s] Level 1:colcon.colcon_core.package_identification:_identify(log) by extensions ['ignore', 'ignore_ament_install']
[0.316s] Level 1:colcon.colcon_core.package_identification:_identify(log) by extension 'ignore'
[0.316s] Level 1:colcon.colcon_core.package_identification:_identify(log) ignored
[0.316s] Level 1:colcon.colcon_core.package_identification:_identify(ros2_ws) by extensions ['ignore', 'ignore_ament_install']
[0.316s] Level 1:colcon.colcon_core.package_identification:_identify(ros2_ws) by extension 'ignore'
[0.316s] Level 1:colcon.colcon_core.package_identification:_identify(ros2_ws) by extension 'ignore_ament_install'
[0.317s] Level 1:colcon.colcon_core.package_identification:_identify(ros2_ws) by extensions ['colcon_pkg']
[0.317s] Level 1:colcon.colcon_core.package_identification:_identify(ros2_ws) by extension 'colcon_pkg'
[0.317s] Level 1:colcon.colcon_core.package_identification:_identify(ros2_ws) by extensions ['colcon_meta']
[0.317s] Level 1:colcon.colcon_core.package_identification:_identify(ros2_ws) by extension 'colcon_meta'
[0.317s] Level 1:colcon.colcon_core.package_identification:_identify(ros2_ws) by extensions ['ros']
[0.317s] Level 1:colcon.colcon_core.package_identification:_identify(ros2_ws) by extension 'ros'
[0.317s] Level 1:colcon.colcon_core.package_identification:_identify(ros2_ws) by extensions ['cmake', 'python']
[0.317s] Level 1:colcon.colcon_core.package_identification:_identify(ros2_ws) by extension 'cmake'
[0.317s] Level 1:colcon.colcon_core.package_identification:_identify(ros2_ws) by extension 'python'
[0.317s] Level 1:colcon.colcon_core.package_identification:_identify(ros2_ws) by extensions ['python_setup_py']
[0.317s] Level 1:colcon.colcon_core.package_identification:_identify(ros2_ws) by extension 'python_setup_py'
[0.317s] Level 1:colcon.colcon_core.package_identification:_identify(ros2_ws/build) by extensions ['ignore', 'ignore_ament_install']
[0.317s] Level 1:colcon.colcon_core.package_identification:_identify(ros2_ws/build) by extension 'ignore'
[0.318s] Level 1:colcon.colcon_core.package_identification:_identify(ros2_ws/build) ignored
[0.318s] Level 1:colcon.colcon_core.package_identification:_identify(ros2_ws/install) by extensions ['ignore', 'ignore_ament_install']
[0.318s] Level 1:colcon.colcon_core.package_identification:_identify(ros2_ws/install) by extension 'ignore'
[0.318s] Level 1:colcon.colcon_core.package_identification:_identify(ros2_ws/install) ignored
[0.318s] Level 1:colcon.colcon_core.package_identification:_identify(ros2_ws/log) by extensions ['ignore', 'ignore_ament_install']
[0.318s] Level 1:colcon.colcon_core.package_identification:_identify(ros2_ws/log) by extension 'ignore'
[0.318s] Level 1:colcon.colcon_core.package_identification:_identify(ros2_ws/log) ignored
[0.318s] Level 1:colcon.colcon_core.package_identification:_identify(ros2_ws/src) by extensions ['ignore', 'ignore_ament_install']
[0.318s] Level 1:colcon.colcon_core.package_identification:_identify(ros2_ws/src) by extension 'ignore'
[0.319s] Level 1:colcon.colcon_core.package_identification:_identify(ros2_ws/src) by extension 'ignore_ament_install'
[0.319s] Level 1:colcon.colcon_core.package_identification:_identify(ros2_ws/src) by extensions ['colcon_pkg']
[0.319s] Level 1:colcon.colcon_core.package_identification:_identify(ros2_ws/src) by extension 'colcon_pkg'
[0.319s] Level 1:colcon.colcon_core.package_identification:_identify(ros2_ws/src) by extensions ['colcon_meta']
[0.319s] Level 1:colcon.colcon_core.package_identification:_identify(ros2_ws/src) by extension 'colcon_meta'
[0.319s] Level 1:colcon.colcon_core.package_identification:_identify(ros2_ws/src) by extensions ['ros']
[0.319s] Level 1:colcon.colcon_core.package_identification:_identify(ros2_ws/src) by extension 'ros'
[0.319s] Level 1:colcon.colcon_core.package_identification:_identify(ros2_ws/src) by extensions ['cmake', 'python']
[0.319s] Level 1:colcon.colcon_core.package_identification:_identify(ros2_ws/src) by extension 'cmake'
[0.319s] Level 1:colcon.colcon_core.package_identification:_identify(ros2_ws/src) by extension 'python'
[0.319s] Level 1:colcon.colcon_core.package_identification:_identify(ros2_ws/src) by extensions ['python_setup_py']
[0.319s] Level 1:colcon.colcon_core.package_identification:_identify(ros2_ws/src) by extension 'python_setup_py'
[0.319s] Level 1:colcon.colcon_core.package_identification:_identify(ros2_ws/src/config_files) by extensions ['ignore', 'ignore_ament_install']
[0.320s] Level 1:colcon.colcon_core.package_identification:_identify(ros2_ws/src/config_files) by extension 'ignore'
[0.320s] Level 1:colcon.colcon_core.package_identification:_identify(ros2_ws/src/config_files) by extension 'ignore_ament_install'
[0.320s] Level 1:colcon.colcon_core.package_identification:_identify(ros2_ws/src/config_files) by extensions ['colcon_pkg']
[0.320s] Level 1:colcon.colcon_core.package_identification:_identify(ros2_ws/src/config_files) by extension 'colcon_pkg'
[0.320s] Level 1:colcon.colcon_core.package_identification:_identify(ros2_ws/src/config_files) by extensions ['colcon_meta']
[0.320s] Level 1:colcon.colcon_core.package_identification:_identify(ros2_ws/src/config_files) by extension 'colcon_meta'
[0.320s] Level 1:colcon.colcon_core.package_identification:_identify(ros2_ws/src/config_files) by extensions ['ros']
[0.320s] Level 1:colcon.colcon_core.package_identification:_identify(ros2_ws/src/config_files) by extension 'ros'
[0.324s] DEBUG:colcon.colcon_core.package_identification:Package 'ros2_ws/src/config_files' with type 'ros.ament_cmake' and name 'config_files'
[0.325s] Level 1:colcon.colcon_core.package_identification:_identify(ros2_ws/src/hardware) by extensions ['ignore', 'ignore_ament_install']
[0.325s] Level 1:colcon.colcon_core.package_identification:_identify(ros2_ws/src/hardware) by extension 'ignore'
[0.325s] Level 1:colcon.colcon_core.package_identification:_identify(ros2_ws/src/hardware) by extension 'ignore_ament_install'
[0.325s] Level 1:colcon.colcon_core.package_identification:_identify(ros2_ws/src/hardware) by extensions ['colcon_pkg']
[0.325s] Level 1:colcon.colcon_core.package_identification:_identify(ros2_ws/src/hardware) by extension 'colcon_pkg'
[0.325s] Level 1:colcon.colcon_core.package_identification:_identify(ros2_ws/src/hardware) by extensions ['colcon_meta']
[0.325s] Level 1:colcon.colcon_core.package_identification:_identify(ros2_ws/src/hardware) by extension 'colcon_meta'
[0.325s] Level 1:colcon.colcon_core.package_identification:_identify(ros2_ws/src/hardware) by extensions ['ros']
[0.325s] Level 1:colcon.colcon_core.package_identification:_identify(ros2_ws/src/hardware) by extension 'ros'
[0.326s] Level 1:colcon.colcon_core.package_identification:_identify(ros2_ws/src/hardware) by extensions ['cmake', 'python']
[0.326s] Level 1:colcon.colcon_core.package_identification:_identify(ros2_ws/src/hardware) by extension 'cmake'
[0.326s] Level 1:colcon.colcon_core.package_identification:_identify(ros2_ws/src/hardware) by extension 'python'
[0.326s] Level 1:colcon.colcon_core.package_identification:_identify(ros2_ws/src/hardware) by extensions ['python_setup_py']
[0.326s] Level 1:colcon.colcon_core.package_identification:_identify(ros2_ws/src/hardware) by extension 'python_setup_py'
[0.326s] Level 1:colcon.colcon_core.package_identification:_identify(ros2_ws/src/hardware/gazebo_envs) by extensions ['ignore', 'ignore_ament_install']
[0.326s] Level 1:colcon.colcon_core.package_identification:_identify(ros2_ws/src/hardware/gazebo_envs) by extension 'ignore'
[0.326s] Level 1:colcon.colcon_core.package_identification:_identify(ros2_ws/src/hardware/gazebo_envs) by extension 'ignore_ament_install'
[0.326s] Level 1:colcon.colcon_core.package_identification:_identify(ros2_ws/src/hardware/gazebo_envs) by extensions ['colcon_pkg']
[0.326s] Level 1:colcon.colcon_core.package_identification:_identify(ros2_ws/src/hardware/gazebo_envs) by extension 'colcon_pkg'
[0.326s] Level 1:colcon.colcon_core.package_identification:_identify(ros2_ws/src/hardware/gazebo_envs) by extensions ['colcon_meta']
[0.326s] Level 1:colcon.colcon_core.package_identification:_identify(ros2_ws/src/hardware/gazebo_envs) by extension 'colcon_meta'
[0.327s] Level 1:colcon.colcon_core.package_identification:_identify(ros2_ws/src/hardware/gazebo_envs) by extensions ['ros']
[0.327s] Level 1:colcon.colcon_core.package_identification:_identify(ros2_ws/src/hardware/gazebo_envs) by extension 'ros'
[0.327s] DEBUG:colcon.colcon_core.package_identification:Package 'ros2_ws/src/hardware/gazebo_envs' with type 'ros.ament_cmake' and name 'gazebo_envs'
[0.328s] Level 1:colcon.colcon_core.package_identification:_identify(ros2_ws/src/hardware/justina_description) by extensions ['ignore', 'ignore_ament_install']
[0.328s] Level 1:colcon.colcon_core.package_identification:_identify(ros2_ws/src/hardware/justina_description) by extension 'ignore'
[0.328s] Level 1:colcon.colcon_core.package_identification:_identify(ros2_ws/src/hardware/justina_description) by extension 'ignore_ament_install'
[0.328s] Level 1:colcon.colcon_core.package_identification:_identify(ros2_ws/src/hardware/justina_description) by extensions ['colcon_pkg']
[0.328s] Level 1:colcon.colcon_core.package_identification:_identify(ros2_ws/src/hardware/justina_description) by extension 'colcon_pkg'
[0.328s] Level 1:colcon.colcon_core.package_identification:_identify(ros2_ws/src/hardware/justina_description) by extensions ['colcon_meta']
[0.328s] Level 1:colcon.colcon_core.package_identification:_identify(ros2_ws/src/hardware/justina_description) by extension 'colcon_meta'
[0.328s] Level 1:colcon.colcon_core.package_identification:_identify(ros2_ws/src/hardware/justina_description) by extensions ['ros']
[0.328s] Level 1:colcon.colcon_core.package_identification:_identify(ros2_ws/src/hardware/justina_description) by extension 'ros'
[0.329s] DEBUG:colcon.colcon_core.package_identification:Package 'ros2_ws/src/hardware/justina_description' with type 'ros.ament_cmake' and name 'justina_description'
[0.329s] Level 1:colcon.colcon_core.package_identification:_identify(ros2_ws/src/hardware/xarm_ros2) by extensions ['ignore', 'ignore_ament_install']
[0.329s] Level 1:colcon.colcon_core.package_identification:_identify(ros2_ws/src/hardware/xarm_ros2) by extension 'ignore'
[0.329s] Level 1:colcon.colcon_core.package_identification:_identify(ros2_ws/src/hardware/xarm_ros2) by extension 'ignore_ament_install'
[0.329s] Level 1:colcon.colcon_core.package_identification:_identify(ros2_ws/src/hardware/xarm_ros2) by extensions ['colcon_pkg']
[0.329s] Level 1:colcon.colcon_core.package_identification:_identify(ros2_ws/src/hardware/xarm_ros2) by extension 'colcon_pkg'
[0.329s] Level 1:colcon.colcon_core.package_identification:_identify(ros2_ws/src/hardware/xarm_ros2) by extensions ['colcon_meta']
[0.329s] Level 1:colcon.colcon_core.package_identification:_identify(ros2_ws/src/hardware/xarm_ros2) by extension 'colcon_meta'
[0.330s] Level 1:colcon.colcon_core.package_identification:_identify(ros2_ws/src/hardware/xarm_ros2) by extensions ['ros']
[0.330s] Level 1:colcon.colcon_core.package_identification:_identify(ros2_ws/src/hardware/xarm_ros2) by extension 'ros'
[0.330s] Level 1:colcon.colcon_core.package_identification:_identify(ros2_ws/src/hardware/xarm_ros2) by extensions ['cmake', 'python']
[0.330s] Level 1:colcon.colcon_core.package_identification:_identify(ros2_ws/src/hardware/xarm_ros2) by extension 'cmake'
[0.330s] Level 1:colcon.colcon_core.package_identification:_identify(ros2_ws/src/hardware/xarm_ros2) by extension 'python'
[0.330s] Level 1:colcon.colcon_core.package_identification:_identify(ros2_ws/src/hardware/xarm_ros2) by extensions ['python_setup_py']
[0.330s] Level 1:colcon.colcon_core.package_identification:_identify(ros2_ws/src/hardware/xarm_ros2) by extension 'python_setup_py'
[0.330s] Level 1:colcon.colcon_core.package_identification:_identify(ros2_ws/src/hardware/xarm_ros2/uf_ros_lib) by extensions ['ignore', 'ignore_ament_install']
[0.330s] Level 1:colcon.colcon_core.package_identification:_identify(ros2_ws/src/hardware/xarm_ros2/uf_ros_lib) by extension 'ignore'
[0.330s] Level 1:colcon.colcon_core.package_identification:_identify(ros2_ws/src/hardware/xarm_ros2/uf_ros_lib) by extension 'ignore_ament_install'
[0.331s] Level 1:colcon.colcon_core.package_identification:_identify(ros2_ws/src/hardware/xarm_ros2/uf_ros_lib) by extensions ['colcon_pkg']
[0.331s] Level 1:colcon.colcon_core.package_identification:_identify(ros2_ws/src/hardware/xarm_ros2/uf_ros_lib) by extension 'colcon_pkg'
[0.331s] Level 1:colcon.colcon_core.package_identification:_identify(ros2_ws/src/hardware/xarm_ros2/uf_ros_lib) by extensions ['colcon_meta']
[0.331s] Level 1:colcon.colcon_core.package_identification:_identify(ros2_ws/src/hardware/xarm_ros2/uf_ros_lib) by extension 'colcon_meta'
[0.331s] Level 1:colcon.colcon_core.package_identification:_identify(ros2_ws/src/hardware/xarm_ros2/uf_ros_lib) by extensions ['ros']
[0.331s] Level 1:colcon.colcon_core.package_identification:_identify(ros2_ws/src/hardware/xarm_ros2/uf_ros_lib) by extension 'ros'
[0.332s] DEBUG:colcon.colcon_core.package_identification:Package 'ros2_ws/src/hardware/xarm_ros2/uf_ros_lib' with type 'ros.ament_python' and name 'uf_ros_lib'
[0.332s] Level 1:colcon.colcon_core.package_identification:_identify(ros2_ws/src/hardware/xarm_ros2/xarm_api) by extensions ['ignore', 'ignore_ament_install']
[0.332s] Level 1:colcon.colcon_core.package_identification:_identify(ros2_ws/src/hardware/xarm_ros2/xarm_api) by extension 'ignore'
[0.332s] Level 1:colcon.colcon_core.package_identification:_identify(ros2_ws/src/hardware/xarm_ros2/xarm_api) by extension 'ignore_ament_install'
[0.332s] Level 1:colcon.colcon_core.package_identification:_identify(ros2_ws/src/hardware/xarm_ros2/xarm_api) by extensions ['colcon_pkg']
[0.332s] Level 1:colcon.colcon_core.package_identification:_identify(ros2_ws/src/hardware/xarm_ros2/xarm_api) by extension 'colcon_pkg'
[0.332s] Level 1:colcon.colcon_core.package_identification:_identify(ros2_ws/src/hardware/xarm_ros2/xarm_api) by extensions ['colcon_meta']
[0.332s] Level 1:colcon.colcon_core.package_identification:_identify(ros2_ws/src/hardware/xarm_ros2/xarm_api) by extension 'colcon_meta'
[0.332s] Level 1:colcon.colcon_core.package_identification:_identify(ros2_ws/src/hardware/xarm_ros2/xarm_api) by extensions ['ros']
[0.332s] Level 1:colcon.colcon_core.package_identification:_identify(ros2_ws/src/hardware/xarm_ros2/xarm_api) by extension 'ros'
[0.334s] DEBUG:colcon.colcon_core.package_identification:Package 'ros2_ws/src/hardware/xarm_ros2/xarm_api' with type 'ros.ament_cmake' and name 'xarm_api'
[0.334s] Level 1:colcon.colcon_core.package_identification:_identify(ros2_ws/src/hardware/xarm_ros2/xarm_controller) by extensions ['ignore', 'ignore_ament_install']
[0.335s] Level 1:colcon.colcon_core.package_identification:_identify(ros2_ws/src/hardware/xarm_ros2/xarm_controller) by extension 'ignore'
[0.335s] Level 1:colcon.colcon_core.package_identification:_identify(ros2_ws/src/hardware/xarm_ros2/xarm_controller) by extension 'ignore_ament_install'
[0.335s] Level 1:colcon.colcon_core.package_identification:_identify(ros2_ws/src/hardware/xarm_ros2/xarm_controller) by extensions ['colcon_pkg']
[0.335s] Level 1:colcon.colcon_core.package_identification:_identify(ros2_ws/src/hardware/xarm_ros2/xarm_controller) by extension 'colcon_pkg'
[0.335s] Level 1:colcon.colcon_core.package_identification:_identify(ros2_ws/src/hardware/xarm_ros2/xarm_controller) by extensions ['colcon_meta']
[0.335s] Level 1:colcon.colcon_core.package_identification:_identify(ros2_ws/src/hardware/xarm_ros2/xarm_controller) by extension 'colcon_meta'
[0.335s] Level 1:colcon.colcon_core.package_identification:_identify(ros2_ws/src/hardware/xarm_ros2/xarm_controller) by extensions ['ros']
[0.335s] Level 1:colcon.colcon_core.package_identification:_identify(ros2_ws/src/hardware/xarm_ros2/xarm_controller) by extension 'ros'
[0.337s] DEBUG:colcon.colcon_core.package_identification:Package 'ros2_ws/src/hardware/xarm_ros2/xarm_controller' with type 'ros.ament_cmake' and name 'xarm_controller'
[0.337s] Level 1:colcon.colcon_core.package_identification:_identify(ros2_ws/src/hardware/xarm_ros2/xarm_description) by extensions ['ignore', 'ignore_ament_install']
[0.337s] Level 1:colcon.colcon_core.package_identification:_identify(ros2_ws/src/hardware/xarm_ros2/xarm_description) by extension 'ignore'
[0.337s] Level 1:colcon.colcon_core.package_identification:_identify(ros2_ws/src/hardware/xarm_ros2/xarm_description) by extension 'ignore_ament_install'
[0.338s] Level 1:colcon.colcon_core.package_identification:_identify(ros2_ws/src/hardware/xarm_ros2/xarm_description) by extensions ['colcon_pkg']
[0.338s] Level 1:colcon.colcon_core.package_identification:_identify(ros2_ws/src/hardware/xarm_ros2/xarm_description) by extension 'colcon_pkg'
[0.338s] Level 1:colcon.colcon_core.package_identification:_identify(ros2_ws/src/hardware/xarm_ros2/xarm_description) by extensions ['colcon_meta']
[0.338s] Level 1:colcon.colcon_core.package_identification:_identify(ros2_ws/src/hardware/xarm_ros2/xarm_description) by extension 'colcon_meta'
[0.338s] Level 1:colcon.colcon_core.package_identification:_identify(ros2_ws/src/hardware/xarm_ros2/xarm_description) by extensions ['ros']
[0.338s] Level 1:colcon.colcon_core.package_identification:_identify(ros2_ws/src/hardware/xarm_ros2/xarm_description) by extension 'ros'
[0.339s] DEBUG:colcon.colcon_core.package_identification:Package 'ros2_ws/src/hardware/xarm_ros2/xarm_description' with type 'ros.ament_cmake' and name 'xarm_description'
[0.339s] Level 1:colcon.colcon_core.package_identification:_identify(ros2_ws/src/hardware/xarm_ros2/xarm_msgs) by extensions ['ignore', 'ignore_ament_install']
[0.339s] Level 1:colcon.colcon_core.package_identification:_identify(ros2_ws/src/hardware/xarm_ros2/xarm_msgs) by extension 'ignore'
[0.339s] Level 1:colcon.colcon_core.package_identification:_identify(ros2_ws/src/hardware/xarm_ros2/xarm_msgs) by extension 'ignore_ament_install'
[0.339s] Level 1:colcon.colcon_core.package_identification:_identify(ros2_ws/src/hardware/xarm_ros2/xarm_msgs) by extensions ['colcon_pkg']
[0.339s] Level 1:colcon.colcon_core.package_identification:_identify(ros2_ws/src/hardware/xarm_ros2/xarm_msgs) by extension 'colcon_pkg'
[0.339s] Level 1:colcon.colcon_core.package_identification:_identify(ros2_ws/src/hardware/xarm_ros2/xarm_msgs) by extensions ['colcon_meta']
[0.339s] Level 1:colcon.colcon_core.package_identification:_identify(ros2_ws/src/hardware/xarm_ros2/xarm_msgs) by extension 'colcon_meta'
[0.339s] Level 1:colcon.colcon_core.package_identification:_identify(ros2_ws/src/hardware/xarm_ros2/xarm_msgs) by extensions ['ros']
[0.339s] Level 1:colcon.colcon_core.package_identification:_identify(ros2_ws/src/hardware/xarm_ros2/xarm_msgs) by extension 'ros'
[0.340s] DEBUG:colcon.colcon_core.package_identification:Package 'ros2_ws/src/hardware/xarm_ros2/xarm_msgs' with type 'ros.ament_cmake' and name 'xarm_msgs'
[0.341s] Level 1:colcon.colcon_core.package_identification:_identify(ros2_ws/src/hardware/xarm_ros2/xarm_sdk) by extensions ['ignore', 'ignore_ament_install']
[0.341s] Level 1:colcon.colcon_core.package_identification:_identify(ros2_ws/src/hardware/xarm_ros2/xarm_sdk) by extension 'ignore'
[0.341s] Level 1:colcon.colcon_core.package_identification:_identify(ros2_ws/src/hardware/xarm_ros2/xarm_sdk) by extension 'ignore_ament_install'
[0.341s] Level 1:colcon.colcon_core.package_identification:_identify(ros2_ws/src/hardware/xarm_ros2/xarm_sdk) by extensions ['colcon_pkg']
[0.341s] Level 1:colcon.colcon_core.package_identification:_identify(ros2_ws/src/hardware/xarm_ros2/xarm_sdk) by extension 'colcon_pkg'
[0.341s] Level 1:colcon.colcon_core.package_identification:_identify(ros2_ws/src/hardware/xarm_ros2/xarm_sdk) by extensions ['colcon_meta']
[0.341s] Level 1:colcon.colcon_core.package_identification:_identify(ros2_ws/src/hardware/xarm_ros2/xarm_sdk) by extension 'colcon_meta'
[0.341s] Level 1:colcon.colcon_core.package_identification:_identify(ros2_ws/src/hardware/xarm_ros2/xarm_sdk) by extensions ['ros']
[0.341s] Level 1:colcon.colcon_core.package_identification:_identify(ros2_ws/src/hardware/xarm_ros2/xarm_sdk) by extension 'ros'
[0.342s] DEBUG:colcon.colcon_core.package_identification:Package 'ros2_ws/src/hardware/xarm_ros2/xarm_sdk' with type 'ros.ament_cmake' and name 'xarm_sdk'
[0.342s] Level 1:colcon.colcon_core.package_identification:_identify(ros2_ws/src/hri) by extensions ['ignore', 'ignore_ament_install']
[0.342s] Level 1:colcon.colcon_core.package_identification:_identify(ros2_ws/src/hri) by extension 'ignore'
[0.342s] Level 1:colcon.colcon_core.package_identification:_identify(ros2_ws/src/hri) by extension 'ignore_ament_install'
[0.342s] Level 1:colcon.colcon_core.package_identification:_identify(ros2_ws/src/hri) by extensions ['colcon_pkg']
[0.343s] Level 1:colcon.colcon_core.package_identification:_identify(ros2_ws/src/hri) by extension 'colcon_pkg'
[0.343s] Level 1:colcon.colcon_core.package_identification:_identify(ros2_ws/src/hri) by extensions ['colcon_meta']
[0.343s] Level 1:colcon.colcon_core.package_identification:_identify(ros2_ws/src/hri) by extension 'colcon_meta'
[0.343s] Level 1:colcon.colcon_core.package_identification:_identify(ros2_ws/src/hri) by extensions ['ros']
[0.343s] Level 1:colcon.colcon_core.package_identification:_identify(ros2_ws/src/hri) by extension 'ros'
[0.343s] Level 1:colcon.colcon_core.package_identification:_identify(ros2_ws/src/hri) by extensions ['cmake', 'python']
[0.343s] Level 1:colcon.colcon_core.package_identification:_identify(ros2_ws/src/hri) by extension 'cmake'
[0.343s] Level 1:colcon.colcon_core.package_identification:_identify(ros2_ws/src/hri) by extension 'python'
[0.343s] Level 1:colcon.colcon_core.package_identification:_identify(ros2_ws/src/hri) by extensions ['python_setup_py']
[0.343s] Level 1:colcon.colcon_core.package_identification:_identify(ros2_ws/src/hri) by extension 'python_setup_py'
[0.343s] Level 1:colcon.colcon_core.package_identification:_identify(ros2_ws/src/hri/justina_gui) by extensions ['ignore', 'ignore_ament_install']
[0.343s] Level 1:colcon.colcon_core.package_identification:_identify(ros2_ws/src/hri/justina_gui) by extension 'ignore'
[0.344s] Level 1:colcon.colcon_core.package_identification:_identify(ros2_ws/src/hri/justina_gui) by extension 'ignore_ament_install'
[0.344s] Level 1:colcon.colcon_core.package_identification:_identify(ros2_ws/src/hri/justina_gui) by extensions ['colcon_pkg']
[0.344s] Level 1:colcon.colcon_core.package_identification:_identify(ros2_ws/src/hri/justina_gui) by extension 'colcon_pkg'
[0.344s] Level 1:colcon.colcon_core.package_identification:_identify(ros2_ws/src/hri/justina_gui) by extensions ['colcon_meta']
[0.344s] Level 1:colcon.colcon_core.package_identification:_identify(ros2_ws/src/hri/justina_gui) by extension 'colcon_meta'
[0.344s] Level 1:colcon.colcon_core.package_identification:_identify(ros2_ws/src/hri/justina_gui) by extensions ['ros']
[0.344s] Level 1:colcon.colcon_core.package_identification:_identify(ros2_ws/src/hri/justina_gui) by extension 'ros'
[0.345s] DEBUG:colcon.colcon_core.package_identification:Package 'ros2_ws/src/hri/justina_gui' with type 'ros.ament_cmake' and name 'justina_gui'
[0.345s] Level 1:colcon.colcon_core.package_identification:_identify(ros2_ws/src/navigation) by extensions ['ignore', 'ignore_ament_install']
[0.345s] Level 1:colcon.colcon_core.package_identification:_identify(ros2_ws/src/navigation) by extension 'ignore'
[0.345s] Level 1:colcon.colcon_core.package_identification:_identify(ros2_ws/src/navigation) by extension 'ignore_ament_install'
[0.346s] Level 1:colcon.colcon_core.package_identification:_identify(ros2_ws/src/navigation) by extensions ['colcon_pkg']
[0.346s] Level 1:colcon.colcon_core.package_identification:_identify(ros2_ws/src/navigation) by extension 'colcon_pkg'
[0.346s] Level 1:colcon.colcon_core.package_identification:_identify(ros2_ws/src/navigation) by extensions ['colcon_meta']
[0.346s] Level 1:colcon.colcon_core.package_identification:_identify(ros2_ws/src/navigation) by extension 'colcon_meta'
[0.346s] Level 1:colcon.colcon_core.package_identification:_identify(ros2_ws/src/navigation) by extensions ['ros']
[0.346s] Level 1:colcon.colcon_core.package_identification:_identify(ros2_ws/src/navigation) by extension 'ros'
[0.346s] Level 1:colcon.colcon_core.package_identification:_identify(ros2_ws/src/navigation) by extensions ['cmake', 'python']
[0.346s] Level 1:colcon.colcon_core.package_identification:_identify(ros2_ws/src/navigation) by extension 'cmake'
[0.346s] Level 1:colcon.colcon_core.package_identification:_identify(ros2_ws/src/navigation) by extension 'python'
[0.346s] Level 1:colcon.colcon_core.package_identification:_identify(ros2_ws/src/navigation) by extensions ['python_setup_py']
[0.346s] Level 1:colcon.colcon_core.package_identification:_identify(ros2_ws/src/navigation) by extension 'python_setup_py'
[0.346s] Level 1:colcon.colcon_core.package_identification:_identify(ros2_ws/src/navigation/map_augmenter) by extensions ['ignore', 'ignore_ament_install']
[0.347s] Level 1:colcon.colcon_core.package_identification:_identify(ros2_ws/src/navigation/map_augmenter) by extension 'ignore'
[0.347s] Level 1:colcon.colcon_core.package_identification:_identify(ros2_ws/src/navigation/map_augmenter) by extension 'ignore_ament_install'
[0.347s] Level 1:colcon.colcon_core.package_identification:_identify(ros2_ws/src/navigation/map_augmenter) by extensions ['colcon_pkg']
[0.347s] Level 1:colcon.colcon_core.package_identification:_identify(ros2_ws/src/navigation/map_augmenter) by extension 'colcon_pkg'
[0.347s] Level 1:colcon.colcon_core.package_identification:_identify(ros2_ws/src/navigation/map_augmenter) by extensions ['colcon_meta']
[0.347s] Level 1:colcon.colcon_core.package_identification:_identify(ros2_ws/src/navigation/map_augmenter) by extension 'colcon_meta'
[0.347s] Level 1:colcon.colcon_core.package_identification:_identify(ros2_ws/src/navigation/map_augmenter) by extensions ['ros']
[0.347s] Level 1:colcon.colcon_core.package_identification:_identify(ros2_ws/src/navigation/map_augmenter) by extension 'ros'
[0.348s] DEBUG:colcon.colcon_core.package_identification:Package 'ros2_ws/src/navigation/map_augmenter' with type 'ros.ament_python' and name 'map_augmenter'
[0.348s] Level 1:colcon.colcon_core.package_identification:_identify(ros2_ws/src/navigation/path_planner) by extensions ['ignore', 'ignore_ament_install']
[0.349s] Level 1:colcon.colcon_core.package_identification:_identify(ros2_ws/src/navigation/path_planner) by extension 'ignore'
[0.349s] Level 1:colcon.colcon_core.package_identification:_identify(ros2_ws/src/navigation/path_planner) by extension 'ignore_ament_install'
[0.349s] Level 1:colcon.colcon_core.package_identification:_identify(ros2_ws/src/navigation/path_planner) by extensions ['colcon_pkg']
[0.349s] Level 1:colcon.colcon_core.package_identification:_identify(ros2_ws/src/navigation/path_planner) by extension 'colcon_pkg'
[0.349s] Level 1:colcon.colcon_core.package_identification:_identify(ros2_ws/src/navigation/path_planner) by extensions ['colcon_meta']
[0.349s] Level 1:colcon.colcon_core.package_identification:_identify(ros2_ws/src/navigation/path_planner) by extension 'colcon_meta'
[0.349s] Level 1:colcon.colcon_core.package_identification:_identify(ros2_ws/src/navigation/path_planner) by extensions ['ros']
[0.349s] Level 1:colcon.colcon_core.package_identification:_identify(ros2_ws/src/navigation/path_planner) by extension 'ros'
[0.350s] DEBUG:colcon.colcon_core.package_identification:Package 'ros2_ws/src/navigation/path_planner' with type 'ros.ament_python' and name 'path_planner'
[0.350s] Level 1:colcon.colcon_core.package_identification:_identify(ros2_ws/src/navigation/simple_move) by extensions ['ignore', 'ignore_ament_install']
[0.351s] Level 1:colcon.colcon_core.package_identification:_identify(ros2_ws/src/navigation/simple_move) by extension 'ignore'
[0.351s] Level 1:colcon.colcon_core.package_identification:_identify(ros2_ws/src/navigation/simple_move) by extension 'ignore_ament_install'
[0.351s] Level 1:colcon.colcon_core.package_identification:_identify(ros2_ws/src/navigation/simple_move) by extensions ['colcon_pkg']
[0.351s] Level 1:colcon.colcon_core.package_identification:_identify(ros2_ws/src/navigation/simple_move) by extension 'colcon_pkg'
[0.351s] Level 1:colcon.colcon_core.package_identification:_identify(ros2_ws/src/navigation/simple_move) by extensions ['colcon_meta']
[0.351s] Level 1:colcon.colcon_core.package_identification:_identify(ros2_ws/src/navigation/simple_move) by extension 'colcon_meta'
[0.351s] Level 1:colcon.colcon_core.package_identification:_identify(ros2_ws/src/navigation/simple_move) by extensions ['ros']
[0.351s] Level 1:colcon.colcon_core.package_identification:_identify(ros2_ws/src/navigation/simple_move) by extension 'ros'
[0.352s] DEBUG:colcon.colcon_core.package_identification:Package 'ros2_ws/src/navigation/simple_move' with type 'ros.ament_python' and name 'simple_move'
[0.352s] Level 1:colcon.colcon_core.package_discovery:discover_packages(recursive) using defaults
[0.352s] Level 1:colcon.colcon_core.package_discovery:discover_packages(ignore) discover
[0.352s] Level 1:colcon.colcon_core.package_discovery:discover_packages(ignore) using defaults
[0.352s] Level 1:colcon.colcon_core.package_discovery:discover_packages(path) discover
[0.352s] Level 1:colcon.colcon_core.package_discovery:discover_packages(path) using defaults
[0.390s] Level 1:colcon.colcon_core.package_discovery:discover_packages(prefix_path) check parameters
[0.390s] Level 1:colcon.colcon_core.package_discovery:discover_packages(prefix_path) discover
[0.394s] DEBUG:colcon.colcon_installed_package_information.package_discovery:Found 13 installed packages in /home/catcyber02/Mobile-Robots-2026-1/ros2_ws/install
[0.398s] DEBUG:colcon.colcon_installed_package_information.package_discovery:Found 386 installed packages in /opt/ros/jazzy
[0.402s] Level 1:colcon.colcon_core.package_discovery:discover_packages(prefix_path) using defaults
[0.501s] Level 5:colcon.colcon_core.verb:set package 'config_files' build argument 'cmake_args' from command line to 'None'
[0.502s] Level 5:colcon.colcon_core.verb:set package 'config_files' build argument 'cmake_target' from command line to 'None'
[0.502s] Level 5:colcon.colcon_core.verb:set package 'config_files' build argument 'cmake_target_skip_unavailable' from command line to 'False'
[0.502s] Level 5:colcon.colcon_core.verb:set package 'config_files' build argument 'cmake_clean_cache' from command line to 'False'
[0.502s] Level 5:colcon.colcon_core.verb:set package 'config_files' build argument 'cmake_clean_first' from command line to 'False'
[0.502s] Level 5:colcon.colcon_core.verb:set package 'config_files' build argument 'cmake_force_configure' from command line to 'False'
[0.502s] Level 5:colcon.colcon_core.verb:set package 'config_files' build argument 'ament_cmake_args' from command line to 'None'
[0.502s] Level 5:colcon.colcon_core.verb:set package 'config_files' build argument 'catkin_cmake_args' from command line to 'None'
[0.502s] Level 5:colcon.colcon_core.verb:set package 'config_files' build argument 'catkin_skip_building_tests' from command line to 'False'
[0.502s] DEBUG:colcon.colcon_core.verb:Building package 'config_files' with the following arguments: {'ament_cmake_args': None, 'build_base': '/home/catcyber02/Mobile-Robots-2026-1/build/config_files', 'catkin_cmake_args': None, 'catkin_skip_building_tests': False, 'cmake_args': None, 'cmake_clean_cache': False, 'cmake_clean_first': False, 'cmake_force_configure': False, 'cmake_target': None, 'cmake_target_skip_unavailable': False, 'install_base': '/home/catcyber02/Mobile-Robots-2026-1/install/config_files', 'merge_install': False, 'path': '/home/catcyber02/Mobile-Robots-2026-1/ros2_ws/src/config_files', 'symlink_install': False, 'test_result_base': None}
[0.503s] Level 5:colcon.colcon_core.verb:set package 'gazebo_envs' build argument 'cmake_args' from command line to 'None'
[0.503s] Level 5:colcon.colcon_core.verb:set package 'gazebo_envs' build argument 'cmake_target' from command line to 'None'
[0.503s] Level 5:colcon.colcon_core.verb:set package 'gazebo_envs' build argument 'cmake_target_skip_unavailable' from command line to 'False'
[0.503s] Level 5:colcon.colcon_core.verb:set package 'gazebo_envs' build argument 'cmake_clean_cache' from command line to 'False'
[0.503s] Level 5:colcon.colcon_core.verb:set package 'gazebo_envs' build argument 'cmake_clean_first' from command line to 'False'
[0.503s] Level 5:colcon.colcon_core.verb:set package 'gazebo_envs' build argument 'cmake_force_configure' from command line to 'False'
[0.503s] Level 5:colcon.colcon_core.verb:set package 'gazebo_envs' build argument 'ament_cmake_args' from command line to 'None'
[0.503s] Level 5:colcon.colcon_core.verb:set package 'gazebo_envs' build argument 'catkin_cmake_args' from command line to 'None'
[0.503s] Level 5:colcon.colcon_core.verb:set package 'gazebo_envs' build argument 'catkin_skip_building_tests' from command line to 'False'
[0.503s] DEBUG:colcon.colcon_core.verb:Building package 'gazebo_envs' with the following arguments: {'ament_cmake_args': None, 'build_base': '/home/catcyber02/Mobile-Robots-2026-1/build/gazebo_envs', 'catkin_cmake_args': None, 'catkin_skip_building_tests': False, 'cmake_args': None, 'cmake_clean_cache': False, 'cmake_clean_first': False, 'cmake_force_configure': False, 'cmake_target': None, 'cmake_target_skip_unavailable': False, 'install_base': '/home/catcyber02/Mobile-Robots-2026-1/install/gazebo_envs', 'merge_install': False, 'path': '/home/catcyber02/Mobile-Robots-2026-1/ros2_ws/src/hardware/gazebo_envs', 'symlink_install': False, 'test_result_base': None}
[0.503s] Level 5:colcon.colcon_core.verb:set package 'justina_description' build argument 'cmake_args' from command line to 'None'
[0.503s] Level 5:colcon.colcon_core.verb:set package 'justina_description' build argument 'cmake_target' from command line to 'None'
[0.504s] Level 5:colcon.colcon_core.verb:set package 'justina_description' build argument 'cmake_target_skip_unavailable' from command line to 'False'
[0.504s] Level 5:colcon.colcon_core.verb:set package 'justina_description' build argument 'cmake_clean_cache' from command line to 'False'
[0.504s] Level 5:colcon.colcon_core.verb:set package 'justina_description' build argument 'cmake_clean_first' from command line to 'False'
[0.504s] Level 5:colcon.colcon_core.verb:set package 'justina_description' build argument 'cmake_force_configure' from command line to 'False'
[0.504s] Level 5:colcon.colcon_core.verb:set package 'justina_description' build argument 'ament_cmake_args' from command line to 'None'
[0.504s] Level 5:colcon.colcon_core.verb:set package 'justina_description' build argument 'catkin_cmake_args' from command line to 'None'
[0.504s] Level 5:colcon.colcon_core.verb:set package 'justina_description' build argument 'catkin_skip_building_tests' from command line to 'False'
[0.504s] DEBUG:colcon.colcon_core.verb:Building package 'justina_description' with the following arguments: {'ament_cmake_args': None, 'build_base': '/home/catcyber02/Mobile-Robots-2026-1/build/justina_description', 'catkin_cmake_args': None, 'catkin_skip_building_tests': False, 'cmake_args': None, 'cmake_clean_cache': False, 'cmake_clean_first': False, 'cmake_force_configure': False, 'cmake_target': None, 'cmake_target_skip_unavailable': False, 'install_base': '/home/catcyber02/Mobile-Robots-2026-1/install/justina_description', 'merge_install': False, 'path': '/home/catcyber02/Mobile-Robots-2026-1/ros2_ws/src/hardware/justina_description', 'symlink_install': False, 'test_result_base': None}
[0.504s] Level 5:colcon.colcon_core.verb:set package 'justina_gui' build argument 'cmake_args' from command line to 'None'
[0.504s] Level 5:colcon.colcon_core.verb:set package 'justina_gui' build argument 'cmake_target' from command line to 'None'
[0.504s] Level 5:colcon.colcon_core.verb:set package 'justina_gui' build argument 'cmake_target_skip_unavailable' from command line to 'False'
[0.504s] Level 5:colcon.colcon_core.verb:set package 'justina_gui' build argument 'cmake_clean_cache' from command line to 'False'
[0.504s] Level 5:colcon.colcon_core.verb:set package 'justina_gui' build argument 'cmake_clean_first' from command line to 'False'
[0.505s] Level 5:colcon.colcon_core.verb:set package 'justina_gui' build argument 'cmake_force_configure' from command line to 'False'
[0.505s] Level 5:colcon.colcon_core.verb:set package 'justina_gui' build argument 'ament_cmake_args' from command line to 'None'
[0.505s] Level 5:colcon.colcon_core.verb:set package 'justina_gui' build argument 'catkin_cmake_args' from command line to 'None'
[0.505s] Level 5:colcon.colcon_core.verb:set package 'justina_gui' build argument 'catkin_skip_building_tests' from command line to 'False'
[0.505s] DEBUG:colcon.colcon_core.verb:Building package 'justina_gui' with the following arguments: {'ament_cmake_args': None, 'build_base': '/home/catcyber02/Mobile-Robots-2026-1/build/justina_gui', 'catkin_cmake_args': None, 'catkin_skip_building_tests': False, 'cmake_args': None, 'cmake_clean_cache': False, 'cmake_clean_first': False, 'cmake_force_configure': False, 'cmake_target': None, 'cmake_target_skip_unavailable': False, 'install_base': '/home/catcyber02/Mobile-Robots-2026-1/install/justina_gui', 'merge_install': False, 'path': '/home/catcyber02/Mobile-Robots-2026-1/ros2_ws/src/hri/justina_gui', 'symlink_install': False, 'test_result_base': None}
[0.505s] Level 5:colcon.colcon_core.verb:set package 'map_augmenter' build argument 'cmake_args' from command line to 'None'
[0.505s] Level 5:colcon.colcon_core.verb:set package 'map_augmenter' build argument 'cmake_target' from command line to 'None'
[0.505s] Level 5:colcon.colcon_core.verb:set package 'map_augmenter' build argument 'cmake_target_skip_unavailable' from command line to 'False'
[0.505s] Level 5:colcon.colcon_core.verb:set package 'map_augmenter' build argument 'cmake_clean_cache' from command line to 'False'
[0.505s] Level 5:colcon.colcon_core.verb:set package 'map_augmenter' build argument 'cmake_clean_first' from command line to 'False'
[0.505s] Level 5:colcon.colcon_core.verb:set package 'map_augmenter' build argument 'cmake_force_configure' from command line to 'False'
[0.505s] Level 5:colcon.colcon_core.verb:set package 'map_augmenter' build argument 'ament_cmake_args' from command line to 'None'
[0.505s] Level 5:colcon.colcon_core.verb:set package 'map_augmenter' build argument 'catkin_cmake_args' from command line to 'None'
[0.505s] Level 5:colcon.colcon_core.verb:set package 'map_augmenter' build argument 'catkin_skip_building_tests' from command line to 'False'
[0.506s] DEBUG:colcon.colcon_core.verb:Building package 'map_augmenter' with the following arguments: {'ament_cmake_args': None, 'build_base': '/home/catcyber02/Mobile-Robots-2026-1/build/map_augmenter', 'catkin_cmake_args': None, 'catkin_skip_building_tests': False, 'cmake_args': None, 'cmake_clean_cache': False, 'cmake_clean_first': False, 'cmake_force_configure': False, 'cmake_target': None, 'cmake_target_skip_unavailable': False, 'install_base': '/home/catcyber02/Mobile-Robots-2026-1/install/map_augmenter', 'merge_install': False, 'path': '/home/catcyber02/Mobile-Robots-2026-1/ros2_ws/src/navigation/map_augmenter', 'symlink_install': False, 'test_result_base': None}
[0.506s] Level 5:colcon.colcon_core.verb:set package 'path_planner' build argument 'cmake_args' from command line to 'None'
[0.506s] Level 5:colcon.colcon_core.verb:set package 'path_planner' build argument 'cmake_target' from command line to 'None'
[0.506s] Level 5:colcon.colcon_core.verb:set package 'path_planner' build argument 'cmake_target_skip_unavailable' from command line to 'False'
[0.506s] Level 5:colcon.colcon_core.verb:set package 'path_planner' build argument 'cmake_clean_cache' from command line to 'False'
[0.506s] Level 5:colcon.colcon_core.verb:set package 'path_planner' build argument 'cmake_clean_first' from command line to 'False'
[0.506s] Level 5:colcon.colcon_core.verb:set package 'path_planner' build argument 'cmake_force_configure' from command line to 'False'
[0.506s] Level 5:colcon.colcon_core.verb:set package 'path_planner' build argument 'ament_cmake_args' from command line to 'None'
[0.506s] Level 5:colcon.colcon_core.verb:set package 'path_planner' build argument 'catkin_cmake_args' from command line to 'None'
[0.506s] Level 5:colcon.colcon_core.verb:set package 'path_planner' build argument 'catkin_skip_building_tests' from command line to 'False'
[0.506s] DEBUG:colcon.colcon_core.verb:Building package 'path_planner' with the following arguments: {'ament_cmake_args': None, 'build_base': '/home/catcyber02/Mobile-Robots-2026-1/build/path_planner', 'catkin_cmake_args': None, 'catkin_skip_building_tests': False, 'cmake_args': None, 'cmake_clean_cache': False, 'cmake_clean_first': False, 'cmake_force_configure': False, 'cmake_target': None, 'cmake_target_skip_unavailable': False, 'install_base': '/home/catcyber02/Mobile-Robots-2026-1/install/path_planner', 'merge_install': False, 'path': '/home/catcyber02/Mobile-Robots-2026-1/ros2_ws/src/navigation/path_planner', 'symlink_install': False, 'test_result_base': None}
[0.507s] Level 5:colcon.colcon_core.verb:set package 'simple_move' build argument 'cmake_args' from command line to 'None'
[0.507s] Level 5:colcon.colcon_core.verb:set package 'simple_move' build argument 'cmake_target' from command line to 'None'
[0.507s] Level 5:colcon.colcon_core.verb:set package 'simple_move' build argument 'cmake_target_skip_unavailable' from command line to 'False'
[0.507s] Level 5:colcon.colcon_core.verb:set package 'simple_move' build argument 'cmake_clean_cache' from command line to 'False'
[0.507s] Level 5:colcon.colcon_core.verb:set package 'simple_move' build argument 'cmake_clean_first' from command line to 'False'
[0.507s] Level 5:colcon.colcon_core.verb:set package 'simple_move' build argument 'cmake_force_configure' from command line to 'False'
[0.507s] Level 5:colcon.colcon_core.verb:set package 'simple_move' build argument 'ament_cmake_args' from command line to 'None'
[0.507s] Level 5:colcon.colcon_core.verb:set package 'simple_move' build argument 'catkin_cmake_args' from command line to 'None'
[0.507s] Level 5:colcon.colcon_core.verb:set package 'simple_move' build argument 'catkin_skip_building_tests' from command line to 'False'
[0.507s] DEBUG:colcon.colcon_core.verb:Building package 'simple_move' with the following arguments: {'ament_cmake_args': None, 'build_base': '/home/catcyber02/Mobile-Robots-2026-1/build/simple_move', 'catkin_cmake_args': None, 'catkin_skip_building_tests': False, 'cmake_args': None, 'cmake_clean_cache': False, 'cmake_clean_first': False, 'cmake_force_configure': False, 'cmake_target': None, 'cmake_target_skip_unavailable': False, 'install_base': '/home/catcyber02/Mobile-Robots-2026-1/install/simple_move', 'merge_install': False, 'path': '/home/catcyber02/Mobile-Robots-2026-1/ros2_ws/src/navigation/simple_move', 'symlink_install': False, 'test_result_base': None}
[0.508s] Level 5:colcon.colcon_core.verb:set package 'uf_ros_lib' build argument 'cmake_args' from command line to 'None'
[0.508s] Level 5:colcon.colcon_core.verb:set package 'uf_ros_lib' build argument 'cmake_target' from command line to 'None'
[0.508s] Level 5:colcon.colcon_core.verb:set package 'uf_ros_lib' build argument 'cmake_target_skip_unavailable' from command line to 'False'
[0.508s] Level 5:colcon.colcon_core.verb:set package 'uf_ros_lib' build argument 'cmake_clean_cache' from command line to 'False'
[0.508s] Level 5:colcon.colcon_core.verb:set package 'uf_ros_lib' build argument 'cmake_clean_first' from command line to 'False'
[0.508s] Level 5:colcon.colcon_core.verb:set package 'uf_ros_lib' build argument 'cmake_force_configure' from command line to 'False'
[0.508s] Level 5:colcon.colcon_core.verb:set package 'uf_ros_lib' build argument 'ament_cmake_args' from command line to 'None'
[0.508s] Level 5:colcon.colcon_core.verb:set package 'uf_ros_lib' build argument 'catkin_cmake_args' from command line to 'None'
[0.508s] Level 5:colcon.colcon_core.verb:set package 'uf_ros_lib' build argument 'catkin_skip_building_tests' from command line to 'False'
[0.508s] DEBUG:colcon.colcon_core.verb:Building package 'uf_ros_lib' with the following arguments: {'ament_cmake_args': None, 'build_base': '/home/catcyber02/Mobile-Robots-2026-1/build/uf_ros_lib', 'catkin_cmake_args': None, 'catkin_skip_building_tests': False, 'cmake_args': None, 'cmake_clean_cache': False, 'cmake_clean_first': False, 'cmake_force_configure': False, 'cmake_target': None, 'cmake_target_skip_unavailable': False, 'install_base': '/home/catcyber02/Mobile-Robots-2026-1/install/uf_ros_lib', 'merge_install': False, 'path': '/home/catcyber02/Mobile-Robots-2026-1/ros2_ws/src/hardware/xarm_ros2/uf_ros_lib', 'symlink_install': False, 'test_result_base': None}
[0.508s] Level 5:colcon.colcon_core.verb:set package 'xarm_description' build argument 'cmake_args' from command line to 'None'
[0.508s] Level 5:colcon.colcon_core.verb:set package 'xarm_description' build argument 'cmake_target' from command line to 'None'
[0.508s] Level 5:colcon.colcon_core.verb:set package 'xarm_description' build argument 'cmake_target_skip_unavailable' from command line to 'False'
[0.509s] Level 5:colcon.colcon_core.verb:set package 'xarm_description' build argument 'cmake_clean_cache' from command line to 'False'
[0.509s] Level 5:colcon.colcon_core.verb:set package 'xarm_description' build argument 'cmake_clean_first' from command line to 'False'
[0.509s] Level 5:colcon.colcon_core.verb:set package 'xarm_description' build argument 'cmake_force_configure' from command line to 'False'
[0.509s] Level 5:colcon.colcon_core.verb:set package 'xarm_description' build argument 'ament_cmake_args' from command line to 'None'
[0.509s] Level 5:colcon.colcon_core.verb:set package 'xarm_description' build argument 'catkin_cmake_args' from command line to 'None'
[0.509s] Level 5:colcon.colcon_core.verb:set package 'xarm_description' build argument 'catkin_skip_building_tests' from command line to 'False'
[0.509s] DEBUG:colcon.colcon_core.verb:Building package 'xarm_description' with the following arguments: {'ament_cmake_args': None, 'build_base': '/home/catcyber02/Mobile-Robots-2026-1/build/xarm_description', 'catkin_cmake_args': None, 'catkin_skip_building_tests': False, 'cmake_args': None, 'cmake_clean_cache': False, 'cmake_clean_first': False, 'cmake_force_configure': False, 'cmake_target': None, 'cmake_target_skip_unavailable': False, 'install_base': '/home/catcyber02/Mobile-Robots-2026-1/install/xarm_description', 'merge_install': False, 'path': '/home/catcyber02/Mobile-Robots-2026-1/ros2_ws/src/hardware/xarm_ros2/xarm_description', 'symlink_install': False, 'test_result_base': None}
[0.509s] Level 5:colcon.colcon_core.verb:set package 'xarm_msgs' build argument 'cmake_args' from command line to 'None'
[0.509s] Level 5:colcon.colcon_core.verb:set package 'xarm_msgs' build argument 'cmake_target' from command line to 'None'
[0.509s] Level 5:colcon.colcon_core.verb:set package 'xarm_msgs' build argument 'cmake_target_skip_unavailable' from command line to 'False'
[0.509s] Level 5:colcon.colcon_core.verb:set package 'xarm_msgs' build argument 'cmake_clean_cache' from command line to 'False'
[0.509s] Level 5:colcon.colcon_core.verb:set package 'xarm_msgs' build argument 'cmake_clean_first' from command line to 'False'
[0.509s] Level 5:colcon.colcon_core.verb:set package 'xarm_msgs' build argument 'cmake_force_configure' from command line to 'False'
[0.509s] Level 5:colcon.colcon_core.verb:set package 'xarm_msgs' build argument 'ament_cmake_args' from command line to 'None'
[0.510s] Level 5:colcon.colcon_core.verb:set package 'xarm_msgs' build argument 'catkin_cmake_args' from command line to 'None'
[0.510s] Level 5:colcon.colcon_core.verb:set package 'xarm_msgs' build argument 'catkin_skip_building_tests' from command line to 'False'
[0.510s] DEBUG:colcon.colcon_core.verb:Building package 'xarm_msgs' with the following arguments: {'ament_cmake_args': None, 'build_base': '/home/catcyber02/Mobile-Robots-2026-1/build/xarm_msgs', 'catkin_cmake_args': None, 'catkin_skip_building_tests': False, 'cmake_args': None, 'cmake_clean_cache': False, 'cmake_clean_first': False, 'cmake_force_configure': False, 'cmake_target': None, 'cmake_target_skip_unavailable': False, 'install_base': '/home/catcyber02/Mobile-Robots-2026-1/install/xarm_msgs', 'merge_install': False, 'path': '/home/catcyber02/Mobile-Robots-2026-1/ros2_ws/src/hardware/xarm_ros2/xarm_msgs', 'symlink_install': False, 'test_result_base': None}
[0.510s] Level 5:colcon.colcon_core.verb:set package 'xarm_sdk' build argument 'cmake_args' from command line to 'None'
[0.510s] Level 5:colcon.colcon_core.verb:set package 'xarm_sdk' build argument 'cmake_target' from command line to 'None'
[0.510s] Level 5:colcon.colcon_core.verb:set package 'xarm_sdk' build argument 'cmake_target_skip_unavailable' from command line to 'False'
[0.510s] Level 5:colcon.colcon_core.verb:set package 'xarm_sdk' build argument 'cmake_clean_cache' from command line to 'False'
[0.510s] Level 5:colcon.colcon_core.verb:set package 'xarm_sdk' build argument 'cmake_clean_first' from command line to 'False'
[0.510s] Level 5:colcon.colcon_core.verb:set package 'xarm_sdk' build argument 'cmake_force_configure' from command line to 'False'
[0.510s] Level 5:colcon.colcon_core.verb:set package 'xarm_sdk' build argument 'ament_cmake_args' from command line to 'None'
[0.510s] Level 5:colcon.colcon_core.verb:set package 'xarm_sdk' build argument 'catkin_cmake_args' from command line to 'None'
[0.510s] Level 5:colcon.colcon_core.verb:set package 'xarm_sdk' build argument 'catkin_skip_building_tests' from command line to 'False'
[0.510s] DEBUG:colcon.colcon_core.verb:Building package 'xarm_sdk' with the following arguments: {'ament_cmake_args': None, 'build_base': '/home/catcyber02/Mobile-Robots-2026-1/build/xarm_sdk', 'catkin_cmake_args': None, 'catkin_skip_building_tests': False, 'cmake_args': None, 'cmake_clean_cache': False, 'cmake_clean_first': False, 'cmake_force_configure': False, 'cmake_target': None, 'cmake_target_skip_unavailable': False, 'install_base': '/home/catcyber02/Mobile-Robots-2026-1/install/xarm_sdk', 'merge_install': False, 'path': '/home/catcyber02/Mobile-Robots-2026-1/ros2_ws/src/hardware/xarm_ros2/xarm_sdk', 'symlink_install': False, 'test_result_base': None}
[0.511s] Level 5:colcon.colcon_core.verb:set package 'xarm_api' build argument 'cmake_args' from command line to 'None'
[0.511s] Level 5:colcon.colcon_core.verb:set package 'xarm_api' build argument 'cmake_target' from command line to 'None'
[0.511s] Level 5:colcon.colcon_core.verb:set package 'xarm_api' build argument 'cmake_target_skip_unavailable' from command line to 'False'
[0.511s] Level 5:colcon.colcon_core.verb:set package 'xarm_api' build argument 'cmake_clean_cache' from command line to 'False'
[0.511s] Level 5:colcon.colcon_core.verb:set package 'xarm_api' build argument 'cmake_clean_first' from command line to 'False'
[0.511s] Level 5:colcon.colcon_core.verb:set package 'xarm_api' build argument 'cmake_force_configure' from command line to 'False'
[0.511s] Level 5:colcon.colcon_core.verb:set package 'xarm_api' build argument 'ament_cmake_args' from command line to 'None'
[0.511s] Level 5:colcon.colcon_core.verb:set package 'xarm_api' build argument 'catkin_cmake_args' from command line to 'None'
[0.511s] Level 5:colcon.colcon_core.verb:set package 'xarm_api' build argument 'catkin_skip_building_tests' from command line to 'False'
[0.511s] DEBUG:colcon.colcon_core.verb:Building package 'xarm_api' with the following arguments: {'ament_cmake_args': None, 'build_base': '/home/catcyber02/Mobile-Robots-2026-1/build/xarm_api', 'catkin_cmake_args': None, 'catkin_skip_building_tests': False, 'cmake_args': None, 'cmake_clean_cache': False, 'cmake_clean_first': False, 'cmake_force_configure': False, 'cmake_target': None, 'cmake_target_skip_unavailable': False, 'install_base': '/home/catcyber02/Mobile-Robots-2026-1/install/xarm_api', 'merge_install': False, 'path': '/home/catcyber02/Mobile-Robots-2026-1/ros2_ws/src/hardware/xarm_ros2/xarm_api', 'symlink_install': False, 'test_result_base': None}
[0.512s] Level 5:colcon.colcon_core.verb:set package 'xarm_controller' build argument 'cmake_args' from command line to 'None'
[0.512s] Level 5:colcon.colcon_core.verb:set package 'xarm_controller' build argument 'cmake_target' from command line to 'None'
[0.512s] Level 5:colcon.colcon_core.verb:set package 'xarm_controller' build argument 'cmake_target_skip_unavailable' from command line to 'False'
[0.512s] Level 5:colcon.colcon_core.verb:set package 'xarm_controller' build argument 'cmake_clean_cache' from command line to 'False'
[0.512s] Level 5:colcon.colcon_core.verb:set package 'xarm_controller' build argument 'cmake_clean_first' from command line to 'False'
[0.512s] Level 5:colcon.colcon_core.verb:set package 'xarm_controller' build argument 'cmake_force_configure' from command line to 'False'
[0.512s] Level 5:colcon.colcon_core.verb:set package 'xarm_controller' build argument 'ament_cmake_args' from command line to 'None'
[0.512s] Level 5:colcon.colcon_core.verb:set package 'xarm_controller' build argument 'catkin_cmake_args' from command line to 'None'
[0.512s] Level 5:colcon.colcon_core.verb:set package 'xarm_controller' build argument 'catkin_skip_building_tests' from command line to 'False'
[0.512s] DEBUG:colcon.colcon_core.verb:Building package 'xarm_controller' with the following arguments: {'ament_cmake_args': None, 'build_base': '/home/catcyber02/Mobile-Robots-2026-1/build/xarm_controller', 'catkin_cmake_args': None, 'catkin_skip_building_tests': False, 'cmake_args': None, 'cmake_clean_cache': False, 'cmake_clean_first': False, 'cmake_force_configure': False, 'cmake_target': None, 'cmake_target_skip_unavailable': False, 'install_base': '/home/catcyber02/Mobile-Robots-2026-1/install/xarm_controller', 'merge_install': False, 'path': '/home/catcyber02/Mobile-Robots-2026-1/ros2_ws/src/hardware/xarm_ros2/xarm_controller', 'symlink_install': False, 'test_result_base': None}
[0.512s] INFO:colcon.colcon_core.executor:Executing jobs using 'parallel' executor
[0.514s] DEBUG:colcon.colcon_parallel_executor.executor.parallel:run_until_complete
[0.515s] INFO:colcon.colcon_ros.task.ament_cmake.build:Building ROS package in '/home/catcyber02/Mobile-Robots-2026-1/ros2_ws/src/hardware/xarm_ros2/xarm_description' with build type 'ament_cmake'
[0.515s] INFO:colcon.colcon_cmake.task.cmake.build:Building CMake package in '/home/catcyber02/Mobile-Robots-2026-1/ros2_ws/src/hardware/xarm_ros2/xarm_description'
[0.520s] INFO:colcon.colcon_core.plugin_system:Skipping extension 'colcon_core.shell.bat': Not used on non-Windows systems
[0.521s] INFO:colcon.colcon_core.shell:Skip shell extension 'powershell' for command environment: Not usable outside of PowerShell
[0.521s] DEBUG:colcon.colcon_core.shell:Skip shell extension 'dsv' for command environment
[0.532s] INFO:colcon.colcon_ros.task.ament_cmake.build:Building ROS package in '/home/catcyber02/Mobile-Robots-2026-1/ros2_ws/src/hardware/xarm_ros2/xarm_msgs' with build type 'ament_cmake'
[0.532s] INFO:colcon.colcon_cmake.task.cmake.build:Building CMake package in '/home/catcyber02/Mobile-Robots-2026-1/ros2_ws/src/hardware/xarm_ros2/xarm_msgs'
[0.533s] INFO:colcon.colcon_core.shell:Skip shell extension 'powershell' for command environment: Not usable outside of PowerShell
[0.533s] DEBUG:colcon.colcon_core.shell:Skip shell extension 'dsv' for command environment
[0.543s] INFO:colcon.colcon_ros.task.ament_cmake.build:Building ROS package in '/home/catcyber02/Mobile-Robots-2026-1/ros2_ws/src/hardware/xarm_ros2/xarm_sdk' with build type 'ament_cmake'
[0.543s] INFO:colcon.colcon_cmake.task.cmake.build:Building CMake package in '/home/catcyber02/Mobile-Robots-2026-1/ros2_ws/src/hardware/xarm_ros2/xarm_sdk'
[0.544s] INFO:colcon.colcon_core.shell:Skip shell extension 'powershell' for command environment: Not usable outside of PowerShell
[0.544s] DEBUG:colcon.colcon_core.shell:Skip shell extension 'dsv' for command environment
[0.554s] INFO:colcon.colcon_ros.task.ament_cmake.build:Building ROS package in '/home/catcyber02/Mobile-Robots-2026-1/ros2_ws/src/config_files' with build type 'ament_cmake'
[0.554s] INFO:colcon.colcon_cmake.task.cmake.build:Building CMake package in '/home/catcyber02/Mobile-Robots-2026-1/ros2_ws/src/config_files'
[0.554s] INFO:colcon.colcon_core.shell:Skip shell extension 'powershell' for command environment: Not usable outside of PowerShell
[0.555s] DEBUG:colcon.colcon_core.shell:Skip shell extension 'dsv' for command environment
[0.563s] INFO:colcon.colcon_ros.task.ament_cmake.build:Building ROS package in '/home/catcyber02/Mobile-Robots-2026-1/ros2_ws/src/hardware/gazebo_envs' with build type 'ament_cmake'
[0.563s] INFO:colcon.colcon_cmake.task.cmake.build:Building CMake package in '/home/catcyber02/Mobile-Robots-2026-1/ros2_ws/src/hardware/gazebo_envs'
[0.564s] INFO:colcon.colcon_core.shell:Skip shell extension 'powershell' for command environment: Not usable outside of PowerShell
[0.564s] DEBUG:colcon.colcon_core.shell:Skip shell extension 'dsv' for command environment
[0.574s] INFO:colcon.colcon_ros.task.ament_cmake.build:Building ROS package in '/home/catcyber02/Mobile-Robots-2026-1/ros2_ws/src/hardware/justina_description' with build type 'ament_cmake'
[0.574s] INFO:colcon.colcon_cmake.task.cmake.build:Building CMake package in '/home/catcyber02/Mobile-Robots-2026-1/ros2_ws/src/hardware/justina_description'
[0.575s] INFO:colcon.colcon_core.shell:Skip shell extension 'powershell' for command environment: Not usable outside of PowerShell
[0.575s] DEBUG:colcon.colcon_core.shell:Skip shell extension 'dsv' for command environment
[0.584s] INFO:colcon.colcon_ros.task.ament_cmake.build:Building ROS package in '/home/catcyber02/Mobile-Robots-2026-1/ros2_ws/src/hri/justina_gui' with build type 'ament_cmake'
[0.585s] INFO:colcon.colcon_cmake.task.cmake.build:Building CMake package in '/home/catcyber02/Mobile-Robots-2026-1/ros2_ws/src/hri/justina_gui'
[0.585s] INFO:colcon.colcon_core.shell:Skip shell extension 'powershell' for command environment: Not usable outside of PowerShell
[0.586s] DEBUG:colcon.colcon_core.shell:Skip shell extension 'dsv' for command environment
[0.595s] INFO:colcon.colcon_ros.task.ament_python.build:Building ROS package in '/home/catcyber02/Mobile-Robots-2026-1/ros2_ws/src/navigation/map_augmenter' with build type 'ament_python'
[0.595s] Level 1:colcon.colcon_core.shell:create_environment_hook('map_augmenter', 'ament_prefix_path')
[0.595s] INFO:colcon.colcon_core.shell:Creating environment hook '/home/catcyber02/Mobile-Robots-2026-1/install/map_augmenter/share/map_augmenter/hook/ament_prefix_path.ps1'
[0.597s] INFO:colcon.colcon_core.shell:Creating environment descriptor '/home/catcyber02/Mobile-Robots-2026-1/install/map_augmenter/share/map_augmenter/hook/ament_prefix_path.dsv'
[0.598s] INFO:colcon.colcon_core.shell:Creating environment hook '/home/catcyber02/Mobile-Robots-2026-1/install/map_augmenter/share/map_augmenter/hook/ament_prefix_path.sh'
[0.600s] INFO:colcon.colcon_core.shell:Skip shell extension 'powershell' for command environment: Not usable outside of PowerShell
[0.600s] DEBUG:colcon.colcon_core.shell:Skip shell extension 'dsv' for command environment
[0.620s] DEBUG:colcon.colcon_core.event_handler.log_command:Invoking command in '/home/catcyber02/Mobile-Robots-2026-1/build/xarm_description': CMAKE_PREFIX_PATH=${CMAKE_PREFIX_PATH}:/home/catcyber02/Mobile-Robots-2026-1/ros2_ws/install/uf_ros_lib:/home/catcyber02/Mobile-Robots-2026-1/ros2_ws/install/simple_move:/opt/ros/jazzy DEBUGINFOD_URLS=https://debuginfod.ubuntu.com /usr/bin/cmake --build /home/catcyber02/Mobile-Robots-2026-1/build/xarm_description -- -j8 -l8
[0.625s] DEBUG:colcon.colcon_core.event_handler.log_command:Invoking command in '/home/catcyber02/Mobile-Robots-2026-1/build/xarm_msgs': CMAKE_PREFIX_PATH=${CMAKE_PREFIX_PATH}:/home/catcyber02/Mobile-Robots-2026-1/ros2_ws/install/uf_ros_lib:/home/catcyber02/Mobile-Robots-2026-1/ros2_ws/install/simple_move:/opt/ros/jazzy DEBUGINFOD_URLS=https://debuginfod.ubuntu.com /usr/bin/cmake --build /home/catcyber02/Mobile-Robots-2026-1/build/xarm_msgs -- -j8 -l8
[0.629s] DEBUG:colcon.colcon_core.event_handler.log_command:Invoking command in '/home/catcyber02/Mobile-Robots-2026-1/build/xarm_sdk': CMAKE_PREFIX_PATH=${CMAKE_PREFIX_PATH}:/home/catcyber02/Mobile-Robots-2026-1/ros2_ws/install/uf_ros_lib:/home/catcyber02/Mobile-Robots-2026-1/ros2_ws/install/simple_move:/opt/ros/jazzy DEBUGINFOD_URLS=https://debuginfod.ubuntu.com /usr/bin/cmake --build /home/catcyber02/Mobile-Robots-2026-1/build/xarm_sdk -- -j8 -l8
[0.635s] DEBUG:colcon.colcon_core.event_handler.log_command:Invoking command in '/home/catcyber02/Mobile-Robots-2026-1/build/config_files': CMAKE_PREFIX_PATH=${CMAKE_PREFIX_PATH}:/home/catcyber02/Mobile-Robots-2026-1/ros2_ws/install/uf_ros_lib:/home/catcyber02/Mobile-Robots-2026-1/ros2_ws/install/simple_move:/opt/ros/jazzy DEBUGINFOD_URLS=https://debuginfod.ubuntu.com /usr/bin/cmake --build /home/catcyber02/Mobile-Robots-2026-1/build/config_files -- -j8 -l8
[0.648s] DEBUG:colcon.colcon_core.event_handler.log_command:Invoking command in '/home/catcyber02/Mobile-Robots-2026-1/build/gazebo_envs': CMAKE_PREFIX_PATH=${CMAKE_PREFIX_PATH}:/home/catcyber02/Mobile-Robots-2026-1/ros2_ws/install/uf_ros_lib:/home/catcyber02/Mobile-Robots-2026-1/ros2_ws/install/simple_move:/opt/ros/jazzy DEBUGINFOD_URLS=https://debuginfod.ubuntu.com /usr/bin/cmake --build /home/catcyber02/Mobile-Robots-2026-1/build/gazebo_envs -- -j8 -l8
[0.655s] DEBUG:colcon.colcon_core.event_handler.log_command:Invoking command in '/home/catcyber02/Mobile-Robots-2026-1/build/justina_description': CMAKE_PREFIX_PATH=${CMAKE_PREFIX_PATH}:/home/catcyber02/Mobile-Robots-2026-1/ros2_ws/install/uf_ros_lib:/home/catcyber02/Mobile-Robots-2026-1/ros2_ws/install/simple_move:/opt/ros/jazzy DEBUGINFOD_URLS=https://debuginfod.ubuntu.com /usr/bin/cmake --build /home/catcyber02/Mobile-Robots-2026-1/build/justina_description -- -j8 -l8
[0.659s] DEBUG:colcon.colcon_core.event_handler.log_command:Invoking command in '/home/catcyber02/Mobile-Robots-2026-1/build/justina_gui': CMAKE_PREFIX_PATH=${CMAKE_PREFIX_PATH}:/home/catcyber02/Mobile-Robots-2026-1/ros2_ws/install/uf_ros_lib:/home/catcyber02/Mobile-Robots-2026-1/ros2_ws/install/simple_move:/opt/ros/jazzy DEBUGINFOD_URLS=https://debuginfod.ubuntu.com /usr/bin/cmake --build /home/catcyber02/Mobile-Robots-2026-1/build/justina_gui -- -j8 -l8
[1.338s] INFO:colcon.colcon_core.task.python.build:Building Python package in '/home/catcyber02/Mobile-Robots-2026-1/ros2_ws/src/navigation/map_augmenter'
[1.339s] INFO:colcon.colcon_core.shell:Skip shell extension 'powershell' for command environment: Not usable outside of PowerShell
[1.339s] DEBUG:colcon.colcon_core.shell:Skip shell extension 'dsv' for command environment
[1.354s] DEBUG:colcon.colcon_core.event_handler.log_command:Invoked command in '/home/catcyber02/Mobile-Robots-2026-1/build/xarm_description' returned '0': CMAKE_PREFIX_PATH=${CMAKE_PREFIX_PATH}:/home/catcyber02/Mobile-Robots-2026-1/ros2_ws/install/uf_ros_lib:/home/catcyber02/Mobile-Robots-2026-1/ros2_ws/install/simple_move:/opt/ros/jazzy DEBUGINFOD_URLS=https://debuginfod.ubuntu.com /usr/bin/cmake --build /home/catcyber02/Mobile-Robots-2026-1/build/xarm_description -- -j8 -l8
[1.380s] DEBUG:colcon.colcon_core.event_handler.log_command:Invoking command in '/home/catcyber02/Mobile-Robots-2026-1/build/xarm_description': CMAKE_PREFIX_PATH=${CMAKE_PREFIX_PATH}:/home/catcyber02/Mobile-Robots-2026-1/ros2_ws/install/uf_ros_lib:/home/catcyber02/Mobile-Robots-2026-1/ros2_ws/install/simple_move:/opt/ros/jazzy DEBUGINFOD_URLS=https://debuginfod.ubuntu.com /usr/bin/cmake --install /home/catcyber02/Mobile-Robots-2026-1/build/xarm_description
[1.381s] DEBUG:colcon.colcon_core.event_handler.log_command:Invoked command in '/home/catcyber02/Mobile-Robots-2026-1/build/justina_description' returned '0': CMAKE_PREFIX_PATH=${CMAKE_PREFIX_PATH}:/home/catcyber02/Mobile-Robots-2026-1/ros2_ws/install/uf_ros_lib:/home/catcyber02/Mobile-Robots-2026-1/ros2_ws/install/simple_move:/opt/ros/jazzy DEBUGINFOD_URLS=https://debuginfod.ubuntu.com /usr/bin/cmake --build /home/catcyber02/Mobile-Robots-2026-1/build/justina_description -- -j8 -l8
[1.384s] DEBUG:colcon.colcon_core.event_handler.log_command:Invoking command in '/home/catcyber02/Mobile-Robots-2026-1/build/justina_description': CMAKE_PREFIX_PATH=${CMAKE_PREFIX_PATH}:/home/catcyber02/Mobile-Robots-2026-1/ros2_ws/install/uf_ros_lib:/home/catcyber02/Mobile-Robots-2026-1/ros2_ws/install/simple_move:/opt/ros/jazzy DEBUGINFOD_URLS=https://debuginfod.ubuntu.com /usr/bin/cmake --install /home/catcyber02/Mobile-Robots-2026-1/build/justina_description
[1.385s] DEBUG:colcon.colcon_core.event_handler.log_command:Invoked command in '/home/catcyber02/Mobile-Robots-2026-1/build/config_files' returned '0': CMAKE_PREFIX_PATH=${CMAKE_PREFIX_PATH}:/home/catcyber02/Mobile-Robots-2026-1/ros2_ws/install/uf_ros_lib:/home/catcyber02/Mobile-Robots-2026-1/ros2_ws/install/simple_move:/opt/ros/jazzy DEBUGINFOD_URLS=https://debuginfod.ubuntu.com /usr/bin/cmake --build /home/catcyber02/Mobile-Robots-2026-1/build/config_files -- -j8 -l8
[1.388s] DEBUG:colcon.colcon_core.event_handler.log_command:Invoking command in '/home/catcyber02/Mobile-Robots-2026-1/build/config_files': CMAKE_PREFIX_PATH=${CMAKE_PREFIX_PATH}:/home/catcyber02/Mobile-Robots-2026-1/ros2_ws/install/uf_ros_lib:/home/catcyber02/Mobile-Robots-2026-1/ros2_ws/install/simple_move:/opt/ros/jazzy DEBUGINFOD_URLS=https://debuginfod.ubuntu.com /usr/bin/cmake --install /home/catcyber02/Mobile-Robots-2026-1/build/config_files
[1.392s] DEBUG:colcon.colcon_core.event_handler.log_command:Invoked command in '/home/catcyber02/Mobile-Robots-2026-1/build/gazebo_envs' returned '0': CMAKE_PREFIX_PATH=${CMAKE_PREFIX_PATH}:/home/catcyber02/Mobile-Robots-2026-1/ros2_ws/install/uf_ros_lib:/home/catcyber02/Mobile-Robots-2026-1/ros2_ws/install/simple_move:/opt/ros/jazzy DEBUGINFOD_URLS=https://debuginfod.ubuntu.com /usr/bin/cmake --build /home/catcyber02/Mobile-Robots-2026-1/build/gazebo_envs -- -j8 -l8
[1.393s] DEBUG:colcon.colcon_core.event_handler.log_command:Invoking command in '/home/catcyber02/Mobile-Robots-2026-1/build/gazebo_envs': CMAKE_PREFIX_PATH=${CMAKE_PREFIX_PATH}:/home/catcyber02/Mobile-Robots-2026-1/ros2_ws/install/uf_ros_lib:/home/catcyber02/Mobile-Robots-2026-1/ros2_ws/install/simple_move:/opt/ros/jazzy DEBUGINFOD_URLS=https://debuginfod.ubuntu.com /usr/bin/cmake --install /home/catcyber02/Mobile-Robots-2026-1/build/gazebo_envs
[1.394s] DEBUG:colcon.colcon_core.event_handler.log_command:Invoked command in '/home/catcyber02/Mobile-Robots-2026-1/build/xarm_sdk' returned '0': CMAKE_PREFIX_PATH=${CMAKE_PREFIX_PATH}:/home/catcyber02/Mobile-Robots-2026-1/ros2_ws/install/uf_ros_lib:/home/catcyber02/Mobile-Robots-2026-1/ros2_ws/install/simple_move:/opt/ros/jazzy DEBUGINFOD_URLS=https://debuginfod.ubuntu.com /usr/bin/cmake --build /home/catcyber02/Mobile-Robots-2026-1/build/xarm_sdk -- -j8 -l8
[1.398s] DEBUG:colcon.colcon_core.event_handler.log_command:Invoking command in '/home/catcyber02/Mobile-Robots-2026-1/build/xarm_sdk': CMAKE_PREFIX_PATH=${CMAKE_PREFIX_PATH}:/home/catcyber02/Mobile-Robots-2026-1/ros2_ws/install/uf_ros_lib:/home/catcyber02/Mobile-Robots-2026-1/ros2_ws/install/simple_move:/opt/ros/jazzy DEBUGINFOD_URLS=https://debuginfod.ubuntu.com /usr/bin/cmake --install /home/catcyber02/Mobile-Robots-2026-1/build/xarm_sdk
[1.407s] DEBUG:colcon.colcon_core.event_handler.log_command:Invoked command in '/home/catcyber02/Mobile-Robots-2026-1/build/justina_gui' returned '0': CMAKE_PREFIX_PATH=${CMAKE_PREFIX_PATH}:/home/catcyber02/Mobile-Robots-2026-1/ros2_ws/install/uf_ros_lib:/home/catcyber02/Mobile-Robots-2026-1/ros2_ws/install/simple_move:/opt/ros/jazzy DEBUGINFOD_URLS=https://debuginfod.ubuntu.com /usr/bin/cmake --build /home/catcyber02/Mobile-Robots-2026-1/build/justina_gui -- -j8 -l8
[1.408s] DEBUG:colcon.colcon_core.event_handler.log_command:Invoking command in '/home/catcyber02/Mobile-Robots-2026-1/build/justina_gui': CMAKE_PREFIX_PATH=${CMAKE_PREFIX_PATH}:/home/catcyber02/Mobile-Robots-2026-1/ros2_ws/install/uf_ros_lib:/home/catcyber02/Mobile-Robots-2026-1/ros2_ws/install/simple_move:/opt/ros/jazzy DEBUGINFOD_URLS=https://debuginfod.ubuntu.com /usr/bin/cmake --install /home/catcyber02/Mobile-Robots-2026-1/build/justina_gui
[1.434s] Level 1:colcon.colcon_core.environment:create_environment_scripts_only(config_files)
[1.466s] Level 1:colcon.colcon_core.environment:checking '/home/catcyber02/Mobile-Robots-2026-1/install/config_files' for CMake module files
[1.477s] Level 1:colcon.colcon_core.environment:checking '/home/catcyber02/Mobile-Robots-2026-1/install/config_files' for CMake config files
[1.521s] Level 1:colcon.colcon_core.shell:create_environment_hook('config_files', 'cmake_prefix_path')
[1.522s] INFO:colcon.colcon_core.shell:Creating environment hook '/home/catcyber02/Mobile-Robots-2026-1/install/config_files/share/config_files/hook/cmake_prefix_path.ps1'
[1.524s] INFO:colcon.colcon_core.shell:Creating environment descriptor '/home/catcyber02/Mobile-Robots-2026-1/install/config_files/share/config_files/hook/cmake_prefix_path.dsv'
[1.528s] INFO:colcon.colcon_core.shell:Creating environment hook '/home/catcyber02/Mobile-Robots-2026-1/install/config_files/share/config_files/hook/cmake_prefix_path.sh'
[1.532s] Level 1:colcon.colcon_core.environment:checking '/home/catcyber02/Mobile-Robots-2026-1/install/config_files/bin'
[1.532s] Level 1:colcon.colcon_core.environment:checking '/home/catcyber02/Mobile-Robots-2026-1/install/config_files/lib/pkgconfig/config_files.pc'
[1.535s] Level 1:colcon.colcon_core.environment:checking '/home/catcyber02/Mobile-Robots-2026-1/install/config_files/lib/python3.12/site-packages'
[1.536s] Level 1:colcon.colcon_core.environment:checking '/home/catcyber02/Mobile-Robots-2026-1/install/config_files/bin'
[1.536s] INFO:colcon.colcon_core.shell:Creating package script '/home/catcyber02/Mobile-Robots-2026-1/install/config_files/share/config_files/package.ps1'
[1.542s] INFO:colcon.colcon_core.shell:Creating package descriptor '/home/catcyber02/Mobile-Robots-2026-1/install/config_files/share/config_files/package.dsv'
[1.546s] INFO:colcon.colcon_core.shell:Creating package script '/home/catcyber02/Mobile-Robots-2026-1/install/config_files/share/config_files/package.sh'
[1.550s] INFO:colcon.colcon_core.shell:Creating package script '/home/catcyber02/Mobile-Robots-2026-1/install/config_files/share/config_files/package.bash'
[1.554s] INFO:colcon.colcon_core.shell:Creating package script '/home/catcyber02/Mobile-Robots-2026-1/install/config_files/share/config_files/package.zsh'
[1.556s] Level 1:colcon.colcon_core.environment:create_file_with_runtime_dependencies(/home/catcyber02/Mobile-Robots-2026-1/install/config_files/share/colcon-core/packages/config_files)
[1.560s] Level 1:colcon.colcon_core.environment:create_environment_scripts_only(config_files)
[1.561s] Level 1:colcon.colcon_core.environment:checking '/home/catcyber02/Mobile-Robots-2026-1/install/config_files' for CMake module files
[1.564s] Level 1:colcon.colcon_core.environment:checking '/home/catcyber02/Mobile-Robots-2026-1/install/config_files' for CMake config files
[1.567s] Level 1:colcon.colcon_core.shell:create_environment_hook('config_files', 'cmake_prefix_path')
[1.568s] INFO:colcon.colcon_core.shell:Creating environment hook '/home/catcyber02/Mobile-Robots-2026-1/install/config_files/share/config_files/hook/cmake_prefix_path.ps1'
[1.570s] INFO:colcon.colcon_core.shell:Creating environment descriptor '/home/catcyber02/Mobile-Robots-2026-1/install/config_files/share/config_files/hook/cmake_prefix_path.dsv'
[1.573s] INFO:colcon.colcon_core.shell:Creating environment hook '/home/catcyber02/Mobile-Robots-2026-1/install/config_files/share/config_files/hook/cmake_prefix_path.sh'
[1.577s] Level 1:colcon.colcon_core.environment:checking '/home/catcyber02/Mobile-Robots-2026-1/install/config_files/bin'
[1.577s] Level 1:colcon.colcon_core.environment:checking '/home/catcyber02/Mobile-Robots-2026-1/install/config_files/lib/pkgconfig/config_files.pc'
[1.578s] Level 1:colcon.colcon_core.environment:checking '/home/catcyber02/Mobile-Robots-2026-1/install/config_files/lib/python3.12/site-packages'
[1.578s] Level 1:colcon.colcon_core.environment:checking '/home/catcyber02/Mobile-Robots-2026-1/install/config_files/bin'
[1.579s] INFO:colcon.colcon_core.shell:Creating package script '/home/catcyber02/Mobile-Robots-2026-1/install/config_files/share/config_files/package.ps1'
[1.582s] INFO:colcon.colcon_core.shell:Creating package descriptor '/home/catcyber02/Mobile-Robots-2026-1/install/config_files/share/config_files/package.dsv'
[1.585s] INFO:colcon.colcon_core.shell:Creating package script '/home/catcyber02/Mobile-Robots-2026-1/install/config_files/share/config_files/package.sh'
[1.588s] INFO:colcon.colcon_core.shell:Creating package script '/home/catcyber02/Mobile-Robots-2026-1/install/config_files/share/config_files/package.bash'
[1.596s] INFO:colcon.colcon_core.shell:Creating package script '/home/catcyber02/Mobile-Robots-2026-1/install/config_files/share/config_files/package.zsh'
[1.600s] Level 1:colcon.colcon_core.environment:create_file_with_runtime_dependencies(/home/catcyber02/Mobile-Robots-2026-1/install/config_files/share/colcon-core/packages/config_files)
[1.602s] INFO:colcon.colcon_ros.task.ament_python.build:Building ROS package in '/home/catcyber02/Mobile-Robots-2026-1/ros2_ws/src/navigation/path_planner' with build type 'ament_python'
[1.602s] Level 1:colcon.colcon_core.shell:create_environment_hook('path_planner', 'ament_prefix_path')
[1.603s] INFO:colcon.colcon_core.shell:Creating environment hook '/home/catcyber02/Mobile-Robots-2026-1/install/path_planner/share/path_planner/hook/ament_prefix_path.ps1'
[1.605s] INFO:colcon.colcon_core.shell:Creating environment descriptor '/home/catcyber02/Mobile-Robots-2026-1/install/path_planner/share/path_planner/hook/ament_prefix_path.dsv'
[1.606s] INFO:colcon.colcon_core.shell:Creating environment hook '/home/catcyber02/Mobile-Robots-2026-1/install/path_planner/share/path_planner/hook/ament_prefix_path.sh'
[1.608s] INFO:colcon.colcon_core.shell:Skip shell extension 'powershell' for command environment: Not usable outside of PowerShell
[1.608s] DEBUG:colcon.colcon_core.shell:Skip shell extension 'dsv' for command environment
[1.634s] DEBUG:colcon.colcon_core.event_handler.log_command:Invoked command in '/home/catcyber02/Mobile-Robots-2026-1/build/config_files' returned '0': CMAKE_PREFIX_PATH=${CMAKE_PREFIX_PATH}:/home/catcyber02/Mobile-Robots-2026-1/ros2_ws/install/uf_ros_lib:/home/catcyber02/Mobile-Robots-2026-1/ros2_ws/install/simple_move:/opt/ros/jazzy DEBUGINFOD_URLS=https://debuginfod.ubuntu.com /usr/bin/cmake --install /home/catcyber02/Mobile-Robots-2026-1/build/config_files
[1.639s] Level 1:colcon.colcon_core.environment:create_environment_scripts_only(justina_description)
[1.640s] Level 1:colcon.colcon_core.environment:checking '/home/catcyber02/Mobile-Robots-2026-1/install/justina_description' for CMake module files
[1.644s] Level 1:colcon.colcon_core.environment:checking '/home/catcyber02/Mobile-Robots-2026-1/install/justina_description' for CMake config files
[1.651s] Level 1:colcon.colcon_core.shell:create_environment_hook('justina_description', 'cmake_prefix_path')
[1.651s] INFO:colcon.colcon_core.shell:Creating environment hook '/home/catcyber02/Mobile-Robots-2026-1/install/justina_description/share/justina_description/hook/cmake_prefix_path.ps1'
[1.653s] INFO:colcon.colcon_core.shell:Creating environment descriptor '/home/catcyber02/Mobile-Robots-2026-1/install/justina_description/share/justina_description/hook/cmake_prefix_path.dsv'
[1.657s] INFO:colcon.colcon_core.shell:Creating environment hook '/home/catcyber02/Mobile-Robots-2026-1/install/justina_description/share/justina_description/hook/cmake_prefix_path.sh'
[1.660s] Level 1:colcon.colcon_core.environment:checking '/home/catcyber02/Mobile-Robots-2026-1/install/justina_description/bin'
[1.660s] Level 1:colcon.colcon_core.environment:checking '/home/catcyber02/Mobile-Robots-2026-1/install/justina_description/lib/pkgconfig/justina_description.pc'
[1.661s] Level 1:colcon.colcon_core.environment:checking '/home/catcyber02/Mobile-Robots-2026-1/install/justina_description/lib/python3.12/site-packages'
[1.661s] Level 1:colcon.colcon_core.environment:checking '/home/catcyber02/Mobile-Robots-2026-1/install/justina_description/bin'
[1.662s] INFO:colcon.colcon_core.shell:Creating package script '/home/catcyber02/Mobile-Robots-2026-1/install/justina_description/share/justina_description/package.ps1'
[1.664s] INFO:colcon.colcon_core.shell:Creating package descriptor '/home/catcyber02/Mobile-Robots-2026-1/install/justina_description/share/justina_description/package.dsv'
[1.666s] INFO:colcon.colcon_core.shell:Creating package script '/home/catcyber02/Mobile-Robots-2026-1/install/justina_description/share/justina_description/package.sh'
[1.670s] INFO:colcon.colcon_core.shell:Creating package script '/home/catcyber02/Mobile-Robots-2026-1/install/justina_description/share/justina_description/package.bash'
[1.672s] INFO:colcon.colcon_core.shell:Creating package script '/home/catcyber02/Mobile-Robots-2026-1/install/justina_description/share/justina_description/package.zsh'
[1.674s] Level 1:colcon.colcon_core.environment:create_file_with_runtime_dependencies(/home/catcyber02/Mobile-Robots-2026-1/install/justina_description/share/colcon-core/packages/justina_description)
[1.676s] Level 1:colcon.colcon_core.environment:create_environment_scripts_only(justina_description)
[1.677s] Level 1:colcon.colcon_core.environment:checking '/home/catcyber02/Mobile-Robots-2026-1/install/justina_description' for CMake module files
[1.679s] Level 1:colcon.colcon_core.environment:checking '/home/catcyber02/Mobile-Robots-2026-1/install/justina_description' for CMake config files
[1.682s] Level 1:colcon.colcon_core.shell:create_environment_hook('justina_description', 'cmake_prefix_path')
[1.683s] INFO:colcon.colcon_core.shell:Creating environment hook '/home/catcyber02/Mobile-Robots-2026-1/install/justina_description/share/justina_description/hook/cmake_prefix_path.ps1'
[1.685s] INFO:colcon.colcon_core.shell:Creating environment descriptor '/home/catcyber02/Mobile-Robots-2026-1/install/justina_description/share/justina_description/hook/cmake_prefix_path.dsv'
[1.687s] INFO:colcon.colcon_core.shell:Creating environment hook '/home/catcyber02/Mobile-Robots-2026-1/install/justina_description/share/justina_description/hook/cmake_prefix_path.sh'
[1.691s] Level 1:colcon.colcon_core.environment:checking '/home/catcyber02/Mobile-Robots-2026-1/install/justina_description/bin'
[1.691s] Level 1:colcon.colcon_core.environment:checking '/home/catcyber02/Mobile-Robots-2026-1/install/justina_description/lib/pkgconfig/justina_description.pc'
[1.692s] Level 1:colcon.colcon_core.environment:checking '/home/catcyber02/Mobile-Robots-2026-1/install/justina_description/lib/python3.12/site-packages'
[1.692s] Level 1:colcon.colcon_core.environment:checking '/home/catcyber02/Mobile-Robots-2026-1/install/justina_description/bin'
[1.693s] INFO:colcon.colcon_core.shell:Creating package script '/home/catcyber02/Mobile-Robots-2026-1/install/justina_description/share/justina_description/package.ps1'
[1.694s] INFO:colcon.colcon_core.shell:Creating package descriptor '/home/catcyber02/Mobile-Robots-2026-1/install/justina_description/share/justina_description/package.dsv'
[1.698s] INFO:colcon.colcon_core.shell:Creating package script '/home/catcyber02/Mobile-Robots-2026-1/install/justina_description/share/justina_description/package.sh'
[1.701s] INFO:colcon.colcon_core.shell:Creating package script '/home/catcyber02/Mobile-Robots-2026-1/install/justina_description/share/justina_description/package.bash'
[1.704s] INFO:colcon.colcon_core.shell:Creating package script '/home/catcyber02/Mobile-Robots-2026-1/install/justina_description/share/justina_description/package.zsh'
[1.707s] Level 1:colcon.colcon_core.environment:create_file_with_runtime_dependencies(/home/catcyber02/Mobile-Robots-2026-1/install/justina_description/share/colcon-core/packages/justina_description)
[1.712s] INFO:colcon.colcon_ros.task.ament_python.build:Building ROS package in '/home/catcyber02/Mobile-Robots-2026-1/ros2_ws/src/navigation/simple_move' with build type 'ament_python'
[1.712s] Level 1:colcon.colcon_core.shell:create_environment_hook('simple_move', 'ament_prefix_path')
[1.712s] INFO:colcon.colcon_core.shell:Creating environment hook '/home/catcyber02/Mobile-Robots-2026-1/install/simple_move/share/simple_move/hook/ament_prefix_path.ps1'
[1.714s] INFO:colcon.colcon_core.shell:Creating environment descriptor '/home/catcyber02/Mobile-Robots-2026-1/install/simple_move/share/simple_move/hook/ament_prefix_path.dsv'
[1.715s] INFO:colcon.colcon_core.shell:Creating environment hook '/home/catcyber02/Mobile-Robots-2026-1/install/simple_move/share/simple_move/hook/ament_prefix_path.sh'
[1.718s] INFO:colcon.colcon_core.shell:Skip shell extension 'powershell' for command environment: Not usable outside of PowerShell
[1.718s] DEBUG:colcon.colcon_core.shell:Skip shell extension 'dsv' for command environment
[1.803s] Level 1:colcon.colcon_core.environment:create_environment_scripts_only(xarm_sdk)
[1.804s] Level 1:colcon.colcon_core.environment:checking '/home/catcyber02/Mobile-Robots-2026-1/install/xarm_sdk' for CMake module files
[1.807s] Level 1:colcon.colcon_core.environment:checking '/home/catcyber02/Mobile-Robots-2026-1/install/xarm_sdk' for CMake config files
[1.823s] Level 1:colcon.colcon_core.shell:create_environment_hook('xarm_sdk', 'cmake_prefix_path')
[1.824s] INFO:colcon.colcon_core.shell:Creating environment hook '/home/catcyber02/Mobile-Robots-2026-1/install/xarm_sdk/share/xarm_sdk/hook/cmake_prefix_path.ps1'
[1.826s] INFO:colcon.colcon_core.shell:Creating environment descriptor '/home/catcyber02/Mobile-Robots-2026-1/install/xarm_sdk/share/xarm_sdk/hook/cmake_prefix_path.dsv'
[1.828s] INFO:colcon.colcon_core.shell:Creating environment hook '/home/catcyber02/Mobile-Robots-2026-1/install/xarm_sdk/share/xarm_sdk/hook/cmake_prefix_path.sh'
[1.832s] Level 1:colcon.colcon_core.environment:checking '/home/catcyber02/Mobile-Robots-2026-1/install/xarm_sdk/lib'
[1.833s] Level 1:colcon.colcon_core.shell:create_environment_hook('xarm_sdk', 'ld_library_path_lib')
[1.834s] INFO:colcon.colcon_core.shell:Creating environment hook '/home/catcyber02/Mobile-Robots-2026-1/install/xarm_sdk/share/xarm_sdk/hook/ld_library_path_lib.ps1'
[1.836s] INFO:colcon.colcon_core.shell:Creating environment descriptor '/home/catcyber02/Mobile-Robots-2026-1/install/xarm_sdk/share/xarm_sdk/hook/ld_library_path_lib.dsv'
[1.838s] INFO:colcon.colcon_core.shell:Creating environment hook '/home/catcyber02/Mobile-Robots-2026-1/install/xarm_sdk/share/xarm_sdk/hook/ld_library_path_lib.sh'
[1.843s] Level 1:colcon.colcon_core.environment:checking '/home/catcyber02/Mobile-Robots-2026-1/install/xarm_sdk/bin'
[1.844s] Level 1:colcon.colcon_core.environment:checking '/home/catcyber02/Mobile-Robots-2026-1/install/xarm_sdk/lib/pkgconfig/xarm_sdk.pc'
[1.844s] Level 1:colcon.colcon_core.environment:checking '/home/catcyber02/Mobile-Robots-2026-1/install/xarm_sdk/lib/python3.12/site-packages'
[1.845s] Level 1:colcon.colcon_core.environment:checking '/home/catcyber02/Mobile-Robots-2026-1/install/xarm_sdk/bin'
[1.846s] INFO:colcon.colcon_core.shell:Creating package script '/home/catcyber02/Mobile-Robots-2026-1/install/xarm_sdk/share/xarm_sdk/package.ps1'
[1.849s] INFO:colcon.colcon_core.shell:Creating package descriptor '/home/catcyber02/Mobile-Robots-2026-1/install/xarm_sdk/share/xarm_sdk/package.dsv'
[1.856s] INFO:colcon.colcon_core.shell:Creating package script '/home/catcyber02/Mobile-Robots-2026-1/install/xarm_sdk/share/xarm_sdk/package.sh'
[1.859s] INFO:colcon.colcon_core.shell:Creating package script '/home/catcyber02/Mobile-Robots-2026-1/install/xarm_sdk/share/xarm_sdk/package.bash'
[1.860s] INFO:colcon.colcon_core.shell:Creating package script '/home/catcyber02/Mobile-Robots-2026-1/install/xarm_sdk/share/xarm_sdk/package.zsh'
[1.862s] Level 1:colcon.colcon_core.environment:create_file_with_runtime_dependencies(/home/catcyber02/Mobile-Robots-2026-1/install/xarm_sdk/share/colcon-core/packages/xarm_sdk)
[1.864s] Level 1:colcon.colcon_core.environment:create_environment_scripts_only(xarm_sdk)
[1.864s] Level 1:colcon.colcon_core.environment:checking '/home/catcyber02/Mobile-Robots-2026-1/install/xarm_sdk' for CMake module files
[1.866s] Level 1:colcon.colcon_core.environment:checking '/home/catcyber02/Mobile-Robots-2026-1/install/xarm_sdk' for CMake config files
[1.876s] Level 1:colcon.colcon_core.shell:create_environment_hook('xarm_sdk', 'cmake_prefix_path')
[1.877s] INFO:colcon.colcon_core.shell:Creating environment hook '/home/catcyber02/Mobile-Robots-2026-1/install/xarm_sdk/share/xarm_sdk/hook/cmake_prefix_path.ps1'
[1.879s] INFO:colcon.colcon_core.shell:Creating environment descriptor '/home/catcyber02/Mobile-Robots-2026-1/install/xarm_sdk/share/xarm_sdk/hook/cmake_prefix_path.dsv'
[1.881s] INFO:colcon.colcon_core.shell:Creating environment hook '/home/catcyber02/Mobile-Robots-2026-1/install/xarm_sdk/share/xarm_sdk/hook/cmake_prefix_path.sh'
[1.883s] Level 1:colcon.colcon_core.environment:checking '/home/catcyber02/Mobile-Robots-2026-1/install/xarm_sdk/lib'
[1.884s] Level 1:colcon.colcon_core.shell:create_environment_hook('xarm_sdk', 'ld_library_path_lib')
[1.885s] INFO:colcon.colcon_core.shell:Creating environment hook '/home/catcyber02/Mobile-Robots-2026-1/install/xarm_sdk/share/xarm_sdk/hook/ld_library_path_lib.ps1'
[1.890s] INFO:colcon.colcon_core.shell:Creating environment descriptor '/home/catcyber02/Mobile-Robots-2026-1/install/xarm_sdk/share/xarm_sdk/hook/ld_library_path_lib.dsv'
[1.895s] INFO:colcon.colcon_core.shell:Creating environment hook '/home/catcyber02/Mobile-Robots-2026-1/install/xarm_sdk/share/xarm_sdk/hook/ld_library_path_lib.sh'
[1.898s] Level 1:colcon.colcon_core.environment:checking '/home/catcyber02/Mobile-Robots-2026-1/install/xarm_sdk/bin'
[1.898s] Level 1:colcon.colcon_core.environment:checking '/home/catcyber02/Mobile-Robots-2026-1/install/xarm_sdk/lib/pkgconfig/xarm_sdk.pc'
[1.900s] Level 1:colcon.colcon_core.environment:checking '/home/catcyber02/Mobile-Robots-2026-1/install/xarm_sdk/lib/python3.12/site-packages'
[1.900s] Level 1:colcon.colcon_core.environment:checking '/home/catcyber02/Mobile-Robots-2026-1/install/xarm_sdk/bin'
[1.901s] INFO:colcon.colcon_core.shell:Creating package script '/home/catcyber02/Mobile-Robots-2026-1/install/xarm_sdk/share/xarm_sdk/package.ps1'
[1.905s] INFO:colcon.colcon_core.shell:Creating package descriptor '/home/catcyber02/Mobile-Robots-2026-1/install/xarm_sdk/share/xarm_sdk/package.dsv'
[1.907s] INFO:colcon.colcon_core.shell:Creating package script '/home/catcyber02/Mobile-Robots-2026-1/install/xarm_sdk/share/xarm_sdk/package.sh'
[1.909s] INFO:colcon.colcon_core.shell:Creating package script '/home/catcyber02/Mobile-Robots-2026-1/install/xarm_sdk/share/xarm_sdk/package.bash'
[1.910s] INFO:colcon.colcon_core.shell:Creating package script '/home/catcyber02/Mobile-Robots-2026-1/install/xarm_sdk/share/xarm_sdk/package.zsh'
[1.911s] Level 1:colcon.colcon_core.environment:create_file_with_runtime_dependencies(/home/catcyber02/Mobile-Robots-2026-1/install/xarm_sdk/share/colcon-core/packages/xarm_sdk)
[1.912s] Level 1:colcon.colcon_core.environment:create_environment_scripts_only(justina_gui)
[1.912s] Level 1:colcon.colcon_core.environment:checking '/home/catcyber02/Mobile-Robots-2026-1/install/justina_gui' for CMake module files
[1.915s] Level 1:colcon.colcon_core.environment:checking '/home/catcyber02/Mobile-Robots-2026-1/install/justina_gui' for CMake config files
[1.919s] Level 1:colcon.colcon_core.shell:create_environment_hook('justina_gui', 'cmake_prefix_path')
[1.920s] INFO:colcon.colcon_core.shell:Creating environment hook '/home/catcyber02/Mobile-Robots-2026-1/install/justina_gui/share/justina_gui/hook/cmake_prefix_path.ps1'
[1.921s] INFO:colcon.colcon_core.shell:Creating environment descriptor '/home/catcyber02/Mobile-Robots-2026-1/install/justina_gui/share/justina_gui/hook/cmake_prefix_path.dsv'
[1.924s] INFO:colcon.colcon_core.shell:Creating environment hook '/home/catcyber02/Mobile-Robots-2026-1/install/justina_gui/share/justina_gui/hook/cmake_prefix_path.sh'
[1.926s] Level 1:colcon.colcon_core.environment:checking '/home/catcyber02/Mobile-Robots-2026-1/install/justina_gui/lib'
[1.927s] Level 1:colcon.colcon_core.environment:checking '/home/catcyber02/Mobile-Robots-2026-1/install/justina_gui/bin'
[1.928s] Level 1:colcon.colcon_core.environment:checking '/home/catcyber02/Mobile-Robots-2026-1/install/justina_gui/lib/pkgconfig/justina_gui.pc'
[1.928s] Level 1:colcon.colcon_core.environment:checking '/home/catcyber02/Mobile-Robots-2026-1/install/justina_gui/lib/python3.12/site-packages'
[1.929s] Level 1:colcon.colcon_core.environment:checking '/home/catcyber02/Mobile-Robots-2026-1/install/justina_gui/bin'
[1.930s] INFO:colcon.colcon_core.shell:Creating package script '/home/catcyber02/Mobile-Robots-2026-1/install/justina_gui/share/justina_gui/package.ps1'
[1.932s] INFO:colcon.colcon_core.shell:Creating package descriptor '/home/catcyber02/Mobile-Robots-2026-1/install/justina_gui/share/justina_gui/package.dsv'
[1.934s] INFO:colcon.colcon_core.shell:Creating package script '/home/catcyber02/Mobile-Robots-2026-1/install/justina_gui/share/justina_gui/package.sh'
[1.937s] INFO:colcon.colcon_core.shell:Creating package script '/home/catcyber02/Mobile-Robots-2026-1/install/justina_gui/share/justina_gui/package.bash'
[1.943s] INFO:colcon.colcon_core.shell:Creating package script '/home/catcyber02/Mobile-Robots-2026-1/install/justina_gui/share/justina_gui/package.zsh'
[1.948s] Level 1:colcon.colcon_core.environment:create_file_with_runtime_dependencies(/home/catcyber02/Mobile-Robots-2026-1/install/justina_gui/share/colcon-core/packages/justina_gui)
[1.954s] Level 1:colcon.colcon_core.environment:create_environment_scripts_only(justina_gui)
[1.955s] Level 1:colcon.colcon_core.environment:checking '/home/catcyber02/Mobile-Robots-2026-1/install/justina_gui' for CMake module files
[1.959s] Level 1:colcon.colcon_core.environment:checking '/home/catcyber02/Mobile-Robots-2026-1/install/justina_gui' for CMake config files
[1.965s] Level 1:colcon.colcon_core.shell:create_environment_hook('justina_gui', 'cmake_prefix_path')
[1.965s] INFO:colcon.colcon_core.shell:Creating environment hook '/home/catcyber02/Mobile-Robots-2026-1/install/justina_gui/share/justina_gui/hook/cmake_prefix_path.ps1'
[1.968s] INFO:colcon.colcon_core.shell:Creating environment descriptor '/home/catcyber02/Mobile-Robots-2026-1/install/justina_gui/share/justina_gui/hook/cmake_prefix_path.dsv'
[1.969s] DEBUG:colcon.colcon_core.event_handler.log_command:Invoked command in '/home/catcyber02/Mobile-Robots-2026-1/build/justina_description' returned '0': CMAKE_PREFIX_PATH=${CMAKE_PREFIX_PATH}:/home/catcyber02/Mobile-Robots-2026-1/ros2_ws/install/uf_ros_lib:/home/catcyber02/Mobile-Robots-2026-1/ros2_ws/install/simple_move:/opt/ros/jazzy DEBUGINFOD_URLS=https://debuginfod.ubuntu.com /usr/bin/cmake --install /home/catcyber02/Mobile-Robots-2026-1/build/justina_description
[1.971s] INFO:colcon.colcon_core.shell:Creating environment hook '/home/catcyber02/Mobile-Robots-2026-1/install/justina_gui/share/justina_gui/hook/cmake_prefix_path.sh'
[1.973s] Level 1:colcon.colcon_core.environment:checking '/home/catcyber02/Mobile-Robots-2026-1/install/justina_gui/lib'
[1.974s] DEBUG:colcon.colcon_core.event_handler.log_command:Invoked command in '/home/catcyber02/Mobile-Robots-2026-1/build/xarm_sdk' returned '0': CMAKE_PREFIX_PATH=${CMAKE_PREFIX_PATH}:/home/catcyber02/Mobile-Robots-2026-1/ros2_ws/install/uf_ros_lib:/home/catcyber02/Mobile-Robots-2026-1/ros2_ws/install/simple_move:/opt/ros/jazzy DEBUGINFOD_URLS=https://debuginfod.ubuntu.com /usr/bin/cmake --install /home/catcyber02/Mobile-Robots-2026-1/build/xarm_sdk
[1.974s] Level 1:colcon.colcon_core.environment:checking '/home/catcyber02/Mobile-Robots-2026-1/install/justina_gui/bin'
[1.975s] Level 1:colcon.colcon_core.environment:checking '/home/catcyber02/Mobile-Robots-2026-1/install/justina_gui/lib/pkgconfig/justina_gui.pc'
[1.976s] Level 1:colcon.colcon_core.environment:checking '/home/catcyber02/Mobile-Robots-2026-1/install/justina_gui/lib/python3.12/site-packages'
[1.977s] Level 1:colcon.colcon_core.environment:checking '/home/catcyber02/Mobile-Robots-2026-1/install/justina_gui/bin'
[1.978s] INFO:colcon.colcon_core.shell:Creating package script '/home/catcyber02/Mobile-Robots-2026-1/install/justina_gui/share/justina_gui/package.ps1'
[1.979s] DEBUG:colcon.colcon_core.event_handler.log_command:Invoked command in '/home/catcyber02/Mobile-Robots-2026-1/build/justina_gui' returned '0': CMAKE_PREFIX_PATH=${CMAKE_PREFIX_PATH}:/home/catcyber02/Mobile-Robots-2026-1/ros2_ws/install/uf_ros_lib:/home/catcyber02/Mobile-Robots-2026-1/ros2_ws/install/simple_move:/opt/ros/jazzy DEBUGINFOD_URLS=https://debuginfod.ubuntu.com /usr/bin/cmake --install /home/catcyber02/Mobile-Robots-2026-1/build/justina_gui
[1.981s] INFO:colcon.colcon_core.shell:Creating package descriptor '/home/catcyber02/Mobile-Robots-2026-1/install/justina_gui/share/justina_gui/package.dsv'
[1.983s] INFO:colcon.colcon_core.shell:Creating package script '/home/catcyber02/Mobile-Robots-2026-1/install/justina_gui/share/justina_gui/package.sh'
[1.985s] INFO:colcon.colcon_core.shell:Creating package script '/home/catcyber02/Mobile-Robots-2026-1/install/justina_gui/share/justina_gui/package.bash'
[1.987s] INFO:colcon.colcon_core.shell:Creating package script '/home/catcyber02/Mobile-Robots-2026-1/install/justina_gui/share/justina_gui/package.zsh'
[1.988s] Level 1:colcon.colcon_core.environment:create_file_with_runtime_dependencies(/home/catcyber02/Mobile-Robots-2026-1/install/justina_gui/share/colcon-core/packages/justina_gui)
[1.990s] Level 1:colcon.colcon_core.environment:create_environment_scripts_only(xarm_description)
[1.991s] Level 1:colcon.colcon_core.environment:checking '/home/catcyber02/Mobile-Robots-2026-1/install/xarm_description' for CMake module files
[1.993s] Level 1:colcon.colcon_core.environment:checking '/home/catcyber02/Mobile-Robots-2026-1/install/xarm_description' for CMake config files
[1.995s] DEBUG:colcon.colcon_core.event_handler.log_command:Invoked command in '/home/catcyber02/Mobile-Robots-2026-1/build/xarm_description' returned '0': CMAKE_PREFIX_PATH=${CMAKE_PREFIX_PATH}:/home/catcyber02/Mobile-Robots-2026-1/ros2_ws/install/uf_ros_lib:/home/catcyber02/Mobile-Robots-2026-1/ros2_ws/install/simple_move:/opt/ros/jazzy DEBUGINFOD_URLS=https://debuginfod.ubuntu.com /usr/bin/cmake --install /home/catcyber02/Mobile-Robots-2026-1/build/xarm_description
[1.995s] Level 1:colcon.colcon_core.shell:create_environment_hook('xarm_description', 'cmake_prefix_path')
[1.996s] INFO:colcon.colcon_core.shell:Creating environment hook '/home/catcyber02/Mobile-Robots-2026-1/install/xarm_description/share/xarm_description/hook/cmake_prefix_path.ps1'
[1.998s] INFO:colcon.colcon_core.shell:Creating environment descriptor '/home/catcyber02/Mobile-Robots-2026-1/install/xarm_description/share/xarm_description/hook/cmake_prefix_path.dsv'
[1.999s] INFO:colcon.colcon_core.shell:Creating environment hook '/home/catcyber02/Mobile-Robots-2026-1/install/xarm_description/share/xarm_description/hook/cmake_prefix_path.sh'
[2.002s] Level 1:colcon.colcon_core.environment:checking '/home/catcyber02/Mobile-Robots-2026-1/install/xarm_description/bin'
[2.003s] Level 1:colcon.colcon_core.environment:checking '/home/catcyber02/Mobile-Robots-2026-1/install/xarm_description/lib/pkgconfig/xarm_description.pc'
[2.003s] Level 1:colcon.colcon_core.environment:checking '/home/catcyber02/Mobile-Robots-2026-1/install/xarm_description/lib/python3.12/site-packages'
[2.004s] Level 1:colcon.colcon_core.environment:checking '/home/catcyber02/Mobile-Robots-2026-1/install/xarm_description/bin'
[2.004s] INFO:colcon.colcon_core.shell:Creating package script '/home/catcyber02/Mobile-Robots-2026-1/install/xarm_description/share/xarm_description/package.ps1'
[2.006s] INFO:colcon.colcon_core.shell:Creating package descriptor '/home/catcyber02/Mobile-Robots-2026-1/install/xarm_description/share/xarm_description/package.dsv'
[2.007s] INFO:colcon.colcon_core.shell:Creating package script '/home/catcyber02/Mobile-Robots-2026-1/install/xarm_description/share/xarm_description/package.sh'
[2.009s] INFO:colcon.colcon_core.shell:Creating package script '/home/catcyber02/Mobile-Robots-2026-1/install/xarm_description/share/xarm_description/package.bash'
[2.011s] INFO:colcon.colcon_core.shell:Creating package script '/home/catcyber02/Mobile-Robots-2026-1/install/xarm_description/share/xarm_description/package.zsh'
[2.012s] Level 1:colcon.colcon_core.environment:create_file_with_runtime_dependencies(/home/catcyber02/Mobile-Robots-2026-1/install/xarm_description/share/colcon-core/packages/xarm_description)
[2.014s] Level 1:colcon.colcon_core.environment:create_environment_scripts_only(xarm_description)
[2.015s] Level 1:colcon.colcon_core.environment:checking '/home/catcyber02/Mobile-Robots-2026-1/install/xarm_description' for CMake module files
[2.016s] Level 1:colcon.colcon_core.environment:checking '/home/catcyber02/Mobile-Robots-2026-1/install/xarm_description' for CMake config files
[2.017s] Level 1:colcon.colcon_core.shell:create_environment_hook('xarm_description', 'cmake_prefix_path')
[2.018s] INFO:colcon.colcon_core.shell:Creating environment hook '/home/catcyber02/Mobile-Robots-2026-1/install/xarm_description/share/xarm_description/hook/cmake_prefix_path.ps1'
[2.019s] INFO:colcon.colcon_core.shell:Creating environment descriptor '/home/catcyber02/Mobile-Robots-2026-1/install/xarm_description/share/xarm_description/hook/cmake_prefix_path.dsv'
[2.020s] INFO:colcon.colcon_core.shell:Creating environment hook '/home/catcyber02/Mobile-Robots-2026-1/install/xarm_description/share/xarm_description/hook/cmake_prefix_path.sh'
[2.022s] Level 1:colcon.colcon_core.environment:checking '/home/catcyber02/Mobile-Robots-2026-1/install/xarm_description/bin'
[2.022s] Level 1:colcon.colcon_core.environment:checking '/home/catcyber02/Mobile-Robots-2026-1/install/xarm_description/lib/pkgconfig/xarm_description.pc'
[2.023s] Level 1:colcon.colcon_core.environment:checking '/home/catcyber02/Mobile-Robots-2026-1/install/xarm_description/lib/python3.12/site-packages'
[2.023s] Level 1:colcon.colcon_core.environment:checking '/home/catcyber02/Mobile-Robots-2026-1/install/xarm_description/bin'
[2.024s] INFO:colcon.colcon_core.shell:Creating package script '/home/catcyber02/Mobile-Robots-2026-1/install/xarm_description/share/xarm_description/package.ps1'
[2.025s] INFO:colcon.colcon_core.shell:Creating package descriptor '/home/catcyber02/Mobile-Robots-2026-1/install/xarm_description/share/xarm_description/package.dsv'
[2.027s] INFO:colcon.colcon_core.shell:Creating package script '/home/catcyber02/Mobile-Robots-2026-1/install/xarm_description/share/xarm_description/package.sh'
[2.028s] INFO:colcon.colcon_core.shell:Creating package script '/home/catcyber02/Mobile-Robots-2026-1/install/xarm_description/share/xarm_description/package.bash'
[2.029s] INFO:colcon.colcon_core.shell:Creating package script '/home/catcyber02/Mobile-Robots-2026-1/install/xarm_description/share/xarm_description/package.zsh'
[2.031s] Level 1:colcon.colcon_core.environment:create_file_with_runtime_dependencies(/home/catcyber02/Mobile-Robots-2026-1/install/xarm_description/share/colcon-core/packages/xarm_description)
[2.033s] Level 1:colcon.colcon_core.environment:create_environment_scripts_only(gazebo_envs)
[2.034s] Level 1:colcon.colcon_core.environment:checking '/home/catcyber02/Mobile-Robots-2026-1/install/gazebo_envs' for CMake module files
[2.037s] DEBUG:colcon.colcon_core.event_handler.log_command:Invoked command in '/home/catcyber02/Mobile-Robots-2026-1/build/gazebo_envs' returned '0': CMAKE_PREFIX_PATH=${CMAKE_PREFIX_PATH}:/home/catcyber02/Mobile-Robots-2026-1/ros2_ws/install/uf_ros_lib:/home/catcyber02/Mobile-Robots-2026-1/ros2_ws/install/simple_move:/opt/ros/jazzy DEBUGINFOD_URLS=https://debuginfod.ubuntu.com /usr/bin/cmake --install /home/catcyber02/Mobile-Robots-2026-1/build/gazebo_envs
[2.038s] Level 1:colcon.colcon_core.environment:checking '/home/catcyber02/Mobile-Robots-2026-1/install/gazebo_envs' for CMake config files
[2.039s] Level 1:colcon.colcon_core.shell:create_environment_hook('gazebo_envs', 'cmake_prefix_path')
[2.039s] INFO:colcon.colcon_core.shell:Creating environment hook '/home/catcyber02/Mobile-Robots-2026-1/install/gazebo_envs/share/gazebo_envs/hook/cmake_prefix_path.ps1'
[2.041s] INFO:colcon.colcon_core.shell:Creating environment descriptor '/home/catcyber02/Mobile-Robots-2026-1/install/gazebo_envs/share/gazebo_envs/hook/cmake_prefix_path.dsv'
[2.042s] INFO:colcon.colcon_core.shell:Creating environment hook '/home/catcyber02/Mobile-Robots-2026-1/install/gazebo_envs/share/gazebo_envs/hook/cmake_prefix_path.sh'
[2.043s] Level 1:colcon.colcon_core.environment:checking '/home/catcyber02/Mobile-Robots-2026-1/install/gazebo_envs/bin'
[2.044s] Level 1:colcon.colcon_core.environment:checking '/home/catcyber02/Mobile-Robots-2026-1/install/gazebo_envs/lib/pkgconfig/gazebo_envs.pc'
[2.044s] Level 1:colcon.colcon_core.environment:checking '/home/catcyber02/Mobile-Robots-2026-1/install/gazebo_envs/lib/python3.12/site-packages'
[2.045s] Level 1:colcon.colcon_core.environment:checking '/home/catcyber02/Mobile-Robots-2026-1/install/gazebo_envs/bin'
[2.045s] INFO:colcon.colcon_core.shell:Creating package script '/home/catcyber02/Mobile-Robots-2026-1/install/gazebo_envs/share/gazebo_envs/package.ps1'
[2.047s] INFO:colcon.colcon_core.shell:Creating package descriptor '/home/catcyber02/Mobile-Robots-2026-1/install/gazebo_envs/share/gazebo_envs/package.dsv'
[2.048s] INFO:colcon.colcon_core.shell:Creating package script '/home/catcyber02/Mobile-Robots-2026-1/install/gazebo_envs/share/gazebo_envs/package.sh'
[2.050s] INFO:colcon.colcon_core.shell:Creating package script '/home/catcyber02/Mobile-Robots-2026-1/install/gazebo_envs/share/gazebo_envs/package.bash'
[2.051s] INFO:colcon.colcon_core.shell:Creating package script '/home/catcyber02/Mobile-Robots-2026-1/install/gazebo_envs/share/gazebo_envs/package.zsh'
[2.051s] Level 1:colcon.colcon_core.environment:create_file_with_runtime_dependencies(/home/catcyber02/Mobile-Robots-2026-1/install/gazebo_envs/share/colcon-core/packages/gazebo_envs)
[2.052s] Level 1:colcon.colcon_core.environment:create_environment_scripts_only(gazebo_envs)
[2.053s] Level 1:colcon.colcon_core.environment:checking '/home/catcyber02/Mobile-Robots-2026-1/install/gazebo_envs' for CMake module files
[2.054s] Level 1:colcon.colcon_core.environment:checking '/home/catcyber02/Mobile-Robots-2026-1/install/gazebo_envs' for CMake config files
[2.055s] Level 1:colcon.colcon_core.shell:create_environment_hook('gazebo_envs', 'cmake_prefix_path')
[2.055s] INFO:colcon.colcon_core.shell:Creating environment hook '/home/catcyber02/Mobile-Robots-2026-1/install/gazebo_envs/share/gazebo_envs/hook/cmake_prefix_path.ps1'
[2.056s] INFO:colcon.colcon_core.shell:Creating environment descriptor '/home/catcyber02/Mobile-Robots-2026-1/install/gazebo_envs/share/gazebo_envs/hook/cmake_prefix_path.dsv'
[2.057s] INFO:colcon.colcon_core.shell:Creating environment hook '/home/catcyber02/Mobile-Robots-2026-1/install/gazebo_envs/share/gazebo_envs/hook/cmake_prefix_path.sh'
[2.058s] Level 1:colcon.colcon_core.environment:checking '/home/catcyber02/Mobile-Robots-2026-1/install/gazebo_envs/bin'
[2.058s] Level 1:colcon.colcon_core.environment:checking '/home/catcyber02/Mobile-Robots-2026-1/install/gazebo_envs/lib/pkgconfig/gazebo_envs.pc'
[2.059s] Level 1:colcon.colcon_core.environment:checking '/home/catcyber02/Mobile-Robots-2026-1/install/gazebo_envs/lib/python3.12/site-packages'
[2.059s] Level 1:colcon.colcon_core.environment:checking '/home/catcyber02/Mobile-Robots-2026-1/install/gazebo_envs/bin'
[2.060s] INFO:colcon.colcon_core.shell:Creating package script '/home/catcyber02/Mobile-Robots-2026-1/install/gazebo_envs/share/gazebo_envs/package.ps1'
[2.061s] INFO:colcon.colcon_core.shell:Creating package descriptor '/home/catcyber02/Mobile-Robots-2026-1/install/gazebo_envs/share/gazebo_envs/package.dsv'
[2.062s] INFO:colcon.colcon_core.shell:Creating package script '/home/catcyber02/Mobile-Robots-2026-1/install/gazebo_envs/share/gazebo_envs/package.sh'
[2.063s] INFO:colcon.colcon_core.shell:Creating package script '/home/catcyber02/Mobile-Robots-2026-1/install/gazebo_envs/share/gazebo_envs/package.bash'
[2.064s] INFO:colcon.colcon_core.shell:Creating package script '/home/catcyber02/Mobile-Robots-2026-1/install/gazebo_envs/share/gazebo_envs/package.zsh'
[2.065s] Level 1:colcon.colcon_core.environment:create_file_with_runtime_dependencies(/home/catcyber02/Mobile-Robots-2026-1/install/gazebo_envs/share/colcon-core/packages/gazebo_envs)
[2.066s] INFO:colcon.colcon_ros.task.ament_python.build:Building ROS package in '/home/catcyber02/Mobile-Robots-2026-1/ros2_ws/src/hardware/xarm_ros2/uf_ros_lib' with build type 'ament_python'
[2.066s] Level 1:colcon.colcon_core.shell:create_environment_hook('uf_ros_lib', 'ament_prefix_path')
[2.066s] INFO:colcon.colcon_core.shell:Creating environment hook '/home/catcyber02/Mobile-Robots-2026-1/install/uf_ros_lib/share/uf_ros_lib/hook/ament_prefix_path.ps1'
[2.068s] INFO:colcon.colcon_core.shell:Creating environment descriptor '/home/catcyber02/Mobile-Robots-2026-1/install/uf_ros_lib/share/uf_ros_lib/hook/ament_prefix_path.dsv'
[2.069s] INFO:colcon.colcon_core.shell:Creating environment hook '/home/catcyber02/Mobile-Robots-2026-1/install/uf_ros_lib/share/uf_ros_lib/hook/ament_prefix_path.sh'
[2.070s] INFO:colcon.colcon_core.shell:Skip shell extension 'powershell' for command environment: Not usable outside of PowerShell
[2.070s] DEBUG:colcon.colcon_core.shell:Skip shell extension 'dsv' for command environment
[2.552s] INFO:colcon.colcon_core.task.python.build:Building Python package in '/home/catcyber02/Mobile-Robots-2026-1/ros2_ws/src/navigation/path_planner'
[2.552s] INFO:colcon.colcon_core.shell:Skip shell extension 'powershell' for command environment: Not usable outside of PowerShell
[2.552s] DEBUG:colcon.colcon_core.shell:Skip shell extension 'dsv' for command environment
[3.031s] INFO:colcon.colcon_core.task.python.build:Building Python package in '/home/catcyber02/Mobile-Robots-2026-1/ros2_ws/src/navigation/simple_move'
[3.031s] INFO:colcon.colcon_core.shell:Skip shell extension 'powershell' for command environment: Not usable outside of PowerShell
[3.032s] DEBUG:colcon.colcon_core.shell:Skip shell extension 'dsv' for command environment
[3.051s] DEBUG:colcon.colcon_core.event_handler.log_command:Invoked command in '/home/catcyber02/Mobile-Robots-2026-1/build/xarm_msgs' returned '0': CMAKE_PREFIX_PATH=${CMAKE_PREFIX_PATH}:/home/catcyber02/Mobile-Robots-2026-1/ros2_ws/install/uf_ros_lib:/home/catcyber02/Mobile-Robots-2026-1/ros2_ws/install/simple_move:/opt/ros/jazzy DEBUGINFOD_URLS=https://debuginfod.ubuntu.com /usr/bin/cmake --build /home/catcyber02/Mobile-Robots-2026-1/build/xarm_msgs -- -j8 -l8
[3.055s] DEBUG:colcon.colcon_core.event_handler.log_command:Invoking command in '/home/catcyber02/Mobile-Robots-2026-1/build/xarm_msgs': CMAKE_PREFIX_PATH=${CMAKE_PREFIX_PATH}:/home/catcyber02/Mobile-Robots-2026-1/ros2_ws/install/uf_ros_lib:/home/catcyber02/Mobile-Robots-2026-1/ros2_ws/install/simple_move:/opt/ros/jazzy DEBUGINFOD_URLS=https://debuginfod.ubuntu.com /usr/bin/cmake --install /home/catcyber02/Mobile-Robots-2026-1/build/xarm_msgs
[3.549s] INFO:colcon.colcon_core.task.python.build:Building Python package in '/home/catcyber02/Mobile-Robots-2026-1/ros2_ws/src/hardware/xarm_ros2/uf_ros_lib'
[3.550s] INFO:colcon.colcon_core.shell:Skip shell extension 'powershell' for command environment: Not usable outside of PowerShell
[3.550s] DEBUG:colcon.colcon_core.shell:Skip shell extension 'dsv' for command environment
[3.578s] DEBUG:colcon.colcon_core.event_handler.log_command:Invoking command in '/home/catcyber02/Mobile-Robots-2026-1/ros2_ws/src/navigation/map_augmenter': DEBUGINFOD_URLS=https://debuginfod.ubuntu.com PYTHONPATH=/home/catcyber02/Mobile-Robots-2026-1/build/map_augmenter/prefix_override:/usr/lib/python3/dist-packages/colcon_core/task/python/colcon_distutils_commands:/home/catcyber02/Mobile-Robots-2026-1/install/map_augmenter/lib/python3.12/site-packages:${PYTHONPATH} /usr/bin/python3 -W ignore:setup.py install is deprecated -W ignore:easy_install command is deprecated setup.py egg_info --egg-base ../../../../build/map_augmenter build --build-base /home/catcyber02/Mobile-Robots-2026-1/build/map_augmenter/build install --record /home/catcyber02/Mobile-Robots-2026-1/build/map_augmenter/install.log --single-version-externally-managed install_data
[3.583s] Level 1:colcon.colcon_core.environment:create_environment_scripts_only(xarm_msgs)
[3.583s] Level 1:colcon.colcon_core.environment:checking '/home/catcyber02/Mobile-Robots-2026-1/install/xarm_msgs' for CMake module files
[3.586s] DEBUG:colcon.colcon_core.event_handler.log_command:Invoked command in '/home/catcyber02/Mobile-Robots-2026-1/build/xarm_msgs' returned '0': CMAKE_PREFIX_PATH=${CMAKE_PREFIX_PATH}:/home/catcyber02/Mobile-Robots-2026-1/ros2_ws/install/uf_ros_lib:/home/catcyber02/Mobile-Robots-2026-1/ros2_ws/install/simple_move:/opt/ros/jazzy DEBUGINFOD_URLS=https://debuginfod.ubuntu.com /usr/bin/cmake --install /home/catcyber02/Mobile-Robots-2026-1/build/xarm_msgs
[3.588s] Level 1:colcon.colcon_core.environment:checking '/home/catcyber02/Mobile-Robots-2026-1/install/xarm_msgs' for CMake config files
[3.593s] Level 1:colcon.colcon_core.shell:create_environment_hook('xarm_msgs', 'cmake_prefix_path')
[3.594s] INFO:colcon.colcon_core.shell:Creating environment hook '/home/catcyber02/Mobile-Robots-2026-1/install/xarm_msgs/share/xarm_msgs/hook/cmake_prefix_path.ps1'
[3.595s] INFO:colcon.colcon_core.shell:Creating environment descriptor '/home/catcyber02/Mobile-Robots-2026-1/install/xarm_msgs/share/xarm_msgs/hook/cmake_prefix_path.dsv'
[3.596s] INFO:colcon.colcon_core.shell:Creating environment hook '/home/catcyber02/Mobile-Robots-2026-1/install/xarm_msgs/share/xarm_msgs/hook/cmake_prefix_path.sh'
[3.598s] Level 1:colcon.colcon_core.environment:checking '/home/catcyber02/Mobile-Robots-2026-1/install/xarm_msgs/lib'
[3.598s] Level 1:colcon.colcon_core.shell:create_environment_hook('xarm_msgs', 'ld_library_path_lib')
[3.599s] INFO:colcon.colcon_core.shell:Creating environment hook '/home/catcyber02/Mobile-Robots-2026-1/install/xarm_msgs/share/xarm_msgs/hook/ld_library_path_lib.ps1'
[3.600s] INFO:colcon.colcon_core.shell:Creating environment descriptor '/home/catcyber02/Mobile-Robots-2026-1/install/xarm_msgs/share/xarm_msgs/hook/ld_library_path_lib.dsv'
[3.601s] INFO:colcon.colcon_core.shell:Creating environment hook '/home/catcyber02/Mobile-Robots-2026-1/install/xarm_msgs/share/xarm_msgs/hook/ld_library_path_lib.sh'
[3.603s] Level 1:colcon.colcon_core.environment:checking '/home/catcyber02/Mobile-Robots-2026-1/install/xarm_msgs/bin'
[3.603s] Level 1:colcon.colcon_core.environment:checking '/home/catcyber02/Mobile-Robots-2026-1/install/xarm_msgs/lib/pkgconfig/xarm_msgs.pc'
[3.604s] Level 1:colcon.colcon_core.environment:checking '/home/catcyber02/Mobile-Robots-2026-1/install/xarm_msgs/lib/python3.12/site-packages'
[3.604s] Level 1:colcon.colcon_core.shell:create_environment_hook('xarm_msgs', 'pythonpath')
[3.604s] INFO:colcon.colcon_core.shell:Creating environment hook '/home/catcyber02/Mobile-Robots-2026-1/install/xarm_msgs/share/xarm_msgs/hook/pythonpath.ps1'
[3.606s] INFO:colcon.colcon_core.shell:Creating environment descriptor '/home/catcyber02/Mobile-Robots-2026-1/install/xarm_msgs/share/xarm_msgs/hook/pythonpath.dsv'
[3.607s] INFO:colcon.colcon_core.shell:Creating environment hook '/home/catcyber02/Mobile-Robots-2026-1/install/xarm_msgs/share/xarm_msgs/hook/pythonpath.sh'
[3.609s] Level 1:colcon.colcon_core.environment:checking '/home/catcyber02/Mobile-Robots-2026-1/install/xarm_msgs/bin'
[3.610s] INFO:colcon.colcon_core.shell:Creating package script '/home/catcyber02/Mobile-Robots-2026-1/install/xarm_msgs/share/xarm_msgs/package.ps1'
[3.611s] INFO:colcon.colcon_core.shell:Creating package descriptor '/home/catcyber02/Mobile-Robots-2026-1/install/xarm_msgs/share/xarm_msgs/package.dsv'
[3.613s] INFO:colcon.colcon_core.shell:Creating package script '/home/catcyber02/Mobile-Robots-2026-1/install/xarm_msgs/share/xarm_msgs/package.sh'
[3.615s] INFO:colcon.colcon_core.shell:Creating package script '/home/catcyber02/Mobile-Robots-2026-1/install/xarm_msgs/share/xarm_msgs/package.bash'
[3.616s] INFO:colcon.colcon_core.shell:Creating package script '/home/catcyber02/Mobile-Robots-2026-1/install/xarm_msgs/share/xarm_msgs/package.zsh'
[3.617s] Level 1:colcon.colcon_core.environment:create_file_with_runtime_dependencies(/home/catcyber02/Mobile-Robots-2026-1/install/xarm_msgs/share/colcon-core/packages/xarm_msgs)
[3.619s] Level 1:colcon.colcon_core.environment:create_environment_scripts_only(xarm_msgs)
[3.619s] Level 1:colcon.colcon_core.environment:checking '/home/catcyber02/Mobile-Robots-2026-1/install/xarm_msgs' for CMake module files
[3.621s] Level 1:colcon.colcon_core.environment:checking '/home/catcyber02/Mobile-Robots-2026-1/install/xarm_msgs' for CMake config files
[3.626s] Level 1:colcon.colcon_core.shell:create_environment_hook('xarm_msgs', 'cmake_prefix_path')
[3.627s] INFO:colcon.colcon_core.shell:Creating environment hook '/home/catcyber02/Mobile-Robots-2026-1/install/xarm_msgs/share/xarm_msgs/hook/cmake_prefix_path.ps1'
[3.628s] INFO:colcon.colcon_core.shell:Creating environment descriptor '/home/catcyber02/Mobile-Robots-2026-1/install/xarm_msgs/share/xarm_msgs/hook/cmake_prefix_path.dsv'
[3.629s] INFO:colcon.colcon_core.shell:Creating environment hook '/home/catcyber02/Mobile-Robots-2026-1/install/xarm_msgs/share/xarm_msgs/hook/cmake_prefix_path.sh'
[3.631s] Level 1:colcon.colcon_core.environment:checking '/home/catcyber02/Mobile-Robots-2026-1/install/xarm_msgs/lib'
[3.632s] Level 1:colcon.colcon_core.shell:create_environment_hook('xarm_msgs', 'ld_library_path_lib')
[3.632s] INFO:colcon.colcon_core.shell:Creating environment hook '/home/catcyber02/Mobile-Robots-2026-1/install/xarm_msgs/share/xarm_msgs/hook/ld_library_path_lib.ps1'
[3.633s] INFO:colcon.colcon_core.shell:Creating environment descriptor '/home/catcyber02/Mobile-Robots-2026-1/install/xarm_msgs/share/xarm_msgs/hook/ld_library_path_lib.dsv'
[3.635s] INFO:colcon.colcon_core.shell:Creating environment hook '/home/catcyber02/Mobile-Robots-2026-1/install/xarm_msgs/share/xarm_msgs/hook/ld_library_path_lib.sh'
[3.636s] Level 1:colcon.colcon_core.environment:checking '/home/catcyber02/Mobile-Robots-2026-1/install/xarm_msgs/bin'
[3.637s] Level 1:colcon.colcon_core.environment:checking '/home/catcyber02/Mobile-Robots-2026-1/install/xarm_msgs/lib/pkgconfig/xarm_msgs.pc'
[3.637s] Level 1:colcon.colcon_core.environment:checking '/home/catcyber02/Mobile-Robots-2026-1/install/xarm_msgs/lib/python3.12/site-packages'
[3.638s] Level 1:colcon.colcon_core.shell:create_environment_hook('xarm_msgs', 'pythonpath')
[3.639s] INFO:colcon.colcon_core.shell:Creating environment hook '/home/catcyber02/Mobile-Robots-2026-1/install/xarm_msgs/share/xarm_msgs/hook/pythonpath.ps1'
[3.641s] INFO:colcon.colcon_core.shell:Creating environment descriptor '/home/catcyber02/Mobile-Robots-2026-1/install/xarm_msgs/share/xarm_msgs/hook/pythonpath.dsv'
[3.642s] INFO:colcon.colcon_core.shell:Creating environment hook '/home/catcyber02/Mobile-Robots-2026-1/install/xarm_msgs/share/xarm_msgs/hook/pythonpath.sh'
[3.645s] Level 1:colcon.colcon_core.environment:checking '/home/catcyber02/Mobile-Robots-2026-1/install/xarm_msgs/bin'
[3.646s] INFO:colcon.colcon_core.shell:Creating package script '/home/catcyber02/Mobile-Robots-2026-1/install/xarm_msgs/share/xarm_msgs/package.ps1'
[3.648s] INFO:colcon.colcon_core.shell:Creating package descriptor '/home/catcyber02/Mobile-Robots-2026-1/install/xarm_msgs/share/xarm_msgs/package.dsv'
[3.650s] INFO:colcon.colcon_core.shell:Creating package script '/home/catcyber02/Mobile-Robots-2026-1/install/xarm_msgs/share/xarm_msgs/package.sh'
[3.652s] INFO:colcon.colcon_core.shell:Creating package script '/home/catcyber02/Mobile-Robots-2026-1/install/xarm_msgs/share/xarm_msgs/package.bash'
[3.654s] INFO:colcon.colcon_core.shell:Creating package script '/home/catcyber02/Mobile-Robots-2026-1/install/xarm_msgs/share/xarm_msgs/package.zsh'
[3.656s] Level 1:colcon.colcon_core.environment:create_file_with_runtime_dependencies(/home/catcyber02/Mobile-Robots-2026-1/install/xarm_msgs/share/colcon-core/packages/xarm_msgs)
[3.658s] INFO:colcon.colcon_ros.task.ament_cmake.build:Building ROS package in '/home/catcyber02/Mobile-Robots-2026-1/ros2_ws/src/hardware/xarm_ros2/xarm_api' with build type 'ament_cmake'
[3.658s] INFO:colcon.colcon_cmake.task.cmake.build:Building CMake package in '/home/catcyber02/Mobile-Robots-2026-1/ros2_ws/src/hardware/xarm_ros2/xarm_api'
[3.659s] INFO:colcon.colcon_core.shell:Skip shell extension 'powershell' for command environment: Not usable outside of PowerShell
[3.659s] DEBUG:colcon.colcon_core.shell:Skip shell extension 'dsv' for command environment
[3.707s] DEBUG:colcon.colcon_core.event_handler.log_command:Invoking command in '/home/catcyber02/Mobile-Robots-2026-1/build/xarm_api': AMENT_PREFIX_PATH=/home/catcyber02/Mobile-Robots-2026-1/install/xarm_sdk:/home/catcyber02/Mobile-Robots-2026-1/install/xarm_msgs:/home/catcyber02/Mobile-Robots-2026-1/install/xarm_description:${AMENT_PREFIX_PATH} CMAKE_PREFIX_PATH=/home/catcyber02/Mobile-Robots-2026-1/install/xarm_sdk:/home/catcyber02/Mobile-Robots-2026-1/install/xarm_msgs:/home/catcyber02/Mobile-Robots-2026-1/install/xarm_description:/home/catcyber02/Mobile-Robots-2026-1/ros2_ws/install/xarm_controller:/home/catcyber02/Mobile-Robots-2026-1/ros2_ws/install/xarm_api:/home/catcyber02/Mobile-Robots-2026-1/ros2_ws/install/xarm_sdk:/home/catcyber02/Mobile-Robots-2026-1/ros2_ws/install/xarm_msgs:/home/catcyber02/Mobile-Robots-2026-1/ros2_ws/install/xarm_description:/home/catcyber02/Mobile-Robots-2026-1/ros2_ws/install/justina_gui:/home/catcyber02/Mobile-Robots-2026-1/ros2_ws/install/justina_description:/home/catcyber02/Mobile-Robots-2026-1/ros2_ws/install/gazebo_envs:/home/catcyber02/Mobile-Robots-2026-1/ros2_ws/install/config_files:/opt/ros/jazzy/opt/gz_sim_vendor:/opt/ros/jazzy/opt/gz_sensors_vendor:/opt/ros/jazzy/opt/gz_physics_vendor:/opt/ros/jazzy/opt/sdformat_vendor:/opt/ros/jazzy/opt/gz_gui_vendor:/opt/ros/jazzy/opt/gz_transport_vendor:/opt/ros/jazzy/opt/gz_rendering_vendor:/opt/ros/jazzy/opt/gz_plugin_vendor:/opt/ros/jazzy/opt/gz_fuel_tools_vendor:/opt/ros/jazzy/opt/gz_msgs_vendor:/opt/ros/jazzy/opt/gz_common_vendor:/opt/ros/jazzy/opt/gz_math_vendor:/opt/ros/jazzy/opt/gz_utils_vendor:/opt/ros/jazzy/opt/gz_tools_vendor:/opt/ros/jazzy/opt/gz_ogre_next_vendor:/opt/ros/jazzy/opt/gz_dartsim_vendor:/opt/ros/jazzy/opt/gz_cmake_vendor:/home/catcyber02/Mobile-Robots-2026-1/ros2_ws/install/uf_ros_lib:/home/catcyber02/Mobile-Robots-2026-1/ros2_ws/install/simple_move:/opt/ros/jazzy DEBUGINFOD_URLS=https://debuginfod.ubuntu.com LD_LIBRARY_PATH=/home/catcyber02/Mobile-Robots-2026-1/install/xarm_sdk/lib:/home/catcyber02/Mobile-Robots-2026-1/install/xarm_msgs/lib:${LD_LIBRARY_PATH} PYTHONPATH=/home/catcyber02/Mobile-Robots-2026-1/install/xarm_msgs/lib/python3.12/site-packages:${PYTHONPATH} /usr/bin/cmake --build /home/catcyber02/Mobile-Robots-2026-1/build/xarm_api -- -j8 -l8
[4.093s] DEBUG:colcon.colcon_core.event_handler.log_command:Invoked command in '/home/catcyber02/Mobile-Robots-2026-1/build/xarm_api' returned '0': AMENT_PREFIX_PATH=/home/catcyber02/Mobile-Robots-2026-1/install/xarm_sdk:/home/catcyber02/Mobile-Robots-2026-1/install/xarm_msgs:/home/catcyber02/Mobile-Robots-2026-1/install/xarm_description:${AMENT_PREFIX_PATH} CMAKE_PREFIX_PATH=/home/catcyber02/Mobile-Robots-2026-1/install/xarm_sdk:/home/catcyber02/Mobile-Robots-2026-1/install/xarm_msgs:/home/catcyber02/Mobile-Robots-2026-1/install/xarm_description:/home/catcyber02/Mobile-Robots-2026-1/ros2_ws/install/xarm_controller:/home/catcyber02/Mobile-Robots-2026-1/ros2_ws/install/xarm_api:/home/catcyber02/Mobile-Robots-2026-1/ros2_ws/install/xarm_sdk:/home/catcyber02/Mobile-Robots-2026-1/ros2_ws/install/xarm_msgs:/home/catcyber02/Mobile-Robots-2026-1/ros2_ws/install/xarm_description:/home/catcyber02/Mobile-Robots-2026-1/ros2_ws/install/justina_gui:/home/catcyber02/Mobile-Robots-2026-1/ros2_ws/install/justina_description:/home/catcyber02/Mobile-Robots-2026-1/ros2_ws/install/gazebo_envs:/home/catcyber02/Mobile-Robots-2026-1/ros2_ws/install/config_files:/opt/ros/jazzy/opt/gz_sim_vendor:/opt/ros/jazzy/opt/gz_sensors_vendor:/opt/ros/jazzy/opt/gz_physics_vendor:/opt/ros/jazzy/opt/sdformat_vendor:/opt/ros/jazzy/opt/gz_gui_vendor:/opt/ros/jazzy/opt/gz_transport_vendor:/opt/ros/jazzy/opt/gz_rendering_vendor:/opt/ros/jazzy/opt/gz_plugin_vendor:/opt/ros/jazzy/opt/gz_fuel_tools_vendor:/opt/ros/jazzy/opt/gz_msgs_vendor:/opt/ros/jazzy/opt/gz_common_vendor:/opt/ros/jazzy/opt/gz_math_vendor:/opt/ros/jazzy/opt/gz_utils_vendor:/opt/ros/jazzy/opt/gz_tools_vendor:/opt/ros/jazzy/opt/gz_ogre_next_vendor:/opt/ros/jazzy/opt/gz_dartsim_vendor:/opt/ros/jazzy/opt/gz_cmake_vendor:/home/catcyber02/Mobile-Robots-2026-1/ros2_ws/install/uf_ros_lib:/home/catcyber02/Mobile-Robots-2026-1/ros2_ws/install/simple_move:/opt/ros/jazzy DEBUGINFOD_URLS=https://debuginfod.ubuntu.com LD_LIBRARY_PATH=/home/catcyber02/Mobile-Robots-2026-1/install/xarm_sdk/lib:/home/catcyber02/Mobile-Robots-2026-1/install/xarm_msgs/lib:${LD_LIBRARY_PATH} PYTHONPATH=/home/catcyber02/Mobile-Robots-2026-1/install/xarm_msgs/lib/python3.12/site-packages:${PYTHONPATH} /usr/bin/cmake --build /home/catcyber02/Mobile-Robots-2026-1/build/xarm_api -- -j8 -l8
[4.096s] DEBUG:colcon.colcon_core.event_handler.log_command:Invoking command in '/home/catcyber02/Mobile-Robots-2026-1/build/xarm_api': AMENT_PREFIX_PATH=/home/catcyber02/Mobile-Robots-2026-1/install/xarm_sdk:/home/catcyber02/Mobile-Robots-2026-1/install/xarm_msgs:/home/catcyber02/Mobile-Robots-2026-1/install/xarm_description:${AMENT_PREFIX_PATH} CMAKE_PREFIX_PATH=/home/catcyber02/Mobile-Robots-2026-1/install/xarm_sdk:/home/catcyber02/Mobile-Robots-2026-1/install/xarm_msgs:/home/catcyber02/Mobile-Robots-2026-1/install/xarm_description:/home/catcyber02/Mobile-Robots-2026-1/ros2_ws/install/xarm_controller:/home/catcyber02/Mobile-Robots-2026-1/ros2_ws/install/xarm_api:/home/catcyber02/Mobile-Robots-2026-1/ros2_ws/install/xarm_sdk:/home/catcyber02/Mobile-Robots-2026-1/ros2_ws/install/xarm_msgs:/home/catcyber02/Mobile-Robots-2026-1/ros2_ws/install/xarm_description:/home/catcyber02/Mobile-Robots-2026-1/ros2_ws/install/justina_gui:/home/catcyber02/Mobile-Robots-2026-1/ros2_ws/install/justina_description:/home/catcyber02/Mobile-Robots-2026-1/ros2_ws/install/gazebo_envs:/home/catcyber02/Mobile-Robots-2026-1/ros2_ws/install/config_files:/opt/ros/jazzy/opt/gz_sim_vendor:/opt/ros/jazzy/opt/gz_sensors_vendor:/opt/ros/jazzy/opt/gz_physics_vendor:/opt/ros/jazzy/opt/sdformat_vendor:/opt/ros/jazzy/opt/gz_gui_vendor:/opt/ros/jazzy/opt/gz_transport_vendor:/opt/ros/jazzy/opt/gz_rendering_vendor:/opt/ros/jazzy/opt/gz_plugin_vendor:/opt/ros/jazzy/opt/gz_fuel_tools_vendor:/opt/ros/jazzy/opt/gz_msgs_vendor:/opt/ros/jazzy/opt/gz_common_vendor:/opt/ros/jazzy/opt/gz_math_vendor:/opt/ros/jazzy/opt/gz_utils_vendor:/opt/ros/jazzy/opt/gz_tools_vendor:/opt/ros/jazzy/opt/gz_ogre_next_vendor:/opt/ros/jazzy/opt/gz_dartsim_vendor:/opt/ros/jazzy/opt/gz_cmake_vendor:/home/catcyber02/Mobile-Robots-2026-1/ros2_ws/install/uf_ros_lib:/home/catcyber02/Mobile-Robots-2026-1/ros2_ws/install/simple_move:/opt/ros/jazzy DEBUGINFOD_URLS=https://debuginfod.ubuntu.com LD_LIBRARY_PATH=/home/catcyber02/Mobile-Robots-2026-1/install/xarm_sdk/lib:/home/catcyber02/Mobile-Robots-2026-1/install/xarm_msgs/lib:${LD_LIBRARY_PATH} PYTHONPATH=/home/catcyber02/Mobile-Robots-2026-1/install/xarm_msgs/lib/python3.12/site-packages:${PYTHONPATH} /usr/bin/cmake --install /home/catcyber02/Mobile-Robots-2026-1/build/xarm_api
[4.134s] Level 1:colcon.colcon_core.environment:create_environment_scripts_only(xarm_api)
[4.134s] Level 1:colcon.colcon_core.environment:checking '/home/catcyber02/Mobile-Robots-2026-1/install/xarm_api' for CMake module files
[4.136s] DEBUG:colcon.colcon_core.event_handler.log_command:Invoked command in '/home/catcyber02/Mobile-Robots-2026-1/build/xarm_api' returned '0': AMENT_PREFIX_PATH=/home/catcyber02/Mobile-Robots-2026-1/install/xarm_sdk:/home/catcyber02/Mobile-Robots-2026-1/install/xarm_msgs:/home/catcyber02/Mobile-Robots-2026-1/install/xarm_description:${AMENT_PREFIX_PATH} CMAKE_PREFIX_PATH=/home/catcyber02/Mobile-Robots-2026-1/install/xarm_sdk:/home/catcyber02/Mobile-Robots-2026-1/install/xarm_msgs:/home/catcyber02/Mobile-Robots-2026-1/install/xarm_description:/home/catcyber02/Mobile-Robots-2026-1/ros2_ws/install/xarm_controller:/home/catcyber02/Mobile-Robots-2026-1/ros2_ws/install/xarm_api:/home/catcyber02/Mobile-Robots-2026-1/ros2_ws/install/xarm_sdk:/home/catcyber02/Mobile-Robots-2026-1/ros2_ws/install/xarm_msgs:/home/catcyber02/Mobile-Robots-2026-1/ros2_ws/install/xarm_description:/home/catcyber02/Mobile-Robots-2026-1/ros2_ws/install/justina_gui:/home/catcyber02/Mobile-Robots-2026-1/ros2_ws/install/justina_description:/home/catcyber02/Mobile-Robots-2026-1/ros2_ws/install/gazebo_envs:/home/catcyber02/Mobile-Robots-2026-1/ros2_ws/install/config_files:/opt/ros/jazzy/opt/gz_sim_vendor:/opt/ros/jazzy/opt/gz_sensors_vendor:/opt/ros/jazzy/opt/gz_physics_vendor:/opt/ros/jazzy/opt/sdformat_vendor:/opt/ros/jazzy/opt/gz_gui_vendor:/opt/ros/jazzy/opt/gz_transport_vendor:/opt/ros/jazzy/opt/gz_rendering_vendor:/opt/ros/jazzy/opt/gz_plugin_vendor:/opt/ros/jazzy/opt/gz_fuel_tools_vendor:/opt/ros/jazzy/opt/gz_msgs_vendor:/opt/ros/jazzy/opt/gz_common_vendor:/opt/ros/jazzy/opt/gz_math_vendor:/opt/ros/jazzy/opt/gz_utils_vendor:/opt/ros/jazzy/opt/gz_tools_vendor:/opt/ros/jazzy/opt/gz_ogre_next_vendor:/opt/ros/jazzy/opt/gz_dartsim_vendor:/opt/ros/jazzy/opt/gz_cmake_vendor:/home/catcyber02/Mobile-Robots-2026-1/ros2_ws/install/uf_ros_lib:/home/catcyber02/Mobile-Robots-2026-1/ros2_ws/install/simple_move:/opt/ros/jazzy DEBUGINFOD_URLS=https://debuginfod.ubuntu.com LD_LIBRARY_PATH=/home/catcyber02/Mobile-Robots-2026-1/install/xarm_sdk/lib:/home/catcyber02/Mobile-Robots-2026-1/install/xarm_msgs/lib:${LD_LIBRARY_PATH} PYTHONPATH=/home/catcyber02/Mobile-Robots-2026-1/install/xarm_msgs/lib/python3.12/site-packages:${PYTHONPATH} /usr/bin/cmake --install /home/catcyber02/Mobile-Robots-2026-1/build/xarm_api
[4.137s] Level 1:colcon.colcon_core.environment:checking '/home/catcyber02/Mobile-Robots-2026-1/install/xarm_api' for CMake config files
[4.138s] Level 1:colcon.colcon_core.shell:create_environment_hook('xarm_api', 'cmake_prefix_path')
[4.139s] INFO:colcon.colcon_core.shell:Creating environment hook '/home/catcyber02/Mobile-Robots-2026-1/install/xarm_api/share/xarm_api/hook/cmake_prefix_path.ps1'
[4.141s] INFO:colcon.colcon_core.shell:Creating environment descriptor '/home/catcyber02/Mobile-Robots-2026-1/install/xarm_api/share/xarm_api/hook/cmake_prefix_path.dsv'
[4.143s] INFO:colcon.colcon_core.shell:Creating environment hook '/home/catcyber02/Mobile-Robots-2026-1/install/xarm_api/share/xarm_api/hook/cmake_prefix_path.sh'
[4.145s] Level 1:colcon.colcon_core.environment:checking '/home/catcyber02/Mobile-Robots-2026-1/install/xarm_api/lib'
[4.145s] Level 1:colcon.colcon_core.shell:create_environment_hook('xarm_api', 'ld_library_path_lib')
[4.146s] INFO:colcon.colcon_core.shell:Creating environment hook '/home/catcyber02/Mobile-Robots-2026-1/install/xarm_api/share/xarm_api/hook/ld_library_path_lib.ps1'
[4.149s] INFO:colcon.colcon_core.shell:Creating environment descriptor '/home/catcyber02/Mobile-Robots-2026-1/install/xarm_api/share/xarm_api/hook/ld_library_path_lib.dsv'
[4.150s] INFO:colcon.colcon_core.shell:Creating environment hook '/home/catcyber02/Mobile-Robots-2026-1/install/xarm_api/share/xarm_api/hook/ld_library_path_lib.sh'
[4.153s] Level 1:colcon.colcon_core.environment:checking '/home/catcyber02/Mobile-Robots-2026-1/install/xarm_api/bin'
[4.154s] Level 1:colcon.colcon_core.environment:checking '/home/catcyber02/Mobile-Robots-2026-1/install/xarm_api/lib/pkgconfig/xarm_api.pc'
[4.155s] Level 1:colcon.colcon_core.environment:checking '/home/catcyber02/Mobile-Robots-2026-1/install/xarm_api/lib/python3.12/site-packages'
[4.156s] Level 1:colcon.colcon_core.environment:checking '/home/catcyber02/Mobile-Robots-2026-1/install/xarm_api/bin'
[4.158s] INFO:colcon.colcon_core.shell:Creating package script '/home/catcyber02/Mobile-Robots-2026-1/install/xarm_api/share/xarm_api/package.ps1'
[4.160s] INFO:colcon.colcon_core.shell:Creating package descriptor '/home/catcyber02/Mobile-Robots-2026-1/install/xarm_api/share/xarm_api/package.dsv'
[4.162s] INFO:colcon.colcon_core.shell:Creating package script '/home/catcyber02/Mobile-Robots-2026-1/install/xarm_api/share/xarm_api/package.sh'
[4.164s] INFO:colcon.colcon_core.shell:Creating package script '/home/catcyber02/Mobile-Robots-2026-1/install/xarm_api/share/xarm_api/package.bash'
[4.166s] INFO:colcon.colcon_core.shell:Creating package script '/home/catcyber02/Mobile-Robots-2026-1/install/xarm_api/share/xarm_api/package.zsh'
[4.168s] Level 1:colcon.colcon_core.environment:create_file_with_runtime_dependencies(/home/catcyber02/Mobile-Robots-2026-1/install/xarm_api/share/colcon-core/packages/xarm_api)
[4.169s] Level 1:colcon.colcon_core.environment:create_environment_scripts_only(xarm_api)
[4.170s] Level 1:colcon.colcon_core.environment:checking '/home/catcyber02/Mobile-Robots-2026-1/install/xarm_api' for CMake module files
[4.172s] Level 1:colcon.colcon_core.environment:checking '/home/catcyber02/Mobile-Robots-2026-1/install/xarm_api' for CMake config files
[4.173s] Level 1:colcon.colcon_core.shell:create_environment_hook('xarm_api', 'cmake_prefix_path')
[4.174s] INFO:colcon.colcon_core.shell:Creating environment hook '/home/catcyber02/Mobile-Robots-2026-1/install/xarm_api/share/xarm_api/hook/cmake_prefix_path.ps1'
[4.175s] INFO:colcon.colcon_core.shell:Creating environment descriptor '/home/catcyber02/Mobile-Robots-2026-1/install/xarm_api/share/xarm_api/hook/cmake_prefix_path.dsv'
[4.177s] INFO:colcon.colcon_core.shell:Creating environment hook '/home/catcyber02/Mobile-Robots-2026-1/install/xarm_api/share/xarm_api/hook/cmake_prefix_path.sh'
[4.180s] Level 1:colcon.colcon_core.environment:checking '/home/catcyber02/Mobile-Robots-2026-1/install/xarm_api/lib'
[4.180s] Level 1:colcon.colcon_core.shell:create_environment_hook('xarm_api', 'ld_library_path_lib')
[4.181s] INFO:colcon.colcon_core.shell:Creating environment hook '/home/catcyber02/Mobile-Robots-2026-1/install/xarm_api/share/xarm_api/hook/ld_library_path_lib.ps1'
[4.183s] INFO:colcon.colcon_core.shell:Creating environment descriptor '/home/catcyber02/Mobile-Robots-2026-1/install/xarm_api/share/xarm_api/hook/ld_library_path_lib.dsv'
[4.185s] INFO:colcon.colcon_core.shell:Creating environment hook '/home/catcyber02/Mobile-Robots-2026-1/install/xarm_api/share/xarm_api/hook/ld_library_path_lib.sh'
[4.186s] Level 1:colcon.colcon_core.environment:checking '/home/catcyber02/Mobile-Robots-2026-1/install/xarm_api/bin'
[4.187s] Level 1:colcon.colcon_core.environment:checking '/home/catcyber02/Mobile-Robots-2026-1/install/xarm_api/lib/pkgconfig/xarm_api.pc'
[4.187s] Level 1:colcon.colcon_core.environment:checking '/home/catcyber02/Mobile-Robots-2026-1/install/xarm_api/lib/python3.12/site-packages'
[4.188s] Level 1:colcon.colcon_core.environment:checking '/home/catcyber02/Mobile-Robots-2026-1/install/xarm_api/bin'
[4.188s] INFO:colcon.colcon_core.shell:Creating package script '/home/catcyber02/Mobile-Robots-2026-1/install/xarm_api/share/xarm_api/package.ps1'
[4.190s] INFO:colcon.colcon_core.shell:Creating package descriptor '/home/catcyber02/Mobile-Robots-2026-1/install/xarm_api/share/xarm_api/package.dsv'
[4.192s] INFO:colcon.colcon_core.shell:Creating package script '/home/catcyber02/Mobile-Robots-2026-1/install/xarm_api/share/xarm_api/package.sh'
[4.193s] INFO:colcon.colcon_core.shell:Creating package script '/home/catcyber02/Mobile-Robots-2026-1/install/xarm_api/share/xarm_api/package.bash'
[4.195s] INFO:colcon.colcon_core.shell:Creating package script '/home/catcyber02/Mobile-Robots-2026-1/install/xarm_api/share/xarm_api/package.zsh'
[4.196s] Level 1:colcon.colcon_core.environment:create_file_with_runtime_dependencies(/home/catcyber02/Mobile-Robots-2026-1/install/xarm_api/share/colcon-core/packages/xarm_api)
[4.197s] INFO:colcon.colcon_ros.task.ament_cmake.build:Building ROS package in '/home/catcyber02/Mobile-Robots-2026-1/ros2_ws/src/hardware/xarm_ros2/xarm_controller' with build type 'ament_cmake'
[4.198s] INFO:colcon.colcon_cmake.task.cmake.build:Building CMake package in '/home/catcyber02/Mobile-Robots-2026-1/ros2_ws/src/hardware/xarm_ros2/xarm_controller'
[4.198s] INFO:colcon.colcon_core.shell:Skip shell extension 'powershell' for command environment: Not usable outside of PowerShell
[4.198s] DEBUG:colcon.colcon_core.shell:Skip shell extension 'dsv' for command environment
[4.257s] DEBUG:colcon.colcon_core.event_handler.log_command:Invoking command in '/home/catcyber02/Mobile-Robots-2026-1/build/xarm_controller': AMENT_PREFIX_PATH=/home/catcyber02/Mobile-Robots-2026-1/install/xarm_api:/home/catcyber02/Mobile-Robots-2026-1/install/xarm_sdk:/home/catcyber02/Mobile-Robots-2026-1/install/xarm_msgs:/home/catcyber02/Mobile-Robots-2026-1/install/xarm_description:${AMENT_PREFIX_PATH} CMAKE_PREFIX_PATH=/home/catcyber02/Mobile-Robots-2026-1/install/xarm_api:/home/catcyber02/Mobile-Robots-2026-1/install/xarm_sdk:/home/catcyber02/Mobile-Robots-2026-1/install/xarm_msgs:/home/catcyber02/Mobile-Robots-2026-1/install/xarm_description:/home/catcyber02/Mobile-Robots-2026-1/ros2_ws/install/xarm_controller:/home/catcyber02/Mobile-Robots-2026-1/ros2_ws/install/xarm_api:/home/catcyber02/Mobile-Robots-2026-1/ros2_ws/install/xarm_sdk:/home/catcyber02/Mobile-Robots-2026-1/ros2_ws/install/xarm_msgs:/home/catcyber02/Mobile-Robots-2026-1/ros2_ws/install/xarm_description:/home/catcyber02/Mobile-Robots-2026-1/ros2_ws/install/justina_gui:/home/catcyber02/Mobile-Robots-2026-1/ros2_ws/install/justina_description:/home/catcyber02/Mobile-Robots-2026-1/ros2_ws/install/gazebo_envs:/home/catcyber02/Mobile-Robots-2026-1/ros2_ws/install/config_files:/opt/ros/jazzy/opt/gz_sim_vendor:/opt/ros/jazzy/opt/gz_sensors_vendor:/opt/ros/jazzy/opt/gz_physics_vendor:/opt/ros/jazzy/opt/sdformat_vendor:/opt/ros/jazzy/opt/gz_gui_vendor:/opt/ros/jazzy/opt/gz_transport_vendor:/opt/ros/jazzy/opt/gz_rendering_vendor:/opt/ros/jazzy/opt/gz_plugin_vendor:/opt/ros/jazzy/opt/gz_fuel_tools_vendor:/opt/ros/jazzy/opt/gz_msgs_vendor:/opt/ros/jazzy/opt/gz_common_vendor:/opt/ros/jazzy/opt/gz_math_vendor:/opt/ros/jazzy/opt/gz_utils_vendor:/opt/ros/jazzy/opt/gz_tools_vendor:/opt/ros/jazzy/opt/gz_ogre_next_vendor:/opt/ros/jazzy/opt/gz_dartsim_vendor:/opt/ros/jazzy/opt/gz_cmake_vendor:/home/catcyber02/Mobile-Robots-2026-1/ros2_ws/install/uf_ros_lib:/home/catcyber02/Mobile-Robots-2026-1/ros2_ws/install/simple_move:/opt/ros/jazzy DEBUGINFOD_URLS=https://debuginfod.ubuntu.com LD_LIBRARY_PATH=/home/catcyber02/Mobile-Robots-2026-1/install/xarm_api/lib:/home/catcyber02/Mobile-Robots-2026-1/install/xarm_sdk/lib:/home/catcyber02/Mobile-Robots-2026-1/install/xarm_msgs/lib:${LD_LIBRARY_PATH} PYTHONPATH=/home/catcyber02/Mobile-Robots-2026-1/install/xarm_msgs/lib/python3.12/site-packages:${PYTHONPATH} /usr/bin/cmake --build /home/catcyber02/Mobile-Robots-2026-1/build/xarm_controller -- -j8 -l8
[4.479s] DEBUG:colcon.colcon_core.event_handler.log_command:Invoked command in '/home/catcyber02/Mobile-Robots-2026-1/build/xarm_controller' returned '0': AMENT_PREFIX_PATH=/home/catcyber02/Mobile-Robots-2026-1/install/xarm_api:/home/catcyber02/Mobile-Robots-2026-1/install/xarm_sdk:/home/catcyber02/Mobile-Robots-2026-1/install/xarm_msgs:/home/catcyber02/Mobile-Robots-2026-1/install/xarm_description:${AMENT_PREFIX_PATH} CMAKE_PREFIX_PATH=/home/catcyber02/Mobile-Robots-2026-1/install/xarm_api:/home/catcyber02/Mobile-Robots-2026-1/install/xarm_sdk:/home/catcyber02/Mobile-Robots-2026-1/install/xarm_msgs:/home/catcyber02/Mobile-Robots-2026-1/install/xarm_description:/home/catcyber02/Mobile-Robots-2026-1/ros2_ws/install/xarm_controller:/home/catcyber02/Mobile-Robots-2026-1/ros2_ws/install/xarm_api:/home/catcyber02/Mobile-Robots-2026-1/ros2_ws/install/xarm_sdk:/home/catcyber02/Mobile-Robots-2026-1/ros2_ws/install/xarm_msgs:/home/catcyber02/Mobile-Robots-2026-1/ros2_ws/install/xarm_description:/home/catcyber02/Mobile-Robots-2026-1/ros2_ws/install/justina_gui:/home/catcyber02/Mobile-Robots-2026-1/ros2_ws/install/justina_description:/home/catcyber02/Mobile-Robots-2026-1/ros2_ws/install/gazebo_envs:/home/catcyber02/Mobile-Robots-2026-1/ros2_ws/install/config_files:/opt/ros/jazzy/opt/gz_sim_vendor:/opt/ros/jazzy/opt/gz_sensors_vendor:/opt/ros/jazzy/opt/gz_physics_vendor:/opt/ros/jazzy/opt/sdformat_vendor:/opt/ros/jazzy/opt/gz_gui_vendor:/opt/ros/jazzy/opt/gz_transport_vendor:/opt/ros/jazzy/opt/gz_rendering_vendor:/opt/ros/jazzy/opt/gz_plugin_vendor:/opt/ros/jazzy/opt/gz_fuel_tools_vendor:/opt/ros/jazzy/opt/gz_msgs_vendor:/opt/ros/jazzy/opt/gz_common_vendor:/opt/ros/jazzy/opt/gz_math_vendor:/opt/ros/jazzy/opt/gz_utils_vendor:/opt/ros/jazzy/opt/gz_tools_vendor:/opt/ros/jazzy/opt/gz_ogre_next_vendor:/opt/ros/jazzy/opt/gz_dartsim_vendor:/opt/ros/jazzy/opt/gz_cmake_vendor:/home/catcyber02/Mobile-Robots-2026-1/ros2_ws/install/uf_ros_lib:/home/catcyber02/Mobile-Robots-2026-1/ros2_ws/install/simple_move:/opt/ros/jazzy DEBUGINFOD_URLS=https://debuginfod.ubuntu.com LD_LIBRARY_PATH=/home/catcyber02/Mobile-Robots-2026-1/install/xarm_api/lib:/home/catcyber02/Mobile-Robots-2026-1/install/xarm_sdk/lib:/home/catcyber02/Mobile-Robots-2026-1/install/xarm_msgs/lib:${LD_LIBRARY_PATH} PYTHONPATH=/home/catcyber02/Mobile-Robots-2026-1/install/xarm_msgs/lib/python3.12/site-packages:${PYTHONPATH} /usr/bin/cmake --build /home/catcyber02/Mobile-Robots-2026-1/build/xarm_controller -- -j8 -l8
[4.482s] DEBUG:colcon.colcon_core.event_handler.log_command:Invoking command in '/home/catcyber02/Mobile-Robots-2026-1/build/xarm_controller': AMENT_PREFIX_PATH=/home/catcyber02/Mobile-Robots-2026-1/install/xarm_api:/home/catcyber02/Mobile-Robots-2026-1/install/xarm_sdk:/home/catcyber02/Mobile-Robots-2026-1/install/xarm_msgs:/home/catcyber02/Mobile-Robots-2026-1/install/xarm_description:${AMENT_PREFIX_PATH} CMAKE_PREFIX_PATH=/home/catcyber02/Mobile-Robots-2026-1/install/xarm_api:/home/catcyber02/Mobile-Robots-2026-1/install/xarm_sdk:/home/catcyber02/Mobile-Robots-2026-1/install/xarm_msgs:/home/catcyber02/Mobile-Robots-2026-1/install/xarm_description:/home/catcyber02/Mobile-Robots-2026-1/ros2_ws/install/xarm_controller:/home/catcyber02/Mobile-Robots-2026-1/ros2_ws/install/xarm_api:/home/catcyber02/Mobile-Robots-2026-1/ros2_ws/install/xarm_sdk:/home/catcyber02/Mobile-Robots-2026-1/ros2_ws/install/xarm_msgs:/home/catcyber02/Mobile-Robots-2026-1/ros2_ws/install/xarm_description:/home/catcyber02/Mobile-Robots-2026-1/ros2_ws/install/justina_gui:/home/catcyber02/Mobile-Robots-2026-1/ros2_ws/install/justina_description:/home/catcyber02/Mobile-Robots-2026-1/ros2_ws/install/gazebo_envs:/home/catcyber02/Mobile-Robots-2026-1/ros2_ws/install/config_files:/opt/ros/jazzy/opt/gz_sim_vendor:/opt/ros/jazzy/opt/gz_sensors_vendor:/opt/ros/jazzy/opt/gz_physics_vendor:/opt/ros/jazzy/opt/sdformat_vendor:/opt/ros/jazzy/opt/gz_gui_vendor:/opt/ros/jazzy/opt/gz_transport_vendor:/opt/ros/jazzy/opt/gz_rendering_vendor:/opt/ros/jazzy/opt/gz_plugin_vendor:/opt/ros/jazzy/opt/gz_fuel_tools_vendor:/opt/ros/jazzy/opt/gz_msgs_vendor:/opt/ros/jazzy/opt/gz_common_vendor:/opt/ros/jazzy/opt/gz_math_vendor:/opt/ros/jazzy/opt/gz_utils_vendor:/opt/ros/jazzy/opt/gz_tools_vendor:/opt/ros/jazzy/opt/gz_ogre_next_vendor:/opt/ros/jazzy/opt/gz_dartsim_vendor:/opt/ros/jazzy/opt/gz_cmake_vendor:/home/catcyber02/Mobile-Robots-2026-1/ros2_ws/install/uf_ros_lib:/home/catcyber02/Mobile-Robots-2026-1/ros2_ws/install/simple_move:/opt/ros/jazzy DEBUGINFOD_URLS=https://debuginfod.ubuntu.com LD_LIBRARY_PATH=/home/catcyber02/Mobile-Robots-2026-1/install/xarm_api/lib:/home/catcyber02/Mobile-Robots-2026-1/install/xarm_sdk/lib:/home/catcyber02/Mobile-Robots-2026-1/install/xarm_msgs/lib:${LD_LIBRARY_PATH} PYTHONPATH=/home/catcyber02/Mobile-Robots-2026-1/install/xarm_msgs/lib/python3.12/site-packages:${PYTHONPATH} /usr/bin/cmake --install /home/catcyber02/Mobile-Robots-2026-1/build/xarm_controller
[4.520s] Level 1:colcon.colcon_core.environment:create_environment_scripts_only(xarm_controller)
[4.521s] Level 1:colcon.colcon_core.environment:checking '/home/catcyber02/Mobile-Robots-2026-1/install/xarm_controller' for CMake module files
[4.523s] DEBUG:colcon.colcon_core.event_handler.log_command:Invoked command in '/home/catcyber02/Mobile-Robots-2026-1/build/xarm_controller' returned '0': AMENT_PREFIX_PATH=/home/catcyber02/Mobile-Robots-2026-1/install/xarm_api:/home/catcyber02/Mobile-Robots-2026-1/install/xarm_sdk:/home/catcyber02/Mobile-Robots-2026-1/install/xarm_msgs:/home/catcyber02/Mobile-Robots-2026-1/install/xarm_description:${AMENT_PREFIX_PATH} CMAKE_PREFIX_PATH=/home/catcyber02/Mobile-Robots-2026-1/install/xarm_api:/home/catcyber02/Mobile-Robots-2026-1/install/xarm_sdk:/home/catcyber02/Mobile-Robots-2026-1/install/xarm_msgs:/home/catcyber02/Mobile-Robots-2026-1/install/xarm_description:/home/catcyber02/Mobile-Robots-2026-1/ros2_ws/install/xarm_controller:/home/catcyber02/Mobile-Robots-2026-1/ros2_ws/install/xarm_api:/home/catcyber02/Mobile-Robots-2026-1/ros2_ws/install/xarm_sdk:/home/catcyber02/Mobile-Robots-2026-1/ros2_ws/install/xarm_msgs:/home/catcyber02/Mobile-Robots-2026-1/ros2_ws/install/xarm_description:/home/catcyber02/Mobile-Robots-2026-1/ros2_ws/install/justina_gui:/home/catcyber02/Mobile-Robots-2026-1/ros2_ws/install/justina_description:/home/catcyber02/Mobile-Robots-2026-1/ros2_ws/install/gazebo_envs:/home/catcyber02/Mobile-Robots-2026-1/ros2_ws/install/config_files:/opt/ros/jazzy/opt/gz_sim_vendor:/opt/ros/jazzy/opt/gz_sensors_vendor:/opt/ros/jazzy/opt/gz_physics_vendor:/opt/ros/jazzy/opt/sdformat_vendor:/opt/ros/jazzy/opt/gz_gui_vendor:/opt/ros/jazzy/opt/gz_transport_vendor:/opt/ros/jazzy/opt/gz_rendering_vendor:/opt/ros/jazzy/opt/gz_plugin_vendor:/opt/ros/jazzy/opt/gz_fuel_tools_vendor:/opt/ros/jazzy/opt/gz_msgs_vendor:/opt/ros/jazzy/opt/gz_common_vendor:/opt/ros/jazzy/opt/gz_math_vendor:/opt/ros/jazzy/opt/gz_utils_vendor:/opt/ros/jazzy/opt/gz_tools_vendor:/opt/ros/jazzy/opt/gz_ogre_next_vendor:/opt/ros/jazzy/opt/gz_dartsim_vendor:/opt/ros/jazzy/opt/gz_cmake_vendor:/home/catcyber02/Mobile-Robots-2026-1/ros2_ws/install/uf_ros_lib:/home/catcyber02/Mobile-Robots-2026-1/ros2_ws/install/simple_move:/opt/ros/jazzy DEBUGINFOD_URLS=https://debuginfod.ubuntu.com LD_LIBRARY_PATH=/home/catcyber02/Mobile-Robots-2026-1/install/xarm_api/lib:/home/catcyber02/Mobile-Robots-2026-1/install/xarm_sdk/lib:/home/catcyber02/Mobile-Robots-2026-1/install/xarm_msgs/lib:${LD_LIBRARY_PATH} PYTHONPATH=/home/catcyber02/Mobile-Robots-2026-1/install/xarm_msgs/lib/python3.12/site-packages:${PYTHONPATH} /usr/bin/cmake --install /home/catcyber02/Mobile-Robots-2026-1/build/xarm_controller
[4.525s] Level 1:colcon.colcon_core.environment:checking '/home/catcyber02/Mobile-Robots-2026-1/install/xarm_controller' for CMake config files
[4.526s] Level 1:colcon.colcon_core.shell:create_environment_hook('xarm_controller', 'cmake_prefix_path')
[4.527s] INFO:colcon.colcon_core.shell:Creating environment hook '/home/catcyber02/Mobile-Robots-2026-1/install/xarm_controller/share/xarm_controller/hook/cmake_prefix_path.ps1'
[4.529s] INFO:colcon.colcon_core.shell:Creating environment descriptor '/home/catcyber02/Mobile-Robots-2026-1/install/xarm_controller/share/xarm_controller/hook/cmake_prefix_path.dsv'
[4.530s] INFO:colcon.colcon_core.shell:Creating environment hook '/home/catcyber02/Mobile-Robots-2026-1/install/xarm_controller/share/xarm_controller/hook/cmake_prefix_path.sh'
[4.533s] Level 1:colcon.colcon_core.environment:checking '/home/catcyber02/Mobile-Robots-2026-1/install/xarm_controller/lib'
[4.533s] Level 1:colcon.colcon_core.shell:create_environment_hook('xarm_controller', 'ld_library_path_lib')
[4.534s] INFO:colcon.colcon_core.shell:Creating environment hook '/home/catcyber02/Mobile-Robots-2026-1/install/xarm_controller/share/xarm_controller/hook/ld_library_path_lib.ps1'
[4.536s] INFO:colcon.colcon_core.shell:Creating environment descriptor '/home/catcyber02/Mobile-Robots-2026-1/install/xarm_controller/share/xarm_controller/hook/ld_library_path_lib.dsv'
[4.538s] INFO:colcon.colcon_core.shell:Creating environment hook '/home/catcyber02/Mobile-Robots-2026-1/install/xarm_controller/share/xarm_controller/hook/ld_library_path_lib.sh'
[4.540s] Level 1:colcon.colcon_core.environment:checking '/home/catcyber02/Mobile-Robots-2026-1/install/xarm_controller/bin'
[4.541s] Level 1:colcon.colcon_core.environment:checking '/home/catcyber02/Mobile-Robots-2026-1/install/xarm_controller/lib/pkgconfig/xarm_controller.pc'
[4.542s] Level 1:colcon.colcon_core.environment:checking '/home/catcyber02/Mobile-Robots-2026-1/install/xarm_controller/lib/python3.12/site-packages'
[4.543s] Level 1:colcon.colcon_core.environment:checking '/home/catcyber02/Mobile-Robots-2026-1/install/xarm_controller/bin'
[4.544s] INFO:colcon.colcon_core.shell:Creating package script '/home/catcyber02/Mobile-Robots-2026-1/install/xarm_controller/share/xarm_controller/package.ps1'
[4.546s] INFO:colcon.colcon_core.shell:Creating package descriptor '/home/catcyber02/Mobile-Robots-2026-1/install/xarm_controller/share/xarm_controller/package.dsv'
[4.548s] INFO:colcon.colcon_core.shell:Creating package script '/home/catcyber02/Mobile-Robots-2026-1/install/xarm_controller/share/xarm_controller/package.sh'
[4.550s] INFO:colcon.colcon_core.shell:Creating package script '/home/catcyber02/Mobile-Robots-2026-1/install/xarm_controller/share/xarm_controller/package.bash'
[4.552s] INFO:colcon.colcon_core.shell:Creating package script '/home/catcyber02/Mobile-Robots-2026-1/install/xarm_controller/share/xarm_controller/package.zsh'
[4.553s] Level 1:colcon.colcon_core.environment:create_file_with_runtime_dependencies(/home/catcyber02/Mobile-Robots-2026-1/install/xarm_controller/share/colcon-core/packages/xarm_controller)
[4.555s] Level 1:colcon.colcon_core.environment:create_environment_scripts_only(xarm_controller)
[4.555s] Level 1:colcon.colcon_core.environment:checking '/home/catcyber02/Mobile-Robots-2026-1/install/xarm_controller' for CMake module files
[4.557s] Level 1:colcon.colcon_core.environment:checking '/home/catcyber02/Mobile-Robots-2026-1/install/xarm_controller' for CMake config files
[4.558s] Level 1:colcon.colcon_core.shell:create_environment_hook('xarm_controller', 'cmake_prefix_path')
[4.558s] INFO:colcon.colcon_core.shell:Creating environment hook '/home/catcyber02/Mobile-Robots-2026-1/install/xarm_controller/share/xarm_controller/hook/cmake_prefix_path.ps1'
[4.559s] INFO:colcon.colcon_core.shell:Creating environment descriptor '/home/catcyber02/Mobile-Robots-2026-1/install/xarm_controller/share/xarm_controller/hook/cmake_prefix_path.dsv'
[4.561s] INFO:colcon.colcon_core.shell:Creating environment hook '/home/catcyber02/Mobile-Robots-2026-1/install/xarm_controller/share/xarm_controller/hook/cmake_prefix_path.sh'
[4.563s] Level 1:colcon.colcon_core.environment:checking '/home/catcyber02/Mobile-Robots-2026-1/install/xarm_controller/lib'
[4.563s] Level 1:colcon.colcon_core.shell:create_environment_hook('xarm_controller', 'ld_library_path_lib')
[4.563s] INFO:colcon.colcon_core.shell:Creating environment hook '/home/catcyber02/Mobile-Robots-2026-1/install/xarm_controller/share/xarm_controller/hook/ld_library_path_lib.ps1'
[4.565s] INFO:colcon.colcon_core.shell:Creating environment descriptor '/home/catcyber02/Mobile-Robots-2026-1/install/xarm_controller/share/xarm_controller/hook/ld_library_path_lib.dsv'
[4.566s] INFO:colcon.colcon_core.shell:Creating environment hook '/home/catcyber02/Mobile-Robots-2026-1/install/xarm_controller/share/xarm_controller/hook/ld_library_path_lib.sh'
[4.567s] Level 1:colcon.colcon_core.environment:checking '/home/catcyber02/Mobile-Robots-2026-1/install/xarm_controller/bin'
[4.568s] Level 1:colcon.colcon_core.environment:checking '/home/catcyber02/Mobile-Robots-2026-1/install/xarm_controller/lib/pkgconfig/xarm_controller.pc'
[4.568s] Level 1:colcon.colcon_core.environment:checking '/home/catcyber02/Mobile-Robots-2026-1/install/xarm_controller/lib/python3.12/site-packages'
[4.569s] Level 1:colcon.colcon_core.environment:checking '/home/catcyber02/Mobile-Robots-2026-1/install/xarm_controller/bin'
[4.570s] INFO:colcon.colcon_core.shell:Creating package script '/home/catcyber02/Mobile-Robots-2026-1/install/xarm_controller/share/xarm_controller/package.ps1'
[4.571s] INFO:colcon.colcon_core.shell:Creating package descriptor '/home/catcyber02/Mobile-Robots-2026-1/install/xarm_controller/share/xarm_controller/package.dsv'
[4.573s] INFO:colcon.colcon_core.shell:Creating package script '/home/catcyber02/Mobile-Robots-2026-1/install/xarm_controller/share/xarm_controller/package.sh'
[4.575s] INFO:colcon.colcon_core.shell:Creating package script '/home/catcyber02/Mobile-Robots-2026-1/install/xarm_controller/share/xarm_controller/package.bash'
[4.576s] INFO:colcon.colcon_core.shell:Creating package script '/home/catcyber02/Mobile-Robots-2026-1/install/xarm_controller/share/xarm_controller/package.zsh'
[4.578s] Level 1:colcon.colcon_core.environment:create_file_with_runtime_dependencies(/home/catcyber02/Mobile-Robots-2026-1/install/xarm_controller/share/colcon-core/packages/xarm_controller)
[5.015s] Level 1:colcon.colcon_core.environment:checking '/home/catcyber02/Mobile-Robots-2026-1/install/map_augmenter' for CMake module files
[5.016s] DEBUG:colcon.colcon_core.event_handler.log_command:Invoked command in '/home/catcyber02/Mobile-Robots-2026-1/ros2_ws/src/navigation/map_augmenter' returned '0': DEBUGINFOD_URLS=https://debuginfod.ubuntu.com PYTHONPATH=/home/catcyber02/Mobile-Robots-2026-1/build/map_augmenter/prefix_override:/usr/lib/python3/dist-packages/colcon_core/task/python/colcon_distutils_commands:/home/catcyber02/Mobile-Robots-2026-1/install/map_augmenter/lib/python3.12/site-packages:${PYTHONPATH} /usr/bin/python3 -W ignore:setup.py install is deprecated -W ignore:easy_install command is deprecated setup.py egg_info --egg-base ../../../../build/map_augmenter build --build-base /home/catcyber02/Mobile-Robots-2026-1/build/map_augmenter/build install --record /home/catcyber02/Mobile-Robots-2026-1/build/map_augmenter/install.log --single-version-externally-managed install_data
[5.018s] Level 1:colcon.colcon_core.environment:checking '/home/catcyber02/Mobile-Robots-2026-1/install/map_augmenter' for CMake config files
[5.023s] Level 1:colcon.colcon_core.environment:checking '/home/catcyber02/Mobile-Robots-2026-1/install/map_augmenter/lib'
[5.024s] Level 1:colcon.colcon_core.environment:checking '/home/catcyber02/Mobile-Robots-2026-1/install/map_augmenter/bin'
[5.025s] Level 1:colcon.colcon_core.environment:checking '/home/catcyber02/Mobile-Robots-2026-1/install/map_augmenter/lib/pkgconfig/map_augmenter.pc'
[5.027s] Level 1:colcon.colcon_core.environment:checking '/home/catcyber02/Mobile-Robots-2026-1/install/map_augmenter/lib/python3.12/site-packages'
[5.027s] Level 1:colcon.colcon_core.shell:create_environment_hook('map_augmenter', 'pythonpath')
[5.029s] INFO:colcon.colcon_core.shell:Creating environment hook '/home/catcyber02/Mobile-Robots-2026-1/install/map_augmenter/share/map_augmenter/hook/pythonpath.ps1'
[5.033s] INFO:colcon.colcon_core.shell:Creating environment descriptor '/home/catcyber02/Mobile-Robots-2026-1/install/map_augmenter/share/map_augmenter/hook/pythonpath.dsv'
[5.034s] INFO:colcon.colcon_core.shell:Creating environment hook '/home/catcyber02/Mobile-Robots-2026-1/install/map_augmenter/share/map_augmenter/hook/pythonpath.sh'
[5.036s] Level 1:colcon.colcon_core.environment:checking '/home/catcyber02/Mobile-Robots-2026-1/install/map_augmenter/bin'
[5.036s] Level 1:colcon.colcon_core.environment:create_environment_scripts_only(map_augmenter)
[5.037s] INFO:colcon.colcon_core.shell:Creating package script '/home/catcyber02/Mobile-Robots-2026-1/install/map_augmenter/share/map_augmenter/package.ps1'
[5.039s] INFO:colcon.colcon_core.shell:Creating package descriptor '/home/catcyber02/Mobile-Robots-2026-1/install/map_augmenter/share/map_augmenter/package.dsv'
[5.041s] INFO:colcon.colcon_core.shell:Creating package script '/home/catcyber02/Mobile-Robots-2026-1/install/map_augmenter/share/map_augmenter/package.sh'
[5.044s] INFO:colcon.colcon_core.shell:Creating package script '/home/catcyber02/Mobile-Robots-2026-1/install/map_augmenter/share/map_augmenter/package.bash'
[5.046s] INFO:colcon.colcon_core.shell:Creating package script '/home/catcyber02/Mobile-Robots-2026-1/install/map_augmenter/share/map_augmenter/package.zsh'
[5.050s] Level 1:colcon.colcon_core.environment:create_file_with_runtime_dependencies(/home/catcyber02/Mobile-Robots-2026-1/install/map_augmenter/share/colcon-core/packages/map_augmenter)
[5.158s] DEBUG:colcon.colcon_core.event_handler.log_command:Invoking command in '/home/catcyber02/Mobile-Robots-2026-1/ros2_ws/src/navigation/simple_move': DEBUGINFOD_URLS=https://debuginfod.ubuntu.com PYTHONPATH=/home/catcyber02/Mobile-Robots-2026-1/build/simple_move/prefix_override:/usr/lib/python3/dist-packages/colcon_core/task/python/colcon_distutils_commands:/home/catcyber02/Mobile-Robots-2026-1/install/simple_move/lib/python3.12/site-packages:${PYTHONPATH} /usr/bin/python3 -W ignore:setup.py install is deprecated -W ignore:easy_install command is deprecated setup.py egg_info --egg-base ../../../../build/simple_move build --build-base /home/catcyber02/Mobile-Robots-2026-1/build/simple_move/build install --record /home/catcyber02/Mobile-Robots-2026-1/build/simple_move/install.log --single-version-externally-managed install_data
[5.357s] DEBUG:colcon.colcon_core.event_handler.log_command:Invoking command in '/home/catcyber02/Mobile-Robots-2026-1/ros2_ws/src/navigation/path_planner': DEBUGINFOD_URLS=https://debuginfod.ubuntu.com PYTHONPATH=/home/catcyber02/Mobile-Robots-2026-1/build/path_planner/prefix_override:/usr/lib/python3/dist-packages/colcon_core/task/python/colcon_distutils_commands:/home/catcyber02/Mobile-Robots-2026-1/install/path_planner/lib/python3.12/site-packages:${PYTHONPATH} /usr/bin/python3 -W ignore:setup.py install is deprecated -W ignore:easy_install command is deprecated setup.py egg_info --egg-base ../../../../build/path_planner build --build-base /home/catcyber02/Mobile-Robots-2026-1/build/path_planner/build install --record /home/catcyber02/Mobile-Robots-2026-1/build/path_planner/install.log --single-version-externally-managed install_data
[5.438s] DEBUG:colcon.colcon_core.event_handler.log_command:Invoking command in '/home/catcyber02/Mobile-Robots-2026-1/ros2_ws/src/hardware/xarm_ros2/uf_ros_lib': DEBUGINFOD_URLS=https://debuginfod.ubuntu.com PYTHONPATH=/home/catcyber02/Mobile-Robots-2026-1/build/uf_ros_lib/prefix_override:/usr/lib/python3/dist-packages/colcon_core/task/python/colcon_distutils_commands:/home/catcyber02/Mobile-Robots-2026-1/install/uf_ros_lib/lib/python3.12/site-packages:${PYTHONPATH} /usr/bin/python3 -W ignore:setup.py install is deprecated -W ignore:easy_install command is deprecated setup.py egg_info --egg-base ../../../../../build/uf_ros_lib build --build-base /home/catcyber02/Mobile-Robots-2026-1/build/uf_ros_lib/build install --record /home/catcyber02/Mobile-Robots-2026-1/build/uf_ros_lib/install.log --single-version-externally-managed install_data
[6.382s] Level 1:colcon.colcon_core.environment:checking '/home/catcyber02/Mobile-Robots-2026-1/install/simple_move' for CMake module files
[6.383s] DEBUG:colcon.colcon_core.event_handler.log_command:Invoked command in '/home/catcyber02/Mobile-Robots-2026-1/ros2_ws/src/navigation/simple_move' returned '0': DEBUGINFOD_URLS=https://debuginfod.ubuntu.com PYTHONPATH=/home/catcyber02/Mobile-Robots-2026-1/build/simple_move/prefix_override:/usr/lib/python3/dist-packages/colcon_core/task/python/colcon_distutils_commands:/home/catcyber02/Mobile-Robots-2026-1/install/simple_move/lib/python3.12/site-packages:${PYTHONPATH} /usr/bin/python3 -W ignore:setup.py install is deprecated -W ignore:easy_install command is deprecated setup.py egg_info --egg-base ../../../../build/simple_move build --build-base /home/catcyber02/Mobile-Robots-2026-1/build/simple_move/build install --record /home/catcyber02/Mobile-Robots-2026-1/build/simple_move/install.log --single-version-externally-managed install_data
[6.384s] Level 1:colcon.colcon_core.environment:checking '/home/catcyber02/Mobile-Robots-2026-1/install/simple_move' for CMake config files
[6.385s] Level 1:colcon.colcon_core.environment:checking '/home/catcyber02/Mobile-Robots-2026-1/install/simple_move/lib'
[6.385s] Level 1:colcon.colcon_core.environment:checking '/home/catcyber02/Mobile-Robots-2026-1/install/simple_move/bin'
[6.385s] Level 1:colcon.colcon_core.environment:checking '/home/catcyber02/Mobile-Robots-2026-1/install/simple_move/lib/pkgconfig/simple_move.pc'
[6.386s] Level 1:colcon.colcon_core.environment:checking '/home/catcyber02/Mobile-Robots-2026-1/install/simple_move/lib/python3.12/site-packages'
[6.386s] Level 1:colcon.colcon_core.shell:create_environment_hook('simple_move', 'pythonpath')
[6.386s] INFO:colcon.colcon_core.shell:Creating environment hook '/home/catcyber02/Mobile-Robots-2026-1/install/simple_move/share/simple_move/hook/pythonpath.ps1'
[6.387s] INFO:colcon.colcon_core.shell:Creating environment descriptor '/home/catcyber02/Mobile-Robots-2026-1/install/simple_move/share/simple_move/hook/pythonpath.dsv'
[6.388s] INFO:colcon.colcon_core.shell:Creating environment hook '/home/catcyber02/Mobile-Robots-2026-1/install/simple_move/share/simple_move/hook/pythonpath.sh'
[6.389s] Level 1:colcon.colcon_core.environment:checking '/home/catcyber02/Mobile-Robots-2026-1/install/simple_move/bin'
[6.390s] Level 1:colcon.colcon_core.environment:create_environment_scripts_only(simple_move)
[6.390s] INFO:colcon.colcon_core.shell:Creating package script '/home/catcyber02/Mobile-Robots-2026-1/install/simple_move/share/simple_move/package.ps1'
[6.391s] INFO:colcon.colcon_core.shell:Creating package descriptor '/home/catcyber02/Mobile-Robots-2026-1/install/simple_move/share/simple_move/package.dsv'
[6.392s] INFO:colcon.colcon_core.shell:Creating package script '/home/catcyber02/Mobile-Robots-2026-1/install/simple_move/share/simple_move/package.sh'
[6.393s] INFO:colcon.colcon_core.shell:Creating package script '/home/catcyber02/Mobile-Robots-2026-1/install/simple_move/share/simple_move/package.bash'
[6.394s] INFO:colcon.colcon_core.shell:Creating package script '/home/catcyber02/Mobile-Robots-2026-1/install/simple_move/share/simple_move/package.zsh'
[6.395s] Level 1:colcon.colcon_core.environment:create_file_with_runtime_dependencies(/home/catcyber02/Mobile-Robots-2026-1/install/simple_move/share/colcon-core/packages/simple_move)
[6.593s] Level 1:colcon.colcon_core.environment:checking '/home/catcyber02/Mobile-Robots-2026-1/install/path_planner' for CMake module files
[6.595s] DEBUG:colcon.colcon_core.event_handler.log_command:Invoked command in '/home/catcyber02/Mobile-Robots-2026-1/ros2_ws/src/navigation/path_planner' returned '0': DEBUGINFOD_URLS=https://debuginfod.ubuntu.com PYTHONPATH=/home/catcyber02/Mobile-Robots-2026-1/build/path_planner/prefix_override:/usr/lib/python3/dist-packages/colcon_core/task/python/colcon_distutils_commands:/home/catcyber02/Mobile-Robots-2026-1/install/path_planner/lib/python3.12/site-packages:${PYTHONPATH} /usr/bin/python3 -W ignore:setup.py install is deprecated -W ignore:easy_install command is deprecated setup.py egg_info --egg-base ../../../../build/path_planner build --build-base /home/catcyber02/Mobile-Robots-2026-1/build/path_planner/build install --record /home/catcyber02/Mobile-Robots-2026-1/build/path_planner/install.log --single-version-externally-managed install_data
[6.596s] Level 1:colcon.colcon_core.environment:checking '/home/catcyber02/Mobile-Robots-2026-1/install/path_planner' for CMake config files
[6.597s] Level 1:colcon.colcon_core.environment:checking '/home/catcyber02/Mobile-Robots-2026-1/install/path_planner/lib'
[6.597s] Level 1:colcon.colcon_core.environment:checking '/home/catcyber02/Mobile-Robots-2026-1/install/path_planner/bin'
[6.597s] Level 1:colcon.colcon_core.environment:checking '/home/catcyber02/Mobile-Robots-2026-1/install/path_planner/lib/pkgconfig/path_planner.pc'
[6.598s] Level 1:colcon.colcon_core.environment:checking '/home/catcyber02/Mobile-Robots-2026-1/install/path_planner/lib/python3.12/site-packages'
[6.598s] Level 1:colcon.colcon_core.shell:create_environment_hook('path_planner', 'pythonpath')
[6.598s] INFO:colcon.colcon_core.shell:Creating environment hook '/home/catcyber02/Mobile-Robots-2026-1/install/path_planner/share/path_planner/hook/pythonpath.ps1'
[6.600s] INFO:colcon.colcon_core.shell:Creating environment descriptor '/home/catcyber02/Mobile-Robots-2026-1/install/path_planner/share/path_planner/hook/pythonpath.dsv'
[6.600s] INFO:colcon.colcon_core.shell:Creating environment hook '/home/catcyber02/Mobile-Robots-2026-1/install/path_planner/share/path_planner/hook/pythonpath.sh'
[6.602s] Level 1:colcon.colcon_core.environment:checking '/home/catcyber02/Mobile-Robots-2026-1/install/path_planner/bin'
[6.602s] Level 1:colcon.colcon_core.environment:create_environment_scripts_only(path_planner)
[6.602s] INFO:colcon.colcon_core.shell:Creating package script '/home/catcyber02/Mobile-Robots-2026-1/install/path_planner/share/path_planner/package.ps1'
[6.603s] INFO:colcon.colcon_core.shell:Creating package descriptor '/home/catcyber02/Mobile-Robots-2026-1/install/path_planner/share/path_planner/package.dsv'
[6.605s] INFO:colcon.colcon_core.shell:Creating package script '/home/catcyber02/Mobile-Robots-2026-1/install/path_planner/share/path_planner/package.sh'
[6.606s] INFO:colcon.colcon_core.shell:Creating package script '/home/catcyber02/Mobile-Robots-2026-1/install/path_planner/share/path_planner/package.bash'
[6.606s] INFO:colcon.colcon_core.shell:Creating package script '/home/catcyber02/Mobile-Robots-2026-1/install/path_planner/share/path_planner/package.zsh'
[6.607s] Level 1:colcon.colcon_core.environment:create_file_with_runtime_dependencies(/home/catcyber02/Mobile-Robots-2026-1/install/path_planner/share/colcon-core/packages/path_planner)
[6.654s] Level 1:colcon.colcon_core.environment:checking '/home/catcyber02/Mobile-Robots-2026-1/install/uf_ros_lib' for CMake module files
[6.656s] DEBUG:colcon.colcon_core.event_handler.log_command:Invoked command in '/home/catcyber02/Mobile-Robots-2026-1/ros2_ws/src/hardware/xarm_ros2/uf_ros_lib' returned '0': DEBUGINFOD_URLS=https://debuginfod.ubuntu.com PYTHONPATH=/home/catcyber02/Mobile-Robots-2026-1/build/uf_ros_lib/prefix_override:/usr/lib/python3/dist-packages/colcon_core/task/python/colcon_distutils_commands:/home/catcyber02/Mobile-Robots-2026-1/install/uf_ros_lib/lib/python3.12/site-packages:${PYTHONPATH} /usr/bin/python3 -W ignore:setup.py install is deprecated -W ignore:easy_install command is deprecated setup.py egg_info --egg-base ../../../../../build/uf_ros_lib build --build-base /home/catcyber02/Mobile-Robots-2026-1/build/uf_ros_lib/build install --record /home/catcyber02/Mobile-Robots-2026-1/build/uf_ros_lib/install.log --single-version-externally-managed install_data
[6.657s] Level 1:colcon.colcon_core.environment:checking '/home/catcyber02/Mobile-Robots-2026-1/install/uf_ros_lib' for CMake config files
[6.658s] Level 1:colcon.colcon_core.environment:checking '/home/catcyber02/Mobile-Robots-2026-1/install/uf_ros_lib/lib'
[6.658s] Level 1:colcon.colcon_core.environment:checking '/home/catcyber02/Mobile-Robots-2026-1/install/uf_ros_lib/bin'
[6.658s] Level 1:colcon.colcon_core.environment:checking '/home/catcyber02/Mobile-Robots-2026-1/install/uf_ros_lib/lib/pkgconfig/uf_ros_lib.pc'
[6.659s] Level 1:colcon.colcon_core.environment:checking '/home/catcyber02/Mobile-Robots-2026-1/install/uf_ros_lib/lib/python3.12/site-packages'
[6.659s] Level 1:colcon.colcon_core.shell:create_environment_hook('uf_ros_lib', 'pythonpath')
[6.659s] INFO:colcon.colcon_core.shell:Creating environment hook '/home/catcyber02/Mobile-Robots-2026-1/install/uf_ros_lib/share/uf_ros_lib/hook/pythonpath.ps1'
[6.660s] INFO:colcon.colcon_core.shell:Creating environment descriptor '/home/catcyber02/Mobile-Robots-2026-1/install/uf_ros_lib/share/uf_ros_lib/hook/pythonpath.dsv'
[6.661s] INFO:colcon.colcon_core.shell:Creating environment hook '/home/catcyber02/Mobile-Robots-2026-1/install/uf_ros_lib/share/uf_ros_lib/hook/pythonpath.sh'
[6.662s] Level 1:colcon.colcon_core.environment:checking '/home/catcyber02/Mobile-Robots-2026-1/install/uf_ros_lib/bin'
[6.662s] Level 1:colcon.colcon_core.environment:create_environment_scripts_only(uf_ros_lib)
[6.662s] INFO:colcon.colcon_core.shell:Creating package script '/home/catcyber02/Mobile-Robots-2026-1/install/uf_ros_lib/share/uf_ros_lib/package.ps1'
[6.663s] INFO:colcon.colcon_core.shell:Creating package descriptor '/home/catcyber02/Mobile-Robots-2026-1/install/uf_ros_lib/share/uf_ros_lib/package.dsv'
[6.664s] INFO:colcon.colcon_core.shell:Creating package script '/home/catcyber02/Mobile-Robots-2026-1/install/uf_ros_lib/share/uf_ros_lib/package.sh'
[6.665s] INFO:colcon.colcon_core.shell:Creating package script '/home/catcyber02/Mobile-Robots-2026-1/install/uf_ros_lib/share/uf_ros_lib/package.bash'
[6.665s] INFO:colcon.colcon_core.shell:Creating package script '/home/catcyber02/Mobile-Robots-2026-1/install/uf_ros_lib/share/uf_ros_lib/package.zsh'
[6.666s] Level 1:colcon.colcon_core.environment:create_file_with_runtime_dependencies(/home/catcyber02/Mobile-Robots-2026-1/install/uf_ros_lib/share/colcon-core/packages/uf_ros_lib)
[6.666s] DEBUG:colcon.colcon_parallel_executor.executor.parallel:closing loop
[6.666s] DEBUG:colcon.colcon_parallel_executor.executor.parallel:loop closed
[6.667s] DEBUG:colcon.colcon_parallel_executor.executor.parallel:run_until_complete finished with '0'
[6.667s] DEBUG:colcon.colcon_core.event_reactor:joining thread
[6.690s] INFO:colcon.colcon_core.plugin_system:Skipping extension 'colcon_notification.desktop_notification.terminal_notifier': Not used on non-Darwin systems
[6.690s] INFO:colcon.colcon_core.plugin_system:Skipping extension 'colcon_notification.desktop_notification.win32': Not used on non-Windows systems
[6.690s] INFO:colcon.colcon_notification.desktop_notification:Sending desktop notification using 'notify2'
[6.727s] DEBUG:colcon.colcon_core.event_reactor:joined thread
[6.728s] INFO:colcon.colcon_core.shell:Creating prefix script '/home/catcyber02/Mobile-Robots-2026-1/install/local_setup.ps1'
[6.731s] INFO:colcon.colcon_core.shell:Creating prefix util module '/home/catcyber02/Mobile-Robots-2026-1/install/_local_setup_util_ps1.py'
[6.734s] INFO:colcon.colcon_core.shell:Creating prefix chain script '/home/catcyber02/Mobile-Robots-2026-1/install/setup.ps1'
[6.739s] INFO:colcon.colcon_core.shell:Creating prefix script '/home/catcyber02/Mobile-Robots-2026-1/install/local_setup.sh'
[6.740s] INFO:colcon.colcon_core.shell:Creating prefix util module '/home/catcyber02/Mobile-Robots-2026-1/install/_local_setup_util_sh.py'
[6.742s] INFO:colcon.colcon_core.shell:Creating prefix chain script '/home/catcyber02/Mobile-Robots-2026-1/install/setup.sh'
[6.747s] INFO:colcon.colcon_core.shell:Creating prefix script '/home/catcyber02/Mobile-Robots-2026-1/install/local_setup.bash'
[6.749s] INFO:colcon.colcon_core.shell:Creating prefix chain script '/home/catcyber02/Mobile-Robots-2026-1/install/setup.bash'
[6.753s] INFO:colcon.colcon_core.shell:Creating prefix script '/home/catcyber02/Mobile-Robots-2026-1/install/local_setup.zsh'
[6.754s] INFO:colcon.colcon_core.shell:Creating prefix chain script '/home/catcyber02/Mobile-Robots-2026-1/install/setup.zsh'
