[0.197s] DEBUG:colcon:Command line arguments: ['/usr/bin/colcon', 'build']
[0.197s] DEBUG:colcon:Parsed command line arguments: Namespace(log_base=None, log_level=None, verb_name='build', build_base='build', install_base='install', merge_install=False, symlink_install=False, test_result_base=None, continue_on_error=False, executor='parallel', parallel_workers=8, event_handlers=None, ignore_user_meta=False, metas=['./colcon.meta'], base_paths=['.'], packages_ignore=None, packages_ignore_regex=None, paths=None, packages_up_to=None, packages_up_to_regex=None, packages_above=None, packages_above_and_dependencies=None, packages_above_depth=None, packages_select_by_dep=None, packages_skip_by_dep=None, packages_skip_up_to=None, packages_select_build_failed=False, packages_skip_build_finished=False, packages_select_test_failures=False, packages_skip_test_passed=False, packages_select=None, packages_skip=None, packages_select_regex=None, packages_skip_regex=None, packages_start=None, packages_end=None, allow_overriding=[], cmake_args=None, cmake_target=None, cmake_target_skip_unavailable=False, cmake_clean_cache=False, cmake_clean_first=False, cmake_force_configure=False, ament_cmake_args=None, catkin_cmake_args=None, catkin_skip_building_tests=False, verb_parser=<colcon_defaults.argument_parser.defaults.DefaultArgumentsDecorator object at 0x714c1ea31250>, verb_extension=<colcon_core.verb.build.BuildVerb object at 0x714c1f8c0bf0>, main=<bound method BuildVerb.main of <colcon_core.verb.build.BuildVerb object at 0x714c1f8c0bf0>>)
[0.266s] Level 1:colcon.colcon_core.package_discovery:discover_packages(colcon_meta) check parameters
[0.266s] Level 1:colcon.colcon_core.package_discovery:discover_packages(recursive) check parameters
[0.266s] Level 1:colcon.colcon_core.package_discovery:discover_packages(ignore) check parameters
[0.266s] Level 1:colcon.colcon_core.package_discovery:discover_packages(path) check parameters
[0.266s] Level 1:colcon.colcon_core.package_discovery:discover_packages(colcon_meta) discover
[0.266s] Level 1:colcon.colcon_core.package_discovery:discover_packages(recursive) discover
[0.266s] INFO:colcon.colcon_core.package_discovery:Crawling recursively for packages in '/home/catcyber02/Mobile-Robots-2026-1'
[0.266s] Level 1:colcon.colcon_core.package_identification:_identify(.) by extensions ['ignore', 'ignore_ament_install']
[0.267s] Level 1:colcon.colcon_core.package_identification:_identify(.) by extension 'ignore'
[0.267s] Level 1:colcon.colcon_core.package_identification:_identify(.) by extension 'ignore_ament_install'
[0.267s] Level 1:colcon.colcon_core.package_identification:_identify(.) by extensions ['colcon_pkg']
[0.267s] Level 1:colcon.colcon_core.package_identification:_identify(.) by extension 'colcon_pkg'
[0.267s] Level 1:colcon.colcon_core.package_identification:_identify(.) by extensions ['colcon_meta']
[0.267s] Level 1:colcon.colcon_core.package_identification:_identify(.) by extension 'colcon_meta'
[0.267s] Level 1:colcon.colcon_core.package_identification:_identify(.) by extensions ['ros']
[0.267s] Level 1:colcon.colcon_core.package_identification:_identify(.) by extension 'ros'
[0.312s] Level 1:colcon.colcon_core.package_identification:_identify(.) by extensions ['cmake', 'python']
[0.312s] Level 1:colcon.colcon_core.package_identification:_identify(.) by extension 'cmake'
[0.312s] Level 1:colcon.colcon_core.package_identification:_identify(.) by extension 'python'
[0.312s] Level 1:colcon.colcon_core.package_identification:_identify(.) by extensions ['python_setup_py']
[0.312s] Level 1:colcon.colcon_core.package_identification:_identify(.) by extension 'python_setup_py'
[0.313s] Level 1:colcon.colcon_core.package_identification:_identify(Media) by extensions ['ignore', 'ignore_ament_install']
[0.313s] Level 1:colcon.colcon_core.package_identification:_identify(Media) by extension 'ignore'
[0.313s] Level 1:colcon.colcon_core.package_identification:_identify(Media) by extension 'ignore_ament_install'
[0.313s] Level 1:colcon.colcon_core.package_identification:_identify(Media) by extensions ['colcon_pkg']
[0.313s] Level 1:colcon.colcon_core.package_identification:_identify(Media) by extension 'colcon_pkg'
[0.313s] Level 1:colcon.colcon_core.package_identification:_identify(Media) by extensions ['colcon_meta']
[0.313s] Level 1:colcon.colcon_core.package_identification:_identify(Media) by extension 'colcon_meta'
[0.313s] Level 1:colcon.colcon_core.package_identification:_identify(Media) by extensions ['ros']
[0.313s] Level 1:colcon.colcon_core.package_identification:_identify(Media) by extension 'ros'
[0.313s] Level 1:colcon.colcon_core.package_identification:_identify(Media) by extensions ['cmake', 'python']
[0.313s] Level 1:colcon.colcon_core.package_identification:_identify(Media) by extension 'cmake'
[0.314s] Level 1:colcon.colcon_core.package_identification:_identify(Media) by extension 'python'
[0.314s] Level 1:colcon.colcon_core.package_identification:_identify(Media) by extensions ['python_setup_py']
[0.314s] Level 1:colcon.colcon_core.package_identification:_identify(Media) by extension 'python_setup_py'
[0.314s] Level 1:colcon.colcon_core.package_identification:_identify(build) by extensions ['ignore', 'ignore_ament_install']
[0.314s] Level 1:colcon.colcon_core.package_identification:_identify(build) by extension 'ignore'
[0.314s] Level 1:colcon.colcon_core.package_identification:_identify(build) ignored
[0.314s] Level 1:colcon.colcon_core.package_identification:_identify(install) by extensions ['ignore', 'ignore_ament_install']
[0.314s] Level 1:colcon.colcon_core.package_identification:_identify(install) by extension 'ignore'
[0.314s] Level 1:colcon.colcon_core.package_identification:_identify(install) ignored
[0.315s] Level 1:colcon.colcon_core.package_identification:_identify(log) by extensions ['ignore', 'ignore_ament_install']
[0.315s] Level 1:colcon.colcon_core.package_identification:_identify(log) by extension 'ignore'
[0.315s] Level 1:colcon.colcon_core.package_identification:_identify(log) ignored
[0.315s] Level 1:colcon.colcon_core.package_identification:_identify(ros2_ws) by extensions ['ignore', 'ignore_ament_install']
[0.315s] Level 1:colcon.colcon_core.package_identification:_identify(ros2_ws) by extension 'ignore'
[0.315s] Level 1:colcon.colcon_core.package_identification:_identify(ros2_ws) by extension 'ignore_ament_install'
[0.315s] Level 1:colcon.colcon_core.package_identification:_identify(ros2_ws) by extensions ['colcon_pkg']
[0.315s] Level 1:colcon.colcon_core.package_identification:_identify(ros2_ws) by extension 'colcon_pkg'
[0.315s] Level 1:colcon.colcon_core.package_identification:_identify(ros2_ws) by extensions ['colcon_meta']
[0.315s] Level 1:colcon.colcon_core.package_identification:_identify(ros2_ws) by extension 'colcon_meta'
[0.316s] Level 1:colcon.colcon_core.package_identification:_identify(ros2_ws) by extensions ['ros']
[0.316s] Level 1:colcon.colcon_core.package_identification:_identify(ros2_ws) by extension 'ros'
[0.316s] Level 1:colcon.colcon_core.package_identification:_identify(ros2_ws) by extensions ['cmake', 'python']
[0.316s] Level 1:colcon.colcon_core.package_identification:_identify(ros2_ws) by extension 'cmake'
[0.316s] Level 1:colcon.colcon_core.package_identification:_identify(ros2_ws) by extension 'python'
[0.316s] Level 1:colcon.colcon_core.package_identification:_identify(ros2_ws) by extensions ['python_setup_py']
[0.316s] Level 1:colcon.colcon_core.package_identification:_identify(ros2_ws) by extension 'python_setup_py'
[0.316s] Level 1:colcon.colcon_core.package_identification:_identify(ros2_ws/build) by extensions ['ignore', 'ignore_ament_install']
[0.316s] Level 1:colcon.colcon_core.package_identification:_identify(ros2_ws/build) by extension 'ignore'
[0.316s] Level 1:colcon.colcon_core.package_identification:_identify(ros2_ws/build) ignored
[0.317s] Level 1:colcon.colcon_core.package_identification:_identify(ros2_ws/install) by extensions ['ignore', 'ignore_ament_install']
[0.317s] Level 1:colcon.colcon_core.package_identification:_identify(ros2_ws/install) by extension 'ignore'
[0.317s] Level 1:colcon.colcon_core.package_identification:_identify(ros2_ws/install) ignored
[0.317s] Level 1:colcon.colcon_core.package_identification:_identify(ros2_ws/log) by extensions ['ignore', 'ignore_ament_install']
[0.317s] Level 1:colcon.colcon_core.package_identification:_identify(ros2_ws/log) by extension 'ignore'
[0.317s] Level 1:colcon.colcon_core.package_identification:_identify(ros2_ws/log) ignored
[0.317s] Level 1:colcon.colcon_core.package_identification:_identify(ros2_ws/src) by extensions ['ignore', 'ignore_ament_install']
[0.317s] Level 1:colcon.colcon_core.package_identification:_identify(ros2_ws/src) by extension 'ignore'
[0.317s] Level 1:colcon.colcon_core.package_identification:_identify(ros2_ws/src) by extension 'ignore_ament_install'
[0.318s] Level 1:colcon.colcon_core.package_identification:_identify(ros2_ws/src) by extensions ['colcon_pkg']
[0.318s] Level 1:colcon.colcon_core.package_identification:_identify(ros2_ws/src) by extension 'colcon_pkg'
[0.318s] Level 1:colcon.colcon_core.package_identification:_identify(ros2_ws/src) by extensions ['colcon_meta']
[0.318s] Level 1:colcon.colcon_core.package_identification:_identify(ros2_ws/src) by extension 'colcon_meta'
[0.318s] Level 1:colcon.colcon_core.package_identification:_identify(ros2_ws/src) by extensions ['ros']
[0.318s] Level 1:colcon.colcon_core.package_identification:_identify(ros2_ws/src) by extension 'ros'
[0.318s] Level 1:colcon.colcon_core.package_identification:_identify(ros2_ws/src) by extensions ['cmake', 'python']
[0.318s] Level 1:colcon.colcon_core.package_identification:_identify(ros2_ws/src) by extension 'cmake'
[0.318s] Level 1:colcon.colcon_core.package_identification:_identify(ros2_ws/src) by extension 'python'
[0.318s] Level 1:colcon.colcon_core.package_identification:_identify(ros2_ws/src) by extensions ['python_setup_py']
[0.318s] Level 1:colcon.colcon_core.package_identification:_identify(ros2_ws/src) by extension 'python_setup_py'
[0.318s] Level 1:colcon.colcon_core.package_identification:_identify(ros2_ws/src/config_files) by extensions ['ignore', 'ignore_ament_install']
[0.318s] Level 1:colcon.colcon_core.package_identification:_identify(ros2_ws/src/config_files) by extension 'ignore'
[0.319s] Level 1:colcon.colcon_core.package_identification:_identify(ros2_ws/src/config_files) by extension 'ignore_ament_install'
[0.319s] Level 1:colcon.colcon_core.package_identification:_identify(ros2_ws/src/config_files) by extensions ['colcon_pkg']
[0.319s] Level 1:colcon.colcon_core.package_identification:_identify(ros2_ws/src/config_files) by extension 'colcon_pkg'
[0.319s] Level 1:colcon.colcon_core.package_identification:_identify(ros2_ws/src/config_files) by extensions ['colcon_meta']
[0.319s] Level 1:colcon.colcon_core.package_identification:_identify(ros2_ws/src/config_files) by extension 'colcon_meta'
[0.319s] Level 1:colcon.colcon_core.package_identification:_identify(ros2_ws/src/config_files) by extensions ['ros']
[0.319s] Level 1:colcon.colcon_core.package_identification:_identify(ros2_ws/src/config_files) by extension 'ros'
[0.323s] DEBUG:colcon.colcon_core.package_identification:Package 'ros2_ws/src/config_files' with type 'ros.ament_cmake' and name 'config_files'
[0.323s] Level 1:colcon.colcon_core.package_identification:_identify(ros2_ws/src/hardware) by extensions ['ignore', 'ignore_ament_install']
[0.323s] Level 1:colcon.colcon_core.package_identification:_identify(ros2_ws/src/hardware) by extension 'ignore'
[0.323s] Level 1:colcon.colcon_core.package_identification:_identify(ros2_ws/src/hardware) by extension 'ignore_ament_install'
[0.323s] Level 1:colcon.colcon_core.package_identification:_identify(ros2_ws/src/hardware) by extensions ['colcon_pkg']
[0.323s] Level 1:colcon.colcon_core.package_identification:_identify(ros2_ws/src/hardware) by extension 'colcon_pkg'
[0.324s] Level 1:colcon.colcon_core.package_identification:_identify(ros2_ws/src/hardware) by extensions ['colcon_meta']
[0.324s] Level 1:colcon.colcon_core.package_identification:_identify(ros2_ws/src/hardware) by extension 'colcon_meta'
[0.324s] Level 1:colcon.colcon_core.package_identification:_identify(ros2_ws/src/hardware) by extensions ['ros']
[0.324s] Level 1:colcon.colcon_core.package_identification:_identify(ros2_ws/src/hardware) by extension 'ros'
[0.324s] Level 1:colcon.colcon_core.package_identification:_identify(ros2_ws/src/hardware) by extensions ['cmake', 'python']
[0.324s] Level 1:colcon.colcon_core.package_identification:_identify(ros2_ws/src/hardware) by extension 'cmake'
[0.324s] Level 1:colcon.colcon_core.package_identification:_identify(ros2_ws/src/hardware) by extension 'python'
[0.324s] Level 1:colcon.colcon_core.package_identification:_identify(ros2_ws/src/hardware) by extensions ['python_setup_py']
[0.324s] Level 1:colcon.colcon_core.package_identification:_identify(ros2_ws/src/hardware) by extension 'python_setup_py'
[0.324s] Level 1:colcon.colcon_core.package_identification:_identify(ros2_ws/src/hardware/gazebo_envs) by extensions ['ignore', 'ignore_ament_install']
[0.324s] Level 1:colcon.colcon_core.package_identification:_identify(ros2_ws/src/hardware/gazebo_envs) by extension 'ignore'
[0.325s] Level 1:colcon.colcon_core.package_identification:_identify(ros2_ws/src/hardware/gazebo_envs) by extension 'ignore_ament_install'
[0.325s] Level 1:colcon.colcon_core.package_identification:_identify(ros2_ws/src/hardware/gazebo_envs) by extensions ['colcon_pkg']
[0.325s] Level 1:colcon.colcon_core.package_identification:_identify(ros2_ws/src/hardware/gazebo_envs) by extension 'colcon_pkg'
[0.325s] Level 1:colcon.colcon_core.package_identification:_identify(ros2_ws/src/hardware/gazebo_envs) by extensions ['colcon_meta']
[0.325s] Level 1:colcon.colcon_core.package_identification:_identify(ros2_ws/src/hardware/gazebo_envs) by extension 'colcon_meta'
[0.325s] Level 1:colcon.colcon_core.package_identification:_identify(ros2_ws/src/hardware/gazebo_envs) by extensions ['ros']
[0.325s] Level 1:colcon.colcon_core.package_identification:_identify(ros2_ws/src/hardware/gazebo_envs) by extension 'ros'
[0.326s] DEBUG:colcon.colcon_core.package_identification:Package 'ros2_ws/src/hardware/gazebo_envs' with type 'ros.ament_cmake' and name 'gazebo_envs'
[0.326s] Level 1:colcon.colcon_core.package_identification:_identify(ros2_ws/src/hardware/justina_description) by extensions ['ignore', 'ignore_ament_install']
[0.326s] Level 1:colcon.colcon_core.package_identification:_identify(ros2_ws/src/hardware/justina_description) by extension 'ignore'
[0.326s] Level 1:colcon.colcon_core.package_identification:_identify(ros2_ws/src/hardware/justina_description) by extension 'ignore_ament_install'
[0.326s] Level 1:colcon.colcon_core.package_identification:_identify(ros2_ws/src/hardware/justina_description) by extensions ['colcon_pkg']
[0.326s] Level 1:colcon.colcon_core.package_identification:_identify(ros2_ws/src/hardware/justina_description) by extension 'colcon_pkg'
[0.327s] Level 1:colcon.colcon_core.package_identification:_identify(ros2_ws/src/hardware/justina_description) by extensions ['colcon_meta']
[0.327s] Level 1:colcon.colcon_core.package_identification:_identify(ros2_ws/src/hardware/justina_description) by extension 'colcon_meta'
[0.327s] Level 1:colcon.colcon_core.package_identification:_identify(ros2_ws/src/hardware/justina_description) by extensions ['ros']
[0.327s] Level 1:colcon.colcon_core.package_identification:_identify(ros2_ws/src/hardware/justina_description) by extension 'ros'
[0.327s] DEBUG:colcon.colcon_core.package_identification:Package 'ros2_ws/src/hardware/justina_description' with type 'ros.ament_cmake' and name 'justina_description'
[0.328s] Level 1:colcon.colcon_core.package_identification:_identify(ros2_ws/src/hardware/xarm_ros2) by extensions ['ignore', 'ignore_ament_install']
[0.328s] Level 1:colcon.colcon_core.package_identification:_identify(ros2_ws/src/hardware/xarm_ros2) by extension 'ignore'
[0.328s] Level 1:colcon.colcon_core.package_identification:_identify(ros2_ws/src/hardware/xarm_ros2) by extension 'ignore_ament_install'
[0.328s] Level 1:colcon.colcon_core.package_identification:_identify(ros2_ws/src/hardware/xarm_ros2) by extensions ['colcon_pkg']
[0.328s] Level 1:colcon.colcon_core.package_identification:_identify(ros2_ws/src/hardware/xarm_ros2) by extension 'colcon_pkg'
[0.328s] Level 1:colcon.colcon_core.package_identification:_identify(ros2_ws/src/hardware/xarm_ros2) by extensions ['colcon_meta']
[0.328s] Level 1:colcon.colcon_core.package_identification:_identify(ros2_ws/src/hardware/xarm_ros2) by extension 'colcon_meta'
[0.328s] Level 1:colcon.colcon_core.package_identification:_identify(ros2_ws/src/hardware/xarm_ros2) by extensions ['ros']
[0.328s] Level 1:colcon.colcon_core.package_identification:_identify(ros2_ws/src/hardware/xarm_ros2) by extension 'ros'
[0.328s] Level 1:colcon.colcon_core.package_identification:_identify(ros2_ws/src/hardware/xarm_ros2) by extensions ['cmake', 'python']
[0.328s] Level 1:colcon.colcon_core.package_identification:_identify(ros2_ws/src/hardware/xarm_ros2) by extension 'cmake'
[0.328s] Level 1:colcon.colcon_core.package_identification:_identify(ros2_ws/src/hardware/xarm_ros2) by extension 'python'
[0.328s] Level 1:colcon.colcon_core.package_identification:_identify(ros2_ws/src/hardware/xarm_ros2) by extensions ['python_setup_py']
[0.329s] Level 1:colcon.colcon_core.package_identification:_identify(ros2_ws/src/hardware/xarm_ros2) by extension 'python_setup_py'
[0.329s] Level 1:colcon.colcon_core.package_identification:_identify(ros2_ws/src/hardware/xarm_ros2/uf_ros_lib) by extensions ['ignore', 'ignore_ament_install']
[0.329s] Level 1:colcon.colcon_core.package_identification:_identify(ros2_ws/src/hardware/xarm_ros2/uf_ros_lib) by extension 'ignore'
[0.329s] Level 1:colcon.colcon_core.package_identification:_identify(ros2_ws/src/hardware/xarm_ros2/uf_ros_lib) by extension 'ignore_ament_install'
[0.329s] Level 1:colcon.colcon_core.package_identification:_identify(ros2_ws/src/hardware/xarm_ros2/uf_ros_lib) by extensions ['colcon_pkg']
[0.329s] Level 1:colcon.colcon_core.package_identification:_identify(ros2_ws/src/hardware/xarm_ros2/uf_ros_lib) by extension 'colcon_pkg'
[0.329s] Level 1:colcon.colcon_core.package_identification:_identify(ros2_ws/src/hardware/xarm_ros2/uf_ros_lib) by extensions ['colcon_meta']
[0.329s] Level 1:colcon.colcon_core.package_identification:_identify(ros2_ws/src/hardware/xarm_ros2/uf_ros_lib) by extension 'colcon_meta'
[0.329s] Level 1:colcon.colcon_core.package_identification:_identify(ros2_ws/src/hardware/xarm_ros2/uf_ros_lib) by extensions ['ros']
[0.329s] Level 1:colcon.colcon_core.package_identification:_identify(ros2_ws/src/hardware/xarm_ros2/uf_ros_lib) by extension 'ros'
[0.330s] DEBUG:colcon.colcon_core.package_identification:Package 'ros2_ws/src/hardware/xarm_ros2/uf_ros_lib' with type 'ros.ament_python' and name 'uf_ros_lib'
[0.330s] Level 1:colcon.colcon_core.package_identification:_identify(ros2_ws/src/hardware/xarm_ros2/xarm_api) by extensions ['ignore', 'ignore_ament_install']
[0.330s] Level 1:colcon.colcon_core.package_identification:_identify(ros2_ws/src/hardware/xarm_ros2/xarm_api) by extension 'ignore'
[0.330s] Level 1:colcon.colcon_core.package_identification:_identify(ros2_ws/src/hardware/xarm_ros2/xarm_api) by extension 'ignore_ament_install'
[0.331s] Level 1:colcon.colcon_core.package_identification:_identify(ros2_ws/src/hardware/xarm_ros2/xarm_api) by extensions ['colcon_pkg']
[0.331s] Level 1:colcon.colcon_core.package_identification:_identify(ros2_ws/src/hardware/xarm_ros2/xarm_api) by extension 'colcon_pkg'
[0.331s] Level 1:colcon.colcon_core.package_identification:_identify(ros2_ws/src/hardware/xarm_ros2/xarm_api) by extensions ['colcon_meta']
[0.331s] Level 1:colcon.colcon_core.package_identification:_identify(ros2_ws/src/hardware/xarm_ros2/xarm_api) by extension 'colcon_meta'
[0.331s] Level 1:colcon.colcon_core.package_identification:_identify(ros2_ws/src/hardware/xarm_ros2/xarm_api) by extensions ['ros']
[0.331s] Level 1:colcon.colcon_core.package_identification:_identify(ros2_ws/src/hardware/xarm_ros2/xarm_api) by extension 'ros'
[0.333s] DEBUG:colcon.colcon_core.package_identification:Package 'ros2_ws/src/hardware/xarm_ros2/xarm_api' with type 'ros.ament_cmake' and name 'xarm_api'
[0.333s] Level 1:colcon.colcon_core.package_identification:_identify(ros2_ws/src/hardware/xarm_ros2/xarm_controller) by extensions ['ignore', 'ignore_ament_install']
[0.333s] Level 1:colcon.colcon_core.package_identification:_identify(ros2_ws/src/hardware/xarm_ros2/xarm_controller) by extension 'ignore'
[0.333s] Level 1:colcon.colcon_core.package_identification:_identify(ros2_ws/src/hardware/xarm_ros2/xarm_controller) by extension 'ignore_ament_install'
[0.333s] Level 1:colcon.colcon_core.package_identification:_identify(ros2_ws/src/hardware/xarm_ros2/xarm_controller) by extensions ['colcon_pkg']
[0.333s] Level 1:colcon.colcon_core.package_identification:_identify(ros2_ws/src/hardware/xarm_ros2/xarm_controller) by extension 'colcon_pkg'
[0.333s] Level 1:colcon.colcon_core.package_identification:_identify(ros2_ws/src/hardware/xarm_ros2/xarm_controller) by extensions ['colcon_meta']
[0.333s] Level 1:colcon.colcon_core.package_identification:_identify(ros2_ws/src/hardware/xarm_ros2/xarm_controller) by extension 'colcon_meta'
[0.334s] Level 1:colcon.colcon_core.package_identification:_identify(ros2_ws/src/hardware/xarm_ros2/xarm_controller) by extensions ['ros']
[0.334s] Level 1:colcon.colcon_core.package_identification:_identify(ros2_ws/src/hardware/xarm_ros2/xarm_controller) by extension 'ros'
[0.336s] DEBUG:colcon.colcon_core.package_identification:Package 'ros2_ws/src/hardware/xarm_ros2/xarm_controller' with type 'ros.ament_cmake' and name 'xarm_controller'
[0.336s] Level 1:colcon.colcon_core.package_identification:_identify(ros2_ws/src/hardware/xarm_ros2/xarm_description) by extensions ['ignore', 'ignore_ament_install']
[0.336s] Level 1:colcon.colcon_core.package_identification:_identify(ros2_ws/src/hardware/xarm_ros2/xarm_description) by extension 'ignore'
[0.336s] Level 1:colcon.colcon_core.package_identification:_identify(ros2_ws/src/hardware/xarm_ros2/xarm_description) by extension 'ignore_ament_install'
[0.336s] Level 1:colcon.colcon_core.package_identification:_identify(ros2_ws/src/hardware/xarm_ros2/xarm_description) by extensions ['colcon_pkg']
[0.337s] Level 1:colcon.colcon_core.package_identification:_identify(ros2_ws/src/hardware/xarm_ros2/xarm_description) by extension 'colcon_pkg'
[0.337s] Level 1:colcon.colcon_core.package_identification:_identify(ros2_ws/src/hardware/xarm_ros2/xarm_description) by extensions ['colcon_meta']
[0.337s] Level 1:colcon.colcon_core.package_identification:_identify(ros2_ws/src/hardware/xarm_ros2/xarm_description) by extension 'colcon_meta'
[0.337s] Level 1:colcon.colcon_core.package_identification:_identify(ros2_ws/src/hardware/xarm_ros2/xarm_description) by extensions ['ros']
[0.337s] Level 1:colcon.colcon_core.package_identification:_identify(ros2_ws/src/hardware/xarm_ros2/xarm_description) by extension 'ros'
[0.338s] DEBUG:colcon.colcon_core.package_identification:Package 'ros2_ws/src/hardware/xarm_ros2/xarm_description' with type 'ros.ament_cmake' and name 'xarm_description'
[0.338s] Level 1:colcon.colcon_core.package_identification:_identify(ros2_ws/src/hardware/xarm_ros2/xarm_msgs) by extensions ['ignore', 'ignore_ament_install']
[0.338s] Level 1:colcon.colcon_core.package_identification:_identify(ros2_ws/src/hardware/xarm_ros2/xarm_msgs) by extension 'ignore'
[0.338s] Level 1:colcon.colcon_core.package_identification:_identify(ros2_ws/src/hardware/xarm_ros2/xarm_msgs) by extension 'ignore_ament_install'
[0.338s] Level 1:colcon.colcon_core.package_identification:_identify(ros2_ws/src/hardware/xarm_ros2/xarm_msgs) by extensions ['colcon_pkg']
[0.338s] Level 1:colcon.colcon_core.package_identification:_identify(ros2_ws/src/hardware/xarm_ros2/xarm_msgs) by extension 'colcon_pkg'
[0.338s] Level 1:colcon.colcon_core.package_identification:_identify(ros2_ws/src/hardware/xarm_ros2/xarm_msgs) by extensions ['colcon_meta']
[0.338s] Level 1:colcon.colcon_core.package_identification:_identify(ros2_ws/src/hardware/xarm_ros2/xarm_msgs) by extension 'colcon_meta'
[0.339s] Level 1:colcon.colcon_core.package_identification:_identify(ros2_ws/src/hardware/xarm_ros2/xarm_msgs) by extensions ['ros']
[0.339s] Level 1:colcon.colcon_core.package_identification:_identify(ros2_ws/src/hardware/xarm_ros2/xarm_msgs) by extension 'ros'
[0.340s] DEBUG:colcon.colcon_core.package_identification:Package 'ros2_ws/src/hardware/xarm_ros2/xarm_msgs' with type 'ros.ament_cmake' and name 'xarm_msgs'
[0.340s] Level 1:colcon.colcon_core.package_identification:_identify(ros2_ws/src/hardware/xarm_ros2/xarm_sdk) by extensions ['ignore', 'ignore_ament_install']
[0.340s] Level 1:colcon.colcon_core.package_identification:_identify(ros2_ws/src/hardware/xarm_ros2/xarm_sdk) by extension 'ignore'
[0.340s] Level 1:colcon.colcon_core.package_identification:_identify(ros2_ws/src/hardware/xarm_ros2/xarm_sdk) by extension 'ignore_ament_install'
[0.340s] Level 1:colcon.colcon_core.package_identification:_identify(ros2_ws/src/hardware/xarm_ros2/xarm_sdk) by extensions ['colcon_pkg']
[0.340s] Level 1:colcon.colcon_core.package_identification:_identify(ros2_ws/src/hardware/xarm_ros2/xarm_sdk) by extension 'colcon_pkg'
[0.340s] Level 1:colcon.colcon_core.package_identification:_identify(ros2_ws/src/hardware/xarm_ros2/xarm_sdk) by extensions ['colcon_meta']
[0.340s] Level 1:colcon.colcon_core.package_identification:_identify(ros2_ws/src/hardware/xarm_ros2/xarm_sdk) by extension 'colcon_meta'
[0.340s] Level 1:colcon.colcon_core.package_identification:_identify(ros2_ws/src/hardware/xarm_ros2/xarm_sdk) by extensions ['ros']
[0.340s] Level 1:colcon.colcon_core.package_identification:_identify(ros2_ws/src/hardware/xarm_ros2/xarm_sdk) by extension 'ros'
[0.341s] DEBUG:colcon.colcon_core.package_identification:Package 'ros2_ws/src/hardware/xarm_ros2/xarm_sdk' with type 'ros.ament_cmake' and name 'xarm_sdk'
[0.341s] Level 1:colcon.colcon_core.package_identification:_identify(ros2_ws/src/hri) by extensions ['ignore', 'ignore_ament_install']
[0.342s] Level 1:colcon.colcon_core.package_identification:_identify(ros2_ws/src/hri) by extension 'ignore'
[0.342s] Level 1:colcon.colcon_core.package_identification:_identify(ros2_ws/src/hri) by extension 'ignore_ament_install'
[0.342s] Level 1:colcon.colcon_core.package_identification:_identify(ros2_ws/src/hri) by extensions ['colcon_pkg']
[0.342s] Level 1:colcon.colcon_core.package_identification:_identify(ros2_ws/src/hri) by extension 'colcon_pkg'
[0.342s] Level 1:colcon.colcon_core.package_identification:_identify(ros2_ws/src/hri) by extensions ['colcon_meta']
[0.342s] Level 1:colcon.colcon_core.package_identification:_identify(ros2_ws/src/hri) by extension 'colcon_meta'
[0.342s] Level 1:colcon.colcon_core.package_identification:_identify(ros2_ws/src/hri) by extensions ['ros']
[0.342s] Level 1:colcon.colcon_core.package_identification:_identify(ros2_ws/src/hri) by extension 'ros'
[0.342s] Level 1:colcon.colcon_core.package_identification:_identify(ros2_ws/src/hri) by extensions ['cmake', 'python']
[0.342s] Level 1:colcon.colcon_core.package_identification:_identify(ros2_ws/src/hri) by extension 'cmake'
[0.342s] Level 1:colcon.colcon_core.package_identification:_identify(ros2_ws/src/hri) by extension 'python'
[0.342s] Level 1:colcon.colcon_core.package_identification:_identify(ros2_ws/src/hri) by extensions ['python_setup_py']
[0.342s] Level 1:colcon.colcon_core.package_identification:_identify(ros2_ws/src/hri) by extension 'python_setup_py'
[0.343s] Level 1:colcon.colcon_core.package_identification:_identify(ros2_ws/src/hri/justina_gui) by extensions ['ignore', 'ignore_ament_install']
[0.343s] Level 1:colcon.colcon_core.package_identification:_identify(ros2_ws/src/hri/justina_gui) by extension 'ignore'
[0.343s] Level 1:colcon.colcon_core.package_identification:_identify(ros2_ws/src/hri/justina_gui) by extension 'ignore_ament_install'
[0.343s] Level 1:colcon.colcon_core.package_identification:_identify(ros2_ws/src/hri/justina_gui) by extensions ['colcon_pkg']
[0.343s] Level 1:colcon.colcon_core.package_identification:_identify(ros2_ws/src/hri/justina_gui) by extension 'colcon_pkg'
[0.343s] Level 1:colcon.colcon_core.package_identification:_identify(ros2_ws/src/hri/justina_gui) by extensions ['colcon_meta']
[0.343s] Level 1:colcon.colcon_core.package_identification:_identify(ros2_ws/src/hri/justina_gui) by extension 'colcon_meta'
[0.343s] Level 1:colcon.colcon_core.package_identification:_identify(ros2_ws/src/hri/justina_gui) by extensions ['ros']
[0.343s] Level 1:colcon.colcon_core.package_identification:_identify(ros2_ws/src/hri/justina_gui) by extension 'ros'
[0.344s] DEBUG:colcon.colcon_core.package_identification:Package 'ros2_ws/src/hri/justina_gui' with type 'ros.ament_cmake' and name 'justina_gui'
[0.345s] Level 1:colcon.colcon_core.package_identification:_identify(ros2_ws/src/navigation) by extensions ['ignore', 'ignore_ament_install']
[0.345s] Level 1:colcon.colcon_core.package_identification:_identify(ros2_ws/src/navigation) by extension 'ignore'
[0.345s] Level 1:colcon.colcon_core.package_identification:_identify(ros2_ws/src/navigation) by extension 'ignore_ament_install'
[0.345s] Level 1:colcon.colcon_core.package_identification:_identify(ros2_ws/src/navigation) by extensions ['colcon_pkg']
[0.345s] Level 1:colcon.colcon_core.package_identification:_identify(ros2_ws/src/navigation) by extension 'colcon_pkg'
[0.345s] Level 1:colcon.colcon_core.package_identification:_identify(ros2_ws/src/navigation) by extensions ['colcon_meta']
[0.345s] Level 1:colcon.colcon_core.package_identification:_identify(ros2_ws/src/navigation) by extension 'colcon_meta'
[0.345s] Level 1:colcon.colcon_core.package_identification:_identify(ros2_ws/src/navigation) by extensions ['ros']
[0.345s] Level 1:colcon.colcon_core.package_identification:_identify(ros2_ws/src/navigation) by extension 'ros'
[0.345s] Level 1:colcon.colcon_core.package_identification:_identify(ros2_ws/src/navigation) by extensions ['cmake', 'python']
[0.346s] Level 1:colcon.colcon_core.package_identification:_identify(ros2_ws/src/navigation) by extension 'cmake'
[0.346s] Level 1:colcon.colcon_core.package_identification:_identify(ros2_ws/src/navigation) by extension 'python'
[0.346s] Level 1:colcon.colcon_core.package_identification:_identify(ros2_ws/src/navigation) by extensions ['python_setup_py']
[0.346s] Level 1:colcon.colcon_core.package_identification:_identify(ros2_ws/src/navigation) by extension 'python_setup_py'
[0.346s] Level 1:colcon.colcon_core.package_identification:_identify(ros2_ws/src/navigation/map_augmenter) by extensions ['ignore', 'ignore_ament_install']
[0.346s] Level 1:colcon.colcon_core.package_identification:_identify(ros2_ws/src/navigation/map_augmenter) by extension 'ignore'
[0.346s] Level 1:colcon.colcon_core.package_identification:_identify(ros2_ws/src/navigation/map_augmenter) by extension 'ignore_ament_install'
[0.346s] Level 1:colcon.colcon_core.package_identification:_identify(ros2_ws/src/navigation/map_augmenter) by extensions ['colcon_pkg']
[0.346s] Level 1:colcon.colcon_core.package_identification:_identify(ros2_ws/src/navigation/map_augmenter) by extension 'colcon_pkg'
[0.347s] Level 1:colcon.colcon_core.package_identification:_identify(ros2_ws/src/navigation/map_augmenter) by extensions ['colcon_meta']
[0.347s] Level 1:colcon.colcon_core.package_identification:_identify(ros2_ws/src/navigation/map_augmenter) by extension 'colcon_meta'
[0.347s] Level 1:colcon.colcon_core.package_identification:_identify(ros2_ws/src/navigation/map_augmenter) by extensions ['ros']
[0.347s] Level 1:colcon.colcon_core.package_identification:_identify(ros2_ws/src/navigation/map_augmenter) by extension 'ros'
[0.348s] DEBUG:colcon.colcon_core.package_identification:Package 'ros2_ws/src/navigation/map_augmenter' with type 'ros.ament_python' and name 'map_augmenter'
[0.349s] Level 1:colcon.colcon_core.package_identification:_identify(ros2_ws/src/navigation/path_planner) by extensions ['ignore', 'ignore_ament_install']
[0.349s] Level 1:colcon.colcon_core.package_identification:_identify(ros2_ws/src/navigation/path_planner) by extension 'ignore'
[0.349s] Level 1:colcon.colcon_core.package_identification:_identify(ros2_ws/src/navigation/path_planner) by extension 'ignore_ament_install'
[0.349s] Level 1:colcon.colcon_core.package_identification:_identify(ros2_ws/src/navigation/path_planner) by extensions ['colcon_pkg']
[0.349s] Level 1:colcon.colcon_core.package_identification:_identify(ros2_ws/src/navigation/path_planner) by extension 'colcon_pkg'
[0.349s] Level 1:colcon.colcon_core.package_identification:_identify(ros2_ws/src/navigation/path_planner) by extensions ['colcon_meta']
[0.349s] Level 1:colcon.colcon_core.package_identification:_identify(ros2_ws/src/navigation/path_planner) by extension 'colcon_meta'
[0.349s] Level 1:colcon.colcon_core.package_identification:_identify(ros2_ws/src/navigation/path_planner) by extensions ['ros']
[0.350s] Level 1:colcon.colcon_core.package_identification:_identify(ros2_ws/src/navigation/path_planner) by extension 'ros'
[0.351s] DEBUG:colcon.colcon_core.package_identification:Package 'ros2_ws/src/navigation/path_planner' with type 'ros.ament_python' and name 'path_planner'
[0.351s] Level 1:colcon.colcon_core.package_identification:_identify(ros2_ws/src/navigation/simple_move) by extensions ['ignore', 'ignore_ament_install']
[0.351s] Level 1:colcon.colcon_core.package_identification:_identify(ros2_ws/src/navigation/simple_move) by extension 'ignore'
[0.351s] Level 1:colcon.colcon_core.package_identification:_identify(ros2_ws/src/navigation/simple_move) by extension 'ignore_ament_install'
[0.351s] Level 1:colcon.colcon_core.package_identification:_identify(ros2_ws/src/navigation/simple_move) by extensions ['colcon_pkg']
[0.351s] Level 1:colcon.colcon_core.package_identification:_identify(ros2_ws/src/navigation/simple_move) by extension 'colcon_pkg'
[0.351s] Level 1:colcon.colcon_core.package_identification:_identify(ros2_ws/src/navigation/simple_move) by extensions ['colcon_meta']
[0.352s] Level 1:colcon.colcon_core.package_identification:_identify(ros2_ws/src/navigation/simple_move) by extension 'colcon_meta'
[0.352s] Level 1:colcon.colcon_core.package_identification:_identify(ros2_ws/src/navigation/simple_move) by extensions ['ros']
[0.352s] Level 1:colcon.colcon_core.package_identification:_identify(ros2_ws/src/navigation/simple_move) by extension 'ros'
[0.353s] DEBUG:colcon.colcon_core.package_identification:Package 'ros2_ws/src/navigation/simple_move' with type 'ros.ament_python' and name 'simple_move'
[0.353s] Level 1:colcon.colcon_core.package_discovery:discover_packages(recursive) using defaults
[0.353s] Level 1:colcon.colcon_core.package_discovery:discover_packages(ignore) discover
[0.353s] Level 1:colcon.colcon_core.package_discovery:discover_packages(ignore) using defaults
[0.353s] Level 1:colcon.colcon_core.package_discovery:discover_packages(path) discover
[0.353s] Level 1:colcon.colcon_core.package_discovery:discover_packages(path) using defaults
[0.392s] Level 1:colcon.colcon_core.package_discovery:discover_packages(prefix_path) check parameters
[0.393s] Level 1:colcon.colcon_core.package_discovery:discover_packages(prefix_path) discover
[0.398s] DEBUG:colcon.colcon_installed_package_information.package_discovery:Found 13 installed packages in /home/catcyber02/Mobile-Robots-2026-1/install
[0.400s] DEBUG:colcon.colcon_installed_package_information.package_discovery:Found 13 installed packages in /home/catcyber02/Mobile-Robots-2026-1/ros2_ws/install
[0.406s] DEBUG:colcon.colcon_installed_package_information.package_discovery:Found 386 installed packages in /opt/ros/jazzy
[0.410s] Level 1:colcon.colcon_core.package_discovery:discover_packages(prefix_path) using defaults
[0.570s] Level 5:colcon.colcon_core.verb:set package 'config_files' build argument 'cmake_args' from command line to 'None'
[0.570s] Level 5:colcon.colcon_core.verb:set package 'config_files' build argument 'cmake_target' from command line to 'None'
[0.571s] Level 5:colcon.colcon_core.verb:set package 'config_files' build argument 'cmake_target_skip_unavailable' from command line to 'False'
[0.571s] Level 5:colcon.colcon_core.verb:set package 'config_files' build argument 'cmake_clean_cache' from command line to 'False'
[0.571s] Level 5:colcon.colcon_core.verb:set package 'config_files' build argument 'cmake_clean_first' from command line to 'False'
[0.571s] Level 5:colcon.colcon_core.verb:set package 'config_files' build argument 'cmake_force_configure' from command line to 'False'
[0.571s] Level 5:colcon.colcon_core.verb:set package 'config_files' build argument 'ament_cmake_args' from command line to 'None'
[0.571s] Level 5:colcon.colcon_core.verb:set package 'config_files' build argument 'catkin_cmake_args' from command line to 'None'
[0.571s] Level 5:colcon.colcon_core.verb:set package 'config_files' build argument 'catkin_skip_building_tests' from command line to 'False'
[0.571s] DEBUG:colcon.colcon_core.verb:Building package 'config_files' with the following arguments: {'ament_cmake_args': None, 'build_base': '/home/catcyber02/Mobile-Robots-2026-1/build/config_files', 'catkin_cmake_args': None, 'catkin_skip_building_tests': False, 'cmake_args': None, 'cmake_clean_cache': False, 'cmake_clean_first': False, 'cmake_force_configure': False, 'cmake_target': None, 'cmake_target_skip_unavailable': False, 'install_base': '/home/catcyber02/Mobile-Robots-2026-1/install/config_files', 'merge_install': False, 'path': '/home/catcyber02/Mobile-Robots-2026-1/ros2_ws/src/config_files', 'symlink_install': False, 'test_result_base': None}
[0.571s] Level 5:colcon.colcon_core.verb:set package 'gazebo_envs' build argument 'cmake_args' from command line to 'None'
[0.572s] Level 5:colcon.colcon_core.verb:set package 'gazebo_envs' build argument 'cmake_target' from command line to 'None'
[0.572s] Level 5:colcon.colcon_core.verb:set package 'gazebo_envs' build argument 'cmake_target_skip_unavailable' from command line to 'False'
[0.572s] Level 5:colcon.colcon_core.verb:set package 'gazebo_envs' build argument 'cmake_clean_cache' from command line to 'False'
[0.572s] Level 5:colcon.colcon_core.verb:set package 'gazebo_envs' build argument 'cmake_clean_first' from command line to 'False'
[0.572s] Level 5:colcon.colcon_core.verb:set package 'gazebo_envs' build argument 'cmake_force_configure' from command line to 'False'
[0.572s] Level 5:colcon.colcon_core.verb:set package 'gazebo_envs' build argument 'ament_cmake_args' from command line to 'None'
[0.572s] Level 5:colcon.colcon_core.verb:set package 'gazebo_envs' build argument 'catkin_cmake_args' from command line to 'None'
[0.572s] Level 5:colcon.colcon_core.verb:set package 'gazebo_envs' build argument 'catkin_skip_building_tests' from command line to 'False'
[0.572s] DEBUG:colcon.colcon_core.verb:Building package 'gazebo_envs' with the following arguments: {'ament_cmake_args': None, 'build_base': '/home/catcyber02/Mobile-Robots-2026-1/build/gazebo_envs', 'catkin_cmake_args': None, 'catkin_skip_building_tests': False, 'cmake_args': None, 'cmake_clean_cache': False, 'cmake_clean_first': False, 'cmake_force_configure': False, 'cmake_target': None, 'cmake_target_skip_unavailable': False, 'install_base': '/home/catcyber02/Mobile-Robots-2026-1/install/gazebo_envs', 'merge_install': False, 'path': '/home/catcyber02/Mobile-Robots-2026-1/ros2_ws/src/hardware/gazebo_envs', 'symlink_install': False, 'test_result_base': None}
[0.572s] Level 5:colcon.colcon_core.verb:set package 'justina_description' build argument 'cmake_args' from command line to 'None'
[0.572s] Level 5:colcon.colcon_core.verb:set package 'justina_description' build argument 'cmake_target' from command line to 'None'
[0.573s] Level 5:colcon.colcon_core.verb:set package 'justina_description' build argument 'cmake_target_skip_unavailable' from command line to 'False'
[0.573s] Level 5:colcon.colcon_core.verb:set package 'justina_description' build argument 'cmake_clean_cache' from command line to 'False'
[0.573s] Level 5:colcon.colcon_core.verb:set package 'justina_description' build argument 'cmake_clean_first' from command line to 'False'
[0.573s] Level 5:colcon.colcon_core.verb:set package 'justina_description' build argument 'cmake_force_configure' from command line to 'False'
[0.573s] Level 5:colcon.colcon_core.verb:set package 'justina_description' build argument 'ament_cmake_args' from command line to 'None'
[0.573s] Level 5:colcon.colcon_core.verb:set package 'justina_description' build argument 'catkin_cmake_args' from command line to 'None'
[0.573s] Level 5:colcon.colcon_core.verb:set package 'justina_description' build argument 'catkin_skip_building_tests' from command line to 'False'
[0.573s] DEBUG:colcon.colcon_core.verb:Building package 'justina_description' with the following arguments: {'ament_cmake_args': None, 'build_base': '/home/catcyber02/Mobile-Robots-2026-1/build/justina_description', 'catkin_cmake_args': None, 'catkin_skip_building_tests': False, 'cmake_args': None, 'cmake_clean_cache': False, 'cmake_clean_first': False, 'cmake_force_configure': False, 'cmake_target': None, 'cmake_target_skip_unavailable': False, 'install_base': '/home/catcyber02/Mobile-Robots-2026-1/install/justina_description', 'merge_install': False, 'path': '/home/catcyber02/Mobile-Robots-2026-1/ros2_ws/src/hardware/justina_description', 'symlink_install': False, 'test_result_base': None}
[0.573s] Level 5:colcon.colcon_core.verb:set package 'justina_gui' build argument 'cmake_args' from command line to 'None'
[0.574s] Level 5:colcon.colcon_core.verb:set package 'justina_gui' build argument 'cmake_target' from command line to 'None'
[0.574s] Level 5:colcon.colcon_core.verb:set package 'justina_gui' build argument 'cmake_target_skip_unavailable' from command line to 'False'
[0.574s] Level 5:colcon.colcon_core.verb:set package 'justina_gui' build argument 'cmake_clean_cache' from command line to 'False'
[0.574s] Level 5:colcon.colcon_core.verb:set package 'justina_gui' build argument 'cmake_clean_first' from command line to 'False'
[0.574s] Level 5:colcon.colcon_core.verb:set package 'justina_gui' build argument 'cmake_force_configure' from command line to 'False'
[0.574s] Level 5:colcon.colcon_core.verb:set package 'justina_gui' build argument 'ament_cmake_args' from command line to 'None'
[0.574s] Level 5:colcon.colcon_core.verb:set package 'justina_gui' build argument 'catkin_cmake_args' from command line to 'None'
[0.574s] Level 5:colcon.colcon_core.verb:set package 'justina_gui' build argument 'catkin_skip_building_tests' from command line to 'False'
[0.574s] DEBUG:colcon.colcon_core.verb:Building package 'justina_gui' with the following arguments: {'ament_cmake_args': None, 'build_base': '/home/catcyber02/Mobile-Robots-2026-1/build/justina_gui', 'catkin_cmake_args': None, 'catkin_skip_building_tests': False, 'cmake_args': None, 'cmake_clean_cache': False, 'cmake_clean_first': False, 'cmake_force_configure': False, 'cmake_target': None, 'cmake_target_skip_unavailable': False, 'install_base': '/home/catcyber02/Mobile-Robots-2026-1/install/justina_gui', 'merge_install': False, 'path': '/home/catcyber02/Mobile-Robots-2026-1/ros2_ws/src/hri/justina_gui', 'symlink_install': False, 'test_result_base': None}
[0.574s] Level 5:colcon.colcon_core.verb:set package 'map_augmenter' build argument 'cmake_args' from command line to 'None'
[0.575s] Level 5:colcon.colcon_core.verb:set package 'map_augmenter' build argument 'cmake_target' from command line to 'None'
[0.575s] Level 5:colcon.colcon_core.verb:set package 'map_augmenter' build argument 'cmake_target_skip_unavailable' from command line to 'False'
[0.575s] Level 5:colcon.colcon_core.verb:set package 'map_augmenter' build argument 'cmake_clean_cache' from command line to 'False'
[0.575s] Level 5:colcon.colcon_core.verb:set package 'map_augmenter' build argument 'cmake_clean_first' from command line to 'False'
[0.575s] Level 5:colcon.colcon_core.verb:set package 'map_augmenter' build argument 'cmake_force_configure' from command line to 'False'
[0.575s] Level 5:colcon.colcon_core.verb:set package 'map_augmenter' build argument 'ament_cmake_args' from command line to 'None'
[0.575s] Level 5:colcon.colcon_core.verb:set package 'map_augmenter' build argument 'catkin_cmake_args' from command line to 'None'
[0.575s] Level 5:colcon.colcon_core.verb:set package 'map_augmenter' build argument 'catkin_skip_building_tests' from command line to 'False'
[0.575s] DEBUG:colcon.colcon_core.verb:Building package 'map_augmenter' with the following arguments: {'ament_cmake_args': None, 'build_base': '/home/catcyber02/Mobile-Robots-2026-1/build/map_augmenter', 'catkin_cmake_args': None, 'catkin_skip_building_tests': False, 'cmake_args': None, 'cmake_clean_cache': False, 'cmake_clean_first': False, 'cmake_force_configure': False, 'cmake_target': None, 'cmake_target_skip_unavailable': False, 'install_base': '/home/catcyber02/Mobile-Robots-2026-1/install/map_augmenter', 'merge_install': False, 'path': '/home/catcyber02/Mobile-Robots-2026-1/ros2_ws/src/navigation/map_augmenter', 'symlink_install': False, 'test_result_base': None}
[0.575s] Level 5:colcon.colcon_core.verb:set package 'path_planner' build argument 'cmake_args' from command line to 'None'
[0.576s] Level 5:colcon.colcon_core.verb:set package 'path_planner' build argument 'cmake_target' from command line to 'None'
[0.576s] Level 5:colcon.colcon_core.verb:set package 'path_planner' build argument 'cmake_target_skip_unavailable' from command line to 'False'
[0.576s] Level 5:colcon.colcon_core.verb:set package 'path_planner' build argument 'cmake_clean_cache' from command line to 'False'
[0.576s] Level 5:colcon.colcon_core.verb:set package 'path_planner' build argument 'cmake_clean_first' from command line to 'False'
[0.576s] Level 5:colcon.colcon_core.verb:set package 'path_planner' build argument 'cmake_force_configure' from command line to 'False'
[0.576s] Level 5:colcon.colcon_core.verb:set package 'path_planner' build argument 'ament_cmake_args' from command line to 'None'
[0.576s] Level 5:colcon.colcon_core.verb:set package 'path_planner' build argument 'catkin_cmake_args' from command line to 'None'
[0.576s] Level 5:colcon.colcon_core.verb:set package 'path_planner' build argument 'catkin_skip_building_tests' from command line to 'False'
[0.576s] DEBUG:colcon.colcon_core.verb:Building package 'path_planner' with the following arguments: {'ament_cmake_args': None, 'build_base': '/home/catcyber02/Mobile-Robots-2026-1/build/path_planner', 'catkin_cmake_args': None, 'catkin_skip_building_tests': False, 'cmake_args': None, 'cmake_clean_cache': False, 'cmake_clean_first': False, 'cmake_force_configure': False, 'cmake_target': None, 'cmake_target_skip_unavailable': False, 'install_base': '/home/catcyber02/Mobile-Robots-2026-1/install/path_planner', 'merge_install': False, 'path': '/home/catcyber02/Mobile-Robots-2026-1/ros2_ws/src/navigation/path_planner', 'symlink_install': False, 'test_result_base': None}
[0.576s] Level 5:colcon.colcon_core.verb:set package 'simple_move' build argument 'cmake_args' from command line to 'None'
[0.577s] Level 5:colcon.colcon_core.verb:set package 'simple_move' build argument 'cmake_target' from command line to 'None'
[0.577s] Level 5:colcon.colcon_core.verb:set package 'simple_move' build argument 'cmake_target_skip_unavailable' from command line to 'False'
[0.577s] Level 5:colcon.colcon_core.verb:set package 'simple_move' build argument 'cmake_clean_cache' from command line to 'False'
[0.577s] Level 5:colcon.colcon_core.verb:set package 'simple_move' build argument 'cmake_clean_first' from command line to 'False'
[0.577s] Level 5:colcon.colcon_core.verb:set package 'simple_move' build argument 'cmake_force_configure' from command line to 'False'
[0.577s] Level 5:colcon.colcon_core.verb:set package 'simple_move' build argument 'ament_cmake_args' from command line to 'None'
[0.577s] Level 5:colcon.colcon_core.verb:set package 'simple_move' build argument 'catkin_cmake_args' from command line to 'None'
[0.577s] Level 5:colcon.colcon_core.verb:set package 'simple_move' build argument 'catkin_skip_building_tests' from command line to 'False'
[0.577s] DEBUG:colcon.colcon_core.verb:Building package 'simple_move' with the following arguments: {'ament_cmake_args': None, 'build_base': '/home/catcyber02/Mobile-Robots-2026-1/build/simple_move', 'catkin_cmake_args': None, 'catkin_skip_building_tests': False, 'cmake_args': None, 'cmake_clean_cache': False, 'cmake_clean_first': False, 'cmake_force_configure': False, 'cmake_target': None, 'cmake_target_skip_unavailable': False, 'install_base': '/home/catcyber02/Mobile-Robots-2026-1/install/simple_move', 'merge_install': False, 'path': '/home/catcyber02/Mobile-Robots-2026-1/ros2_ws/src/navigation/simple_move', 'symlink_install': False, 'test_result_base': None}
[0.577s] Level 5:colcon.colcon_core.verb:set package 'uf_ros_lib' build argument 'cmake_args' from command line to 'None'
[0.577s] Level 5:colcon.colcon_core.verb:set package 'uf_ros_lib' build argument 'cmake_target' from command line to 'None'
[0.578s] Level 5:colcon.colcon_core.verb:set package 'uf_ros_lib' build argument 'cmake_target_skip_unavailable' from command line to 'False'
[0.578s] Level 5:colcon.colcon_core.verb:set package 'uf_ros_lib' build argument 'cmake_clean_cache' from command line to 'False'
[0.578s] Level 5:colcon.colcon_core.verb:set package 'uf_ros_lib' build argument 'cmake_clean_first' from command line to 'False'
[0.578s] Level 5:colcon.colcon_core.verb:set package 'uf_ros_lib' build argument 'cmake_force_configure' from command line to 'False'
[0.578s] Level 5:colcon.colcon_core.verb:set package 'uf_ros_lib' build argument 'ament_cmake_args' from command line to 'None'
[0.578s] Level 5:colcon.colcon_core.verb:set package 'uf_ros_lib' build argument 'catkin_cmake_args' from command line to 'None'
[0.578s] Level 5:colcon.colcon_core.verb:set package 'uf_ros_lib' build argument 'catkin_skip_building_tests' from command line to 'False'
[0.578s] DEBUG:colcon.colcon_core.verb:Building package 'uf_ros_lib' with the following arguments: {'ament_cmake_args': None, 'build_base': '/home/catcyber02/Mobile-Robots-2026-1/build/uf_ros_lib', 'catkin_cmake_args': None, 'catkin_skip_building_tests': False, 'cmake_args': None, 'cmake_clean_cache': False, 'cmake_clean_first': False, 'cmake_force_configure': False, 'cmake_target': None, 'cmake_target_skip_unavailable': False, 'install_base': '/home/catcyber02/Mobile-Robots-2026-1/install/uf_ros_lib', 'merge_install': False, 'path': '/home/catcyber02/Mobile-Robots-2026-1/ros2_ws/src/hardware/xarm_ros2/uf_ros_lib', 'symlink_install': False, 'test_result_base': None}
[0.578s] Level 5:colcon.colcon_core.verb:set package 'xarm_description' build argument 'cmake_args' from command line to 'None'
[0.578s] Level 5:colcon.colcon_core.verb:set package 'xarm_description' build argument 'cmake_target' from command line to 'None'
[0.578s] Level 5:colcon.colcon_core.verb:set package 'xarm_description' build argument 'cmake_target_skip_unavailable' from command line to 'False'
[0.579s] Level 5:colcon.colcon_core.verb:set package 'xarm_description' build argument 'cmake_clean_cache' from command line to 'False'
[0.579s] Level 5:colcon.colcon_core.verb:set package 'xarm_description' build argument 'cmake_clean_first' from command line to 'False'
[0.579s] Level 5:colcon.colcon_core.verb:set package 'xarm_description' build argument 'cmake_force_configure' from command line to 'False'
[0.579s] Level 5:colcon.colcon_core.verb:set package 'xarm_description' build argument 'ament_cmake_args' from command line to 'None'
[0.579s] Level 5:colcon.colcon_core.verb:set package 'xarm_description' build argument 'catkin_cmake_args' from command line to 'None'
[0.579s] Level 5:colcon.colcon_core.verb:set package 'xarm_description' build argument 'catkin_skip_building_tests' from command line to 'False'
[0.579s] DEBUG:colcon.colcon_core.verb:Building package 'xarm_description' with the following arguments: {'ament_cmake_args': None, 'build_base': '/home/catcyber02/Mobile-Robots-2026-1/build/xarm_description', 'catkin_cmake_args': None, 'catkin_skip_building_tests': False, 'cmake_args': None, 'cmake_clean_cache': False, 'cmake_clean_first': False, 'cmake_force_configure': False, 'cmake_target': None, 'cmake_target_skip_unavailable': False, 'install_base': '/home/catcyber02/Mobile-Robots-2026-1/install/xarm_description', 'merge_install': False, 'path': '/home/catcyber02/Mobile-Robots-2026-1/ros2_ws/src/hardware/xarm_ros2/xarm_description', 'symlink_install': False, 'test_result_base': None}
[0.579s] Level 5:colcon.colcon_core.verb:set package 'xarm_msgs' build argument 'cmake_args' from command line to 'None'
[0.580s] Level 5:colcon.colcon_core.verb:set package 'xarm_msgs' build argument 'cmake_target' from command line to 'None'
[0.580s] Level 5:colcon.colcon_core.verb:set package 'xarm_msgs' build argument 'cmake_target_skip_unavailable' from command line to 'False'
[0.580s] Level 5:colcon.colcon_core.verb:set package 'xarm_msgs' build argument 'cmake_clean_cache' from command line to 'False'
[0.580s] Level 5:colcon.colcon_core.verb:set package 'xarm_msgs' build argument 'cmake_clean_first' from command line to 'False'
[0.580s] Level 5:colcon.colcon_core.verb:set package 'xarm_msgs' build argument 'cmake_force_configure' from command line to 'False'
[0.580s] Level 5:colcon.colcon_core.verb:set package 'xarm_msgs' build argument 'ament_cmake_args' from command line to 'None'
[0.580s] Level 5:colcon.colcon_core.verb:set package 'xarm_msgs' build argument 'catkin_cmake_args' from command line to 'None'
[0.580s] Level 5:colcon.colcon_core.verb:set package 'xarm_msgs' build argument 'catkin_skip_building_tests' from command line to 'False'
[0.580s] DEBUG:colcon.colcon_core.verb:Building package 'xarm_msgs' with the following arguments: {'ament_cmake_args': None, 'build_base': '/home/catcyber02/Mobile-Robots-2026-1/build/xarm_msgs', 'catkin_cmake_args': None, 'catkin_skip_building_tests': False, 'cmake_args': None, 'cmake_clean_cache': False, 'cmake_clean_first': False, 'cmake_force_configure': False, 'cmake_target': None, 'cmake_target_skip_unavailable': False, 'install_base': '/home/catcyber02/Mobile-Robots-2026-1/install/xarm_msgs', 'merge_install': False, 'path': '/home/catcyber02/Mobile-Robots-2026-1/ros2_ws/src/hardware/xarm_ros2/xarm_msgs', 'symlink_install': False, 'test_result_base': None}
[0.580s] Level 5:colcon.colcon_core.verb:set package 'xarm_sdk' build argument 'cmake_args' from command line to 'None'
[0.581s] Level 5:colcon.colcon_core.verb:set package 'xarm_sdk' build argument 'cmake_target' from command line to 'None'
[0.581s] Level 5:colcon.colcon_core.verb:set package 'xarm_sdk' build argument 'cmake_target_skip_unavailable' from command line to 'False'
[0.581s] Level 5:colcon.colcon_core.verb:set package 'xarm_sdk' build argument 'cmake_clean_cache' from command line to 'False'
[0.581s] Level 5:colcon.colcon_core.verb:set package 'xarm_sdk' build argument 'cmake_clean_first' from command line to 'False'
[0.581s] Level 5:colcon.colcon_core.verb:set package 'xarm_sdk' build argument 'cmake_force_configure' from command line to 'False'
[0.581s] Level 5:colcon.colcon_core.verb:set package 'xarm_sdk' build argument 'ament_cmake_args' from command line to 'None'
[0.581s] Level 5:colcon.colcon_core.verb:set package 'xarm_sdk' build argument 'catkin_cmake_args' from command line to 'None'
[0.581s] Level 5:colcon.colcon_core.verb:set package 'xarm_sdk' build argument 'catkin_skip_building_tests' from command line to 'False'
[0.581s] DEBUG:colcon.colcon_core.verb:Building package 'xarm_sdk' with the following arguments: {'ament_cmake_args': None, 'build_base': '/home/catcyber02/Mobile-Robots-2026-1/build/xarm_sdk', 'catkin_cmake_args': None, 'catkin_skip_building_tests': False, 'cmake_args': None, 'cmake_clean_cache': False, 'cmake_clean_first': False, 'cmake_force_configure': False, 'cmake_target': None, 'cmake_target_skip_unavailable': False, 'install_base': '/home/catcyber02/Mobile-Robots-2026-1/install/xarm_sdk', 'merge_install': False, 'path': '/home/catcyber02/Mobile-Robots-2026-1/ros2_ws/src/hardware/xarm_ros2/xarm_sdk', 'symlink_install': False, 'test_result_base': None}
[0.581s] Level 5:colcon.colcon_core.verb:set package 'xarm_api' build argument 'cmake_args' from command line to 'None'
[0.581s] Level 5:colcon.colcon_core.verb:set package 'xarm_api' build argument 'cmake_target' from command line to 'None'
[0.581s] Level 5:colcon.colcon_core.verb:set package 'xarm_api' build argument 'cmake_target_skip_unavailable' from command line to 'False'
[0.582s] Level 5:colcon.colcon_core.verb:set package 'xarm_api' build argument 'cmake_clean_cache' from command line to 'False'
[0.582s] Level 5:colcon.colcon_core.verb:set package 'xarm_api' build argument 'cmake_clean_first' from command line to 'False'
[0.582s] Level 5:colcon.colcon_core.verb:set package 'xarm_api' build argument 'cmake_force_configure' from command line to 'False'
[0.582s] Level 5:colcon.colcon_core.verb:set package 'xarm_api' build argument 'ament_cmake_args' from command line to 'None'
[0.582s] Level 5:colcon.colcon_core.verb:set package 'xarm_api' build argument 'catkin_cmake_args' from command line to 'None'
[0.582s] Level 5:colcon.colcon_core.verb:set package 'xarm_api' build argument 'catkin_skip_building_tests' from command line to 'False'
[0.582s] DEBUG:colcon.colcon_core.verb:Building package 'xarm_api' with the following arguments: {'ament_cmake_args': None, 'build_base': '/home/catcyber02/Mobile-Robots-2026-1/build/xarm_api', 'catkin_cmake_args': None, 'catkin_skip_building_tests': False, 'cmake_args': None, 'cmake_clean_cache': False, 'cmake_clean_first': False, 'cmake_force_configure': False, 'cmake_target': None, 'cmake_target_skip_unavailable': False, 'install_base': '/home/catcyber02/Mobile-Robots-2026-1/install/xarm_api', 'merge_install': False, 'path': '/home/catcyber02/Mobile-Robots-2026-1/ros2_ws/src/hardware/xarm_ros2/xarm_api', 'symlink_install': False, 'test_result_base': None}
[0.582s] Level 5:colcon.colcon_core.verb:set package 'xarm_controller' build argument 'cmake_args' from command line to 'None'
[0.582s] Level 5:colcon.colcon_core.verb:set package 'xarm_controller' build argument 'cmake_target' from command line to 'None'
[0.582s] Level 5:colcon.colcon_core.verb:set package 'xarm_controller' build argument 'cmake_target_skip_unavailable' from command line to 'False'
[0.583s] Level 5:colcon.colcon_core.verb:set package 'xarm_controller' build argument 'cmake_clean_cache' from command line to 'False'
[0.583s] Level 5:colcon.colcon_core.verb:set package 'xarm_controller' build argument 'cmake_clean_first' from command line to 'False'
[0.583s] Level 5:colcon.colcon_core.verb:set package 'xarm_controller' build argument 'cmake_force_configure' from command line to 'False'
[0.583s] Level 5:colcon.colcon_core.verb:set package 'xarm_controller' build argument 'ament_cmake_args' from command line to 'None'
[0.583s] Level 5:colcon.colcon_core.verb:set package 'xarm_controller' build argument 'catkin_cmake_args' from command line to 'None'
[0.583s] Level 5:colcon.colcon_core.verb:set package 'xarm_controller' build argument 'catkin_skip_building_tests' from command line to 'False'
[0.583s] DEBUG:colcon.colcon_core.verb:Building package 'xarm_controller' with the following arguments: {'ament_cmake_args': None, 'build_base': '/home/catcyber02/Mobile-Robots-2026-1/build/xarm_controller', 'catkin_cmake_args': None, 'catkin_skip_building_tests': False, 'cmake_args': None, 'cmake_clean_cache': False, 'cmake_clean_first': False, 'cmake_force_configure': False, 'cmake_target': None, 'cmake_target_skip_unavailable': False, 'install_base': '/home/catcyber02/Mobile-Robots-2026-1/install/xarm_controller', 'merge_install': False, 'path': '/home/catcyber02/Mobile-Robots-2026-1/ros2_ws/src/hardware/xarm_ros2/xarm_controller', 'symlink_install': False, 'test_result_base': None}
[0.583s] INFO:colcon.colcon_core.executor:Executing jobs using 'parallel' executor
[0.585s] DEBUG:colcon.colcon_parallel_executor.executor.parallel:run_until_complete
[0.585s] INFO:colcon.colcon_ros.task.ament_cmake.build:Building ROS package in '/home/catcyber02/Mobile-Robots-2026-1/ros2_ws/src/hardware/xarm_ros2/xarm_description' with build type 'ament_cmake'
[0.585s] INFO:colcon.colcon_cmake.task.cmake.build:Building CMake package in '/home/catcyber02/Mobile-Robots-2026-1/ros2_ws/src/hardware/xarm_ros2/xarm_description'
[0.593s] INFO:colcon.colcon_core.plugin_system:Skipping extension 'colcon_core.shell.bat': Not used on non-Windows systems
[0.593s] INFO:colcon.colcon_core.shell:Skip shell extension 'powershell' for command environment: Not usable outside of PowerShell
[0.594s] DEBUG:colcon.colcon_core.shell:Skip shell extension 'dsv' for command environment
[0.608s] INFO:colcon.colcon_ros.task.ament_cmake.build:Building ROS package in '/home/catcyber02/Mobile-Robots-2026-1/ros2_ws/src/hardware/xarm_ros2/xarm_msgs' with build type 'ament_cmake'
[0.608s] INFO:colcon.colcon_cmake.task.cmake.build:Building CMake package in '/home/catcyber02/Mobile-Robots-2026-1/ros2_ws/src/hardware/xarm_ros2/xarm_msgs'
[0.608s] INFO:colcon.colcon_core.shell:Skip shell extension 'powershell' for command environment: Not usable outside of PowerShell
[0.608s] DEBUG:colcon.colcon_core.shell:Skip shell extension 'dsv' for command environment
[0.622s] INFO:colcon.colcon_ros.task.ament_cmake.build:Building ROS package in '/home/catcyber02/Mobile-Robots-2026-1/ros2_ws/src/hardware/xarm_ros2/xarm_sdk' with build type 'ament_cmake'
[0.622s] INFO:colcon.colcon_cmake.task.cmake.build:Building CMake package in '/home/catcyber02/Mobile-Robots-2026-1/ros2_ws/src/hardware/xarm_ros2/xarm_sdk'
[0.622s] INFO:colcon.colcon_core.shell:Skip shell extension 'powershell' for command environment: Not usable outside of PowerShell
[0.622s] DEBUG:colcon.colcon_core.shell:Skip shell extension 'dsv' for command environment
[0.636s] INFO:colcon.colcon_ros.task.ament_cmake.build:Building ROS package in '/home/catcyber02/Mobile-Robots-2026-1/ros2_ws/src/config_files' with build type 'ament_cmake'
[0.636s] INFO:colcon.colcon_cmake.task.cmake.build:Building CMake package in '/home/catcyber02/Mobile-Robots-2026-1/ros2_ws/src/config_files'
[0.637s] INFO:colcon.colcon_core.shell:Skip shell extension 'powershell' for command environment: Not usable outside of PowerShell
[0.637s] DEBUG:colcon.colcon_core.shell:Skip shell extension 'dsv' for command environment
[0.652s] INFO:colcon.colcon_ros.task.ament_cmake.build:Building ROS package in '/home/catcyber02/Mobile-Robots-2026-1/ros2_ws/src/hardware/gazebo_envs' with build type 'ament_cmake'
[0.652s] INFO:colcon.colcon_cmake.task.cmake.build:Building CMake package in '/home/catcyber02/Mobile-Robots-2026-1/ros2_ws/src/hardware/gazebo_envs'
[0.653s] INFO:colcon.colcon_core.shell:Skip shell extension 'powershell' for command environment: Not usable outside of PowerShell
[0.653s] DEBUG:colcon.colcon_core.shell:Skip shell extension 'dsv' for command environment
[0.667s] INFO:colcon.colcon_ros.task.ament_cmake.build:Building ROS package in '/home/catcyber02/Mobile-Robots-2026-1/ros2_ws/src/hardware/justina_description' with build type 'ament_cmake'
[0.668s] INFO:colcon.colcon_cmake.task.cmake.build:Building CMake package in '/home/catcyber02/Mobile-Robots-2026-1/ros2_ws/src/hardware/justina_description'
[0.668s] INFO:colcon.colcon_core.shell:Skip shell extension 'powershell' for command environment: Not usable outside of PowerShell
[0.668s] DEBUG:colcon.colcon_core.shell:Skip shell extension 'dsv' for command environment
[0.682s] INFO:colcon.colcon_ros.task.ament_cmake.build:Building ROS package in '/home/catcyber02/Mobile-Robots-2026-1/ros2_ws/src/hri/justina_gui' with build type 'ament_cmake'
[0.682s] INFO:colcon.colcon_cmake.task.cmake.build:Building CMake package in '/home/catcyber02/Mobile-Robots-2026-1/ros2_ws/src/hri/justina_gui'
[0.683s] INFO:colcon.colcon_core.shell:Skip shell extension 'powershell' for command environment: Not usable outside of PowerShell
[0.683s] DEBUG:colcon.colcon_core.shell:Skip shell extension 'dsv' for command environment
[0.698s] INFO:colcon.colcon_ros.task.ament_python.build:Building ROS package in '/home/catcyber02/Mobile-Robots-2026-1/ros2_ws/src/navigation/map_augmenter' with build type 'ament_python'
[0.698s] Level 1:colcon.colcon_core.shell:create_environment_hook('map_augmenter', 'ament_prefix_path')
[0.699s] INFO:colcon.colcon_core.shell:Creating environment hook '/home/catcyber02/Mobile-Robots-2026-1/install/map_augmenter/share/map_augmenter/hook/ament_prefix_path.ps1'
[0.701s] INFO:colcon.colcon_core.shell:Creating environment descriptor '/home/catcyber02/Mobile-Robots-2026-1/install/map_augmenter/share/map_augmenter/hook/ament_prefix_path.dsv'
[0.702s] INFO:colcon.colcon_core.shell:Creating environment hook '/home/catcyber02/Mobile-Robots-2026-1/install/map_augmenter/share/map_augmenter/hook/ament_prefix_path.sh'
[0.703s] INFO:colcon.colcon_core.shell:Skip shell extension 'powershell' for command environment: Not usable outside of PowerShell
[0.703s] DEBUG:colcon.colcon_core.shell:Skip shell extension 'dsv' for command environment
[0.729s] DEBUG:colcon.colcon_core.event_handler.log_command:Invoking command in '/home/catcyber02/Mobile-Robots-2026-1/build/xarm_description': CMAKE_PREFIX_PATH=${CMAKE_PREFIX_PATH}:/home/catcyber02/Mobile-Robots-2026-1/install/uf_ros_lib:/home/catcyber02/Mobile-Robots-2026-1/install/simple_move:/home/catcyber02/Mobile-Robots-2026-1/install/path_planner:/home/catcyber02/Mobile-Robots-2026-1/install/map_augmenter:/home/catcyber02/Mobile-Robots-2026-1/ros2_ws/install/uf_ros_lib:/home/catcyber02/Mobile-Robots-2026-1/ros2_ws/install/simple_move:/home/catcyber02/Mobile-Robots-2026-1/ros2_ws/install/path_planner:/home/catcyber02/Mobile-Robots-2026-1/ros2_ws/install/map_augmenter:/opt/ros/jazzy DEBUGINFOD_URLS=https://debuginfod.ubuntu.com /usr/bin/cmake --build /home/catcyber02/Mobile-Robots-2026-1/build/xarm_description -- -j8 -l8
[0.737s] DEBUG:colcon.colcon_core.event_handler.log_command:Invoking command in '/home/catcyber02/Mobile-Robots-2026-1/build/xarm_msgs': CMAKE_PREFIX_PATH=${CMAKE_PREFIX_PATH}:/home/catcyber02/Mobile-Robots-2026-1/install/uf_ros_lib:/home/catcyber02/Mobile-Robots-2026-1/install/simple_move:/home/catcyber02/Mobile-Robots-2026-1/install/path_planner:/home/catcyber02/Mobile-Robots-2026-1/install/map_augmenter:/home/catcyber02/Mobile-Robots-2026-1/ros2_ws/install/uf_ros_lib:/home/catcyber02/Mobile-Robots-2026-1/ros2_ws/install/simple_move:/home/catcyber02/Mobile-Robots-2026-1/ros2_ws/install/path_planner:/home/catcyber02/Mobile-Robots-2026-1/ros2_ws/install/map_augmenter:/opt/ros/jazzy DEBUGINFOD_URLS=https://debuginfod.ubuntu.com /usr/bin/cmake --build /home/catcyber02/Mobile-Robots-2026-1/build/xarm_msgs -- -j8 -l8
[0.743s] DEBUG:colcon.colcon_core.event_handler.log_command:Invoking command in '/home/catcyber02/Mobile-Robots-2026-1/build/xarm_sdk': CMAKE_PREFIX_PATH=${CMAKE_PREFIX_PATH}:/home/catcyber02/Mobile-Robots-2026-1/install/uf_ros_lib:/home/catcyber02/Mobile-Robots-2026-1/install/simple_move:/home/catcyber02/Mobile-Robots-2026-1/install/path_planner:/home/catcyber02/Mobile-Robots-2026-1/install/map_augmenter:/home/catcyber02/Mobile-Robots-2026-1/ros2_ws/install/uf_ros_lib:/home/catcyber02/Mobile-Robots-2026-1/ros2_ws/install/simple_move:/home/catcyber02/Mobile-Robots-2026-1/ros2_ws/install/path_planner:/home/catcyber02/Mobile-Robots-2026-1/ros2_ws/install/map_augmenter:/opt/ros/jazzy DEBUGINFOD_URLS=https://debuginfod.ubuntu.com /usr/bin/cmake --build /home/catcyber02/Mobile-Robots-2026-1/build/xarm_sdk -- -j8 -l8
[0.749s] DEBUG:colcon.colcon_core.event_handler.log_command:Invoking command in '/home/catcyber02/Mobile-Robots-2026-1/build/config_files': CMAKE_PREFIX_PATH=${CMAKE_PREFIX_PATH}:/home/catcyber02/Mobile-Robots-2026-1/install/uf_ros_lib:/home/catcyber02/Mobile-Robots-2026-1/install/simple_move:/home/catcyber02/Mobile-Robots-2026-1/install/path_planner:/home/catcyber02/Mobile-Robots-2026-1/install/map_augmenter:/home/catcyber02/Mobile-Robots-2026-1/ros2_ws/install/uf_ros_lib:/home/catcyber02/Mobile-Robots-2026-1/ros2_ws/install/simple_move:/home/catcyber02/Mobile-Robots-2026-1/ros2_ws/install/path_planner:/home/catcyber02/Mobile-Robots-2026-1/ros2_ws/install/map_augmenter:/opt/ros/jazzy DEBUGINFOD_URLS=https://debuginfod.ubuntu.com /usr/bin/cmake --build /home/catcyber02/Mobile-Robots-2026-1/build/config_files -- -j8 -l8
[0.761s] DEBUG:colcon.colcon_core.event_handler.log_command:Invoking command in '/home/catcyber02/Mobile-Robots-2026-1/build/gazebo_envs': CMAKE_PREFIX_PATH=${CMAKE_PREFIX_PATH}:/home/catcyber02/Mobile-Robots-2026-1/install/uf_ros_lib:/home/catcyber02/Mobile-Robots-2026-1/install/simple_move:/home/catcyber02/Mobile-Robots-2026-1/install/path_planner:/home/catcyber02/Mobile-Robots-2026-1/install/map_augmenter:/home/catcyber02/Mobile-Robots-2026-1/ros2_ws/install/uf_ros_lib:/home/catcyber02/Mobile-Robots-2026-1/ros2_ws/install/simple_move:/home/catcyber02/Mobile-Robots-2026-1/ros2_ws/install/path_planner:/home/catcyber02/Mobile-Robots-2026-1/ros2_ws/install/map_augmenter:/opt/ros/jazzy DEBUGINFOD_URLS=https://debuginfod.ubuntu.com /usr/bin/cmake --build /home/catcyber02/Mobile-Robots-2026-1/build/gazebo_envs -- -j8 -l8
[0.771s] DEBUG:colcon.colcon_core.event_handler.log_command:Invoking command in '/home/catcyber02/Mobile-Robots-2026-1/build/justina_description': CMAKE_PREFIX_PATH=${CMAKE_PREFIX_PATH}:/home/catcyber02/Mobile-Robots-2026-1/install/uf_ros_lib:/home/catcyber02/Mobile-Robots-2026-1/install/simple_move:/home/catcyber02/Mobile-Robots-2026-1/install/path_planner:/home/catcyber02/Mobile-Robots-2026-1/install/map_augmenter:/home/catcyber02/Mobile-Robots-2026-1/ros2_ws/install/uf_ros_lib:/home/catcyber02/Mobile-Robots-2026-1/ros2_ws/install/simple_move:/home/catcyber02/Mobile-Robots-2026-1/ros2_ws/install/path_planner:/home/catcyber02/Mobile-Robots-2026-1/ros2_ws/install/map_augmenter:/opt/ros/jazzy DEBUGINFOD_URLS=https://debuginfod.ubuntu.com /usr/bin/cmake --build /home/catcyber02/Mobile-Robots-2026-1/build/justina_description -- -j8 -l8
[0.780s] DEBUG:colcon.colcon_core.event_handler.log_command:Invoking command in '/home/catcyber02/Mobile-Robots-2026-1/build/justina_gui': CMAKE_PREFIX_PATH=${CMAKE_PREFIX_PATH}:/home/catcyber02/Mobile-Robots-2026-1/install/uf_ros_lib:/home/catcyber02/Mobile-Robots-2026-1/install/simple_move:/home/catcyber02/Mobile-Robots-2026-1/install/path_planner:/home/catcyber02/Mobile-Robots-2026-1/install/map_augmenter:/home/catcyber02/Mobile-Robots-2026-1/ros2_ws/install/uf_ros_lib:/home/catcyber02/Mobile-Robots-2026-1/ros2_ws/install/simple_move:/home/catcyber02/Mobile-Robots-2026-1/ros2_ws/install/path_planner:/home/catcyber02/Mobile-Robots-2026-1/ros2_ws/install/map_augmenter:/opt/ros/jazzy DEBUGINFOD_URLS=https://debuginfod.ubuntu.com /usr/bin/cmake --build /home/catcyber02/Mobile-Robots-2026-1/build/justina_gui -- -j8 -l8
[1.653s] INFO:colcon.colcon_core.task.python.build:Building Python package in '/home/catcyber02/Mobile-Robots-2026-1/ros2_ws/src/navigation/map_augmenter'
[1.654s] INFO:colcon.colcon_core.shell:Skip shell extension 'powershell' for command environment: Not usable outside of PowerShell
[1.654s] DEBUG:colcon.colcon_core.shell:Skip shell extension 'dsv' for command environment
[1.687s] DEBUG:colcon.colcon_core.event_handler.log_command:Invoked command in '/home/catcyber02/Mobile-Robots-2026-1/build/xarm_description' returned '0': CMAKE_PREFIX_PATH=${CMAKE_PREFIX_PATH}:/home/catcyber02/Mobile-Robots-2026-1/install/uf_ros_lib:/home/catcyber02/Mobile-Robots-2026-1/install/simple_move:/home/catcyber02/Mobile-Robots-2026-1/install/path_planner:/home/catcyber02/Mobile-Robots-2026-1/install/map_augmenter:/home/catcyber02/Mobile-Robots-2026-1/ros2_ws/install/uf_ros_lib:/home/catcyber02/Mobile-Robots-2026-1/ros2_ws/install/simple_move:/home/catcyber02/Mobile-Robots-2026-1/ros2_ws/install/path_planner:/home/catcyber02/Mobile-Robots-2026-1/ros2_ws/install/map_augmenter:/opt/ros/jazzy DEBUGINFOD_URLS=https://debuginfod.ubuntu.com /usr/bin/cmake --build /home/catcyber02/Mobile-Robots-2026-1/build/xarm_description -- -j8 -l8
[1.717s] DEBUG:colcon.colcon_core.event_handler.log_command:Invoking command in '/home/catcyber02/Mobile-Robots-2026-1/build/xarm_description': CMAKE_PREFIX_PATH=${CMAKE_PREFIX_PATH}:/home/catcyber02/Mobile-Robots-2026-1/install/uf_ros_lib:/home/catcyber02/Mobile-Robots-2026-1/install/simple_move:/home/catcyber02/Mobile-Robots-2026-1/install/path_planner:/home/catcyber02/Mobile-Robots-2026-1/install/map_augmenter:/home/catcyber02/Mobile-Robots-2026-1/ros2_ws/install/uf_ros_lib:/home/catcyber02/Mobile-Robots-2026-1/ros2_ws/install/simple_move:/home/catcyber02/Mobile-Robots-2026-1/ros2_ws/install/path_planner:/home/catcyber02/Mobile-Robots-2026-1/ros2_ws/install/map_augmenter:/opt/ros/jazzy DEBUGINFOD_URLS=https://debuginfod.ubuntu.com /usr/bin/cmake --install /home/catcyber02/Mobile-Robots-2026-1/build/xarm_description
[1.718s] DEBUG:colcon.colcon_core.event_handler.log_command:Invoked command in '/home/catcyber02/Mobile-Robots-2026-1/build/justina_description' returned '0': CMAKE_PREFIX_PATH=${CMAKE_PREFIX_PATH}:/home/catcyber02/Mobile-Robots-2026-1/install/uf_ros_lib:/home/catcyber02/Mobile-Robots-2026-1/install/simple_move:/home/catcyber02/Mobile-Robots-2026-1/install/path_planner:/home/catcyber02/Mobile-Robots-2026-1/install/map_augmenter:/home/catcyber02/Mobile-Robots-2026-1/ros2_ws/install/uf_ros_lib:/home/catcyber02/Mobile-Robots-2026-1/ros2_ws/install/simple_move:/home/catcyber02/Mobile-Robots-2026-1/ros2_ws/install/path_planner:/home/catcyber02/Mobile-Robots-2026-1/ros2_ws/install/map_augmenter:/opt/ros/jazzy DEBUGINFOD_URLS=https://debuginfod.ubuntu.com /usr/bin/cmake --build /home/catcyber02/Mobile-Robots-2026-1/build/justina_description -- -j8 -l8
[1.724s] DEBUG:colcon.colcon_core.event_handler.log_command:Invoking command in '/home/catcyber02/Mobile-Robots-2026-1/build/justina_description': CMAKE_PREFIX_PATH=${CMAKE_PREFIX_PATH}:/home/catcyber02/Mobile-Robots-2026-1/install/uf_ros_lib:/home/catcyber02/Mobile-Robots-2026-1/install/simple_move:/home/catcyber02/Mobile-Robots-2026-1/install/path_planner:/home/catcyber02/Mobile-Robots-2026-1/install/map_augmenter:/home/catcyber02/Mobile-Robots-2026-1/ros2_ws/install/uf_ros_lib:/home/catcyber02/Mobile-Robots-2026-1/ros2_ws/install/simple_move:/home/catcyber02/Mobile-Robots-2026-1/ros2_ws/install/path_planner:/home/catcyber02/Mobile-Robots-2026-1/ros2_ws/install/map_augmenter:/opt/ros/jazzy DEBUGINFOD_URLS=https://debuginfod.ubuntu.com /usr/bin/cmake --install /home/catcyber02/Mobile-Robots-2026-1/build/justina_description
[1.725s] DEBUG:colcon.colcon_core.event_handler.log_command:Invoked command in '/home/catcyber02/Mobile-Robots-2026-1/build/gazebo_envs' returned '0': CMAKE_PREFIX_PATH=${CMAKE_PREFIX_PATH}:/home/catcyber02/Mobile-Robots-2026-1/install/uf_ros_lib:/home/catcyber02/Mobile-Robots-2026-1/install/simple_move:/home/catcyber02/Mobile-Robots-2026-1/install/path_planner:/home/catcyber02/Mobile-Robots-2026-1/install/map_augmenter:/home/catcyber02/Mobile-Robots-2026-1/ros2_ws/install/uf_ros_lib:/home/catcyber02/Mobile-Robots-2026-1/ros2_ws/install/simple_move:/home/catcyber02/Mobile-Robots-2026-1/ros2_ws/install/path_planner:/home/catcyber02/Mobile-Robots-2026-1/ros2_ws/install/map_augmenter:/opt/ros/jazzy DEBUGINFOD_URLS=https://debuginfod.ubuntu.com /usr/bin/cmake --build /home/catcyber02/Mobile-Robots-2026-1/build/gazebo_envs -- -j8 -l8
[1.729s] DEBUG:colcon.colcon_core.event_handler.log_command:Invoking command in '/home/catcyber02/Mobile-Robots-2026-1/build/gazebo_envs': CMAKE_PREFIX_PATH=${CMAKE_PREFIX_PATH}:/home/catcyber02/Mobile-Robots-2026-1/install/uf_ros_lib:/home/catcyber02/Mobile-Robots-2026-1/install/simple_move:/home/catcyber02/Mobile-Robots-2026-1/install/path_planner:/home/catcyber02/Mobile-Robots-2026-1/install/map_augmenter:/home/catcyber02/Mobile-Robots-2026-1/ros2_ws/install/uf_ros_lib:/home/catcyber02/Mobile-Robots-2026-1/ros2_ws/install/simple_move:/home/catcyber02/Mobile-Robots-2026-1/ros2_ws/install/path_planner:/home/catcyber02/Mobile-Robots-2026-1/ros2_ws/install/map_augmenter:/opt/ros/jazzy DEBUGINFOD_URLS=https://debuginfod.ubuntu.com /usr/bin/cmake --install /home/catcyber02/Mobile-Robots-2026-1/build/gazebo_envs
[1.732s] DEBUG:colcon.colcon_core.event_handler.log_command:Invoked command in '/home/catcyber02/Mobile-Robots-2026-1/build/config_files' returned '0': CMAKE_PREFIX_PATH=${CMAKE_PREFIX_PATH}:/home/catcyber02/Mobile-Robots-2026-1/install/uf_ros_lib:/home/catcyber02/Mobile-Robots-2026-1/install/simple_move:/home/catcyber02/Mobile-Robots-2026-1/install/path_planner:/home/catcyber02/Mobile-Robots-2026-1/install/map_augmenter:/home/catcyber02/Mobile-Robots-2026-1/ros2_ws/install/uf_ros_lib:/home/catcyber02/Mobile-Robots-2026-1/ros2_ws/install/simple_move:/home/catcyber02/Mobile-Robots-2026-1/ros2_ws/install/path_planner:/home/catcyber02/Mobile-Robots-2026-1/ros2_ws/install/map_augmenter:/opt/ros/jazzy DEBUGINFOD_URLS=https://debuginfod.ubuntu.com /usr/bin/cmake --build /home/catcyber02/Mobile-Robots-2026-1/build/config_files -- -j8 -l8
[1.735s] DEBUG:colcon.colcon_core.event_handler.log_command:Invoking command in '/home/catcyber02/Mobile-Robots-2026-1/build/config_files': CMAKE_PREFIX_PATH=${CMAKE_PREFIX_PATH}:/home/catcyber02/Mobile-Robots-2026-1/install/uf_ros_lib:/home/catcyber02/Mobile-Robots-2026-1/install/simple_move:/home/catcyber02/Mobile-Robots-2026-1/install/path_planner:/home/catcyber02/Mobile-Robots-2026-1/install/map_augmenter:/home/catcyber02/Mobile-Robots-2026-1/ros2_ws/install/uf_ros_lib:/home/catcyber02/Mobile-Robots-2026-1/ros2_ws/install/simple_move:/home/catcyber02/Mobile-Robots-2026-1/ros2_ws/install/path_planner:/home/catcyber02/Mobile-Robots-2026-1/ros2_ws/install/map_augmenter:/opt/ros/jazzy DEBUGINFOD_URLS=https://debuginfod.ubuntu.com /usr/bin/cmake --install /home/catcyber02/Mobile-Robots-2026-1/build/config_files
[1.739s] DEBUG:colcon.colcon_core.event_handler.log_command:Invoked command in '/home/catcyber02/Mobile-Robots-2026-1/build/justina_gui' returned '0': CMAKE_PREFIX_PATH=${CMAKE_PREFIX_PATH}:/home/catcyber02/Mobile-Robots-2026-1/install/uf_ros_lib:/home/catcyber02/Mobile-Robots-2026-1/install/simple_move:/home/catcyber02/Mobile-Robots-2026-1/install/path_planner:/home/catcyber02/Mobile-Robots-2026-1/install/map_augmenter:/home/catcyber02/Mobile-Robots-2026-1/ros2_ws/install/uf_ros_lib:/home/catcyber02/Mobile-Robots-2026-1/ros2_ws/install/simple_move:/home/catcyber02/Mobile-Robots-2026-1/ros2_ws/install/path_planner:/home/catcyber02/Mobile-Robots-2026-1/ros2_ws/install/map_augmenter:/opt/ros/jazzy DEBUGINFOD_URLS=https://debuginfod.ubuntu.com /usr/bin/cmake --build /home/catcyber02/Mobile-Robots-2026-1/build/justina_gui -- -j8 -l8
[1.740s] DEBUG:colcon.colcon_core.event_handler.log_command:Invoking command in '/home/catcyber02/Mobile-Robots-2026-1/build/justina_gui': CMAKE_PREFIX_PATH=${CMAKE_PREFIX_PATH}:/home/catcyber02/Mobile-Robots-2026-1/install/uf_ros_lib:/home/catcyber02/Mobile-Robots-2026-1/install/simple_move:/home/catcyber02/Mobile-Robots-2026-1/install/path_planner:/home/catcyber02/Mobile-Robots-2026-1/install/map_augmenter:/home/catcyber02/Mobile-Robots-2026-1/ros2_ws/install/uf_ros_lib:/home/catcyber02/Mobile-Robots-2026-1/ros2_ws/install/simple_move:/home/catcyber02/Mobile-Robots-2026-1/ros2_ws/install/path_planner:/home/catcyber02/Mobile-Robots-2026-1/ros2_ws/install/map_augmenter:/opt/ros/jazzy DEBUGINFOD_URLS=https://debuginfod.ubuntu.com /usr/bin/cmake --install /home/catcyber02/Mobile-Robots-2026-1/build/justina_gui
[1.744s] DEBUG:colcon.colcon_core.event_handler.log_command:Invoked command in '/home/catcyber02/Mobile-Robots-2026-1/build/xarm_sdk' returned '0': CMAKE_PREFIX_PATH=${CMAKE_PREFIX_PATH}:/home/catcyber02/Mobile-Robots-2026-1/install/uf_ros_lib:/home/catcyber02/Mobile-Robots-2026-1/install/simple_move:/home/catcyber02/Mobile-Robots-2026-1/install/path_planner:/home/catcyber02/Mobile-Robots-2026-1/install/map_augmenter:/home/catcyber02/Mobile-Robots-2026-1/ros2_ws/install/uf_ros_lib:/home/catcyber02/Mobile-Robots-2026-1/ros2_ws/install/simple_move:/home/catcyber02/Mobile-Robots-2026-1/ros2_ws/install/path_planner:/home/catcyber02/Mobile-Robots-2026-1/ros2_ws/install/map_augmenter:/opt/ros/jazzy DEBUGINFOD_URLS=https://debuginfod.ubuntu.com /usr/bin/cmake --build /home/catcyber02/Mobile-Robots-2026-1/build/xarm_sdk -- -j8 -l8
[1.748s] DEBUG:colcon.colcon_core.event_handler.log_command:Invoking command in '/home/catcyber02/Mobile-Robots-2026-1/build/xarm_sdk': CMAKE_PREFIX_PATH=${CMAKE_PREFIX_PATH}:/home/catcyber02/Mobile-Robots-2026-1/install/uf_ros_lib:/home/catcyber02/Mobile-Robots-2026-1/install/simple_move:/home/catcyber02/Mobile-Robots-2026-1/install/path_planner:/home/catcyber02/Mobile-Robots-2026-1/install/map_augmenter:/home/catcyber02/Mobile-Robots-2026-1/ros2_ws/install/uf_ros_lib:/home/catcyber02/Mobile-Robots-2026-1/ros2_ws/install/simple_move:/home/catcyber02/Mobile-Robots-2026-1/ros2_ws/install/path_planner:/home/catcyber02/Mobile-Robots-2026-1/ros2_ws/install/map_augmenter:/opt/ros/jazzy DEBUGINFOD_URLS=https://debuginfod.ubuntu.com /usr/bin/cmake --install /home/catcyber02/Mobile-Robots-2026-1/build/xarm_sdk
[1.770s] Level 1:colcon.colcon_core.environment:create_environment_scripts_only(justina_description)
[1.791s] Level 1:colcon.colcon_core.environment:checking '/home/catcyber02/Mobile-Robots-2026-1/install/justina_description' for CMake module files
[1.807s] Level 1:colcon.colcon_core.environment:checking '/home/catcyber02/Mobile-Robots-2026-1/install/justina_description' for CMake config files
[1.816s] Level 1:colcon.colcon_core.shell:create_environment_hook('justina_description', 'cmake_prefix_path')
[1.817s] INFO:colcon.colcon_core.shell:Creating environment hook '/home/catcyber02/Mobile-Robots-2026-1/install/justina_description/share/justina_description/hook/cmake_prefix_path.ps1'
[1.818s] INFO:colcon.colcon_core.shell:Creating environment descriptor '/home/catcyber02/Mobile-Robots-2026-1/install/justina_description/share/justina_description/hook/cmake_prefix_path.dsv'
[1.819s] INFO:colcon.colcon_core.shell:Creating environment hook '/home/catcyber02/Mobile-Robots-2026-1/install/justina_description/share/justina_description/hook/cmake_prefix_path.sh'
[1.828s] Level 1:colcon.colcon_core.environment:checking '/home/catcyber02/Mobile-Robots-2026-1/install/justina_description/bin'
[1.829s] Level 1:colcon.colcon_core.environment:checking '/home/catcyber02/Mobile-Robots-2026-1/install/justina_description/lib/pkgconfig/justina_description.pc'
[1.829s] Level 1:colcon.colcon_core.environment:checking '/home/catcyber02/Mobile-Robots-2026-1/install/justina_description/lib/python3.12/site-packages'
[1.830s] Level 1:colcon.colcon_core.environment:checking '/home/catcyber02/Mobile-Robots-2026-1/install/justina_description/bin'
[1.831s] INFO:colcon.colcon_core.shell:Creating package script '/home/catcyber02/Mobile-Robots-2026-1/install/justina_description/share/justina_description/package.ps1'
[1.832s] INFO:colcon.colcon_core.shell:Creating package descriptor '/home/catcyber02/Mobile-Robots-2026-1/install/justina_description/share/justina_description/package.dsv'
[1.844s] INFO:colcon.colcon_core.shell:Creating package script '/home/catcyber02/Mobile-Robots-2026-1/install/justina_description/share/justina_description/package.sh'
[1.885s] INFO:colcon.colcon_core.shell:Creating package script '/home/catcyber02/Mobile-Robots-2026-1/install/justina_description/share/justina_description/package.bash'
[1.899s] INFO:colcon.colcon_core.shell:Creating package script '/home/catcyber02/Mobile-Robots-2026-1/install/justina_description/share/justina_description/package.zsh'
[1.900s] Level 1:colcon.colcon_core.environment:create_file_with_runtime_dependencies(/home/catcyber02/Mobile-Robots-2026-1/install/justina_description/share/colcon-core/packages/justina_description)
[1.902s] Level 1:colcon.colcon_core.environment:create_environment_scripts_only(justina_description)
[1.903s] Level 1:colcon.colcon_core.environment:checking '/home/catcyber02/Mobile-Robots-2026-1/install/justina_description' for CMake module files
[1.908s] DEBUG:colcon.colcon_core.event_handler.log_command:Invoked command in '/home/catcyber02/Mobile-Robots-2026-1/build/justina_description' returned '0': CMAKE_PREFIX_PATH=${CMAKE_PREFIX_PATH}:/home/catcyber02/Mobile-Robots-2026-1/install/uf_ros_lib:/home/catcyber02/Mobile-Robots-2026-1/install/simple_move:/home/catcyber02/Mobile-Robots-2026-1/install/path_planner:/home/catcyber02/Mobile-Robots-2026-1/install/map_augmenter:/home/catcyber02/Mobile-Robots-2026-1/ros2_ws/install/uf_ros_lib:/home/catcyber02/Mobile-Robots-2026-1/ros2_ws/install/simple_move:/home/catcyber02/Mobile-Robots-2026-1/ros2_ws/install/path_planner:/home/catcyber02/Mobile-Robots-2026-1/ros2_ws/install/map_augmenter:/opt/ros/jazzy DEBUGINFOD_URLS=https://debuginfod.ubuntu.com /usr/bin/cmake --install /home/catcyber02/Mobile-Robots-2026-1/build/justina_description
[1.911s] Level 1:colcon.colcon_core.environment:checking '/home/catcyber02/Mobile-Robots-2026-1/install/justina_description' for CMake config files
[1.912s] Level 1:colcon.colcon_core.shell:create_environment_hook('justina_description', 'cmake_prefix_path')
[1.913s] INFO:colcon.colcon_core.shell:Creating environment hook '/home/catcyber02/Mobile-Robots-2026-1/install/justina_description/share/justina_description/hook/cmake_prefix_path.ps1'
[1.924s] INFO:colcon.colcon_core.shell:Creating environment descriptor '/home/catcyber02/Mobile-Robots-2026-1/install/justina_description/share/justina_description/hook/cmake_prefix_path.dsv'
[1.926s] INFO:colcon.colcon_core.shell:Creating environment hook '/home/catcyber02/Mobile-Robots-2026-1/install/justina_description/share/justina_description/hook/cmake_prefix_path.sh'
[1.927s] Level 1:colcon.colcon_core.environment:checking '/home/catcyber02/Mobile-Robots-2026-1/install/justina_description/bin'
[1.928s] Level 1:colcon.colcon_core.environment:checking '/home/catcyber02/Mobile-Robots-2026-1/install/justina_description/lib/pkgconfig/justina_description.pc'
[1.929s] Level 1:colcon.colcon_core.environment:checking '/home/catcyber02/Mobile-Robots-2026-1/install/justina_description/lib/python3.12/site-packages'
[1.934s] Level 1:colcon.colcon_core.environment:checking '/home/catcyber02/Mobile-Robots-2026-1/install/justina_description/bin'
[1.935s] INFO:colcon.colcon_core.shell:Creating package script '/home/catcyber02/Mobile-Robots-2026-1/install/justina_description/share/justina_description/package.ps1'
[1.939s] INFO:colcon.colcon_core.shell:Creating package descriptor '/home/catcyber02/Mobile-Robots-2026-1/install/justina_description/share/justina_description/package.dsv'
[1.944s] INFO:colcon.colcon_core.shell:Creating package script '/home/catcyber02/Mobile-Robots-2026-1/install/justina_description/share/justina_description/package.sh'
[1.948s] INFO:colcon.colcon_core.shell:Creating package script '/home/catcyber02/Mobile-Robots-2026-1/install/justina_description/share/justina_description/package.bash'
[1.954s] INFO:colcon.colcon_core.shell:Creating package script '/home/catcyber02/Mobile-Robots-2026-1/install/justina_description/share/justina_description/package.zsh'
[1.956s] Level 1:colcon.colcon_core.environment:create_file_with_runtime_dependencies(/home/catcyber02/Mobile-Robots-2026-1/install/justina_description/share/colcon-core/packages/justina_description)
[1.959s] INFO:colcon.colcon_ros.task.ament_python.build:Building ROS package in '/home/catcyber02/Mobile-Robots-2026-1/ros2_ws/src/navigation/path_planner' with build type 'ament_python'
[1.959s] Level 1:colcon.colcon_core.shell:create_environment_hook('path_planner', 'ament_prefix_path')
[1.962s] INFO:colcon.colcon_core.shell:Creating environment hook '/home/catcyber02/Mobile-Robots-2026-1/install/path_planner/share/path_planner/hook/ament_prefix_path.ps1'
[1.964s] INFO:colcon.colcon_core.shell:Creating environment descriptor '/home/catcyber02/Mobile-Robots-2026-1/install/path_planner/share/path_planner/hook/ament_prefix_path.dsv'
[1.967s] INFO:colcon.colcon_core.shell:Creating environment hook '/home/catcyber02/Mobile-Robots-2026-1/install/path_planner/share/path_planner/hook/ament_prefix_path.sh'
[1.974s] INFO:colcon.colcon_core.shell:Skip shell extension 'powershell' for command environment: Not usable outside of PowerShell
[1.974s] DEBUG:colcon.colcon_core.shell:Skip shell extension 'dsv' for command environment
[2.018s] Level 1:colcon.colcon_core.environment:create_environment_scripts_only(justina_gui)
[2.019s] Level 1:colcon.colcon_core.environment:checking '/home/catcyber02/Mobile-Robots-2026-1/install/justina_gui' for CMake module files
[2.021s] Level 1:colcon.colcon_core.environment:checking '/home/catcyber02/Mobile-Robots-2026-1/install/justina_gui' for CMake config files
[2.021s] Level 1:colcon.colcon_core.shell:create_environment_hook('justina_gui', 'cmake_prefix_path')
[2.022s] INFO:colcon.colcon_core.shell:Creating environment hook '/home/catcyber02/Mobile-Robots-2026-1/install/justina_gui/share/justina_gui/hook/cmake_prefix_path.ps1'
[2.028s] INFO:colcon.colcon_core.shell:Creating environment descriptor '/home/catcyber02/Mobile-Robots-2026-1/install/justina_gui/share/justina_gui/hook/cmake_prefix_path.dsv'
[2.029s] INFO:colcon.colcon_core.shell:Creating environment hook '/home/catcyber02/Mobile-Robots-2026-1/install/justina_gui/share/justina_gui/hook/cmake_prefix_path.sh'
[2.035s] Level 1:colcon.colcon_core.environment:checking '/home/catcyber02/Mobile-Robots-2026-1/install/justina_gui/lib'
[2.035s] Level 1:colcon.colcon_core.environment:checking '/home/catcyber02/Mobile-Robots-2026-1/install/justina_gui/bin'
[2.036s] Level 1:colcon.colcon_core.environment:checking '/home/catcyber02/Mobile-Robots-2026-1/install/justina_gui/lib/pkgconfig/justina_gui.pc'
[2.037s] Level 1:colcon.colcon_core.environment:checking '/home/catcyber02/Mobile-Robots-2026-1/install/justina_gui/lib/python3.12/site-packages'
[2.041s] Level 1:colcon.colcon_core.environment:checking '/home/catcyber02/Mobile-Robots-2026-1/install/justina_gui/bin'
[2.042s] INFO:colcon.colcon_core.shell:Creating package script '/home/catcyber02/Mobile-Robots-2026-1/install/justina_gui/share/justina_gui/package.ps1'
[2.043s] INFO:colcon.colcon_core.shell:Creating package descriptor '/home/catcyber02/Mobile-Robots-2026-1/install/justina_gui/share/justina_gui/package.dsv'
[2.045s] INFO:colcon.colcon_core.shell:Creating package script '/home/catcyber02/Mobile-Robots-2026-1/install/justina_gui/share/justina_gui/package.sh'
[2.048s] INFO:colcon.colcon_core.shell:Creating package script '/home/catcyber02/Mobile-Robots-2026-1/install/justina_gui/share/justina_gui/package.bash'
[2.053s] INFO:colcon.colcon_core.shell:Creating package script '/home/catcyber02/Mobile-Robots-2026-1/install/justina_gui/share/justina_gui/package.zsh'
[2.060s] Level 1:colcon.colcon_core.environment:create_file_with_runtime_dependencies(/home/catcyber02/Mobile-Robots-2026-1/install/justina_gui/share/colcon-core/packages/justina_gui)
[2.062s] Level 1:colcon.colcon_core.environment:create_environment_scripts_only(justina_gui)
[2.063s] Level 1:colcon.colcon_core.environment:checking '/home/catcyber02/Mobile-Robots-2026-1/install/justina_gui' for CMake module files
[2.066s] Level 1:colcon.colcon_core.environment:checking '/home/catcyber02/Mobile-Robots-2026-1/install/justina_gui' for CMake config files
[2.069s] Level 1:colcon.colcon_core.shell:create_environment_hook('justina_gui', 'cmake_prefix_path')
[2.069s] INFO:colcon.colcon_core.shell:Creating environment hook '/home/catcyber02/Mobile-Robots-2026-1/install/justina_gui/share/justina_gui/hook/cmake_prefix_path.ps1'
[2.073s] INFO:colcon.colcon_core.shell:Creating environment descriptor '/home/catcyber02/Mobile-Robots-2026-1/install/justina_gui/share/justina_gui/hook/cmake_prefix_path.dsv'
[2.074s] INFO:colcon.colcon_core.shell:Creating environment hook '/home/catcyber02/Mobile-Robots-2026-1/install/justina_gui/share/justina_gui/hook/cmake_prefix_path.sh'
[2.078s] Level 1:colcon.colcon_core.environment:checking '/home/catcyber02/Mobile-Robots-2026-1/install/justina_gui/lib'
[2.081s] Level 1:colcon.colcon_core.environment:checking '/home/catcyber02/Mobile-Robots-2026-1/install/justina_gui/bin'
[2.082s] Level 1:colcon.colcon_core.environment:checking '/home/catcyber02/Mobile-Robots-2026-1/install/justina_gui/lib/pkgconfig/justina_gui.pc'
[2.082s] Level 1:colcon.colcon_core.environment:checking '/home/catcyber02/Mobile-Robots-2026-1/install/justina_gui/lib/python3.12/site-packages'
[2.083s] Level 1:colcon.colcon_core.environment:checking '/home/catcyber02/Mobile-Robots-2026-1/install/justina_gui/bin'
[2.084s] INFO:colcon.colcon_core.shell:Creating package script '/home/catcyber02/Mobile-Robots-2026-1/install/justina_gui/share/justina_gui/package.ps1'
[2.090s] INFO:colcon.colcon_core.shell:Creating package descriptor '/home/catcyber02/Mobile-Robots-2026-1/install/justina_gui/share/justina_gui/package.dsv'
[2.092s] INFO:colcon.colcon_core.shell:Creating package script '/home/catcyber02/Mobile-Robots-2026-1/install/justina_gui/share/justina_gui/package.sh'
[2.096s] INFO:colcon.colcon_core.shell:Creating package script '/home/catcyber02/Mobile-Robots-2026-1/install/justina_gui/share/justina_gui/package.bash'
[2.101s] INFO:colcon.colcon_core.shell:Creating package script '/home/catcyber02/Mobile-Robots-2026-1/install/justina_gui/share/justina_gui/package.zsh'
[2.103s] Level 1:colcon.colcon_core.environment:create_file_with_runtime_dependencies(/home/catcyber02/Mobile-Robots-2026-1/install/justina_gui/share/colcon-core/packages/justina_gui)
[2.103s] Level 1:colcon.colcon_core.environment:create_environment_scripts_only(xarm_description)
[2.106s] Level 1:colcon.colcon_core.environment:checking '/home/catcyber02/Mobile-Robots-2026-1/install/xarm_description' for CMake module files
[2.110s] Level 1:colcon.colcon_core.environment:checking '/home/catcyber02/Mobile-Robots-2026-1/install/xarm_description' for CMake config files
[2.114s] Level 1:colcon.colcon_core.shell:create_environment_hook('xarm_description', 'cmake_prefix_path')
[2.115s] INFO:colcon.colcon_core.shell:Creating environment hook '/home/catcyber02/Mobile-Robots-2026-1/install/xarm_description/share/xarm_description/hook/cmake_prefix_path.ps1'
[2.118s] INFO:colcon.colcon_core.shell:Creating environment descriptor '/home/catcyber02/Mobile-Robots-2026-1/install/xarm_description/share/xarm_description/hook/cmake_prefix_path.dsv'
[2.121s] INFO:colcon.colcon_core.shell:Creating environment hook '/home/catcyber02/Mobile-Robots-2026-1/install/xarm_description/share/xarm_description/hook/cmake_prefix_path.sh'
[2.132s] Level 1:colcon.colcon_core.environment:checking '/home/catcyber02/Mobile-Robots-2026-1/install/xarm_description/bin'
[2.133s] Level 1:colcon.colcon_core.environment:checking '/home/catcyber02/Mobile-Robots-2026-1/install/xarm_description/lib/pkgconfig/xarm_description.pc'
[2.134s] Level 1:colcon.colcon_core.environment:checking '/home/catcyber02/Mobile-Robots-2026-1/install/xarm_description/lib/python3.12/site-packages'
[2.135s] Level 1:colcon.colcon_core.environment:checking '/home/catcyber02/Mobile-Robots-2026-1/install/xarm_description/bin'
[2.139s] INFO:colcon.colcon_core.shell:Creating package script '/home/catcyber02/Mobile-Robots-2026-1/install/xarm_description/share/xarm_description/package.ps1'
[2.142s] INFO:colcon.colcon_core.shell:Creating package descriptor '/home/catcyber02/Mobile-Robots-2026-1/install/xarm_description/share/xarm_description/package.dsv'
[2.145s] INFO:colcon.colcon_core.shell:Creating package script '/home/catcyber02/Mobile-Robots-2026-1/install/xarm_description/share/xarm_description/package.sh'
[2.150s] INFO:colcon.colcon_core.shell:Creating package script '/home/catcyber02/Mobile-Robots-2026-1/install/xarm_description/share/xarm_description/package.bash'
[2.154s] INFO:colcon.colcon_core.shell:Creating package script '/home/catcyber02/Mobile-Robots-2026-1/install/xarm_description/share/xarm_description/package.zsh'
[2.162s] Level 1:colcon.colcon_core.environment:create_file_with_runtime_dependencies(/home/catcyber02/Mobile-Robots-2026-1/install/xarm_description/share/colcon-core/packages/xarm_description)
[2.167s] Level 1:colcon.colcon_core.environment:create_environment_scripts_only(xarm_description)
[2.169s] Level 1:colcon.colcon_core.environment:checking '/home/catcyber02/Mobile-Robots-2026-1/install/xarm_description' for CMake module files
[2.176s] Level 1:colcon.colcon_core.environment:checking '/home/catcyber02/Mobile-Robots-2026-1/install/xarm_description' for CMake config files
[2.191s] Level 1:colcon.colcon_core.shell:create_environment_hook('xarm_description', 'cmake_prefix_path')
[2.193s] INFO:colcon.colcon_core.shell:Creating environment hook '/home/catcyber02/Mobile-Robots-2026-1/install/xarm_description/share/xarm_description/hook/cmake_prefix_path.ps1'
[2.194s] INFO:colcon.colcon_core.shell:Creating environment descriptor '/home/catcyber02/Mobile-Robots-2026-1/install/xarm_description/share/xarm_description/hook/cmake_prefix_path.dsv'
[2.196s] INFO:colcon.colcon_core.shell:Creating environment hook '/home/catcyber02/Mobile-Robots-2026-1/install/xarm_description/share/xarm_description/hook/cmake_prefix_path.sh'
[2.199s] Level 1:colcon.colcon_core.environment:checking '/home/catcyber02/Mobile-Robots-2026-1/install/xarm_description/bin'
[2.199s] Level 1:colcon.colcon_core.environment:checking '/home/catcyber02/Mobile-Robots-2026-1/install/xarm_description/lib/pkgconfig/xarm_description.pc'
[2.200s] Level 1:colcon.colcon_core.environment:checking '/home/catcyber02/Mobile-Robots-2026-1/install/xarm_description/lib/python3.12/site-packages'
[2.201s] Level 1:colcon.colcon_core.environment:checking '/home/catcyber02/Mobile-Robots-2026-1/install/xarm_description/bin'
[2.201s] INFO:colcon.colcon_core.shell:Creating package script '/home/catcyber02/Mobile-Robots-2026-1/install/xarm_description/share/xarm_description/package.ps1'
[2.208s] INFO:colcon.colcon_core.shell:Creating package descriptor '/home/catcyber02/Mobile-Robots-2026-1/install/xarm_description/share/xarm_description/package.dsv'
[2.212s] INFO:colcon.colcon_core.shell:Creating package script '/home/catcyber02/Mobile-Robots-2026-1/install/xarm_description/share/xarm_description/package.sh'
[2.216s] INFO:colcon.colcon_core.shell:Creating package script '/home/catcyber02/Mobile-Robots-2026-1/install/xarm_description/share/xarm_description/package.bash'
[2.220s] INFO:colcon.colcon_core.shell:Creating package script '/home/catcyber02/Mobile-Robots-2026-1/install/xarm_description/share/xarm_description/package.zsh'
[2.222s] Level 1:colcon.colcon_core.environment:create_file_with_runtime_dependencies(/home/catcyber02/Mobile-Robots-2026-1/install/xarm_description/share/colcon-core/packages/xarm_description)
[2.225s] Level 1:colcon.colcon_core.environment:create_environment_scripts_only(config_files)
[2.226s] Level 1:colcon.colcon_core.environment:checking '/home/catcyber02/Mobile-Robots-2026-1/install/config_files' for CMake module files
[2.229s] Level 1:colcon.colcon_core.environment:checking '/home/catcyber02/Mobile-Robots-2026-1/install/config_files' for CMake config files
[2.233s] Level 1:colcon.colcon_core.shell:create_environment_hook('config_files', 'cmake_prefix_path')
[2.233s] INFO:colcon.colcon_core.shell:Creating environment hook '/home/catcyber02/Mobile-Robots-2026-1/install/config_files/share/config_files/hook/cmake_prefix_path.ps1'
[2.237s] INFO:colcon.colcon_core.shell:Creating environment descriptor '/home/catcyber02/Mobile-Robots-2026-1/install/config_files/share/config_files/hook/cmake_prefix_path.dsv'
[2.240s] INFO:colcon.colcon_core.shell:Creating environment hook '/home/catcyber02/Mobile-Robots-2026-1/install/config_files/share/config_files/hook/cmake_prefix_path.sh'
[2.244s] Level 1:colcon.colcon_core.environment:checking '/home/catcyber02/Mobile-Robots-2026-1/install/config_files/bin'
[2.244s] Level 1:colcon.colcon_core.environment:checking '/home/catcyber02/Mobile-Robots-2026-1/install/config_files/lib/pkgconfig/config_files.pc'
[2.245s] Level 1:colcon.colcon_core.environment:checking '/home/catcyber02/Mobile-Robots-2026-1/install/config_files/lib/python3.12/site-packages'
[2.246s] Level 1:colcon.colcon_core.environment:checking '/home/catcyber02/Mobile-Robots-2026-1/install/config_files/bin'
[2.248s] INFO:colcon.colcon_core.shell:Creating package script '/home/catcyber02/Mobile-Robots-2026-1/install/config_files/share/config_files/package.ps1'
[2.256s] INFO:colcon.colcon_core.shell:Creating package descriptor '/home/catcyber02/Mobile-Robots-2026-1/install/config_files/share/config_files/package.dsv'
[2.259s] INFO:colcon.colcon_core.shell:Creating package script '/home/catcyber02/Mobile-Robots-2026-1/install/config_files/share/config_files/package.sh'
[2.260s] INFO:colcon.colcon_core.shell:Creating package script '/home/catcyber02/Mobile-Robots-2026-1/install/config_files/share/config_files/package.bash'
[2.261s] INFO:colcon.colcon_core.shell:Creating package script '/home/catcyber02/Mobile-Robots-2026-1/install/config_files/share/config_files/package.zsh'
[2.265s] Level 1:colcon.colcon_core.environment:create_file_with_runtime_dependencies(/home/catcyber02/Mobile-Robots-2026-1/install/config_files/share/colcon-core/packages/config_files)
[2.268s] Level 1:colcon.colcon_core.environment:create_environment_scripts_only(config_files)
[2.269s] Level 1:colcon.colcon_core.environment:checking '/home/catcyber02/Mobile-Robots-2026-1/install/config_files' for CMake module files
[2.272s] Level 1:colcon.colcon_core.environment:checking '/home/catcyber02/Mobile-Robots-2026-1/install/config_files' for CMake config files
[2.278s] Level 1:colcon.colcon_core.shell:create_environment_hook('config_files', 'cmake_prefix_path')
[2.278s] INFO:colcon.colcon_core.shell:Creating environment hook '/home/catcyber02/Mobile-Robots-2026-1/install/config_files/share/config_files/hook/cmake_prefix_path.ps1'
[2.281s] INFO:colcon.colcon_core.shell:Creating environment descriptor '/home/catcyber02/Mobile-Robots-2026-1/install/config_files/share/config_files/hook/cmake_prefix_path.dsv'
[2.282s] INFO:colcon.colcon_core.shell:Creating environment hook '/home/catcyber02/Mobile-Robots-2026-1/install/config_files/share/config_files/hook/cmake_prefix_path.sh'
[2.285s] Level 1:colcon.colcon_core.environment:checking '/home/catcyber02/Mobile-Robots-2026-1/install/config_files/bin'
[2.286s] Level 1:colcon.colcon_core.environment:checking '/home/catcyber02/Mobile-Robots-2026-1/install/config_files/lib/pkgconfig/config_files.pc'
[2.287s] Level 1:colcon.colcon_core.environment:checking '/home/catcyber02/Mobile-Robots-2026-1/install/config_files/lib/python3.12/site-packages'
[2.287s] Level 1:colcon.colcon_core.environment:checking '/home/catcyber02/Mobile-Robots-2026-1/install/config_files/bin'
[2.288s] INFO:colcon.colcon_core.shell:Creating package script '/home/catcyber02/Mobile-Robots-2026-1/install/config_files/share/config_files/package.ps1'
[2.291s] INFO:colcon.colcon_core.shell:Creating package descriptor '/home/catcyber02/Mobile-Robots-2026-1/install/config_files/share/config_files/package.dsv'
[2.296s] INFO:colcon.colcon_core.shell:Creating package script '/home/catcyber02/Mobile-Robots-2026-1/install/config_files/share/config_files/package.sh'
[2.301s] INFO:colcon.colcon_core.shell:Creating package script '/home/catcyber02/Mobile-Robots-2026-1/install/config_files/share/config_files/package.bash'
[2.303s] INFO:colcon.colcon_core.shell:Creating package script '/home/catcyber02/Mobile-Robots-2026-1/install/config_files/share/config_files/package.zsh'
[2.304s] Level 1:colcon.colcon_core.environment:create_file_with_runtime_dependencies(/home/catcyber02/Mobile-Robots-2026-1/install/config_files/share/colcon-core/packages/config_files)
[2.307s] Level 1:colcon.colcon_core.environment:create_environment_scripts_only(xarm_sdk)
[2.308s] Level 1:colcon.colcon_core.environment:checking '/home/catcyber02/Mobile-Robots-2026-1/install/xarm_sdk' for CMake module files
[2.309s] Level 1:colcon.colcon_core.environment:checking '/home/catcyber02/Mobile-Robots-2026-1/install/xarm_sdk' for CMake config files
[2.310s] Level 1:colcon.colcon_core.shell:create_environment_hook('xarm_sdk', 'cmake_prefix_path')
[2.311s] INFO:colcon.colcon_core.shell:Creating environment hook '/home/catcyber02/Mobile-Robots-2026-1/install/xarm_sdk/share/xarm_sdk/hook/cmake_prefix_path.ps1'
[2.315s] INFO:colcon.colcon_core.shell:Creating environment descriptor '/home/catcyber02/Mobile-Robots-2026-1/install/xarm_sdk/share/xarm_sdk/hook/cmake_prefix_path.dsv'
[2.322s] INFO:colcon.colcon_core.shell:Creating environment hook '/home/catcyber02/Mobile-Robots-2026-1/install/xarm_sdk/share/xarm_sdk/hook/cmake_prefix_path.sh'
[2.326s] Level 1:colcon.colcon_core.environment:checking '/home/catcyber02/Mobile-Robots-2026-1/install/xarm_sdk/lib'
[2.330s] Level 1:colcon.colcon_core.shell:create_environment_hook('xarm_sdk', 'ld_library_path_lib')
[2.332s] INFO:colcon.colcon_core.shell:Creating environment hook '/home/catcyber02/Mobile-Robots-2026-1/install/xarm_sdk/share/xarm_sdk/hook/ld_library_path_lib.ps1'
[2.339s] INFO:colcon.colcon_core.shell:Creating environment descriptor '/home/catcyber02/Mobile-Robots-2026-1/install/xarm_sdk/share/xarm_sdk/hook/ld_library_path_lib.dsv'
[2.347s] INFO:colcon.colcon_core.shell:Creating environment hook '/home/catcyber02/Mobile-Robots-2026-1/install/xarm_sdk/share/xarm_sdk/hook/ld_library_path_lib.sh'
[2.352s] Level 1:colcon.colcon_core.environment:checking '/home/catcyber02/Mobile-Robots-2026-1/install/xarm_sdk/bin'
[2.353s] Level 1:colcon.colcon_core.environment:checking '/home/catcyber02/Mobile-Robots-2026-1/install/xarm_sdk/lib/pkgconfig/xarm_sdk.pc'
[2.354s] Level 1:colcon.colcon_core.environment:checking '/home/catcyber02/Mobile-Robots-2026-1/install/xarm_sdk/lib/python3.12/site-packages'
[2.355s] Level 1:colcon.colcon_core.environment:checking '/home/catcyber02/Mobile-Robots-2026-1/install/xarm_sdk/bin'
[2.356s] INFO:colcon.colcon_core.shell:Creating package script '/home/catcyber02/Mobile-Robots-2026-1/install/xarm_sdk/share/xarm_sdk/package.ps1'
[2.364s] INFO:colcon.colcon_core.shell:Creating package descriptor '/home/catcyber02/Mobile-Robots-2026-1/install/xarm_sdk/share/xarm_sdk/package.dsv'
[2.368s] INFO:colcon.colcon_core.shell:Creating package script '/home/catcyber02/Mobile-Robots-2026-1/install/xarm_sdk/share/xarm_sdk/package.sh'
[2.373s] INFO:colcon.colcon_core.shell:Creating package script '/home/catcyber02/Mobile-Robots-2026-1/install/xarm_sdk/share/xarm_sdk/package.bash'
[2.377s] INFO:colcon.colcon_core.shell:Creating package script '/home/catcyber02/Mobile-Robots-2026-1/install/xarm_sdk/share/xarm_sdk/package.zsh'
[2.386s] Level 1:colcon.colcon_core.environment:create_file_with_runtime_dependencies(/home/catcyber02/Mobile-Robots-2026-1/install/xarm_sdk/share/colcon-core/packages/xarm_sdk)
[2.391s] Level 1:colcon.colcon_core.environment:create_environment_scripts_only(xarm_sdk)
[2.392s] Level 1:colcon.colcon_core.environment:checking '/home/catcyber02/Mobile-Robots-2026-1/install/xarm_sdk' for CMake module files
[2.400s] Level 1:colcon.colcon_core.environment:checking '/home/catcyber02/Mobile-Robots-2026-1/install/xarm_sdk' for CMake config files
[2.433s] Level 1:colcon.colcon_core.shell:create_environment_hook('xarm_sdk', 'cmake_prefix_path')
[2.435s] INFO:colcon.colcon_core.shell:Creating environment hook '/home/catcyber02/Mobile-Robots-2026-1/install/xarm_sdk/share/xarm_sdk/hook/cmake_prefix_path.ps1'
[2.442s] INFO:colcon.colcon_core.shell:Creating environment descriptor '/home/catcyber02/Mobile-Robots-2026-1/install/xarm_sdk/share/xarm_sdk/hook/cmake_prefix_path.dsv'
[2.444s] INFO:colcon.colcon_core.shell:Creating environment hook '/home/catcyber02/Mobile-Robots-2026-1/install/xarm_sdk/share/xarm_sdk/hook/cmake_prefix_path.sh'
[2.452s] Level 1:colcon.colcon_core.environment:checking '/home/catcyber02/Mobile-Robots-2026-1/install/xarm_sdk/lib'
[2.453s] Level 1:colcon.colcon_core.shell:create_environment_hook('xarm_sdk', 'ld_library_path_lib')
[2.454s] INFO:colcon.colcon_core.shell:Creating environment hook '/home/catcyber02/Mobile-Robots-2026-1/install/xarm_sdk/share/xarm_sdk/hook/ld_library_path_lib.ps1'
[2.455s] INFO:colcon.colcon_core.shell:Creating environment descriptor '/home/catcyber02/Mobile-Robots-2026-1/install/xarm_sdk/share/xarm_sdk/hook/ld_library_path_lib.dsv'
[2.457s] INFO:colcon.colcon_core.shell:Creating environment hook '/home/catcyber02/Mobile-Robots-2026-1/install/xarm_sdk/share/xarm_sdk/hook/ld_library_path_lib.sh'
[2.460s] Level 1:colcon.colcon_core.environment:checking '/home/catcyber02/Mobile-Robots-2026-1/install/xarm_sdk/bin'
[2.461s] Level 1:colcon.colcon_core.environment:checking '/home/catcyber02/Mobile-Robots-2026-1/install/xarm_sdk/lib/pkgconfig/xarm_sdk.pc'
[2.462s] Level 1:colcon.colcon_core.environment:checking '/home/catcyber02/Mobile-Robots-2026-1/install/xarm_sdk/lib/python3.12/site-packages'
[2.462s] Level 1:colcon.colcon_core.environment:checking '/home/catcyber02/Mobile-Robots-2026-1/install/xarm_sdk/bin'
[2.463s] INFO:colcon.colcon_core.shell:Creating package script '/home/catcyber02/Mobile-Robots-2026-1/install/xarm_sdk/share/xarm_sdk/package.ps1'
[2.470s] INFO:colcon.colcon_core.shell:Creating package descriptor '/home/catcyber02/Mobile-Robots-2026-1/install/xarm_sdk/share/xarm_sdk/package.dsv'
[2.473s] INFO:colcon.colcon_core.shell:Creating package script '/home/catcyber02/Mobile-Robots-2026-1/install/xarm_sdk/share/xarm_sdk/package.sh'
[2.477s] INFO:colcon.colcon_core.shell:Creating package script '/home/catcyber02/Mobile-Robots-2026-1/install/xarm_sdk/share/xarm_sdk/package.bash'
[2.481s] INFO:colcon.colcon_core.shell:Creating package script '/home/catcyber02/Mobile-Robots-2026-1/install/xarm_sdk/share/xarm_sdk/package.zsh'
[2.484s] Level 1:colcon.colcon_core.environment:create_file_with_runtime_dependencies(/home/catcyber02/Mobile-Robots-2026-1/install/xarm_sdk/share/colcon-core/packages/xarm_sdk)
[2.486s] Level 1:colcon.colcon_core.environment:create_environment_scripts_only(gazebo_envs)
[2.487s] Level 1:colcon.colcon_core.environment:checking '/home/catcyber02/Mobile-Robots-2026-1/install/gazebo_envs' for CMake module files
[2.489s] Level 1:colcon.colcon_core.environment:checking '/home/catcyber02/Mobile-Robots-2026-1/install/gazebo_envs' for CMake config files
[2.504s] Level 1:colcon.colcon_core.shell:create_environment_hook('gazebo_envs', 'cmake_prefix_path')
[2.504s] INFO:colcon.colcon_core.shell:Creating environment hook '/home/catcyber02/Mobile-Robots-2026-1/install/gazebo_envs/share/gazebo_envs/hook/cmake_prefix_path.ps1'
[2.506s] INFO:colcon.colcon_core.shell:Creating environment descriptor '/home/catcyber02/Mobile-Robots-2026-1/install/gazebo_envs/share/gazebo_envs/hook/cmake_prefix_path.dsv'
[2.510s] INFO:colcon.colcon_core.shell:Creating environment hook '/home/catcyber02/Mobile-Robots-2026-1/install/gazebo_envs/share/gazebo_envs/hook/cmake_prefix_path.sh'
[2.514s] Level 1:colcon.colcon_core.environment:checking '/home/catcyber02/Mobile-Robots-2026-1/install/gazebo_envs/bin'
[2.514s] Level 1:colcon.colcon_core.environment:checking '/home/catcyber02/Mobile-Robots-2026-1/install/gazebo_envs/lib/pkgconfig/gazebo_envs.pc'
[2.515s] Level 1:colcon.colcon_core.environment:checking '/home/catcyber02/Mobile-Robots-2026-1/install/gazebo_envs/lib/python3.12/site-packages'
[2.519s] Level 1:colcon.colcon_core.environment:checking '/home/catcyber02/Mobile-Robots-2026-1/install/gazebo_envs/bin'
[2.524s] INFO:colcon.colcon_core.shell:Creating package script '/home/catcyber02/Mobile-Robots-2026-1/install/gazebo_envs/share/gazebo_envs/package.ps1'
[2.526s] INFO:colcon.colcon_core.shell:Creating package descriptor '/home/catcyber02/Mobile-Robots-2026-1/install/gazebo_envs/share/gazebo_envs/package.dsv'
[2.536s] INFO:colcon.colcon_core.shell:Creating package script '/home/catcyber02/Mobile-Robots-2026-1/install/gazebo_envs/share/gazebo_envs/package.sh'
[2.542s] INFO:colcon.colcon_core.shell:Creating package script '/home/catcyber02/Mobile-Robots-2026-1/install/gazebo_envs/share/gazebo_envs/package.bash'
[2.544s] INFO:colcon.colcon_core.shell:Creating package script '/home/catcyber02/Mobile-Robots-2026-1/install/gazebo_envs/share/gazebo_envs/package.zsh'
[2.549s] Level 1:colcon.colcon_core.environment:create_file_with_runtime_dependencies(/home/catcyber02/Mobile-Robots-2026-1/install/gazebo_envs/share/colcon-core/packages/gazebo_envs)
[2.553s] Level 1:colcon.colcon_core.environment:create_environment_scripts_only(gazebo_envs)
[2.554s] Level 1:colcon.colcon_core.environment:checking '/home/catcyber02/Mobile-Robots-2026-1/install/gazebo_envs' for CMake module files
[2.565s] Level 1:colcon.colcon_core.environment:checking '/home/catcyber02/Mobile-Robots-2026-1/install/gazebo_envs' for CMake config files
[2.586s] Level 1:colcon.colcon_core.shell:create_environment_hook('gazebo_envs', 'cmake_prefix_path')
[2.586s] INFO:colcon.colcon_core.shell:Creating environment hook '/home/catcyber02/Mobile-Robots-2026-1/install/gazebo_envs/share/gazebo_envs/hook/cmake_prefix_path.ps1'
[2.592s] INFO:colcon.colcon_core.shell:Creating environment descriptor '/home/catcyber02/Mobile-Robots-2026-1/install/gazebo_envs/share/gazebo_envs/hook/cmake_prefix_path.dsv'
[2.599s] INFO:colcon.colcon_core.shell:Creating environment hook '/home/catcyber02/Mobile-Robots-2026-1/install/gazebo_envs/share/gazebo_envs/hook/cmake_prefix_path.sh'
[2.606s] Level 1:colcon.colcon_core.environment:checking '/home/catcyber02/Mobile-Robots-2026-1/install/gazebo_envs/bin'
[2.609s] Level 1:colcon.colcon_core.environment:checking '/home/catcyber02/Mobile-Robots-2026-1/install/gazebo_envs/lib/pkgconfig/gazebo_envs.pc'
[2.609s] Level 1:colcon.colcon_core.environment:checking '/home/catcyber02/Mobile-Robots-2026-1/install/gazebo_envs/lib/python3.12/site-packages'
[2.610s] Level 1:colcon.colcon_core.environment:checking '/home/catcyber02/Mobile-Robots-2026-1/install/gazebo_envs/bin'
[2.611s] INFO:colcon.colcon_core.shell:Creating package script '/home/catcyber02/Mobile-Robots-2026-1/install/gazebo_envs/share/gazebo_envs/package.ps1'
[2.617s] INFO:colcon.colcon_core.shell:Creating package descriptor '/home/catcyber02/Mobile-Robots-2026-1/install/gazebo_envs/share/gazebo_envs/package.dsv'
[2.624s] INFO:colcon.colcon_core.shell:Creating package script '/home/catcyber02/Mobile-Robots-2026-1/install/gazebo_envs/share/gazebo_envs/package.sh'
[2.627s] DEBUG:colcon.colcon_core.event_handler.log_command:Invoked command in '/home/catcyber02/Mobile-Robots-2026-1/build/justina_gui' returned '0': CMAKE_PREFIX_PATH=${CMAKE_PREFIX_PATH}:/home/catcyber02/Mobile-Robots-2026-1/install/uf_ros_lib:/home/catcyber02/Mobile-Robots-2026-1/install/simple_move:/home/catcyber02/Mobile-Robots-2026-1/install/path_planner:/home/catcyber02/Mobile-Robots-2026-1/install/map_augmenter:/home/catcyber02/Mobile-Robots-2026-1/ros2_ws/install/uf_ros_lib:/home/catcyber02/Mobile-Robots-2026-1/ros2_ws/install/simple_move:/home/catcyber02/Mobile-Robots-2026-1/ros2_ws/install/path_planner:/home/catcyber02/Mobile-Robots-2026-1/ros2_ws/install/map_augmenter:/opt/ros/jazzy DEBUGINFOD_URLS=https://debuginfod.ubuntu.com /usr/bin/cmake --install /home/catcyber02/Mobile-Robots-2026-1/build/justina_gui
[2.629s] INFO:colcon.colcon_core.shell:Creating package script '/home/catcyber02/Mobile-Robots-2026-1/install/gazebo_envs/share/gazebo_envs/package.bash'
[2.630s] DEBUG:colcon.colcon_core.event_handler.log_command:Invoked command in '/home/catcyber02/Mobile-Robots-2026-1/build/xarm_description' returned '0': CMAKE_PREFIX_PATH=${CMAKE_PREFIX_PATH}:/home/catcyber02/Mobile-Robots-2026-1/install/uf_ros_lib:/home/catcyber02/Mobile-Robots-2026-1/install/simple_move:/home/catcyber02/Mobile-Robots-2026-1/install/path_planner:/home/catcyber02/Mobile-Robots-2026-1/install/map_augmenter:/home/catcyber02/Mobile-Robots-2026-1/ros2_ws/install/uf_ros_lib:/home/catcyber02/Mobile-Robots-2026-1/ros2_ws/install/simple_move:/home/catcyber02/Mobile-Robots-2026-1/ros2_ws/install/path_planner:/home/catcyber02/Mobile-Robots-2026-1/ros2_ws/install/map_augmenter:/opt/ros/jazzy DEBUGINFOD_URLS=https://debuginfod.ubuntu.com /usr/bin/cmake --install /home/catcyber02/Mobile-Robots-2026-1/build/xarm_description
[2.632s] INFO:colcon.colcon_core.shell:Creating package script '/home/catcyber02/Mobile-Robots-2026-1/install/gazebo_envs/share/gazebo_envs/package.zsh'
[2.635s] DEBUG:colcon.colcon_core.event_handler.log_command:Invoked command in '/home/catcyber02/Mobile-Robots-2026-1/build/config_files' returned '0': CMAKE_PREFIX_PATH=${CMAKE_PREFIX_PATH}:/home/catcyber02/Mobile-Robots-2026-1/install/uf_ros_lib:/home/catcyber02/Mobile-Robots-2026-1/install/simple_move:/home/catcyber02/Mobile-Robots-2026-1/install/path_planner:/home/catcyber02/Mobile-Robots-2026-1/install/map_augmenter:/home/catcyber02/Mobile-Robots-2026-1/ros2_ws/install/uf_ros_lib:/home/catcyber02/Mobile-Robots-2026-1/ros2_ws/install/simple_move:/home/catcyber02/Mobile-Robots-2026-1/ros2_ws/install/path_planner:/home/catcyber02/Mobile-Robots-2026-1/ros2_ws/install/map_augmenter:/opt/ros/jazzy DEBUGINFOD_URLS=https://debuginfod.ubuntu.com /usr/bin/cmake --install /home/catcyber02/Mobile-Robots-2026-1/build/config_files
[2.635s] Level 1:colcon.colcon_core.environment:create_file_with_runtime_dependencies(/home/catcyber02/Mobile-Robots-2026-1/install/gazebo_envs/share/colcon-core/packages/gazebo_envs)
[2.637s] DEBUG:colcon.colcon_core.event_handler.log_command:Invoked command in '/home/catcyber02/Mobile-Robots-2026-1/build/xarm_sdk' returned '0': CMAKE_PREFIX_PATH=${CMAKE_PREFIX_PATH}:/home/catcyber02/Mobile-Robots-2026-1/install/uf_ros_lib:/home/catcyber02/Mobile-Robots-2026-1/install/simple_move:/home/catcyber02/Mobile-Robots-2026-1/install/path_planner:/home/catcyber02/Mobile-Robots-2026-1/install/map_augmenter:/home/catcyber02/Mobile-Robots-2026-1/ros2_ws/install/uf_ros_lib:/home/catcyber02/Mobile-Robots-2026-1/ros2_ws/install/simple_move:/home/catcyber02/Mobile-Robots-2026-1/ros2_ws/install/path_planner:/home/catcyber02/Mobile-Robots-2026-1/ros2_ws/install/map_augmenter:/opt/ros/jazzy DEBUGINFOD_URLS=https://debuginfod.ubuntu.com /usr/bin/cmake --install /home/catcyber02/Mobile-Robots-2026-1/build/xarm_sdk
[2.639s] INFO:colcon.colcon_ros.task.ament_python.build:Building ROS package in '/home/catcyber02/Mobile-Robots-2026-1/ros2_ws/src/navigation/simple_move' with build type 'ament_python'
[2.639s] Level 1:colcon.colcon_core.shell:create_environment_hook('simple_move', 'ament_prefix_path')
[2.640s] INFO:colcon.colcon_core.shell:Creating environment hook '/home/catcyber02/Mobile-Robots-2026-1/install/simple_move/share/simple_move/hook/ament_prefix_path.ps1'
[2.641s] INFO:colcon.colcon_core.shell:Creating environment descriptor '/home/catcyber02/Mobile-Robots-2026-1/install/simple_move/share/simple_move/hook/ament_prefix_path.dsv'
[2.643s] DEBUG:colcon.colcon_core.event_handler.log_command:Invoked command in '/home/catcyber02/Mobile-Robots-2026-1/build/gazebo_envs' returned '0': CMAKE_PREFIX_PATH=${CMAKE_PREFIX_PATH}:/home/catcyber02/Mobile-Robots-2026-1/install/uf_ros_lib:/home/catcyber02/Mobile-Robots-2026-1/install/simple_move:/home/catcyber02/Mobile-Robots-2026-1/install/path_planner:/home/catcyber02/Mobile-Robots-2026-1/install/map_augmenter:/home/catcyber02/Mobile-Robots-2026-1/ros2_ws/install/uf_ros_lib:/home/catcyber02/Mobile-Robots-2026-1/ros2_ws/install/simple_move:/home/catcyber02/Mobile-Robots-2026-1/ros2_ws/install/path_planner:/home/catcyber02/Mobile-Robots-2026-1/ros2_ws/install/map_augmenter:/opt/ros/jazzy DEBUGINFOD_URLS=https://debuginfod.ubuntu.com /usr/bin/cmake --install /home/catcyber02/Mobile-Robots-2026-1/build/gazebo_envs
[2.644s] INFO:colcon.colcon_core.shell:Creating environment hook '/home/catcyber02/Mobile-Robots-2026-1/install/simple_move/share/simple_move/hook/ament_prefix_path.sh'
[2.645s] INFO:colcon.colcon_core.shell:Skip shell extension 'powershell' for command environment: Not usable outside of PowerShell
[2.646s] DEBUG:colcon.colcon_core.shell:Skip shell extension 'dsv' for command environment
[2.659s] INFO:colcon.colcon_ros.task.ament_python.build:Building ROS package in '/home/catcyber02/Mobile-Robots-2026-1/ros2_ws/src/hardware/xarm_ros2/uf_ros_lib' with build type 'ament_python'
[2.659s] Level 1:colcon.colcon_core.shell:create_environment_hook('uf_ros_lib', 'ament_prefix_path')
[2.660s] INFO:colcon.colcon_core.shell:Creating environment hook '/home/catcyber02/Mobile-Robots-2026-1/install/uf_ros_lib/share/uf_ros_lib/hook/ament_prefix_path.ps1'
[2.661s] INFO:colcon.colcon_core.shell:Creating environment descriptor '/home/catcyber02/Mobile-Robots-2026-1/install/uf_ros_lib/share/uf_ros_lib/hook/ament_prefix_path.dsv'
[2.662s] INFO:colcon.colcon_core.shell:Creating environment hook '/home/catcyber02/Mobile-Robots-2026-1/install/uf_ros_lib/share/uf_ros_lib/hook/ament_prefix_path.sh'
[2.664s] INFO:colcon.colcon_core.shell:Skip shell extension 'powershell' for command environment: Not usable outside of PowerShell
[2.664s] DEBUG:colcon.colcon_core.shell:Skip shell extension 'dsv' for command environment
[3.227s] INFO:colcon.colcon_core.task.python.build:Building Python package in '/home/catcyber02/Mobile-Robots-2026-1/ros2_ws/src/navigation/path_planner'
[3.228s] INFO:colcon.colcon_core.shell:Skip shell extension 'powershell' for command environment: Not usable outside of PowerShell
[3.228s] DEBUG:colcon.colcon_core.shell:Skip shell extension 'dsv' for command environment
[3.243s] DEBUG:colcon.colcon_core.event_handler.log_command:Invoked command in '/home/catcyber02/Mobile-Robots-2026-1/build/xarm_msgs' returned '0': CMAKE_PREFIX_PATH=${CMAKE_PREFIX_PATH}:/home/catcyber02/Mobile-Robots-2026-1/install/uf_ros_lib:/home/catcyber02/Mobile-Robots-2026-1/install/simple_move:/home/catcyber02/Mobile-Robots-2026-1/install/path_planner:/home/catcyber02/Mobile-Robots-2026-1/install/map_augmenter:/home/catcyber02/Mobile-Robots-2026-1/ros2_ws/install/uf_ros_lib:/home/catcyber02/Mobile-Robots-2026-1/ros2_ws/install/simple_move:/home/catcyber02/Mobile-Robots-2026-1/ros2_ws/install/path_planner:/home/catcyber02/Mobile-Robots-2026-1/ros2_ws/install/map_augmenter:/opt/ros/jazzy DEBUGINFOD_URLS=https://debuginfod.ubuntu.com /usr/bin/cmake --build /home/catcyber02/Mobile-Robots-2026-1/build/xarm_msgs -- -j8 -l8
[3.246s] DEBUG:colcon.colcon_core.event_handler.log_command:Invoking command in '/home/catcyber02/Mobile-Robots-2026-1/build/xarm_msgs': CMAKE_PREFIX_PATH=${CMAKE_PREFIX_PATH}:/home/catcyber02/Mobile-Robots-2026-1/install/uf_ros_lib:/home/catcyber02/Mobile-Robots-2026-1/install/simple_move:/home/catcyber02/Mobile-Robots-2026-1/install/path_planner:/home/catcyber02/Mobile-Robots-2026-1/install/map_augmenter:/home/catcyber02/Mobile-Robots-2026-1/ros2_ws/install/uf_ros_lib:/home/catcyber02/Mobile-Robots-2026-1/ros2_ws/install/simple_move:/home/catcyber02/Mobile-Robots-2026-1/ros2_ws/install/path_planner:/home/catcyber02/Mobile-Robots-2026-1/ros2_ws/install/map_augmenter:/opt/ros/jazzy DEBUGINFOD_URLS=https://debuginfod.ubuntu.com /usr/bin/cmake --install /home/catcyber02/Mobile-Robots-2026-1/build/xarm_msgs
[3.770s] INFO:colcon.colcon_core.task.python.build:Building Python package in '/home/catcyber02/Mobile-Robots-2026-1/ros2_ws/src/navigation/simple_move'
[3.770s] INFO:colcon.colcon_core.shell:Skip shell extension 'powershell' for command environment: Not usable outside of PowerShell
[3.771s] DEBUG:colcon.colcon_core.shell:Skip shell extension 'dsv' for command environment
[4.391s] INFO:colcon.colcon_core.task.python.build:Building Python package in '/home/catcyber02/Mobile-Robots-2026-1/ros2_ws/src/hardware/xarm_ros2/uf_ros_lib'
[4.392s] INFO:colcon.colcon_core.shell:Skip shell extension 'powershell' for command environment: Not usable outside of PowerShell
[4.392s] DEBUG:colcon.colcon_core.shell:Skip shell extension 'dsv' for command environment
[4.428s] DEBUG:colcon.colcon_core.event_handler.log_command:Invoking command in '/home/catcyber02/Mobile-Robots-2026-1/ros2_ws/src/navigation/map_augmenter': DEBUGINFOD_URLS=https://debuginfod.ubuntu.com PYTHONPATH=/home/catcyber02/Mobile-Robots-2026-1/build/map_augmenter/prefix_override:/usr/lib/python3/dist-packages/colcon_core/task/python/colcon_distutils_commands:/home/catcyber02/Mobile-Robots-2026-1/install/map_augmenter/lib/python3.12/site-packages:${PYTHONPATH} /usr/bin/python3 -W ignore:setup.py install is deprecated -W ignore:easy_install command is deprecated setup.py egg_info --egg-base ../../../../build/map_augmenter build --build-base /home/catcyber02/Mobile-Robots-2026-1/build/map_augmenter/build install --record /home/catcyber02/Mobile-Robots-2026-1/build/map_augmenter/install.log --single-version-externally-managed install_data
[4.431s] Level 1:colcon.colcon_core.environment:create_environment_scripts_only(xarm_msgs)
[4.432s] Level 1:colcon.colcon_core.environment:checking '/home/catcyber02/Mobile-Robots-2026-1/install/xarm_msgs' for CMake module files
[4.433s] DEBUG:colcon.colcon_core.event_handler.log_command:Invoked command in '/home/catcyber02/Mobile-Robots-2026-1/build/xarm_msgs' returned '0': CMAKE_PREFIX_PATH=${CMAKE_PREFIX_PATH}:/home/catcyber02/Mobile-Robots-2026-1/install/uf_ros_lib:/home/catcyber02/Mobile-Robots-2026-1/install/simple_move:/home/catcyber02/Mobile-Robots-2026-1/install/path_planner:/home/catcyber02/Mobile-Robots-2026-1/install/map_augmenter:/home/catcyber02/Mobile-Robots-2026-1/ros2_ws/install/uf_ros_lib:/home/catcyber02/Mobile-Robots-2026-1/ros2_ws/install/simple_move:/home/catcyber02/Mobile-Robots-2026-1/ros2_ws/install/path_planner:/home/catcyber02/Mobile-Robots-2026-1/ros2_ws/install/map_augmenter:/opt/ros/jazzy DEBUGINFOD_URLS=https://debuginfod.ubuntu.com /usr/bin/cmake --install /home/catcyber02/Mobile-Robots-2026-1/build/xarm_msgs
[4.436s] Level 1:colcon.colcon_core.environment:checking '/home/catcyber02/Mobile-Robots-2026-1/install/xarm_msgs' for CMake config files
[4.440s] Level 1:colcon.colcon_core.shell:create_environment_hook('xarm_msgs', 'cmake_prefix_path')
[4.440s] INFO:colcon.colcon_core.shell:Creating environment hook '/home/catcyber02/Mobile-Robots-2026-1/install/xarm_msgs/share/xarm_msgs/hook/cmake_prefix_path.ps1'
[4.441s] INFO:colcon.colcon_core.shell:Creating environment descriptor '/home/catcyber02/Mobile-Robots-2026-1/install/xarm_msgs/share/xarm_msgs/hook/cmake_prefix_path.dsv'
[4.442s] INFO:colcon.colcon_core.shell:Creating environment hook '/home/catcyber02/Mobile-Robots-2026-1/install/xarm_msgs/share/xarm_msgs/hook/cmake_prefix_path.sh'
[4.443s] Level 1:colcon.colcon_core.environment:checking '/home/catcyber02/Mobile-Robots-2026-1/install/xarm_msgs/lib'
[4.444s] Level 1:colcon.colcon_core.shell:create_environment_hook('xarm_msgs', 'ld_library_path_lib')
[4.444s] INFO:colcon.colcon_core.shell:Creating environment hook '/home/catcyber02/Mobile-Robots-2026-1/install/xarm_msgs/share/xarm_msgs/hook/ld_library_path_lib.ps1'
[4.446s] INFO:colcon.colcon_core.shell:Creating environment descriptor '/home/catcyber02/Mobile-Robots-2026-1/install/xarm_msgs/share/xarm_msgs/hook/ld_library_path_lib.dsv'
[4.447s] INFO:colcon.colcon_core.shell:Creating environment hook '/home/catcyber02/Mobile-Robots-2026-1/install/xarm_msgs/share/xarm_msgs/hook/ld_library_path_lib.sh'
[4.448s] Level 1:colcon.colcon_core.environment:checking '/home/catcyber02/Mobile-Robots-2026-1/install/xarm_msgs/bin'
[4.449s] Level 1:colcon.colcon_core.environment:checking '/home/catcyber02/Mobile-Robots-2026-1/install/xarm_msgs/lib/pkgconfig/xarm_msgs.pc'
[4.449s] Level 1:colcon.colcon_core.environment:checking '/home/catcyber02/Mobile-Robots-2026-1/install/xarm_msgs/lib/python3.12/site-packages'
[4.450s] Level 1:colcon.colcon_core.shell:create_environment_hook('xarm_msgs', 'pythonpath')
[4.450s] INFO:colcon.colcon_core.shell:Creating environment hook '/home/catcyber02/Mobile-Robots-2026-1/install/xarm_msgs/share/xarm_msgs/hook/pythonpath.ps1'
[4.451s] INFO:colcon.colcon_core.shell:Creating environment descriptor '/home/catcyber02/Mobile-Robots-2026-1/install/xarm_msgs/share/xarm_msgs/hook/pythonpath.dsv'
[4.452s] INFO:colcon.colcon_core.shell:Creating environment hook '/home/catcyber02/Mobile-Robots-2026-1/install/xarm_msgs/share/xarm_msgs/hook/pythonpath.sh'
[4.453s] Level 1:colcon.colcon_core.environment:checking '/home/catcyber02/Mobile-Robots-2026-1/install/xarm_msgs/bin'
[4.454s] INFO:colcon.colcon_core.shell:Creating package script '/home/catcyber02/Mobile-Robots-2026-1/install/xarm_msgs/share/xarm_msgs/package.ps1'
[4.455s] INFO:colcon.colcon_core.shell:Creating package descriptor '/home/catcyber02/Mobile-Robots-2026-1/install/xarm_msgs/share/xarm_msgs/package.dsv'
[4.457s] INFO:colcon.colcon_core.shell:Creating package script '/home/catcyber02/Mobile-Robots-2026-1/install/xarm_msgs/share/xarm_msgs/package.sh'
[4.458s] INFO:colcon.colcon_core.shell:Creating package script '/home/catcyber02/Mobile-Robots-2026-1/install/xarm_msgs/share/xarm_msgs/package.bash'
[4.459s] INFO:colcon.colcon_core.shell:Creating package script '/home/catcyber02/Mobile-Robots-2026-1/install/xarm_msgs/share/xarm_msgs/package.zsh'
[4.460s] Level 1:colcon.colcon_core.environment:create_file_with_runtime_dependencies(/home/catcyber02/Mobile-Robots-2026-1/install/xarm_msgs/share/colcon-core/packages/xarm_msgs)
[4.461s] Level 1:colcon.colcon_core.environment:create_environment_scripts_only(xarm_msgs)
[4.462s] Level 1:colcon.colcon_core.environment:checking '/home/catcyber02/Mobile-Robots-2026-1/install/xarm_msgs' for CMake module files
[4.463s] Level 1:colcon.colcon_core.environment:checking '/home/catcyber02/Mobile-Robots-2026-1/install/xarm_msgs' for CMake config files
[4.467s] Level 1:colcon.colcon_core.shell:create_environment_hook('xarm_msgs', 'cmake_prefix_path')
[4.467s] INFO:colcon.colcon_core.shell:Creating environment hook '/home/catcyber02/Mobile-Robots-2026-1/install/xarm_msgs/share/xarm_msgs/hook/cmake_prefix_path.ps1'
[4.468s] INFO:colcon.colcon_core.shell:Creating environment descriptor '/home/catcyber02/Mobile-Robots-2026-1/install/xarm_msgs/share/xarm_msgs/hook/cmake_prefix_path.dsv'
[4.469s] INFO:colcon.colcon_core.shell:Creating environment hook '/home/catcyber02/Mobile-Robots-2026-1/install/xarm_msgs/share/xarm_msgs/hook/cmake_prefix_path.sh'
[4.471s] Level 1:colcon.colcon_core.environment:checking '/home/catcyber02/Mobile-Robots-2026-1/install/xarm_msgs/lib'
[4.471s] Level 1:colcon.colcon_core.shell:create_environment_hook('xarm_msgs', 'ld_library_path_lib')
[4.472s] INFO:colcon.colcon_core.shell:Creating environment hook '/home/catcyber02/Mobile-Robots-2026-1/install/xarm_msgs/share/xarm_msgs/hook/ld_library_path_lib.ps1'
[4.473s] INFO:colcon.colcon_core.shell:Creating environment descriptor '/home/catcyber02/Mobile-Robots-2026-1/install/xarm_msgs/share/xarm_msgs/hook/ld_library_path_lib.dsv'
[4.474s] INFO:colcon.colcon_core.shell:Creating environment hook '/home/catcyber02/Mobile-Robots-2026-1/install/xarm_msgs/share/xarm_msgs/hook/ld_library_path_lib.sh'
[4.475s] Level 1:colcon.colcon_core.environment:checking '/home/catcyber02/Mobile-Robots-2026-1/install/xarm_msgs/bin'
[4.476s] Level 1:colcon.colcon_core.environment:checking '/home/catcyber02/Mobile-Robots-2026-1/install/xarm_msgs/lib/pkgconfig/xarm_msgs.pc'
[4.476s] Level 1:colcon.colcon_core.environment:checking '/home/catcyber02/Mobile-Robots-2026-1/install/xarm_msgs/lib/python3.12/site-packages'
[4.476s] Level 1:colcon.colcon_core.shell:create_environment_hook('xarm_msgs', 'pythonpath')
[4.477s] INFO:colcon.colcon_core.shell:Creating environment hook '/home/catcyber02/Mobile-Robots-2026-1/install/xarm_msgs/share/xarm_msgs/hook/pythonpath.ps1'
[4.478s] INFO:colcon.colcon_core.shell:Creating environment descriptor '/home/catcyber02/Mobile-Robots-2026-1/install/xarm_msgs/share/xarm_msgs/hook/pythonpath.dsv'
[4.479s] INFO:colcon.colcon_core.shell:Creating environment hook '/home/catcyber02/Mobile-Robots-2026-1/install/xarm_msgs/share/xarm_msgs/hook/pythonpath.sh'
[4.481s] Level 1:colcon.colcon_core.environment:checking '/home/catcyber02/Mobile-Robots-2026-1/install/xarm_msgs/bin'
[4.482s] INFO:colcon.colcon_core.shell:Creating package script '/home/catcyber02/Mobile-Robots-2026-1/install/xarm_msgs/share/xarm_msgs/package.ps1'
[4.483s] INFO:colcon.colcon_core.shell:Creating package descriptor '/home/catcyber02/Mobile-Robots-2026-1/install/xarm_msgs/share/xarm_msgs/package.dsv'
[4.485s] INFO:colcon.colcon_core.shell:Creating package script '/home/catcyber02/Mobile-Robots-2026-1/install/xarm_msgs/share/xarm_msgs/package.sh'
[4.486s] INFO:colcon.colcon_core.shell:Creating package script '/home/catcyber02/Mobile-Robots-2026-1/install/xarm_msgs/share/xarm_msgs/package.bash'
[4.487s] INFO:colcon.colcon_core.shell:Creating package script '/home/catcyber02/Mobile-Robots-2026-1/install/xarm_msgs/share/xarm_msgs/package.zsh'
[4.488s] Level 1:colcon.colcon_core.environment:create_file_with_runtime_dependencies(/home/catcyber02/Mobile-Robots-2026-1/install/xarm_msgs/share/colcon-core/packages/xarm_msgs)
[4.489s] INFO:colcon.colcon_ros.task.ament_cmake.build:Building ROS package in '/home/catcyber02/Mobile-Robots-2026-1/ros2_ws/src/hardware/xarm_ros2/xarm_api' with build type 'ament_cmake'
[4.490s] INFO:colcon.colcon_cmake.task.cmake.build:Building CMake package in '/home/catcyber02/Mobile-Robots-2026-1/ros2_ws/src/hardware/xarm_ros2/xarm_api'
[4.491s] INFO:colcon.colcon_core.shell:Skip shell extension 'powershell' for command environment: Not usable outside of PowerShell
[4.492s] DEBUG:colcon.colcon_core.shell:Skip shell extension 'dsv' for command environment
[4.549s] DEBUG:colcon.colcon_core.event_handler.log_command:Invoking command in '/home/catcyber02/Mobile-Robots-2026-1/build/xarm_api': CMAKE_PREFIX_PATH=/home/catcyber02/Mobile-Robots-2026-1/install/xarm_sdk:/home/catcyber02/Mobile-Robots-2026-1/install/xarm_msgs:/home/catcyber02/Mobile-Robots-2026-1/install/xarm_description:/home/catcyber02/Mobile-Robots-2026-1/install/xarm_controller:/home/catcyber02/Mobile-Robots-2026-1/install/xarm_api:/home/catcyber02/Mobile-Robots-2026-1/install/justina_gui:/home/catcyber02/Mobile-Robots-2026-1/install/justina_description:/home/catcyber02/Mobile-Robots-2026-1/install/gazebo_envs:/home/catcyber02/Mobile-Robots-2026-1/install/config_files:/home/catcyber02/Mobile-Robots-2026-1/ros2_ws/install/xarm_controller:/home/catcyber02/Mobile-Robots-2026-1/ros2_ws/install/xarm_api:/home/catcyber02/Mobile-Robots-2026-1/ros2_ws/install/xarm_sdk:/home/catcyber02/Mobile-Robots-2026-1/ros2_ws/install/xarm_msgs:/home/catcyber02/Mobile-Robots-2026-1/ros2_ws/install/xarm_description:/home/catcyber02/Mobile-Robots-2026-1/ros2_ws/install/justina_gui:/home/catcyber02/Mobile-Robots-2026-1/ros2_ws/install/justina_description:/home/catcyber02/Mobile-Robots-2026-1/ros2_ws/install/gazebo_envs:/home/catcyber02/Mobile-Robots-2026-1/ros2_ws/install/config_files:/opt/ros/jazzy/opt/gz_sim_vendor:/opt/ros/jazzy/opt/gz_sensors_vendor:/opt/ros/jazzy/opt/gz_physics_vendor:/opt/ros/jazzy/opt/sdformat_vendor:/opt/ros/jazzy/opt/gz_gui_vendor:/opt/ros/jazzy/opt/gz_transport_vendor:/opt/ros/jazzy/opt/gz_rendering_vendor:/opt/ros/jazzy/opt/gz_plugin_vendor:/opt/ros/jazzy/opt/gz_fuel_tools_vendor:/opt/ros/jazzy/opt/gz_msgs_vendor:/opt/ros/jazzy/opt/gz_common_vendor:/opt/ros/jazzy/opt/gz_math_vendor:/opt/ros/jazzy/opt/gz_utils_vendor:/opt/ros/jazzy/opt/gz_tools_vendor:/opt/ros/jazzy/opt/gz_ogre_next_vendor:/opt/ros/jazzy/opt/gz_dartsim_vendor:/opt/ros/jazzy/opt/gz_cmake_vendor:/home/catcyber02/Mobile-Robots-2026-1/install/uf_ros_lib:/home/catcyber02/Mobile-Robots-2026-1/install/simple_move:/home/catcyber02/Mobile-Robots-2026-1/install/path_planner:/home/catcyber02/Mobile-Robots-2026-1/install/map_augmenter:/home/catcyber02/Mobile-Robots-2026-1/ros2_ws/install/uf_ros_lib:/home/catcyber02/Mobile-Robots-2026-1/ros2_ws/install/simple_move:/home/catcyber02/Mobile-Robots-2026-1/ros2_ws/install/path_planner:/home/catcyber02/Mobile-Robots-2026-1/ros2_ws/install/map_augmenter:/opt/ros/jazzy DEBUGINFOD_URLS=https://debuginfod.ubuntu.com LD_LIBRARY_PATH=/home/catcyber02/Mobile-Robots-2026-1/install/xarm_sdk/lib:/home/catcyber02/Mobile-Robots-2026-1/install/xarm_msgs/lib:/home/catcyber02/Mobile-Robots-2026-1/install/xarm_controller/lib:/home/catcyber02/Mobile-Robots-2026-1/install/xarm_api/lib:/home/catcyber02/Mobile-Robots-2026-1/ros2_ws/install/xarm_controller/lib:/home/catcyber02/Mobile-Robots-2026-1/ros2_ws/install/xarm_api/lib:/home/catcyber02/Mobile-Robots-2026-1/ros2_ws/install/xarm_sdk/lib:/home/catcyber02/Mobile-Robots-2026-1/ros2_ws/install/xarm_msgs/lib:/opt/ros/jazzy/opt/gz_sim_vendor/lib:/opt/ros/jazzy/opt/gz_sensors_vendor/lib:/opt/ros/jazzy/opt/gz_physics_vendor/lib:/opt/ros/jazzy/opt/sdformat_vendor/lib:/opt/ros/jazzy/opt/rviz_ogre_vendor/lib:/opt/ros/jazzy/lib/x86_64-linux-gnu:/opt/ros/jazzy/opt/gz_gui_vendor/lib:/opt/ros/jazzy/opt/gz_transport_vendor/lib:/opt/ros/jazzy/opt/gz_rendering_vendor/lib:/opt/ros/jazzy/opt/gz_plugin_vendor/lib:/opt/ros/jazzy/opt/gz_fuel_tools_vendor/lib:/opt/ros/jazzy/opt/gz_msgs_vendor/lib:/opt/ros/jazzy/opt/gz_common_vendor/lib:/opt/ros/jazzy/opt/gz_math_vendor/lib:/opt/ros/jazzy/opt/gz_utils_vendor/lib:/opt/ros/jazzy/opt/gz_tools_vendor/lib:/opt/ros/jazzy/opt/gz_ogre_next_vendor/lib:/opt/ros/jazzy/opt/gz_dartsim_vendor/lib:/opt/ros/jazzy/opt/gz_cmake_vendor/lib:/opt/ros/jazzy/lib /usr/bin/cmake --build /home/catcyber02/Mobile-Robots-2026-1/build/xarm_api -- -j8 -l8
[5.050s] DEBUG:colcon.colcon_core.event_handler.log_command:Invoked command in '/home/catcyber02/Mobile-Robots-2026-1/build/xarm_api' returned '0': CMAKE_PREFIX_PATH=/home/catcyber02/Mobile-Robots-2026-1/install/xarm_sdk:/home/catcyber02/Mobile-Robots-2026-1/install/xarm_msgs:/home/catcyber02/Mobile-Robots-2026-1/install/xarm_description:/home/catcyber02/Mobile-Robots-2026-1/install/xarm_controller:/home/catcyber02/Mobile-Robots-2026-1/install/xarm_api:/home/catcyber02/Mobile-Robots-2026-1/install/justina_gui:/home/catcyber02/Mobile-Robots-2026-1/install/justina_description:/home/catcyber02/Mobile-Robots-2026-1/install/gazebo_envs:/home/catcyber02/Mobile-Robots-2026-1/install/config_files:/home/catcyber02/Mobile-Robots-2026-1/ros2_ws/install/xarm_controller:/home/catcyber02/Mobile-Robots-2026-1/ros2_ws/install/xarm_api:/home/catcyber02/Mobile-Robots-2026-1/ros2_ws/install/xarm_sdk:/home/catcyber02/Mobile-Robots-2026-1/ros2_ws/install/xarm_msgs:/home/catcyber02/Mobile-Robots-2026-1/ros2_ws/install/xarm_description:/home/catcyber02/Mobile-Robots-2026-1/ros2_ws/install/justina_gui:/home/catcyber02/Mobile-Robots-2026-1/ros2_ws/install/justina_description:/home/catcyber02/Mobile-Robots-2026-1/ros2_ws/install/gazebo_envs:/home/catcyber02/Mobile-Robots-2026-1/ros2_ws/install/config_files:/opt/ros/jazzy/opt/gz_sim_vendor:/opt/ros/jazzy/opt/gz_sensors_vendor:/opt/ros/jazzy/opt/gz_physics_vendor:/opt/ros/jazzy/opt/sdformat_vendor:/opt/ros/jazzy/opt/gz_gui_vendor:/opt/ros/jazzy/opt/gz_transport_vendor:/opt/ros/jazzy/opt/gz_rendering_vendor:/opt/ros/jazzy/opt/gz_plugin_vendor:/opt/ros/jazzy/opt/gz_fuel_tools_vendor:/opt/ros/jazzy/opt/gz_msgs_vendor:/opt/ros/jazzy/opt/gz_common_vendor:/opt/ros/jazzy/opt/gz_math_vendor:/opt/ros/jazzy/opt/gz_utils_vendor:/opt/ros/jazzy/opt/gz_tools_vendor:/opt/ros/jazzy/opt/gz_ogre_next_vendor:/opt/ros/jazzy/opt/gz_dartsim_vendor:/opt/ros/jazzy/opt/gz_cmake_vendor:/home/catcyber02/Mobile-Robots-2026-1/install/uf_ros_lib:/home/catcyber02/Mobile-Robots-2026-1/install/simple_move:/home/catcyber02/Mobile-Robots-2026-1/install/path_planner:/home/catcyber02/Mobile-Robots-2026-1/install/map_augmenter:/home/catcyber02/Mobile-Robots-2026-1/ros2_ws/install/uf_ros_lib:/home/catcyber02/Mobile-Robots-2026-1/ros2_ws/install/simple_move:/home/catcyber02/Mobile-Robots-2026-1/ros2_ws/install/path_planner:/home/catcyber02/Mobile-Robots-2026-1/ros2_ws/install/map_augmenter:/opt/ros/jazzy DEBUGINFOD_URLS=https://debuginfod.ubuntu.com LD_LIBRARY_PATH=/home/catcyber02/Mobile-Robots-2026-1/install/xarm_sdk/lib:/home/catcyber02/Mobile-Robots-2026-1/install/xarm_msgs/lib:/home/catcyber02/Mobile-Robots-2026-1/install/xarm_controller/lib:/home/catcyber02/Mobile-Robots-2026-1/install/xarm_api/lib:/home/catcyber02/Mobile-Robots-2026-1/ros2_ws/install/xarm_controller/lib:/home/catcyber02/Mobile-Robots-2026-1/ros2_ws/install/xarm_api/lib:/home/catcyber02/Mobile-Robots-2026-1/ros2_ws/install/xarm_sdk/lib:/home/catcyber02/Mobile-Robots-2026-1/ros2_ws/install/xarm_msgs/lib:/opt/ros/jazzy/opt/gz_sim_vendor/lib:/opt/ros/jazzy/opt/gz_sensors_vendor/lib:/opt/ros/jazzy/opt/gz_physics_vendor/lib:/opt/ros/jazzy/opt/sdformat_vendor/lib:/opt/ros/jazzy/opt/rviz_ogre_vendor/lib:/opt/ros/jazzy/lib/x86_64-linux-gnu:/opt/ros/jazzy/opt/gz_gui_vendor/lib:/opt/ros/jazzy/opt/gz_transport_vendor/lib:/opt/ros/jazzy/opt/gz_rendering_vendor/lib:/opt/ros/jazzy/opt/gz_plugin_vendor/lib:/opt/ros/jazzy/opt/gz_fuel_tools_vendor/lib:/opt/ros/jazzy/opt/gz_msgs_vendor/lib:/opt/ros/jazzy/opt/gz_common_vendor/lib:/opt/ros/jazzy/opt/gz_math_vendor/lib:/opt/ros/jazzy/opt/gz_utils_vendor/lib:/opt/ros/jazzy/opt/gz_tools_vendor/lib:/opt/ros/jazzy/opt/gz_ogre_next_vendor/lib:/opt/ros/jazzy/opt/gz_dartsim_vendor/lib:/opt/ros/jazzy/opt/gz_cmake_vendor/lib:/opt/ros/jazzy/lib /usr/bin/cmake --build /home/catcyber02/Mobile-Robots-2026-1/build/xarm_api -- -j8 -l8
[5.054s] DEBUG:colcon.colcon_core.event_handler.log_command:Invoking command in '/home/catcyber02/Mobile-Robots-2026-1/build/xarm_api': CMAKE_PREFIX_PATH=/home/catcyber02/Mobile-Robots-2026-1/install/xarm_sdk:/home/catcyber02/Mobile-Robots-2026-1/install/xarm_msgs:/home/catcyber02/Mobile-Robots-2026-1/install/xarm_description:/home/catcyber02/Mobile-Robots-2026-1/install/xarm_controller:/home/catcyber02/Mobile-Robots-2026-1/install/xarm_api:/home/catcyber02/Mobile-Robots-2026-1/install/justina_gui:/home/catcyber02/Mobile-Robots-2026-1/install/justina_description:/home/catcyber02/Mobile-Robots-2026-1/install/gazebo_envs:/home/catcyber02/Mobile-Robots-2026-1/install/config_files:/home/catcyber02/Mobile-Robots-2026-1/ros2_ws/install/xarm_controller:/home/catcyber02/Mobile-Robots-2026-1/ros2_ws/install/xarm_api:/home/catcyber02/Mobile-Robots-2026-1/ros2_ws/install/xarm_sdk:/home/catcyber02/Mobile-Robots-2026-1/ros2_ws/install/xarm_msgs:/home/catcyber02/Mobile-Robots-2026-1/ros2_ws/install/xarm_description:/home/catcyber02/Mobile-Robots-2026-1/ros2_ws/install/justina_gui:/home/catcyber02/Mobile-Robots-2026-1/ros2_ws/install/justina_description:/home/catcyber02/Mobile-Robots-2026-1/ros2_ws/install/gazebo_envs:/home/catcyber02/Mobile-Robots-2026-1/ros2_ws/install/config_files:/opt/ros/jazzy/opt/gz_sim_vendor:/opt/ros/jazzy/opt/gz_sensors_vendor:/opt/ros/jazzy/opt/gz_physics_vendor:/opt/ros/jazzy/opt/sdformat_vendor:/opt/ros/jazzy/opt/gz_gui_vendor:/opt/ros/jazzy/opt/gz_transport_vendor:/opt/ros/jazzy/opt/gz_rendering_vendor:/opt/ros/jazzy/opt/gz_plugin_vendor:/opt/ros/jazzy/opt/gz_fuel_tools_vendor:/opt/ros/jazzy/opt/gz_msgs_vendor:/opt/ros/jazzy/opt/gz_common_vendor:/opt/ros/jazzy/opt/gz_math_vendor:/opt/ros/jazzy/opt/gz_utils_vendor:/opt/ros/jazzy/opt/gz_tools_vendor:/opt/ros/jazzy/opt/gz_ogre_next_vendor:/opt/ros/jazzy/opt/gz_dartsim_vendor:/opt/ros/jazzy/opt/gz_cmake_vendor:/home/catcyber02/Mobile-Robots-2026-1/install/uf_ros_lib:/home/catcyber02/Mobile-Robots-2026-1/install/simple_move:/home/catcyber02/Mobile-Robots-2026-1/install/path_planner:/home/catcyber02/Mobile-Robots-2026-1/install/map_augmenter:/home/catcyber02/Mobile-Robots-2026-1/ros2_ws/install/uf_ros_lib:/home/catcyber02/Mobile-Robots-2026-1/ros2_ws/install/simple_move:/home/catcyber02/Mobile-Robots-2026-1/ros2_ws/install/path_planner:/home/catcyber02/Mobile-Robots-2026-1/ros2_ws/install/map_augmenter:/opt/ros/jazzy DEBUGINFOD_URLS=https://debuginfod.ubuntu.com LD_LIBRARY_PATH=/home/catcyber02/Mobile-Robots-2026-1/install/xarm_sdk/lib:/home/catcyber02/Mobile-Robots-2026-1/install/xarm_msgs/lib:/home/catcyber02/Mobile-Robots-2026-1/install/xarm_controller/lib:/home/catcyber02/Mobile-Robots-2026-1/install/xarm_api/lib:/home/catcyber02/Mobile-Robots-2026-1/ros2_ws/install/xarm_controller/lib:/home/catcyber02/Mobile-Robots-2026-1/ros2_ws/install/xarm_api/lib:/home/catcyber02/Mobile-Robots-2026-1/ros2_ws/install/xarm_sdk/lib:/home/catcyber02/Mobile-Robots-2026-1/ros2_ws/install/xarm_msgs/lib:/opt/ros/jazzy/opt/gz_sim_vendor/lib:/opt/ros/jazzy/opt/gz_sensors_vendor/lib:/opt/ros/jazzy/opt/gz_physics_vendor/lib:/opt/ros/jazzy/opt/sdformat_vendor/lib:/opt/ros/jazzy/opt/rviz_ogre_vendor/lib:/opt/ros/jazzy/lib/x86_64-linux-gnu:/opt/ros/jazzy/opt/gz_gui_vendor/lib:/opt/ros/jazzy/opt/gz_transport_vendor/lib:/opt/ros/jazzy/opt/gz_rendering_vendor/lib:/opt/ros/jazzy/opt/gz_plugin_vendor/lib:/opt/ros/jazzy/opt/gz_fuel_tools_vendor/lib:/opt/ros/jazzy/opt/gz_msgs_vendor/lib:/opt/ros/jazzy/opt/gz_common_vendor/lib:/opt/ros/jazzy/opt/gz_math_vendor/lib:/opt/ros/jazzy/opt/gz_utils_vendor/lib:/opt/ros/jazzy/opt/gz_tools_vendor/lib:/opt/ros/jazzy/opt/gz_ogre_next_vendor/lib:/opt/ros/jazzy/opt/gz_dartsim_vendor/lib:/opt/ros/jazzy/opt/gz_cmake_vendor/lib:/opt/ros/jazzy/lib /usr/bin/cmake --install /home/catcyber02/Mobile-Robots-2026-1/build/xarm_api
[5.121s] Level 1:colcon.colcon_core.environment:create_environment_scripts_only(xarm_api)
[5.125s] Level 1:colcon.colcon_core.environment:checking '/home/catcyber02/Mobile-Robots-2026-1/install/xarm_api' for CMake module files
[5.129s] Level 1:colcon.colcon_core.environment:checking '/home/catcyber02/Mobile-Robots-2026-1/install/xarm_api' for CMake config files
[5.130s] Level 1:colcon.colcon_core.shell:create_environment_hook('xarm_api', 'cmake_prefix_path')
[5.132s] INFO:colcon.colcon_core.shell:Creating environment hook '/home/catcyber02/Mobile-Robots-2026-1/install/xarm_api/share/xarm_api/hook/cmake_prefix_path.ps1'
[5.135s] INFO:colcon.colcon_core.shell:Creating environment descriptor '/home/catcyber02/Mobile-Robots-2026-1/install/xarm_api/share/xarm_api/hook/cmake_prefix_path.dsv'
[5.139s] INFO:colcon.colcon_core.shell:Creating environment hook '/home/catcyber02/Mobile-Robots-2026-1/install/xarm_api/share/xarm_api/hook/cmake_prefix_path.sh'
[5.144s] Level 1:colcon.colcon_core.environment:checking '/home/catcyber02/Mobile-Robots-2026-1/install/xarm_api/lib'
[5.145s] Level 1:colcon.colcon_core.shell:create_environment_hook('xarm_api', 'ld_library_path_lib')
[5.145s] DEBUG:colcon.colcon_core.event_handler.log_command:Invoked command in '/home/catcyber02/Mobile-Robots-2026-1/build/xarm_api' returned '0': CMAKE_PREFIX_PATH=/home/catcyber02/Mobile-Robots-2026-1/install/xarm_sdk:/home/catcyber02/Mobile-Robots-2026-1/install/xarm_msgs:/home/catcyber02/Mobile-Robots-2026-1/install/xarm_description:/home/catcyber02/Mobile-Robots-2026-1/install/xarm_controller:/home/catcyber02/Mobile-Robots-2026-1/install/xarm_api:/home/catcyber02/Mobile-Robots-2026-1/install/justina_gui:/home/catcyber02/Mobile-Robots-2026-1/install/justina_description:/home/catcyber02/Mobile-Robots-2026-1/install/gazebo_envs:/home/catcyber02/Mobile-Robots-2026-1/install/config_files:/home/catcyber02/Mobile-Robots-2026-1/ros2_ws/install/xarm_controller:/home/catcyber02/Mobile-Robots-2026-1/ros2_ws/install/xarm_api:/home/catcyber02/Mobile-Robots-2026-1/ros2_ws/install/xarm_sdk:/home/catcyber02/Mobile-Robots-2026-1/ros2_ws/install/xarm_msgs:/home/catcyber02/Mobile-Robots-2026-1/ros2_ws/install/xarm_description:/home/catcyber02/Mobile-Robots-2026-1/ros2_ws/install/justina_gui:/home/catcyber02/Mobile-Robots-2026-1/ros2_ws/install/justina_description:/home/catcyber02/Mobile-Robots-2026-1/ros2_ws/install/gazebo_envs:/home/catcyber02/Mobile-Robots-2026-1/ros2_ws/install/config_files:/opt/ros/jazzy/opt/gz_sim_vendor:/opt/ros/jazzy/opt/gz_sensors_vendor:/opt/ros/jazzy/opt/gz_physics_vendor:/opt/ros/jazzy/opt/sdformat_vendor:/opt/ros/jazzy/opt/gz_gui_vendor:/opt/ros/jazzy/opt/gz_transport_vendor:/opt/ros/jazzy/opt/gz_rendering_vendor:/opt/ros/jazzy/opt/gz_plugin_vendor:/opt/ros/jazzy/opt/gz_fuel_tools_vendor:/opt/ros/jazzy/opt/gz_msgs_vendor:/opt/ros/jazzy/opt/gz_common_vendor:/opt/ros/jazzy/opt/gz_math_vendor:/opt/ros/jazzy/opt/gz_utils_vendor:/opt/ros/jazzy/opt/gz_tools_vendor:/opt/ros/jazzy/opt/gz_ogre_next_vendor:/opt/ros/jazzy/opt/gz_dartsim_vendor:/opt/ros/jazzy/opt/gz_cmake_vendor:/home/catcyber02/Mobile-Robots-2026-1/install/uf_ros_lib:/home/catcyber02/Mobile-Robots-2026-1/install/simple_move:/home/catcyber02/Mobile-Robots-2026-1/install/path_planner:/home/catcyber02/Mobile-Robots-2026-1/install/map_augmenter:/home/catcyber02/Mobile-Robots-2026-1/ros2_ws/install/uf_ros_lib:/home/catcyber02/Mobile-Robots-2026-1/ros2_ws/install/simple_move:/home/catcyber02/Mobile-Robots-2026-1/ros2_ws/install/path_planner:/home/catcyber02/Mobile-Robots-2026-1/ros2_ws/install/map_augmenter:/opt/ros/jazzy DEBUGINFOD_URLS=https://debuginfod.ubuntu.com LD_LIBRARY_PATH=/home/catcyber02/Mobile-Robots-2026-1/install/xarm_sdk/lib:/home/catcyber02/Mobile-Robots-2026-1/install/xarm_msgs/lib:/home/catcyber02/Mobile-Robots-2026-1/install/xarm_controller/lib:/home/catcyber02/Mobile-Robots-2026-1/install/xarm_api/lib:/home/catcyber02/Mobile-Robots-2026-1/ros2_ws/install/xarm_controller/lib:/home/catcyber02/Mobile-Robots-2026-1/ros2_ws/install/xarm_api/lib:/home/catcyber02/Mobile-Robots-2026-1/ros2_ws/install/xarm_sdk/lib:/home/catcyber02/Mobile-Robots-2026-1/ros2_ws/install/xarm_msgs/lib:/opt/ros/jazzy/opt/gz_sim_vendor/lib:/opt/ros/jazzy/opt/gz_sensors_vendor/lib:/opt/ros/jazzy/opt/gz_physics_vendor/lib:/opt/ros/jazzy/opt/sdformat_vendor/lib:/opt/ros/jazzy/opt/rviz_ogre_vendor/lib:/opt/ros/jazzy/lib/x86_64-linux-gnu:/opt/ros/jazzy/opt/gz_gui_vendor/lib:/opt/ros/jazzy/opt/gz_transport_vendor/lib:/opt/ros/jazzy/opt/gz_rendering_vendor/lib:/opt/ros/jazzy/opt/gz_plugin_vendor/lib:/opt/ros/jazzy/opt/gz_fuel_tools_vendor/lib:/opt/ros/jazzy/opt/gz_msgs_vendor/lib:/opt/ros/jazzy/opt/gz_common_vendor/lib:/opt/ros/jazzy/opt/gz_math_vendor/lib:/opt/ros/jazzy/opt/gz_utils_vendor/lib:/opt/ros/jazzy/opt/gz_tools_vendor/lib:/opt/ros/jazzy/opt/gz_ogre_next_vendor/lib:/opt/ros/jazzy/opt/gz_dartsim_vendor/lib:/opt/ros/jazzy/opt/gz_cmake_vendor/lib:/opt/ros/jazzy/lib /usr/bin/cmake --install /home/catcyber02/Mobile-Robots-2026-1/build/xarm_api
[5.146s] INFO:colcon.colcon_core.shell:Creating environment hook '/home/catcyber02/Mobile-Robots-2026-1/install/xarm_api/share/xarm_api/hook/ld_library_path_lib.ps1'
[5.148s] INFO:colcon.colcon_core.shell:Creating environment descriptor '/home/catcyber02/Mobile-Robots-2026-1/install/xarm_api/share/xarm_api/hook/ld_library_path_lib.dsv'
[5.150s] INFO:colcon.colcon_core.shell:Creating environment hook '/home/catcyber02/Mobile-Robots-2026-1/install/xarm_api/share/xarm_api/hook/ld_library_path_lib.sh'
[5.152s] Level 1:colcon.colcon_core.environment:checking '/home/catcyber02/Mobile-Robots-2026-1/install/xarm_api/bin'
[5.152s] Level 1:colcon.colcon_core.environment:checking '/home/catcyber02/Mobile-Robots-2026-1/install/xarm_api/lib/pkgconfig/xarm_api.pc'
[5.153s] Level 1:colcon.colcon_core.environment:checking '/home/catcyber02/Mobile-Robots-2026-1/install/xarm_api/lib/python3.12/site-packages'
[5.153s] Level 1:colcon.colcon_core.environment:checking '/home/catcyber02/Mobile-Robots-2026-1/install/xarm_api/bin'
[5.154s] INFO:colcon.colcon_core.shell:Creating package script '/home/catcyber02/Mobile-Robots-2026-1/install/xarm_api/share/xarm_api/package.ps1'
[5.156s] INFO:colcon.colcon_core.shell:Creating package descriptor '/home/catcyber02/Mobile-Robots-2026-1/install/xarm_api/share/xarm_api/package.dsv'
[5.158s] INFO:colcon.colcon_core.shell:Creating package script '/home/catcyber02/Mobile-Robots-2026-1/install/xarm_api/share/xarm_api/package.sh'
[5.160s] INFO:colcon.colcon_core.shell:Creating package script '/home/catcyber02/Mobile-Robots-2026-1/install/xarm_api/share/xarm_api/package.bash'
[5.161s] INFO:colcon.colcon_core.shell:Creating package script '/home/catcyber02/Mobile-Robots-2026-1/install/xarm_api/share/xarm_api/package.zsh'
[5.163s] Level 1:colcon.colcon_core.environment:create_file_with_runtime_dependencies(/home/catcyber02/Mobile-Robots-2026-1/install/xarm_api/share/colcon-core/packages/xarm_api)
[5.164s] Level 1:colcon.colcon_core.environment:create_environment_scripts_only(xarm_api)
[5.165s] Level 1:colcon.colcon_core.environment:checking '/home/catcyber02/Mobile-Robots-2026-1/install/xarm_api' for CMake module files
[5.167s] Level 1:colcon.colcon_core.environment:checking '/home/catcyber02/Mobile-Robots-2026-1/install/xarm_api' for CMake config files
[5.168s] Level 1:colcon.colcon_core.shell:create_environment_hook('xarm_api', 'cmake_prefix_path')
[5.169s] INFO:colcon.colcon_core.shell:Creating environment hook '/home/catcyber02/Mobile-Robots-2026-1/install/xarm_api/share/xarm_api/hook/cmake_prefix_path.ps1'
[5.170s] INFO:colcon.colcon_core.shell:Creating environment descriptor '/home/catcyber02/Mobile-Robots-2026-1/install/xarm_api/share/xarm_api/hook/cmake_prefix_path.dsv'
[5.171s] INFO:colcon.colcon_core.shell:Creating environment hook '/home/catcyber02/Mobile-Robots-2026-1/install/xarm_api/share/xarm_api/hook/cmake_prefix_path.sh'
[5.174s] Level 1:colcon.colcon_core.environment:checking '/home/catcyber02/Mobile-Robots-2026-1/install/xarm_api/lib'
[5.174s] Level 1:colcon.colcon_core.shell:create_environment_hook('xarm_api', 'ld_library_path_lib')
[5.175s] INFO:colcon.colcon_core.shell:Creating environment hook '/home/catcyber02/Mobile-Robots-2026-1/install/xarm_api/share/xarm_api/hook/ld_library_path_lib.ps1'
[5.176s] INFO:colcon.colcon_core.shell:Creating environment descriptor '/home/catcyber02/Mobile-Robots-2026-1/install/xarm_api/share/xarm_api/hook/ld_library_path_lib.dsv'
[5.178s] INFO:colcon.colcon_core.shell:Creating environment hook '/home/catcyber02/Mobile-Robots-2026-1/install/xarm_api/share/xarm_api/hook/ld_library_path_lib.sh'
[5.179s] Level 1:colcon.colcon_core.environment:checking '/home/catcyber02/Mobile-Robots-2026-1/install/xarm_api/bin'
[5.180s] Level 1:colcon.colcon_core.environment:checking '/home/catcyber02/Mobile-Robots-2026-1/install/xarm_api/lib/pkgconfig/xarm_api.pc'
[5.180s] Level 1:colcon.colcon_core.environment:checking '/home/catcyber02/Mobile-Robots-2026-1/install/xarm_api/lib/python3.12/site-packages'
[5.181s] Level 1:colcon.colcon_core.environment:checking '/home/catcyber02/Mobile-Robots-2026-1/install/xarm_api/bin'
[5.182s] INFO:colcon.colcon_core.shell:Creating package script '/home/catcyber02/Mobile-Robots-2026-1/install/xarm_api/share/xarm_api/package.ps1'
[5.184s] INFO:colcon.colcon_core.shell:Creating package descriptor '/home/catcyber02/Mobile-Robots-2026-1/install/xarm_api/share/xarm_api/package.dsv'
[5.186s] INFO:colcon.colcon_core.shell:Creating package script '/home/catcyber02/Mobile-Robots-2026-1/install/xarm_api/share/xarm_api/package.sh'
[5.188s] INFO:colcon.colcon_core.shell:Creating package script '/home/catcyber02/Mobile-Robots-2026-1/install/xarm_api/share/xarm_api/package.bash'
[5.190s] INFO:colcon.colcon_core.shell:Creating package script '/home/catcyber02/Mobile-Robots-2026-1/install/xarm_api/share/xarm_api/package.zsh'
[5.192s] Level 1:colcon.colcon_core.environment:create_file_with_runtime_dependencies(/home/catcyber02/Mobile-Robots-2026-1/install/xarm_api/share/colcon-core/packages/xarm_api)
[5.193s] INFO:colcon.colcon_ros.task.ament_cmake.build:Building ROS package in '/home/catcyber02/Mobile-Robots-2026-1/ros2_ws/src/hardware/xarm_ros2/xarm_controller' with build type 'ament_cmake'
[5.194s] INFO:colcon.colcon_cmake.task.cmake.build:Building CMake package in '/home/catcyber02/Mobile-Robots-2026-1/ros2_ws/src/hardware/xarm_ros2/xarm_controller'
[5.195s] INFO:colcon.colcon_core.shell:Skip shell extension 'powershell' for command environment: Not usable outside of PowerShell
[5.195s] DEBUG:colcon.colcon_core.shell:Skip shell extension 'dsv' for command environment
[5.267s] DEBUG:colcon.colcon_core.event_handler.log_command:Invoking command in '/home/catcyber02/Mobile-Robots-2026-1/build/xarm_controller': CMAKE_PREFIX_PATH=/home/catcyber02/Mobile-Robots-2026-1/install/xarm_api:/home/catcyber02/Mobile-Robots-2026-1/install/xarm_sdk:/home/catcyber02/Mobile-Robots-2026-1/install/xarm_msgs:/home/catcyber02/Mobile-Robots-2026-1/install/xarm_description:/home/catcyber02/Mobile-Robots-2026-1/install/xarm_controller:/home/catcyber02/Mobile-Robots-2026-1/install/justina_gui:/home/catcyber02/Mobile-Robots-2026-1/install/justina_description:/home/catcyber02/Mobile-Robots-2026-1/install/gazebo_envs:/home/catcyber02/Mobile-Robots-2026-1/install/config_files:/home/catcyber02/Mobile-Robots-2026-1/ros2_ws/install/xarm_controller:/home/catcyber02/Mobile-Robots-2026-1/ros2_ws/install/xarm_api:/home/catcyber02/Mobile-Robots-2026-1/ros2_ws/install/xarm_sdk:/home/catcyber02/Mobile-Robots-2026-1/ros2_ws/install/xarm_msgs:/home/catcyber02/Mobile-Robots-2026-1/ros2_ws/install/xarm_description:/home/catcyber02/Mobile-Robots-2026-1/ros2_ws/install/justina_gui:/home/catcyber02/Mobile-Robots-2026-1/ros2_ws/install/justina_description:/home/catcyber02/Mobile-Robots-2026-1/ros2_ws/install/gazebo_envs:/home/catcyber02/Mobile-Robots-2026-1/ros2_ws/install/config_files:/opt/ros/jazzy/opt/gz_sim_vendor:/opt/ros/jazzy/opt/gz_sensors_vendor:/opt/ros/jazzy/opt/gz_physics_vendor:/opt/ros/jazzy/opt/sdformat_vendor:/opt/ros/jazzy/opt/gz_gui_vendor:/opt/ros/jazzy/opt/gz_transport_vendor:/opt/ros/jazzy/opt/gz_rendering_vendor:/opt/ros/jazzy/opt/gz_plugin_vendor:/opt/ros/jazzy/opt/gz_fuel_tools_vendor:/opt/ros/jazzy/opt/gz_msgs_vendor:/opt/ros/jazzy/opt/gz_common_vendor:/opt/ros/jazzy/opt/gz_math_vendor:/opt/ros/jazzy/opt/gz_utils_vendor:/opt/ros/jazzy/opt/gz_tools_vendor:/opt/ros/jazzy/opt/gz_ogre_next_vendor:/opt/ros/jazzy/opt/gz_dartsim_vendor:/opt/ros/jazzy/opt/gz_cmake_vendor:/home/catcyber02/Mobile-Robots-2026-1/install/uf_ros_lib:/home/catcyber02/Mobile-Robots-2026-1/install/simple_move:/home/catcyber02/Mobile-Robots-2026-1/install/path_planner:/home/catcyber02/Mobile-Robots-2026-1/install/map_augmenter:/home/catcyber02/Mobile-Robots-2026-1/ros2_ws/install/uf_ros_lib:/home/catcyber02/Mobile-Robots-2026-1/ros2_ws/install/simple_move:/home/catcyber02/Mobile-Robots-2026-1/ros2_ws/install/path_planner:/home/catcyber02/Mobile-Robots-2026-1/ros2_ws/install/map_augmenter:/opt/ros/jazzy DEBUGINFOD_URLS=https://debuginfod.ubuntu.com LD_LIBRARY_PATH=/home/catcyber02/Mobile-Robots-2026-1/install/xarm_api/lib:/home/catcyber02/Mobile-Robots-2026-1/install/xarm_sdk/lib:/home/catcyber02/Mobile-Robots-2026-1/install/xarm_msgs/lib:/home/catcyber02/Mobile-Robots-2026-1/install/xarm_controller/lib:/home/catcyber02/Mobile-Robots-2026-1/ros2_ws/install/xarm_controller/lib:/home/catcyber02/Mobile-Robots-2026-1/ros2_ws/install/xarm_api/lib:/home/catcyber02/Mobile-Robots-2026-1/ros2_ws/install/xarm_sdk/lib:/home/catcyber02/Mobile-Robots-2026-1/ros2_ws/install/xarm_msgs/lib:/opt/ros/jazzy/opt/gz_sim_vendor/lib:/opt/ros/jazzy/opt/gz_sensors_vendor/lib:/opt/ros/jazzy/opt/gz_physics_vendor/lib:/opt/ros/jazzy/opt/sdformat_vendor/lib:/opt/ros/jazzy/opt/rviz_ogre_vendor/lib:/opt/ros/jazzy/lib/x86_64-linux-gnu:/opt/ros/jazzy/opt/gz_gui_vendor/lib:/opt/ros/jazzy/opt/gz_transport_vendor/lib:/opt/ros/jazzy/opt/gz_rendering_vendor/lib:/opt/ros/jazzy/opt/gz_plugin_vendor/lib:/opt/ros/jazzy/opt/gz_fuel_tools_vendor/lib:/opt/ros/jazzy/opt/gz_msgs_vendor/lib:/opt/ros/jazzy/opt/gz_common_vendor/lib:/opt/ros/jazzy/opt/gz_math_vendor/lib:/opt/ros/jazzy/opt/gz_utils_vendor/lib:/opt/ros/jazzy/opt/gz_tools_vendor/lib:/opt/ros/jazzy/opt/gz_ogre_next_vendor/lib:/opt/ros/jazzy/opt/gz_dartsim_vendor/lib:/opt/ros/jazzy/opt/gz_cmake_vendor/lib:/opt/ros/jazzy/lib /usr/bin/cmake --build /home/catcyber02/Mobile-Robots-2026-1/build/xarm_controller -- -j8 -l8
[5.595s] DEBUG:colcon.colcon_core.event_handler.log_command:Invoked command in '/home/catcyber02/Mobile-Robots-2026-1/build/xarm_controller' returned '0': CMAKE_PREFIX_PATH=/home/catcyber02/Mobile-Robots-2026-1/install/xarm_api:/home/catcyber02/Mobile-Robots-2026-1/install/xarm_sdk:/home/catcyber02/Mobile-Robots-2026-1/install/xarm_msgs:/home/catcyber02/Mobile-Robots-2026-1/install/xarm_description:/home/catcyber02/Mobile-Robots-2026-1/install/xarm_controller:/home/catcyber02/Mobile-Robots-2026-1/install/justina_gui:/home/catcyber02/Mobile-Robots-2026-1/install/justina_description:/home/catcyber02/Mobile-Robots-2026-1/install/gazebo_envs:/home/catcyber02/Mobile-Robots-2026-1/install/config_files:/home/catcyber02/Mobile-Robots-2026-1/ros2_ws/install/xarm_controller:/home/catcyber02/Mobile-Robots-2026-1/ros2_ws/install/xarm_api:/home/catcyber02/Mobile-Robots-2026-1/ros2_ws/install/xarm_sdk:/home/catcyber02/Mobile-Robots-2026-1/ros2_ws/install/xarm_msgs:/home/catcyber02/Mobile-Robots-2026-1/ros2_ws/install/xarm_description:/home/catcyber02/Mobile-Robots-2026-1/ros2_ws/install/justina_gui:/home/catcyber02/Mobile-Robots-2026-1/ros2_ws/install/justina_description:/home/catcyber02/Mobile-Robots-2026-1/ros2_ws/install/gazebo_envs:/home/catcyber02/Mobile-Robots-2026-1/ros2_ws/install/config_files:/opt/ros/jazzy/opt/gz_sim_vendor:/opt/ros/jazzy/opt/gz_sensors_vendor:/opt/ros/jazzy/opt/gz_physics_vendor:/opt/ros/jazzy/opt/sdformat_vendor:/opt/ros/jazzy/opt/gz_gui_vendor:/opt/ros/jazzy/opt/gz_transport_vendor:/opt/ros/jazzy/opt/gz_rendering_vendor:/opt/ros/jazzy/opt/gz_plugin_vendor:/opt/ros/jazzy/opt/gz_fuel_tools_vendor:/opt/ros/jazzy/opt/gz_msgs_vendor:/opt/ros/jazzy/opt/gz_common_vendor:/opt/ros/jazzy/opt/gz_math_vendor:/opt/ros/jazzy/opt/gz_utils_vendor:/opt/ros/jazzy/opt/gz_tools_vendor:/opt/ros/jazzy/opt/gz_ogre_next_vendor:/opt/ros/jazzy/opt/gz_dartsim_vendor:/opt/ros/jazzy/opt/gz_cmake_vendor:/home/catcyber02/Mobile-Robots-2026-1/install/uf_ros_lib:/home/catcyber02/Mobile-Robots-2026-1/install/simple_move:/home/catcyber02/Mobile-Robots-2026-1/install/path_planner:/home/catcyber02/Mobile-Robots-2026-1/install/map_augmenter:/home/catcyber02/Mobile-Robots-2026-1/ros2_ws/install/uf_ros_lib:/home/catcyber02/Mobile-Robots-2026-1/ros2_ws/install/simple_move:/home/catcyber02/Mobile-Robots-2026-1/ros2_ws/install/path_planner:/home/catcyber02/Mobile-Robots-2026-1/ros2_ws/install/map_augmenter:/opt/ros/jazzy DEBUGINFOD_URLS=https://debuginfod.ubuntu.com LD_LIBRARY_PATH=/home/catcyber02/Mobile-Robots-2026-1/install/xarm_api/lib:/home/catcyber02/Mobile-Robots-2026-1/install/xarm_sdk/lib:/home/catcyber02/Mobile-Robots-2026-1/install/xarm_msgs/lib:/home/catcyber02/Mobile-Robots-2026-1/install/xarm_controller/lib:/home/catcyber02/Mobile-Robots-2026-1/ros2_ws/install/xarm_controller/lib:/home/catcyber02/Mobile-Robots-2026-1/ros2_ws/install/xarm_api/lib:/home/catcyber02/Mobile-Robots-2026-1/ros2_ws/install/xarm_sdk/lib:/home/catcyber02/Mobile-Robots-2026-1/ros2_ws/install/xarm_msgs/lib:/opt/ros/jazzy/opt/gz_sim_vendor/lib:/opt/ros/jazzy/opt/gz_sensors_vendor/lib:/opt/ros/jazzy/opt/gz_physics_vendor/lib:/opt/ros/jazzy/opt/sdformat_vendor/lib:/opt/ros/jazzy/opt/rviz_ogre_vendor/lib:/opt/ros/jazzy/lib/x86_64-linux-gnu:/opt/ros/jazzy/opt/gz_gui_vendor/lib:/opt/ros/jazzy/opt/gz_transport_vendor/lib:/opt/ros/jazzy/opt/gz_rendering_vendor/lib:/opt/ros/jazzy/opt/gz_plugin_vendor/lib:/opt/ros/jazzy/opt/gz_fuel_tools_vendor/lib:/opt/ros/jazzy/opt/gz_msgs_vendor/lib:/opt/ros/jazzy/opt/gz_common_vendor/lib:/opt/ros/jazzy/opt/gz_math_vendor/lib:/opt/ros/jazzy/opt/gz_utils_vendor/lib:/opt/ros/jazzy/opt/gz_tools_vendor/lib:/opt/ros/jazzy/opt/gz_ogre_next_vendor/lib:/opt/ros/jazzy/opt/gz_dartsim_vendor/lib:/opt/ros/jazzy/opt/gz_cmake_vendor/lib:/opt/ros/jazzy/lib /usr/bin/cmake --build /home/catcyber02/Mobile-Robots-2026-1/build/xarm_controller -- -j8 -l8
[5.596s] DEBUG:colcon.colcon_core.event_handler.log_command:Invoking command in '/home/catcyber02/Mobile-Robots-2026-1/build/xarm_controller': CMAKE_PREFIX_PATH=/home/catcyber02/Mobile-Robots-2026-1/install/xarm_api:/home/catcyber02/Mobile-Robots-2026-1/install/xarm_sdk:/home/catcyber02/Mobile-Robots-2026-1/install/xarm_msgs:/home/catcyber02/Mobile-Robots-2026-1/install/xarm_description:/home/catcyber02/Mobile-Robots-2026-1/install/xarm_controller:/home/catcyber02/Mobile-Robots-2026-1/install/justina_gui:/home/catcyber02/Mobile-Robots-2026-1/install/justina_description:/home/catcyber02/Mobile-Robots-2026-1/install/gazebo_envs:/home/catcyber02/Mobile-Robots-2026-1/install/config_files:/home/catcyber02/Mobile-Robots-2026-1/ros2_ws/install/xarm_controller:/home/catcyber02/Mobile-Robots-2026-1/ros2_ws/install/xarm_api:/home/catcyber02/Mobile-Robots-2026-1/ros2_ws/install/xarm_sdk:/home/catcyber02/Mobile-Robots-2026-1/ros2_ws/install/xarm_msgs:/home/catcyber02/Mobile-Robots-2026-1/ros2_ws/install/xarm_description:/home/catcyber02/Mobile-Robots-2026-1/ros2_ws/install/justina_gui:/home/catcyber02/Mobile-Robots-2026-1/ros2_ws/install/justina_description:/home/catcyber02/Mobile-Robots-2026-1/ros2_ws/install/gazebo_envs:/home/catcyber02/Mobile-Robots-2026-1/ros2_ws/install/config_files:/opt/ros/jazzy/opt/gz_sim_vendor:/opt/ros/jazzy/opt/gz_sensors_vendor:/opt/ros/jazzy/opt/gz_physics_vendor:/opt/ros/jazzy/opt/sdformat_vendor:/opt/ros/jazzy/opt/gz_gui_vendor:/opt/ros/jazzy/opt/gz_transport_vendor:/opt/ros/jazzy/opt/gz_rendering_vendor:/opt/ros/jazzy/opt/gz_plugin_vendor:/opt/ros/jazzy/opt/gz_fuel_tools_vendor:/opt/ros/jazzy/opt/gz_msgs_vendor:/opt/ros/jazzy/opt/gz_common_vendor:/opt/ros/jazzy/opt/gz_math_vendor:/opt/ros/jazzy/opt/gz_utils_vendor:/opt/ros/jazzy/opt/gz_tools_vendor:/opt/ros/jazzy/opt/gz_ogre_next_vendor:/opt/ros/jazzy/opt/gz_dartsim_vendor:/opt/ros/jazzy/opt/gz_cmake_vendor:/home/catcyber02/Mobile-Robots-2026-1/install/uf_ros_lib:/home/catcyber02/Mobile-Robots-2026-1/install/simple_move:/home/catcyber02/Mobile-Robots-2026-1/install/path_planner:/home/catcyber02/Mobile-Robots-2026-1/install/map_augmenter:/home/catcyber02/Mobile-Robots-2026-1/ros2_ws/install/uf_ros_lib:/home/catcyber02/Mobile-Robots-2026-1/ros2_ws/install/simple_move:/home/catcyber02/Mobile-Robots-2026-1/ros2_ws/install/path_planner:/home/catcyber02/Mobile-Robots-2026-1/ros2_ws/install/map_augmenter:/opt/ros/jazzy DEBUGINFOD_URLS=https://debuginfod.ubuntu.com LD_LIBRARY_PATH=/home/catcyber02/Mobile-Robots-2026-1/install/xarm_api/lib:/home/catcyber02/Mobile-Robots-2026-1/install/xarm_sdk/lib:/home/catcyber02/Mobile-Robots-2026-1/install/xarm_msgs/lib:/home/catcyber02/Mobile-Robots-2026-1/install/xarm_controller/lib:/home/catcyber02/Mobile-Robots-2026-1/ros2_ws/install/xarm_controller/lib:/home/catcyber02/Mobile-Robots-2026-1/ros2_ws/install/xarm_api/lib:/home/catcyber02/Mobile-Robots-2026-1/ros2_ws/install/xarm_sdk/lib:/home/catcyber02/Mobile-Robots-2026-1/ros2_ws/install/xarm_msgs/lib:/opt/ros/jazzy/opt/gz_sim_vendor/lib:/opt/ros/jazzy/opt/gz_sensors_vendor/lib:/opt/ros/jazzy/opt/gz_physics_vendor/lib:/opt/ros/jazzy/opt/sdformat_vendor/lib:/opt/ros/jazzy/opt/rviz_ogre_vendor/lib:/opt/ros/jazzy/lib/x86_64-linux-gnu:/opt/ros/jazzy/opt/gz_gui_vendor/lib:/opt/ros/jazzy/opt/gz_transport_vendor/lib:/opt/ros/jazzy/opt/gz_rendering_vendor/lib:/opt/ros/jazzy/opt/gz_plugin_vendor/lib:/opt/ros/jazzy/opt/gz_fuel_tools_vendor/lib:/opt/ros/jazzy/opt/gz_msgs_vendor/lib:/opt/ros/jazzy/opt/gz_common_vendor/lib:/opt/ros/jazzy/opt/gz_math_vendor/lib:/opt/ros/jazzy/opt/gz_utils_vendor/lib:/opt/ros/jazzy/opt/gz_tools_vendor/lib:/opt/ros/jazzy/opt/gz_ogre_next_vendor/lib:/opt/ros/jazzy/opt/gz_dartsim_vendor/lib:/opt/ros/jazzy/opt/gz_cmake_vendor/lib:/opt/ros/jazzy/lib /usr/bin/cmake --install /home/catcyber02/Mobile-Robots-2026-1/build/xarm_controller
[5.668s] Level 1:colcon.colcon_core.environment:create_environment_scripts_only(xarm_controller)
[5.669s] Level 1:colcon.colcon_core.environment:checking '/home/catcyber02/Mobile-Robots-2026-1/install/xarm_controller' for CMake module files
[5.670s] Level 1:colcon.colcon_core.environment:checking '/home/catcyber02/Mobile-Robots-2026-1/install/xarm_controller' for CMake config files
[5.679s] Level 1:colcon.colcon_core.shell:create_environment_hook('xarm_controller', 'cmake_prefix_path')
[5.680s] INFO:colcon.colcon_core.shell:Creating environment hook '/home/catcyber02/Mobile-Robots-2026-1/install/xarm_controller/share/xarm_controller/hook/cmake_prefix_path.ps1'
[5.681s] INFO:colcon.colcon_core.shell:Creating environment descriptor '/home/catcyber02/Mobile-Robots-2026-1/install/xarm_controller/share/xarm_controller/hook/cmake_prefix_path.dsv'
[5.682s] INFO:colcon.colcon_core.shell:Creating environment hook '/home/catcyber02/Mobile-Robots-2026-1/install/xarm_controller/share/xarm_controller/hook/cmake_prefix_path.sh'
[5.687s] Level 1:colcon.colcon_core.environment:checking '/home/catcyber02/Mobile-Robots-2026-1/install/xarm_controller/lib'
[5.687s] Level 1:colcon.colcon_core.shell:create_environment_hook('xarm_controller', 'ld_library_path_lib')
[5.688s] INFO:colcon.colcon_core.shell:Creating environment hook '/home/catcyber02/Mobile-Robots-2026-1/install/xarm_controller/share/xarm_controller/hook/ld_library_path_lib.ps1'
[5.690s] DEBUG:colcon.colcon_core.event_handler.log_command:Invoked command in '/home/catcyber02/Mobile-Robots-2026-1/build/xarm_controller' returned '0': CMAKE_PREFIX_PATH=/home/catcyber02/Mobile-Robots-2026-1/install/xarm_api:/home/catcyber02/Mobile-Robots-2026-1/install/xarm_sdk:/home/catcyber02/Mobile-Robots-2026-1/install/xarm_msgs:/home/catcyber02/Mobile-Robots-2026-1/install/xarm_description:/home/catcyber02/Mobile-Robots-2026-1/install/xarm_controller:/home/catcyber02/Mobile-Robots-2026-1/install/justina_gui:/home/catcyber02/Mobile-Robots-2026-1/install/justina_description:/home/catcyber02/Mobile-Robots-2026-1/install/gazebo_envs:/home/catcyber02/Mobile-Robots-2026-1/install/config_files:/home/catcyber02/Mobile-Robots-2026-1/ros2_ws/install/xarm_controller:/home/catcyber02/Mobile-Robots-2026-1/ros2_ws/install/xarm_api:/home/catcyber02/Mobile-Robots-2026-1/ros2_ws/install/xarm_sdk:/home/catcyber02/Mobile-Robots-2026-1/ros2_ws/install/xarm_msgs:/home/catcyber02/Mobile-Robots-2026-1/ros2_ws/install/xarm_description:/home/catcyber02/Mobile-Robots-2026-1/ros2_ws/install/justina_gui:/home/catcyber02/Mobile-Robots-2026-1/ros2_ws/install/justina_description:/home/catcyber02/Mobile-Robots-2026-1/ros2_ws/install/gazebo_envs:/home/catcyber02/Mobile-Robots-2026-1/ros2_ws/install/config_files:/opt/ros/jazzy/opt/gz_sim_vendor:/opt/ros/jazzy/opt/gz_sensors_vendor:/opt/ros/jazzy/opt/gz_physics_vendor:/opt/ros/jazzy/opt/sdformat_vendor:/opt/ros/jazzy/opt/gz_gui_vendor:/opt/ros/jazzy/opt/gz_transport_vendor:/opt/ros/jazzy/opt/gz_rendering_vendor:/opt/ros/jazzy/opt/gz_plugin_vendor:/opt/ros/jazzy/opt/gz_fuel_tools_vendor:/opt/ros/jazzy/opt/gz_msgs_vendor:/opt/ros/jazzy/opt/gz_common_vendor:/opt/ros/jazzy/opt/gz_math_vendor:/opt/ros/jazzy/opt/gz_utils_vendor:/opt/ros/jazzy/opt/gz_tools_vendor:/opt/ros/jazzy/opt/gz_ogre_next_vendor:/opt/ros/jazzy/opt/gz_dartsim_vendor:/opt/ros/jazzy/opt/gz_cmake_vendor:/home/catcyber02/Mobile-Robots-2026-1/install/uf_ros_lib:/home/catcyber02/Mobile-Robots-2026-1/install/simple_move:/home/catcyber02/Mobile-Robots-2026-1/install/path_planner:/home/catcyber02/Mobile-Robots-2026-1/install/map_augmenter:/home/catcyber02/Mobile-Robots-2026-1/ros2_ws/install/uf_ros_lib:/home/catcyber02/Mobile-Robots-2026-1/ros2_ws/install/simple_move:/home/catcyber02/Mobile-Robots-2026-1/ros2_ws/install/path_planner:/home/catcyber02/Mobile-Robots-2026-1/ros2_ws/install/map_augmenter:/opt/ros/jazzy DEBUGINFOD_URLS=https://debuginfod.ubuntu.com LD_LIBRARY_PATH=/home/catcyber02/Mobile-Robots-2026-1/install/xarm_api/lib:/home/catcyber02/Mobile-Robots-2026-1/install/xarm_sdk/lib:/home/catcyber02/Mobile-Robots-2026-1/install/xarm_msgs/lib:/home/catcyber02/Mobile-Robots-2026-1/install/xarm_controller/lib:/home/catcyber02/Mobile-Robots-2026-1/ros2_ws/install/xarm_controller/lib:/home/catcyber02/Mobile-Robots-2026-1/ros2_ws/install/xarm_api/lib:/home/catcyber02/Mobile-Robots-2026-1/ros2_ws/install/xarm_sdk/lib:/home/catcyber02/Mobile-Robots-2026-1/ros2_ws/install/xarm_msgs/lib:/opt/ros/jazzy/opt/gz_sim_vendor/lib:/opt/ros/jazzy/opt/gz_sensors_vendor/lib:/opt/ros/jazzy/opt/gz_physics_vendor/lib:/opt/ros/jazzy/opt/sdformat_vendor/lib:/opt/ros/jazzy/opt/rviz_ogre_vendor/lib:/opt/ros/jazzy/lib/x86_64-linux-gnu:/opt/ros/jazzy/opt/gz_gui_vendor/lib:/opt/ros/jazzy/opt/gz_transport_vendor/lib:/opt/ros/jazzy/opt/gz_rendering_vendor/lib:/opt/ros/jazzy/opt/gz_plugin_vendor/lib:/opt/ros/jazzy/opt/gz_fuel_tools_vendor/lib:/opt/ros/jazzy/opt/gz_msgs_vendor/lib:/opt/ros/jazzy/opt/gz_common_vendor/lib:/opt/ros/jazzy/opt/gz_math_vendor/lib:/opt/ros/jazzy/opt/gz_utils_vendor/lib:/opt/ros/jazzy/opt/gz_tools_vendor/lib:/opt/ros/jazzy/opt/gz_ogre_next_vendor/lib:/opt/ros/jazzy/opt/gz_dartsim_vendor/lib:/opt/ros/jazzy/opt/gz_cmake_vendor/lib:/opt/ros/jazzy/lib /usr/bin/cmake --install /home/catcyber02/Mobile-Robots-2026-1/build/xarm_controller
[5.691s] INFO:colcon.colcon_core.shell:Creating environment descriptor '/home/catcyber02/Mobile-Robots-2026-1/install/xarm_controller/share/xarm_controller/hook/ld_library_path_lib.dsv'
[5.692s] INFO:colcon.colcon_core.shell:Creating environment hook '/home/catcyber02/Mobile-Robots-2026-1/install/xarm_controller/share/xarm_controller/hook/ld_library_path_lib.sh'
[5.694s] Level 1:colcon.colcon_core.environment:checking '/home/catcyber02/Mobile-Robots-2026-1/install/xarm_controller/bin'
[5.694s] Level 1:colcon.colcon_core.environment:checking '/home/catcyber02/Mobile-Robots-2026-1/install/xarm_controller/lib/pkgconfig/xarm_controller.pc'
[5.694s] Level 1:colcon.colcon_core.environment:checking '/home/catcyber02/Mobile-Robots-2026-1/install/xarm_controller/lib/python3.12/site-packages'
[5.695s] Level 1:colcon.colcon_core.environment:checking '/home/catcyber02/Mobile-Robots-2026-1/install/xarm_controller/bin'
[5.696s] INFO:colcon.colcon_core.shell:Creating package script '/home/catcyber02/Mobile-Robots-2026-1/install/xarm_controller/share/xarm_controller/package.ps1'
[5.698s] INFO:colcon.colcon_core.shell:Creating package descriptor '/home/catcyber02/Mobile-Robots-2026-1/install/xarm_controller/share/xarm_controller/package.dsv'
[5.700s] INFO:colcon.colcon_core.shell:Creating package script '/home/catcyber02/Mobile-Robots-2026-1/install/xarm_controller/share/xarm_controller/package.sh'
[5.701s] INFO:colcon.colcon_core.shell:Creating package script '/home/catcyber02/Mobile-Robots-2026-1/install/xarm_controller/share/xarm_controller/package.bash'
[5.702s] INFO:colcon.colcon_core.shell:Creating package script '/home/catcyber02/Mobile-Robots-2026-1/install/xarm_controller/share/xarm_controller/package.zsh'
[5.704s] Level 1:colcon.colcon_core.environment:create_file_with_runtime_dependencies(/home/catcyber02/Mobile-Robots-2026-1/install/xarm_controller/share/colcon-core/packages/xarm_controller)
[5.705s] Level 1:colcon.colcon_core.environment:create_environment_scripts_only(xarm_controller)
[5.706s] Level 1:colcon.colcon_core.environment:checking '/home/catcyber02/Mobile-Robots-2026-1/install/xarm_controller' for CMake module files
[5.707s] Level 1:colcon.colcon_core.environment:checking '/home/catcyber02/Mobile-Robots-2026-1/install/xarm_controller' for CMake config files
[5.708s] Level 1:colcon.colcon_core.shell:create_environment_hook('xarm_controller', 'cmake_prefix_path')
[5.708s] INFO:colcon.colcon_core.shell:Creating environment hook '/home/catcyber02/Mobile-Robots-2026-1/install/xarm_controller/share/xarm_controller/hook/cmake_prefix_path.ps1'
[5.710s] INFO:colcon.colcon_core.shell:Creating environment descriptor '/home/catcyber02/Mobile-Robots-2026-1/install/xarm_controller/share/xarm_controller/hook/cmake_prefix_path.dsv'
[5.711s] INFO:colcon.colcon_core.shell:Creating environment hook '/home/catcyber02/Mobile-Robots-2026-1/install/xarm_controller/share/xarm_controller/hook/cmake_prefix_path.sh'
[5.715s] Level 1:colcon.colcon_core.environment:checking '/home/catcyber02/Mobile-Robots-2026-1/install/xarm_controller/lib'
[5.715s] Level 1:colcon.colcon_core.shell:create_environment_hook('xarm_controller', 'ld_library_path_lib')
[5.716s] INFO:colcon.colcon_core.shell:Creating environment hook '/home/catcyber02/Mobile-Robots-2026-1/install/xarm_controller/share/xarm_controller/hook/ld_library_path_lib.ps1'
[5.721s] INFO:colcon.colcon_core.shell:Creating environment descriptor '/home/catcyber02/Mobile-Robots-2026-1/install/xarm_controller/share/xarm_controller/hook/ld_library_path_lib.dsv'
[5.723s] INFO:colcon.colcon_core.shell:Creating environment hook '/home/catcyber02/Mobile-Robots-2026-1/install/xarm_controller/share/xarm_controller/hook/ld_library_path_lib.sh'
[5.726s] Level 1:colcon.colcon_core.environment:checking '/home/catcyber02/Mobile-Robots-2026-1/install/xarm_controller/bin'
[5.726s] Level 1:colcon.colcon_core.environment:checking '/home/catcyber02/Mobile-Robots-2026-1/install/xarm_controller/lib/pkgconfig/xarm_controller.pc'
[5.728s] Level 1:colcon.colcon_core.environment:checking '/home/catcyber02/Mobile-Robots-2026-1/install/xarm_controller/lib/python3.12/site-packages'
[5.729s] Level 1:colcon.colcon_core.environment:checking '/home/catcyber02/Mobile-Robots-2026-1/install/xarm_controller/bin'
[5.730s] INFO:colcon.colcon_core.shell:Creating package script '/home/catcyber02/Mobile-Robots-2026-1/install/xarm_controller/share/xarm_controller/package.ps1'
[5.734s] INFO:colcon.colcon_core.shell:Creating package descriptor '/home/catcyber02/Mobile-Robots-2026-1/install/xarm_controller/share/xarm_controller/package.dsv'
[5.736s] INFO:colcon.colcon_core.shell:Creating package script '/home/catcyber02/Mobile-Robots-2026-1/install/xarm_controller/share/xarm_controller/package.sh'
[5.738s] INFO:colcon.colcon_core.shell:Creating package script '/home/catcyber02/Mobile-Robots-2026-1/install/xarm_controller/share/xarm_controller/package.bash'
[5.739s] INFO:colcon.colcon_core.shell:Creating package script '/home/catcyber02/Mobile-Robots-2026-1/install/xarm_controller/share/xarm_controller/package.zsh'
[5.741s] Level 1:colcon.colcon_core.environment:create_file_with_runtime_dependencies(/home/catcyber02/Mobile-Robots-2026-1/install/xarm_controller/share/colcon-core/packages/xarm_controller)
[6.508s] DEBUG:colcon.colcon_core.event_handler.log_command:Invoking command in '/home/catcyber02/Mobile-Robots-2026-1/ros2_ws/src/navigation/path_planner': DEBUGINFOD_URLS=https://debuginfod.ubuntu.com PYTHONPATH=/home/catcyber02/Mobile-Robots-2026-1/build/path_planner/prefix_override:/usr/lib/python3/dist-packages/colcon_core/task/python/colcon_distutils_commands:/home/catcyber02/Mobile-Robots-2026-1/install/path_planner/lib/python3.12/site-packages:${PYTHONPATH} /usr/bin/python3 -W ignore:setup.py install is deprecated -W ignore:easy_install command is deprecated setup.py egg_info --egg-base ../../../../build/path_planner build --build-base /home/catcyber02/Mobile-Robots-2026-1/build/path_planner/build install --record /home/catcyber02/Mobile-Robots-2026-1/build/path_planner/install.log --single-version-externally-managed install_data
[6.524s] Level 1:colcon.colcon_core.environment:checking '/home/catcyber02/Mobile-Robots-2026-1/install/map_augmenter' for CMake module files
[6.526s] DEBUG:colcon.colcon_core.event_handler.log_command:Invoked command in '/home/catcyber02/Mobile-Robots-2026-1/ros2_ws/src/navigation/map_augmenter' returned '0': DEBUGINFOD_URLS=https://debuginfod.ubuntu.com PYTHONPATH=/home/catcyber02/Mobile-Robots-2026-1/build/map_augmenter/prefix_override:/usr/lib/python3/dist-packages/colcon_core/task/python/colcon_distutils_commands:/home/catcyber02/Mobile-Robots-2026-1/install/map_augmenter/lib/python3.12/site-packages:${PYTHONPATH} /usr/bin/python3 -W ignore:setup.py install is deprecated -W ignore:easy_install command is deprecated setup.py egg_info --egg-base ../../../../build/map_augmenter build --build-base /home/catcyber02/Mobile-Robots-2026-1/build/map_augmenter/build install --record /home/catcyber02/Mobile-Robots-2026-1/build/map_augmenter/install.log --single-version-externally-managed install_data
[6.527s] Level 1:colcon.colcon_core.environment:checking '/home/catcyber02/Mobile-Robots-2026-1/install/map_augmenter' for CMake config files
[6.528s] Level 1:colcon.colcon_core.environment:checking '/home/catcyber02/Mobile-Robots-2026-1/install/map_augmenter/lib'
[6.529s] Level 1:colcon.colcon_core.environment:checking '/home/catcyber02/Mobile-Robots-2026-1/install/map_augmenter/bin'
[6.529s] Level 1:colcon.colcon_core.environment:checking '/home/catcyber02/Mobile-Robots-2026-1/install/map_augmenter/lib/pkgconfig/map_augmenter.pc'
[6.529s] Level 1:colcon.colcon_core.environment:checking '/home/catcyber02/Mobile-Robots-2026-1/install/map_augmenter/lib/python3.12/site-packages'
[6.530s] Level 1:colcon.colcon_core.shell:create_environment_hook('map_augmenter', 'pythonpath')
[6.530s] INFO:colcon.colcon_core.shell:Creating environment hook '/home/catcyber02/Mobile-Robots-2026-1/install/map_augmenter/share/map_augmenter/hook/pythonpath.ps1'
[6.532s] INFO:colcon.colcon_core.shell:Creating environment descriptor '/home/catcyber02/Mobile-Robots-2026-1/install/map_augmenter/share/map_augmenter/hook/pythonpath.dsv'
[6.533s] INFO:colcon.colcon_core.shell:Creating environment hook '/home/catcyber02/Mobile-Robots-2026-1/install/map_augmenter/share/map_augmenter/hook/pythonpath.sh'
[6.535s] Level 1:colcon.colcon_core.environment:checking '/home/catcyber02/Mobile-Robots-2026-1/install/map_augmenter/bin'
[6.536s] Level 1:colcon.colcon_core.environment:create_environment_scripts_only(map_augmenter)
[6.536s] INFO:colcon.colcon_core.shell:Creating package script '/home/catcyber02/Mobile-Robots-2026-1/install/map_augmenter/share/map_augmenter/package.ps1'
[6.538s] INFO:colcon.colcon_core.shell:Creating package descriptor '/home/catcyber02/Mobile-Robots-2026-1/install/map_augmenter/share/map_augmenter/package.dsv'
[6.540s] INFO:colcon.colcon_core.shell:Creating package script '/home/catcyber02/Mobile-Robots-2026-1/install/map_augmenter/share/map_augmenter/package.sh'
[6.541s] INFO:colcon.colcon_core.shell:Creating package script '/home/catcyber02/Mobile-Robots-2026-1/install/map_augmenter/share/map_augmenter/package.bash'
[6.542s] INFO:colcon.colcon_core.shell:Creating package script '/home/catcyber02/Mobile-Robots-2026-1/install/map_augmenter/share/map_augmenter/package.zsh'
[6.544s] Level 1:colcon.colcon_core.environment:create_file_with_runtime_dependencies(/home/catcyber02/Mobile-Robots-2026-1/install/map_augmenter/share/colcon-core/packages/map_augmenter)
[6.612s] DEBUG:colcon.colcon_core.event_handler.log_command:Invoking command in '/home/catcyber02/Mobile-Robots-2026-1/ros2_ws/src/hardware/xarm_ros2/uf_ros_lib': DEBUGINFOD_URLS=https://debuginfod.ubuntu.com PYTHONPATH=/home/catcyber02/Mobile-Robots-2026-1/build/uf_ros_lib/prefix_override:/usr/lib/python3/dist-packages/colcon_core/task/python/colcon_distutils_commands:/home/catcyber02/Mobile-Robots-2026-1/install/uf_ros_lib/lib/python3.12/site-packages:${PYTHONPATH} /usr/bin/python3 -W ignore:setup.py install is deprecated -W ignore:easy_install command is deprecated setup.py egg_info --egg-base ../../../../../build/uf_ros_lib build --build-base /home/catcyber02/Mobile-Robots-2026-1/build/uf_ros_lib/build install --record /home/catcyber02/Mobile-Robots-2026-1/build/uf_ros_lib/install.log --single-version-externally-managed install_data
[6.714s] DEBUG:colcon.colcon_core.event_handler.log_command:Invoking command in '/home/catcyber02/Mobile-Robots-2026-1/ros2_ws/src/navigation/simple_move': DEBUGINFOD_URLS=https://debuginfod.ubuntu.com PYTHONPATH=/home/catcyber02/Mobile-Robots-2026-1/build/simple_move/prefix_override:/usr/lib/python3/dist-packages/colcon_core/task/python/colcon_distutils_commands:/home/catcyber02/Mobile-Robots-2026-1/install/simple_move/lib/python3.12/site-packages:${PYTHONPATH} /usr/bin/python3 -W ignore:setup.py install is deprecated -W ignore:easy_install command is deprecated setup.py egg_info --egg-base ../../../../build/simple_move build --build-base /home/catcyber02/Mobile-Robots-2026-1/build/simple_move/build install --record /home/catcyber02/Mobile-Robots-2026-1/build/simple_move/install.log --single-version-externally-managed install_data
[8.225s] Level 1:colcon.colcon_core.environment:checking '/home/catcyber02/Mobile-Robots-2026-1/install/simple_move' for CMake module files
[8.226s] DEBUG:colcon.colcon_core.event_handler.log_command:Invoked command in '/home/catcyber02/Mobile-Robots-2026-1/ros2_ws/src/navigation/simple_move' returned '0': DEBUGINFOD_URLS=https://debuginfod.ubuntu.com PYTHONPATH=/home/catcyber02/Mobile-Robots-2026-1/build/simple_move/prefix_override:/usr/lib/python3/dist-packages/colcon_core/task/python/colcon_distutils_commands:/home/catcyber02/Mobile-Robots-2026-1/install/simple_move/lib/python3.12/site-packages:${PYTHONPATH} /usr/bin/python3 -W ignore:setup.py install is deprecated -W ignore:easy_install command is deprecated setup.py egg_info --egg-base ../../../../build/simple_move build --build-base /home/catcyber02/Mobile-Robots-2026-1/build/simple_move/build install --record /home/catcyber02/Mobile-Robots-2026-1/build/simple_move/install.log --single-version-externally-managed install_data
[8.227s] Level 1:colcon.colcon_core.environment:checking '/home/catcyber02/Mobile-Robots-2026-1/install/simple_move' for CMake config files
[8.228s] Level 1:colcon.colcon_core.environment:checking '/home/catcyber02/Mobile-Robots-2026-1/install/simple_move/lib'
[8.229s] Level 1:colcon.colcon_core.environment:checking '/home/catcyber02/Mobile-Robots-2026-1/install/simple_move/bin'
[8.229s] Level 1:colcon.colcon_core.environment:checking '/home/catcyber02/Mobile-Robots-2026-1/install/simple_move/lib/pkgconfig/simple_move.pc'
[8.229s] Level 1:colcon.colcon_core.environment:checking '/home/catcyber02/Mobile-Robots-2026-1/install/simple_move/lib/python3.12/site-packages'
[8.229s] Level 1:colcon.colcon_core.shell:create_environment_hook('simple_move', 'pythonpath')
[8.230s] INFO:colcon.colcon_core.shell:Creating environment hook '/home/catcyber02/Mobile-Robots-2026-1/install/simple_move/share/simple_move/hook/pythonpath.ps1'
[8.231s] INFO:colcon.colcon_core.shell:Creating environment descriptor '/home/catcyber02/Mobile-Robots-2026-1/install/simple_move/share/simple_move/hook/pythonpath.dsv'
[8.232s] INFO:colcon.colcon_core.shell:Creating environment hook '/home/catcyber02/Mobile-Robots-2026-1/install/simple_move/share/simple_move/hook/pythonpath.sh'
[8.234s] Level 1:colcon.colcon_core.environment:checking '/home/catcyber02/Mobile-Robots-2026-1/install/simple_move/bin'
[8.234s] Level 1:colcon.colcon_core.environment:create_environment_scripts_only(simple_move)
[8.235s] INFO:colcon.colcon_core.shell:Creating package script '/home/catcyber02/Mobile-Robots-2026-1/install/simple_move/share/simple_move/package.ps1'
[8.236s] INFO:colcon.colcon_core.shell:Creating package descriptor '/home/catcyber02/Mobile-Robots-2026-1/install/simple_move/share/simple_move/package.dsv'
[8.238s] INFO:colcon.colcon_core.shell:Creating package script '/home/catcyber02/Mobile-Robots-2026-1/install/simple_move/share/simple_move/package.sh'
[8.240s] INFO:colcon.colcon_core.shell:Creating package script '/home/catcyber02/Mobile-Robots-2026-1/install/simple_move/share/simple_move/package.bash'
[8.241s] INFO:colcon.colcon_core.shell:Creating package script '/home/catcyber02/Mobile-Robots-2026-1/install/simple_move/share/simple_move/package.zsh'
[8.243s] Level 1:colcon.colcon_core.environment:create_file_with_runtime_dependencies(/home/catcyber02/Mobile-Robots-2026-1/install/simple_move/share/colcon-core/packages/simple_move)
[8.252s] Level 1:colcon.colcon_core.environment:checking '/home/catcyber02/Mobile-Robots-2026-1/install/path_planner' for CMake module files
[8.254s] DEBUG:colcon.colcon_core.event_handler.log_command:Invoked command in '/home/catcyber02/Mobile-Robots-2026-1/ros2_ws/src/navigation/path_planner' returned '0': DEBUGINFOD_URLS=https://debuginfod.ubuntu.com PYTHONPATH=/home/catcyber02/Mobile-Robots-2026-1/build/path_planner/prefix_override:/usr/lib/python3/dist-packages/colcon_core/task/python/colcon_distutils_commands:/home/catcyber02/Mobile-Robots-2026-1/install/path_planner/lib/python3.12/site-packages:${PYTHONPATH} /usr/bin/python3 -W ignore:setup.py install is deprecated -W ignore:easy_install command is deprecated setup.py egg_info --egg-base ../../../../build/path_planner build --build-base /home/catcyber02/Mobile-Robots-2026-1/build/path_planner/build install --record /home/catcyber02/Mobile-Robots-2026-1/build/path_planner/install.log --single-version-externally-managed install_data
[8.255s] Level 1:colcon.colcon_core.environment:checking '/home/catcyber02/Mobile-Robots-2026-1/install/path_planner' for CMake config files
[8.257s] Level 1:colcon.colcon_core.environment:checking '/home/catcyber02/Mobile-Robots-2026-1/install/path_planner/lib'
[8.257s] Level 1:colcon.colcon_core.environment:checking '/home/catcyber02/Mobile-Robots-2026-1/install/path_planner/bin'
[8.257s] Level 1:colcon.colcon_core.environment:checking '/home/catcyber02/Mobile-Robots-2026-1/install/path_planner/lib/pkgconfig/path_planner.pc'
[8.257s] Level 1:colcon.colcon_core.environment:checking '/home/catcyber02/Mobile-Robots-2026-1/install/path_planner/lib/python3.12/site-packages'
[8.258s] Level 1:colcon.colcon_core.shell:create_environment_hook('path_planner', 'pythonpath')
[8.258s] INFO:colcon.colcon_core.shell:Creating environment hook '/home/catcyber02/Mobile-Robots-2026-1/install/path_planner/share/path_planner/hook/pythonpath.ps1'
[8.260s] INFO:colcon.colcon_core.shell:Creating environment descriptor '/home/catcyber02/Mobile-Robots-2026-1/install/path_planner/share/path_planner/hook/pythonpath.dsv'
[8.261s] INFO:colcon.colcon_core.shell:Creating environment hook '/home/catcyber02/Mobile-Robots-2026-1/install/path_planner/share/path_planner/hook/pythonpath.sh'
[8.262s] Level 1:colcon.colcon_core.environment:checking '/home/catcyber02/Mobile-Robots-2026-1/install/path_planner/bin'
[8.262s] Level 1:colcon.colcon_core.environment:create_environment_scripts_only(path_planner)
[8.263s] INFO:colcon.colcon_core.shell:Creating package script '/home/catcyber02/Mobile-Robots-2026-1/install/path_planner/share/path_planner/package.ps1'
[8.264s] INFO:colcon.colcon_core.shell:Creating package descriptor '/home/catcyber02/Mobile-Robots-2026-1/install/path_planner/share/path_planner/package.dsv'
[8.266s] INFO:colcon.colcon_core.shell:Creating package script '/home/catcyber02/Mobile-Robots-2026-1/install/path_planner/share/path_planner/package.sh'
[8.267s] INFO:colcon.colcon_core.shell:Creating package script '/home/catcyber02/Mobile-Robots-2026-1/install/path_planner/share/path_planner/package.bash'
[8.268s] INFO:colcon.colcon_core.shell:Creating package script '/home/catcyber02/Mobile-Robots-2026-1/install/path_planner/share/path_planner/package.zsh'
[8.269s] Level 1:colcon.colcon_core.environment:create_file_with_runtime_dependencies(/home/catcyber02/Mobile-Robots-2026-1/install/path_planner/share/colcon-core/packages/path_planner)
[8.297s] Level 1:colcon.colcon_core.environment:checking '/home/catcyber02/Mobile-Robots-2026-1/install/uf_ros_lib' for CMake module files
[8.297s] DEBUG:colcon.colcon_core.event_handler.log_command:Invoked command in '/home/catcyber02/Mobile-Robots-2026-1/ros2_ws/src/hardware/xarm_ros2/uf_ros_lib' returned '0': DEBUGINFOD_URLS=https://debuginfod.ubuntu.com PYTHONPATH=/home/catcyber02/Mobile-Robots-2026-1/build/uf_ros_lib/prefix_override:/usr/lib/python3/dist-packages/colcon_core/task/python/colcon_distutils_commands:/home/catcyber02/Mobile-Robots-2026-1/install/uf_ros_lib/lib/python3.12/site-packages:${PYTHONPATH} /usr/bin/python3 -W ignore:setup.py install is deprecated -W ignore:easy_install command is deprecated setup.py egg_info --egg-base ../../../../../build/uf_ros_lib build --build-base /home/catcyber02/Mobile-Robots-2026-1/build/uf_ros_lib/build install --record /home/catcyber02/Mobile-Robots-2026-1/build/uf_ros_lib/install.log --single-version-externally-managed install_data
[8.299s] Level 1:colcon.colcon_core.environment:checking '/home/catcyber02/Mobile-Robots-2026-1/install/uf_ros_lib' for CMake config files
[8.300s] Level 1:colcon.colcon_core.environment:checking '/home/catcyber02/Mobile-Robots-2026-1/install/uf_ros_lib/lib'
[8.300s] Level 1:colcon.colcon_core.environment:checking '/home/catcyber02/Mobile-Robots-2026-1/install/uf_ros_lib/bin'
[8.300s] Level 1:colcon.colcon_core.environment:checking '/home/catcyber02/Mobile-Robots-2026-1/install/uf_ros_lib/lib/pkgconfig/uf_ros_lib.pc'
[8.301s] Level 1:colcon.colcon_core.environment:checking '/home/catcyber02/Mobile-Robots-2026-1/install/uf_ros_lib/lib/python3.12/site-packages'
[8.301s] Level 1:colcon.colcon_core.shell:create_environment_hook('uf_ros_lib', 'pythonpath')
[8.301s] INFO:colcon.colcon_core.shell:Creating environment hook '/home/catcyber02/Mobile-Robots-2026-1/install/uf_ros_lib/share/uf_ros_lib/hook/pythonpath.ps1'
[8.302s] INFO:colcon.colcon_core.shell:Creating environment descriptor '/home/catcyber02/Mobile-Robots-2026-1/install/uf_ros_lib/share/uf_ros_lib/hook/pythonpath.dsv'
[8.303s] INFO:colcon.colcon_core.shell:Creating environment hook '/home/catcyber02/Mobile-Robots-2026-1/install/uf_ros_lib/share/uf_ros_lib/hook/pythonpath.sh'
[8.304s] Level 1:colcon.colcon_core.environment:checking '/home/catcyber02/Mobile-Robots-2026-1/install/uf_ros_lib/bin'
[8.304s] Level 1:colcon.colcon_core.environment:create_environment_scripts_only(uf_ros_lib)
[8.305s] INFO:colcon.colcon_core.shell:Creating package script '/home/catcyber02/Mobile-Robots-2026-1/install/uf_ros_lib/share/uf_ros_lib/package.ps1'
[8.306s] INFO:colcon.colcon_core.shell:Creating package descriptor '/home/catcyber02/Mobile-Robots-2026-1/install/uf_ros_lib/share/uf_ros_lib/package.dsv'
[8.307s] INFO:colcon.colcon_core.shell:Creating package script '/home/catcyber02/Mobile-Robots-2026-1/install/uf_ros_lib/share/uf_ros_lib/package.sh'
[8.309s] INFO:colcon.colcon_core.shell:Creating package script '/home/catcyber02/Mobile-Robots-2026-1/install/uf_ros_lib/share/uf_ros_lib/package.bash'
[8.309s] INFO:colcon.colcon_core.shell:Creating package script '/home/catcyber02/Mobile-Robots-2026-1/install/uf_ros_lib/share/uf_ros_lib/package.zsh'
[8.310s] Level 1:colcon.colcon_core.environment:create_file_with_runtime_dependencies(/home/catcyber02/Mobile-Robots-2026-1/install/uf_ros_lib/share/colcon-core/packages/uf_ros_lib)
[8.312s] DEBUG:colcon.colcon_parallel_executor.executor.parallel:closing loop
[8.313s] DEBUG:colcon.colcon_parallel_executor.executor.parallel:loop closed
[8.313s] DEBUG:colcon.colcon_parallel_executor.executor.parallel:run_until_complete finished with '0'
[8.313s] DEBUG:colcon.colcon_core.event_reactor:joining thread
[8.330s] INFO:colcon.colcon_core.plugin_system:Skipping extension 'colcon_notification.desktop_notification.terminal_notifier': Not used on non-Darwin systems
[8.330s] INFO:colcon.colcon_core.plugin_system:Skipping extension 'colcon_notification.desktop_notification.win32': Not used on non-Windows systems
[8.330s] INFO:colcon.colcon_notification.desktop_notification:Sending desktop notification using 'notify2'
[8.362s] DEBUG:colcon.colcon_core.event_reactor:joined thread
[8.363s] INFO:colcon.colcon_core.shell:Creating prefix script '/home/catcyber02/Mobile-Robots-2026-1/install/local_setup.ps1'
[8.366s] INFO:colcon.colcon_core.shell:Creating prefix util module '/home/catcyber02/Mobile-Robots-2026-1/install/_local_setup_util_ps1.py'
[8.371s] INFO:colcon.colcon_core.shell:Creating prefix chain script '/home/catcyber02/Mobile-Robots-2026-1/install/setup.ps1'
[8.377s] INFO:colcon.colcon_core.shell:Creating prefix script '/home/catcyber02/Mobile-Robots-2026-1/install/local_setup.sh'
[8.378s] INFO:colcon.colcon_core.shell:Creating prefix util module '/home/catcyber02/Mobile-Robots-2026-1/install/_local_setup_util_sh.py'
[8.380s] INFO:colcon.colcon_core.shell:Creating prefix chain script '/home/catcyber02/Mobile-Robots-2026-1/install/setup.sh'
[8.384s] INFO:colcon.colcon_core.shell:Creating prefix script '/home/catcyber02/Mobile-Robots-2026-1/install/local_setup.bash'
[8.385s] INFO:colcon.colcon_core.shell:Creating prefix chain script '/home/catcyber02/Mobile-Robots-2026-1/install/setup.bash'
[8.390s] INFO:colcon.colcon_core.shell:Creating prefix script '/home/catcyber02/Mobile-Robots-2026-1/install/local_setup.zsh'
[8.391s] INFO:colcon.colcon_core.shell:Creating prefix chain script '/home/catcyber02/Mobile-Robots-2026-1/install/setup.zsh'
