[0.057s] Invoking command in '/home/catcyber02/Mobile-Robots-2026-1/build/gazebo_envs': CMAKE_PREFIX_PATH=${CMAKE_PREFIX_PATH}:/home/catcyber02/Mobile-Robots-2026-1/ros2_ws/install/uf_ros_lib:/home/catcyber02/Mobile-Robots-2026-1/ros2_ws/install/simple_move:/home/catcyber02/Mobile-Robots-2026-1/ros2_ws/install/path_planner:/home/catcyber02/Mobile-Robots-2026-1/ros2_ws/install/map_augmenter:/opt/ros/jazzy DEBUGINFOD_URLS=https://debuginfod.ubuntu.com /usr/bin/cmake --build /home/catcyber02/Mobile-Robots-2026-1/build/gazebo_envs -- -j8 -l8
[0.569s] Invoked command in '/home/catcyber02/Mobile-Robots-2026-1/build/gazebo_envs' returned '0': CMAKE_PREFIX_PATH=${CMAKE_PREFIX_PATH}:/home/catcyber02/Mobile-Robots-2026-1/ros2_ws/install/uf_ros_lib:/home/catcyber02/Mobile-Robots-2026-1/ros2_ws/install/simple_move:/home/catcyber02/Mobile-Robots-2026-1/ros2_ws/install/path_planner:/home/catcyber02/Mobile-Robots-2026-1/ros2_ws/install/map_augmenter:/opt/ros/jazzy DEBUGINFOD_URLS=https://debuginfod.ubuntu.com /usr/bin/cmake --build /home/catcyber02/Mobile-Robots-2026-1/build/gazebo_envs -- -j8 -l8
[0.570s] Invoking command in '/home/catcyber02/Mobile-Robots-2026-1/build/gazebo_envs': CMAKE_PREFIX_PATH=${CMAKE_PREFIX_PATH}:/home/catcyber02/Mobile-Robots-2026-1/ros2_ws/install/uf_ros_lib:/home/catcyber02/Mobile-Robots-2026-1/ros2_ws/install/simple_move:/home/catcyber02/Mobile-Robots-2026-1/ros2_ws/install/path_planner:/home/catcyber02/Mobile-Robots-2026-1/ros2_ws/install/map_augmenter:/opt/ros/jazzy DEBUGINFOD_URLS=https://debuginfod.ubuntu.com /usr/bin/cmake --install /home/catcyber02/Mobile-Robots-2026-1/build/gazebo_envs
[0.756s] -- Install configuration: ""
[0.757s] -- Up-to-date: /home/catcyber02/Mobile-Robots-2026-1/install/gazebo_envs/share/gazebo_envs/launch
[0.757s] -- Up-to-date: /home/catcyber02/Mobile-Robots-2026-1/install/gazebo_envs/share/gazebo_envs/launch/house_simul.launch.py
[0.757s] -- Up-to-date: /home/catcyber02/Mobile-Robots-2026-1/install/gazebo_envs/share/gazebo_envs/models
[0.758s] -- Up-to-date: /home/catcyber02/Mobile-Robots-2026-1/install/gazebo_envs/share/gazebo_envs/models/aws_robomaker_residential_KitchenUtensils_01
[0.758s] -- Up-to-date: /home/catcyber02/Mobile-Robots-2026-1/install/gazebo_envs/share/gazebo_envs/models/aws_robomaker_residential_KitchenUtensils_01/model.config
[0.759s] -- Up-to-date: /home/catcyber02/Mobile-Robots-2026-1/install/gazebo_envs/share/gazebo_envs/models/aws_robomaker_residential_KitchenUtensils_01/materials
[0.759s] -- Up-to-date: /home/catcyber02/Mobile-Robots-2026-1/install/gazebo_envs/share/gazebo_envs/models/aws_robomaker_residential_KitchenUtensils_01/materials/textures
[0.759s] -- Up-to-date: /home/catcyber02/Mobile-Robots-2026-1/install/gazebo_envs/share/gazebo_envs/models/aws_robomaker_residential_KitchenUtensils_01/materials/textures/aws_KitchenUtensils_01.png
[0.760s] -- Up-to-date: /home/catcyber02/Mobile-Robots-2026-1/install/gazebo_envs/share/gazebo_envs/models/aws_robomaker_residential_KitchenUtensils_01/model.sdf
[0.760s] -- Up-to-date: /home/catcyber02/Mobile-Robots-2026-1/install/gazebo_envs/share/gazebo_envs/models/aws_robomaker_residential_KitchenUtensils_01/meshes
[0.760s] -- Up-to-date: /home/catcyber02/Mobile-Robots-2026-1/install/gazebo_envs/share/gazebo_envs/models/aws_robomaker_residential_KitchenUtensils_01/meshes/aws_KitchenUtensils_01_visual.DAE
[0.761s] -- Up-to-date: /home/catcyber02/Mobile-Robots-2026-1/install/gazebo_envs/share/gazebo_envs/models/aws_robomaker_residential_KitchenUtensils_01/meshes/aws_KitchenUtensils_01_collision.DAE
[0.761s] -- Up-to-date: /home/catcyber02/Mobile-Robots-2026-1/install/gazebo_envs/share/gazebo_envs/models/aws_robomaker_residential_Vase_01
[0.761s] -- Up-to-date: /home/catcyber02/Mobile-Robots-2026-1/install/gazebo_envs/share/gazebo_envs/models/aws_robomaker_residential_Vase_01/model.config
[0.761s] -- Up-to-date: /home/catcyber02/Mobile-Robots-2026-1/install/gazebo_envs/share/gazebo_envs/models/aws_robomaker_residential_Vase_01/materials
[0.762s] -- Up-to-date: /home/catcyber02/Mobile-Robots-2026-1/install/gazebo_envs/share/gazebo_envs/models/aws_robomaker_residential_Vase_01/materials/textures
[0.762s] -- Up-to-date: /home/catcyber02/Mobile-Robots-2026-1/install/gazebo_envs/share/gazebo_envs/models/aws_robomaker_residential_Vase_01/materials/textures/aws_Vase_01.png
[0.763s] -- Up-to-date: /home/catcyber02/Mobile-Robots-2026-1/install/gazebo_envs/share/gazebo_envs/models/aws_robomaker_residential_Vase_01/model.sdf
[0.763s] -- Up-to-date: /home/catcyber02/Mobile-Robots-2026-1/install/gazebo_envs/share/gazebo_envs/models/aws_robomaker_residential_Vase_01/meshes
[0.763s] -- Up-to-date: /home/catcyber02/Mobile-Robots-2026-1/install/gazebo_envs/share/gazebo_envs/models/aws_robomaker_residential_Vase_01/meshes/aws_Vase_01_collision.DAE
[0.764s] -- Up-to-date: /home/catcyber02/Mobile-Robots-2026-1/install/gazebo_envs/share/gazebo_envs/models/aws_robomaker_residential_Vase_01/meshes/aws_Vase_01_visual.DAE
[0.765s] -- Up-to-date: /home/catcyber02/Mobile-Robots-2026-1/install/gazebo_envs/share/gazebo_envs/models/aws_robomaker_residential_RoomWall_01
[0.765s] -- Up-to-date: /home/catcyber02/Mobile-Robots-2026-1/install/gazebo_envs/share/gazebo_envs/models/aws_robomaker_residential_RoomWall_01/model.config
[0.767s] -- Up-to-date: /home/catcyber02/Mobile-Robots-2026-1/install/gazebo_envs/share/gazebo_envs/models/aws_robomaker_residential_RoomWall_01/materials
[0.767s] -- Up-to-date: /home/catcyber02/Mobile-Robots-2026-1/install/gazebo_envs/share/gazebo_envs/models/aws_robomaker_residential_RoomWall_01/materials/textures
[0.768s] -- Up-to-date: /home/catcyber02/Mobile-Robots-2026-1/install/gazebo_envs/share/gazebo_envs/models/aws_robomaker_residential_RoomWall_01/materials/textures/aws_RoomWall_01.png
[0.768s] -- Up-to-date: /home/catcyber02/Mobile-Robots-2026-1/install/gazebo_envs/share/gazebo_envs/models/aws_robomaker_residential_RoomWall_01/model.sdf
[0.768s] -- Up-to-date: /home/catcyber02/Mobile-Robots-2026-1/install/gazebo_envs/share/gazebo_envs/models/aws_robomaker_residential_RoomWall_01/meshes
[0.768s] -- Up-to-date: /home/catcyber02/Mobile-Robots-2026-1/install/gazebo_envs/share/gazebo_envs/models/aws_robomaker_residential_RoomWall_01/meshes/aws_RoomWall_01_visual.DAE
[0.769s] -- Up-to-date: /home/catcyber02/Mobile-Robots-2026-1/install/gazebo_envs/share/gazebo_envs/models/aws_robomaker_residential_RoomWall_01/meshes/aws_RoomWall_01_collision.DAE
[0.769s] -- Up-to-date: /home/catcyber02/Mobile-Robots-2026-1/install/gazebo_envs/share/gazebo_envs/models/aws_robomaker_residential_Ball_01
[0.777s] -- Up-to-date: /home/catcyber02/Mobile-Robots-2026-1/install/gazebo_envs/share/gazebo_envs/models/aws_robomaker_residential_Ball_01/model.config
[0.777s] -- Up-to-date: /home/catcyber02/Mobile-Robots-2026-1/install/gazebo_envs/share/gazebo_envs/models/aws_robomaker_residential_Ball_01/materials
[0.778s] -- Up-to-date: /home/catcyber02/Mobile-Robots-2026-1/install/gazebo_envs/share/gazebo_envs/models/aws_robomaker_residential_Ball_01/materials/textures
[0.778s] -- Up-to-date: /home/catcyber02/Mobile-Robots-2026-1/install/gazebo_envs/share/gazebo_envs/models/aws_robomaker_residential_Ball_01/materials/textures/aws_Ball_01.png
[0.778s] -- Up-to-date: /home/catcyber02/Mobile-Robots-2026-1/install/gazebo_envs/share/gazebo_envs/models/aws_robomaker_residential_Ball_01/model.sdf
[0.778s] -- Up-to-date: /home/catcyber02/Mobile-Robots-2026-1/install/gazebo_envs/share/gazebo_envs/models/aws_robomaker_residential_Ball_01/meshes
[0.778s] -- Up-to-date: /home/catcyber02/Mobile-Robots-2026-1/install/gazebo_envs/share/gazebo_envs/models/aws_robomaker_residential_Ball_01/meshes/aws_Ball_01_visual.DAE
[0.779s] -- Up-to-date: /home/catcyber02/Mobile-Robots-2026-1/install/gazebo_envs/share/gazebo_envs/models/aws_robomaker_residential_Ball_01/meshes/aws_Ball_01_collision.DAE
[0.779s] -- Up-to-date: /home/catcyber02/Mobile-Robots-2026-1/install/gazebo_envs/share/gazebo_envs/models/aws_robomaker_residential_FoldingDoor_01
[0.779s] -- Up-to-date: /home/catcyber02/Mobile-Robots-2026-1/install/gazebo_envs/share/gazebo_envs/models/aws_robomaker_residential_FoldingDoor_01/model.config
[0.779s] -- Up-to-date: /home/catcyber02/Mobile-Robots-2026-1/install/gazebo_envs/share/gazebo_envs/models/aws_robomaker_residential_FoldingDoor_01/materials
[0.779s] -- Up-to-date: /home/catcyber02/Mobile-Robots-2026-1/install/gazebo_envs/share/gazebo_envs/models/aws_robomaker_residential_FoldingDoor_01/materials/textures
[0.780s] -- Up-to-date: /home/catcyber02/Mobile-Robots-2026-1/install/gazebo_envs/share/gazebo_envs/models/aws_robomaker_residential_FoldingDoor_01/materials/textures/aws_FoldingDoor_01.png
[0.781s] -- Up-to-date: /home/catcyber02/Mobile-Robots-2026-1/install/gazebo_envs/share/gazebo_envs/models/aws_robomaker_residential_FoldingDoor_01/model.sdf
[0.781s] -- Up-to-date: /home/catcyber02/Mobile-Robots-2026-1/install/gazebo_envs/share/gazebo_envs/models/aws_robomaker_residential_FoldingDoor_01/meshes
[0.781s] -- Up-to-date: /home/catcyber02/Mobile-Robots-2026-1/install/gazebo_envs/share/gazebo_envs/models/aws_robomaker_residential_FoldingDoor_01/meshes/aws_FoldingDoor_01_collision.DAE
[0.781s] -- Up-to-date: /home/catcyber02/Mobile-Robots-2026-1/install/gazebo_envs/share/gazebo_envs/models/aws_robomaker_residential_FoldingDoor_01/meshes/aws_FoldingDoor_01_visual.DAE
[0.782s] -- Up-to-date: /home/catcyber02/Mobile-Robots-2026-1/install/gazebo_envs/share/gazebo_envs/models/aws_robomaker_residential_FoldingDoor_02
[0.782s] -- Up-to-date: /home/catcyber02/Mobile-Robots-2026-1/install/gazebo_envs/share/gazebo_envs/models/aws_robomaker_residential_FoldingDoor_02/model.config
[0.782s] -- Up-to-date: /home/catcyber02/Mobile-Robots-2026-1/install/gazebo_envs/share/gazebo_envs/models/aws_robomaker_residential_FoldingDoor_02/materials
[0.782s] -- Up-to-date: /home/catcyber02/Mobile-Robots-2026-1/install/gazebo_envs/share/gazebo_envs/models/aws_robomaker_residential_FoldingDoor_02/materials/textures
[0.783s] -- Up-to-date: /home/catcyber02/Mobile-Robots-2026-1/install/gazebo_envs/share/gazebo_envs/models/aws_robomaker_residential_FoldingDoor_02/materials/textures/aws_FoldingDoor_02.png
[0.783s] -- Up-to-date: /home/catcyber02/Mobile-Robots-2026-1/install/gazebo_envs/share/gazebo_envs/models/aws_robomaker_residential_FoldingDoor_02/model.sdf
[0.783s] -- Up-to-date: /home/catcyber02/Mobile-Robots-2026-1/install/gazebo_envs/share/gazebo_envs/models/aws_robomaker_residential_FoldingDoor_02/meshes
[0.783s] -- Up-to-date: /home/catcyber02/Mobile-Robots-2026-1/install/gazebo_envs/share/gazebo_envs/models/aws_robomaker_residential_FoldingDoor_02/meshes/aws_FoldingDoor_02_visual.DAE
[0.784s] -- Up-to-date: /home/catcyber02/Mobile-Robots-2026-1/install/gazebo_envs/share/gazebo_envs/models/aws_robomaker_residential_FoldingDoor_02/meshes/aws_FoldingDoor_02_collision.DAE
[0.784s] -- Up-to-date: /home/catcyber02/Mobile-Robots-2026-1/install/gazebo_envs/share/gazebo_envs/models/aws_robomaker_residential_DeskPortraitB_02
[0.784s] -- Up-to-date: /home/catcyber02/Mobile-Robots-2026-1/install/gazebo_envs/share/gazebo_envs/models/aws_robomaker_residential_DeskPortraitB_02/model.config
[0.784s] -- Up-to-date: /home/catcyber02/Mobile-Robots-2026-1/install/gazebo_envs/share/gazebo_envs/models/aws_robomaker_residential_DeskPortraitB_02/materials
[0.784s] -- Up-to-date: /home/catcyber02/Mobile-Robots-2026-1/install/gazebo_envs/share/gazebo_envs/models/aws_robomaker_residential_DeskPortraitB_02/materials/textures
[0.785s] -- Up-to-date: /home/catcyber02/Mobile-Robots-2026-1/install/gazebo_envs/share/gazebo_envs/models/aws_robomaker_residential_DeskPortraitB_02/materials/textures/aws_DeskPortraitB_02.png
[0.785s] -- Up-to-date: /home/catcyber02/Mobile-Robots-2026-1/install/gazebo_envs/share/gazebo_envs/models/aws_robomaker_residential_DeskPortraitB_02/materials/textures/aws_DeskPortraitB_01.png
[0.785s] -- Up-to-date: /home/catcyber02/Mobile-Robots-2026-1/install/gazebo_envs/share/gazebo_envs/models/aws_robomaker_residential_DeskPortraitB_02/materials/textures/DeskPortraitB_02.jpg
[0.785s] -- Up-to-date: /home/catcyber02/Mobile-Robots-2026-1/install/gazebo_envs/share/gazebo_envs/models/aws_robomaker_residential_DeskPortraitB_02/model.sdf
[0.786s] -- Up-to-date: /home/catcyber02/Mobile-Robots-2026-1/install/gazebo_envs/share/gazebo_envs/models/aws_robomaker_residential_DeskPortraitB_02/meshes
[0.786s] -- Up-to-date: /home/catcyber02/Mobile-Robots-2026-1/install/gazebo_envs/share/gazebo_envs/models/aws_robomaker_residential_DeskPortraitB_02/meshes/aws_DeskPortraitB_01_visual.DAE
[0.786s] -- Up-to-date: /home/catcyber02/Mobile-Robots-2026-1/install/gazebo_envs/share/gazebo_envs/models/aws_robomaker_residential_DeskPortraitB_02/meshes/aws_DeskPortraitB_01_collision.DAE
[0.786s] -- Up-to-date: /home/catcyber02/Mobile-Robots-2026-1/install/gazebo_envs/share/gazebo_envs/models/aws_robomaker_residential_ChairD_01
[0.787s] -- Up-to-date: /home/catcyber02/Mobile-Robots-2026-1/install/gazebo_envs/share/gazebo_envs/models/aws_robomaker_residential_ChairD_01/model.config
[0.787s] -- Up-to-date: /home/catcyber02/Mobile-Robots-2026-1/install/gazebo_envs/share/gazebo_envs/models/aws_robomaker_residential_ChairD_01/materials
[0.787s] -- Up-to-date: /home/catcyber02/Mobile-Robots-2026-1/install/gazebo_envs/share/gazebo_envs/models/aws_robomaker_residential_ChairD_01/materials/textures
[0.788s] -- Up-to-date: /home/catcyber02/Mobile-Robots-2026-1/install/gazebo_envs/share/gazebo_envs/models/aws_robomaker_residential_ChairD_01/materials/textures/aws_ChairD_01.png
[0.788s] -- Up-to-date: /home/catcyber02/Mobile-Robots-2026-1/install/gazebo_envs/share/gazebo_envs/models/aws_robomaker_residential_ChairD_01/model.sdf
[0.788s] -- Up-to-date: /home/catcyber02/Mobile-Robots-2026-1/install/gazebo_envs/share/gazebo_envs/models/aws_robomaker_residential_ChairD_01/meshes
[0.788s] -- Up-to-date: /home/catcyber02/Mobile-Robots-2026-1/install/gazebo_envs/share/gazebo_envs/models/aws_robomaker_residential_ChairD_01/meshes/aws_ChairD_01_collision.DAE
[0.788s] -- Up-to-date: /home/catcyber02/Mobile-Robots-2026-1/install/gazebo_envs/share/gazebo_envs/models/aws_robomaker_residential_ChairD_01/meshes/aws_ChairD_01_visual.DAE
[0.788s] -- Up-to-date: /home/catcyber02/Mobile-Robots-2026-1/install/gazebo_envs/share/gazebo_envs/models/aws_robomaker_warehouse_ClutteringC_01
[0.789s] -- Up-to-date: /home/catcyber02/Mobile-Robots-2026-1/install/gazebo_envs/share/gazebo_envs/models/aws_robomaker_warehouse_ClutteringC_01/model.config
[0.789s] -- Up-to-date: /home/catcyber02/Mobile-Robots-2026-1/install/gazebo_envs/share/gazebo_envs/models/aws_robomaker_warehouse_ClutteringC_01/materials
[0.789s] -- Up-to-date: /home/catcyber02/Mobile-Robots-2026-1/install/gazebo_envs/share/gazebo_envs/models/aws_robomaker_warehouse_ClutteringC_01/materials/textures
[0.789s] -- Up-to-date: /home/catcyber02/Mobile-Robots-2026-1/install/gazebo_envs/share/gazebo_envs/models/aws_robomaker_warehouse_ClutteringC_01/materials/textures/aws_robomaker_warehouse_ClutteringC_01.png
[0.790s] -- Up-to-date: /home/catcyber02/Mobile-Robots-2026-1/install/gazebo_envs/share/gazebo_envs/models/aws_robomaker_warehouse_ClutteringC_01/materials/textures/aws_robomaker_warehouse_ClutteringC_02.png
[0.790s] -- Up-to-date: /home/catcyber02/Mobile-Robots-2026-1/install/gazebo_envs/share/gazebo_envs/models/aws_robomaker_warehouse_ClutteringC_01/model.sdf
[0.790s] -- Up-to-date: /home/catcyber02/Mobile-Robots-2026-1/install/gazebo_envs/share/gazebo_envs/models/aws_robomaker_warehouse_ClutteringC_01/meshes
[0.790s] -- Up-to-date: /home/catcyber02/Mobile-Robots-2026-1/install/gazebo_envs/share/gazebo_envs/models/aws_robomaker_warehouse_ClutteringC_01/meshes/aws_robomaker_warehouse_ClutteringC_01_visual.DAE
[0.790s] -- Up-to-date: /home/catcyber02/Mobile-Robots-2026-1/install/gazebo_envs/share/gazebo_envs/models/aws_robomaker_warehouse_ClutteringC_01/meshes/aws_robomaker_warehouse_ClutteringC_01_collision.DAE
[0.791s] -- Up-to-date: /home/catcyber02/Mobile-Robots-2026-1/install/gazebo_envs/share/gazebo_envs/models/aws_robomaker_residential_Wardrobe_01
[0.791s] -- Up-to-date: /home/catcyber02/Mobile-Robots-2026-1/install/gazebo_envs/share/gazebo_envs/models/aws_robomaker_residential_Wardrobe_01/model.config
[0.791s] -- Up-to-date: /home/catcyber02/Mobile-Robots-2026-1/install/gazebo_envs/share/gazebo_envs/models/aws_robomaker_residential_Wardrobe_01/materials
[0.791s] -- Up-to-date: /home/catcyber02/Mobile-Robots-2026-1/install/gazebo_envs/share/gazebo_envs/models/aws_robomaker_residential_Wardrobe_01/materials/textures
[0.791s] -- Up-to-date: /home/catcyber02/Mobile-Robots-2026-1/install/gazebo_envs/share/gazebo_envs/models/aws_robomaker_residential_Wardrobe_01/materials/textures/aws_Wardrobe_01.png
[0.792s] -- Up-to-date: /home/catcyber02/Mobile-Robots-2026-1/install/gazebo_envs/share/gazebo_envs/models/aws_robomaker_residential_Wardrobe_01/model.sdf
[0.792s] -- Up-to-date: /home/catcyber02/Mobile-Robots-2026-1/install/gazebo_envs/share/gazebo_envs/models/aws_robomaker_residential_Wardrobe_01/meshes
[0.792s] -- Up-to-date: /home/catcyber02/Mobile-Robots-2026-1/install/gazebo_envs/share/gazebo_envs/models/aws_robomaker_residential_Wardrobe_01/meshes/aws_Wardrobe_01_collision.DAE
[0.792s] -- Up-to-date: /home/catcyber02/Mobile-Robots-2026-1/install/gazebo_envs/share/gazebo_envs/models/aws_robomaker_residential_Wardrobe_01/meshes/aws_Wardrobe_01_visual.DAE
[0.793s] -- Up-to-date: /home/catcyber02/Mobile-Robots-2026-1/install/gazebo_envs/share/gazebo_envs/models/aws_robomaker_residential_Sofa_01
[0.793s] -- Up-to-date: /home/catcyber02/Mobile-Robots-2026-1/install/gazebo_envs/share/gazebo_envs/models/aws_robomaker_residential_Sofa_01/model.config
[0.793s] -- Up-to-date: /home/catcyber02/Mobile-Robots-2026-1/install/gazebo_envs/share/gazebo_envs/models/aws_robomaker_residential_Sofa_01/materials
[0.793s] -- Up-to-date: /home/catcyber02/Mobile-Robots-2026-1/install/gazebo_envs/share/gazebo_envs/models/aws_robomaker_residential_Sofa_01/materials/textures
[0.793s] -- Up-to-date: /home/catcyber02/Mobile-Robots-2026-1/install/gazebo_envs/share/gazebo_envs/models/aws_robomaker_residential_Sofa_01/materials/textures/aws_Sofa_01.png
[0.794s] -- Up-to-date: /home/catcyber02/Mobile-Robots-2026-1/install/gazebo_envs/share/gazebo_envs/models/aws_robomaker_residential_Sofa_01/model.sdf
[0.794s] -- Up-to-date: /home/catcyber02/Mobile-Robots-2026-1/install/gazebo_envs/share/gazebo_envs/models/aws_robomaker_residential_Sofa_01/meshes
[0.794s] -- Up-to-date: /home/catcyber02/Mobile-Robots-2026-1/install/gazebo_envs/share/gazebo_envs/models/aws_robomaker_residential_Sofa_01/meshes/aws_Sofa_01_visual.DAE
[0.794s] -- Up-to-date: /home/catcyber02/Mobile-Robots-2026-1/install/gazebo_envs/share/gazebo_envs/models/aws_robomaker_residential_Sofa_01/meshes/aws_Sofa_01.DAE
[0.794s] -- Up-to-date: /home/catcyber02/Mobile-Robots-2026-1/install/gazebo_envs/share/gazebo_envs/models/aws_robomaker_residential_Sofa_01/meshes/aws_Sofa_01_collision.DAE
[0.795s] -- Up-to-date: /home/catcyber02/Mobile-Robots-2026-1/install/gazebo_envs/share/gazebo_envs/models/aws_robomaker_warehouse_Lamp_01
[0.795s] -- Up-to-date: /home/catcyber02/Mobile-Robots-2026-1/install/gazebo_envs/share/gazebo_envs/models/aws_robomaker_warehouse_Lamp_01/model.config
[0.795s] -- Up-to-date: /home/catcyber02/Mobile-Robots-2026-1/install/gazebo_envs/share/gazebo_envs/models/aws_robomaker_warehouse_Lamp_01/materials
[0.795s] -- Up-to-date: /home/catcyber02/Mobile-Robots-2026-1/install/gazebo_envs/share/gazebo_envs/models/aws_robomaker_warehouse_Lamp_01/materials/textures
[0.795s] -- Up-to-date: /home/catcyber02/Mobile-Robots-2026-1/install/gazebo_envs/share/gazebo_envs/models/aws_robomaker_warehouse_Lamp_01/materials/textures/aws_robomaker_warehouse_Lamp_01.png
[0.796s] -- Up-to-date: /home/catcyber02/Mobile-Robots-2026-1/install/gazebo_envs/share/gazebo_envs/models/aws_robomaker_warehouse_Lamp_01/model.sdf
[0.796s] -- Up-to-date: /home/catcyber02/Mobile-Robots-2026-1/install/gazebo_envs/share/gazebo_envs/models/aws_robomaker_warehouse_Lamp_01/meshes
[0.796s] -- Up-to-date: /home/catcyber02/Mobile-Robots-2026-1/install/gazebo_envs/share/gazebo_envs/models/aws_robomaker_warehouse_Lamp_01/meshes/aws_robomaker_warehouse_Lamp_01_collision.DAE
[0.796s] -- Up-to-date: /home/catcyber02/Mobile-Robots-2026-1/install/gazebo_envs/share/gazebo_envs/models/aws_robomaker_warehouse_Lamp_01/meshes/aws_robomaker_warehouse_Lamp_01_visual.DAE
[0.796s] -- Up-to-date: /home/catcyber02/Mobile-Robots-2026-1/install/gazebo_envs/share/gazebo_envs/models/aws_robomaker_warehouse_ShelfE_01
[0.797s] -- Up-to-date: /home/catcyber02/Mobile-Robots-2026-1/install/gazebo_envs/share/gazebo_envs/models/aws_robomaker_warehouse_ShelfE_01/.DS_Store
[0.797s] -- Up-to-date: /home/catcyber02/Mobile-Robots-2026-1/install/gazebo_envs/share/gazebo_envs/models/aws_robomaker_warehouse_ShelfE_01/model.config
[0.797s] -- Up-to-date: /home/catcyber02/Mobile-Robots-2026-1/install/gazebo_envs/share/gazebo_envs/models/aws_robomaker_warehouse_ShelfE_01/materials
[0.797s] -- Up-to-date: /home/catcyber02/Mobile-Robots-2026-1/install/gazebo_envs/share/gazebo_envs/models/aws_robomaker_warehouse_ShelfE_01/materials/.DS_Store
[0.797s] -- Up-to-date: /home/catcyber02/Mobile-Robots-2026-1/install/gazebo_envs/share/gazebo_envs/models/aws_robomaker_warehouse_ShelfE_01/materials/textures
[0.797s] -- Up-to-date: /home/catcyber02/Mobile-Robots-2026-1/install/gazebo_envs/share/gazebo_envs/models/aws_robomaker_warehouse_ShelfE_01/materials/textures/aws_robomaker_warehouse_ShelfE_02.png
[0.798s] -- Up-to-date: /home/catcyber02/Mobile-Robots-2026-1/install/gazebo_envs/share/gazebo_envs/models/aws_robomaker_warehouse_ShelfE_01/materials/textures/aws_robomaker_warehouse_ShelfE_01.png
[0.798s] -- Up-to-date: /home/catcyber02/Mobile-Robots-2026-1/install/gazebo_envs/share/gazebo_envs/models/aws_robomaker_warehouse_ShelfE_01/materials/textures/aws_robomaker_warehouse_ShelfE_03.png
[0.798s] -- Up-to-date: /home/catcyber02/Mobile-Robots-2026-1/install/gazebo_envs/share/gazebo_envs/models/aws_robomaker_warehouse_ShelfE_01/materials/textures/aws_robomaker_warehouse_ShelfE_04.png
[0.799s] -- Up-to-date: /home/catcyber02/Mobile-Robots-2026-1/install/gazebo_envs/share/gazebo_envs/models/aws_robomaker_warehouse_ShelfE_01/model.sdf
[0.799s] -- Up-to-date: /home/catcyber02/Mobile-Robots-2026-1/install/gazebo_envs/share/gazebo_envs/models/aws_robomaker_warehouse_ShelfE_01/meshes
[0.803s] -- Up-to-date: /home/catcyber02/Mobile-Robots-2026-1/install/gazebo_envs/share/gazebo_envs/models/aws_robomaker_warehouse_ShelfE_01/meshes/aws_robomaker_warehouse_ShelfE_01_visual.DAE
[0.803s] -- Up-to-date: /home/catcyber02/Mobile-Robots-2026-1/install/gazebo_envs/share/gazebo_envs/models/aws_robomaker_warehouse_ShelfE_01/meshes/aws_robomaker_warehouse_ShelfE_01_collision.DAE
[0.803s] -- Up-to-date: /home/catcyber02/Mobile-Robots-2026-1/install/gazebo_envs/share/gazebo_envs/models/aws_robomaker_residential_Quilt_01
[0.803s] -- Up-to-date: /home/catcyber02/Mobile-Robots-2026-1/install/gazebo_envs/share/gazebo_envs/models/aws_robomaker_residential_Quilt_01/model.config
[0.804s] -- Up-to-date: /home/catcyber02/Mobile-Robots-2026-1/install/gazebo_envs/share/gazebo_envs/models/aws_robomaker_residential_Quilt_01/materials
[0.804s] -- Up-to-date: /home/catcyber02/Mobile-Robots-2026-1/install/gazebo_envs/share/gazebo_envs/models/aws_robomaker_residential_Quilt_01/materials/textures
[0.804s] -- Up-to-date: /home/catcyber02/Mobile-Robots-2026-1/install/gazebo_envs/share/gazebo_envs/models/aws_robomaker_residential_Quilt_01/materials/textures/aws_Quilt_01.png
[0.805s] -- Up-to-date: /home/catcyber02/Mobile-Robots-2026-1/install/gazebo_envs/share/gazebo_envs/models/aws_robomaker_residential_Quilt_01/model.sdf
[0.805s] -- Up-to-date: /home/catcyber02/Mobile-Robots-2026-1/install/gazebo_envs/share/gazebo_envs/models/aws_robomaker_residential_Quilt_01/meshes
[0.805s] -- Up-to-date: /home/catcyber02/Mobile-Robots-2026-1/install/gazebo_envs/share/gazebo_envs/models/aws_robomaker_residential_Quilt_01/meshes/aws_Quilt_01_visual.DAE
[0.805s] -- Up-to-date: /home/catcyber02/Mobile-Robots-2026-1/install/gazebo_envs/share/gazebo_envs/models/aws_robomaker_residential_Quilt_01/meshes/aws_Quilt_01_collision.DAE
[0.805s] -- Up-to-date: /home/catcyber02/Mobile-Robots-2026-1/install/gazebo_envs/share/gazebo_envs/models/aws_robomaker_warehouse_GroundB_01
[0.806s] -- Up-to-date: /home/catcyber02/Mobile-Robots-2026-1/install/gazebo_envs/share/gazebo_envs/models/aws_robomaker_warehouse_GroundB_01/model.config
[0.806s] -- Up-to-date: /home/catcyber02/Mobile-Robots-2026-1/install/gazebo_envs/share/gazebo_envs/models/aws_robomaker_warehouse_GroundB_01/materials
[0.806s] -- Up-to-date: /home/catcyber02/Mobile-Robots-2026-1/install/gazebo_envs/share/gazebo_envs/models/aws_robomaker_warehouse_GroundB_01/materials/textures
[0.806s] -- Up-to-date: /home/catcyber02/Mobile-Robots-2026-1/install/gazebo_envs/share/gazebo_envs/models/aws_robomaker_warehouse_GroundB_01/materials/textures/aws_robomaker_warehouse_GroundB_02.png
[0.806s] -- Up-to-date: /home/catcyber02/Mobile-Robots-2026-1/install/gazebo_envs/share/gazebo_envs/models/aws_robomaker_warehouse_GroundB_01/materials/textures/aws_robomaker_warehouse_GroundB_01.png
[0.807s] -- Up-to-date: /home/catcyber02/Mobile-Robots-2026-1/install/gazebo_envs/share/gazebo_envs/models/aws_robomaker_warehouse_GroundB_01/model.sdf
[0.807s] -- Up-to-date: /home/catcyber02/Mobile-Robots-2026-1/install/gazebo_envs/share/gazebo_envs/models/aws_robomaker_warehouse_GroundB_01/meshes
[0.807s] -- Up-to-date: /home/catcyber02/Mobile-Robots-2026-1/install/gazebo_envs/share/gazebo_envs/models/aws_robomaker_warehouse_GroundB_01/meshes/aws_robomaker_warehouse_GroundB_01_visual.DAE
[0.807s] -- Up-to-date: /home/catcyber02/Mobile-Robots-2026-1/install/gazebo_envs/share/gazebo_envs/models/aws_robomaker_warehouse_GroundB_01/meshes/aws_robomaker_warehouse_GroundB_01_collision.DAE
[0.807s] -- Up-to-date: /home/catcyber02/Mobile-Robots-2026-1/install/gazebo_envs/share/gazebo_envs/models/aws_robomaker_residential_DeskPortraitC_01
[0.807s] -- Up-to-date: /home/catcyber02/Mobile-Robots-2026-1/install/gazebo_envs/share/gazebo_envs/models/aws_robomaker_residential_DeskPortraitC_01/model.config
[0.808s] -- Up-to-date: /home/catcyber02/Mobile-Robots-2026-1/install/gazebo_envs/share/gazebo_envs/models/aws_robomaker_residential_DeskPortraitC_01/materials
[0.808s] -- Up-to-date: /home/catcyber02/Mobile-Robots-2026-1/install/gazebo_envs/share/gazebo_envs/models/aws_robomaker_residential_DeskPortraitC_01/materials/textures
[0.808s] -- Up-to-date: /home/catcyber02/Mobile-Robots-2026-1/install/gazebo_envs/share/gazebo_envs/models/aws_robomaker_residential_DeskPortraitC_01/materials/textures/DeskPortraitC_01.jpg
[0.808s] -- Up-to-date: /home/catcyber02/Mobile-Robots-2026-1/install/gazebo_envs/share/gazebo_envs/models/aws_robomaker_residential_DeskPortraitC_01/materials/textures/aws_DeskPortraitC_01.png
[0.808s] -- Up-to-date: /home/catcyber02/Mobile-Robots-2026-1/install/gazebo_envs/share/gazebo_envs/models/aws_robomaker_residential_DeskPortraitC_01/materials/textures/aws_DeskPortraitC_02.png
[0.809s] -- Up-to-date: /home/catcyber02/Mobile-Robots-2026-1/install/gazebo_envs/share/gazebo_envs/models/aws_robomaker_residential_DeskPortraitC_01/model.sdf
[0.809s] -- Up-to-date: /home/catcyber02/Mobile-Robots-2026-1/install/gazebo_envs/share/gazebo_envs/models/aws_robomaker_residential_DeskPortraitC_01/meshes
[0.813s] -- Up-to-date: /home/catcyber02/Mobile-Robots-2026-1/install/gazebo_envs/share/gazebo_envs/models/aws_robomaker_residential_DeskPortraitC_01/meshes/aws_DeskPortraitC_01_visual.DAE
[0.813s] -- Up-to-date: /home/catcyber02/Mobile-Robots-2026-1/install/gazebo_envs/share/gazebo_envs/models/aws_robomaker_residential_DeskPortraitC_01/meshes/aws_DeskPortraitC_01_collision.DAE
[0.814s] -- Up-to-date: /home/catcyber02/Mobile-Robots-2026-1/install/gazebo_envs/share/gazebo_envs/models/aws_robomaker_warehouse_WallB_01
[0.814s] -- Up-to-date: /home/catcyber02/Mobile-Robots-2026-1/install/gazebo_envs/share/gazebo_envs/models/aws_robomaker_warehouse_WallB_01/model.config
[0.814s] -- Up-to-date: /home/catcyber02/Mobile-Robots-2026-1/install/gazebo_envs/share/gazebo_envs/models/aws_robomaker_warehouse_WallB_01/materials
[0.814s] -- Up-to-date: /home/catcyber02/Mobile-Robots-2026-1/install/gazebo_envs/share/gazebo_envs/models/aws_robomaker_warehouse_WallB_01/materials/textures
[0.814s] -- Up-to-date: /home/catcyber02/Mobile-Robots-2026-1/install/gazebo_envs/share/gazebo_envs/models/aws_robomaker_warehouse_WallB_01/materials/textures/aws_robomaker_warehouse_WallB_01.png
[0.815s] -- Up-to-date: /home/catcyber02/Mobile-Robots-2026-1/install/gazebo_envs/share/gazebo_envs/models/aws_robomaker_warehouse_WallB_01/model.sdf
[0.815s] -- Up-to-date: /home/catcyber02/Mobile-Robots-2026-1/install/gazebo_envs/share/gazebo_envs/models/aws_robomaker_warehouse_WallB_01/meshes
[0.815s] -- Up-to-date: /home/catcyber02/Mobile-Robots-2026-1/install/gazebo_envs/share/gazebo_envs/models/aws_robomaker_warehouse_WallB_01/meshes/aws_robomaker_warehouse_WallB_01_collision.DAE
[0.815s] -- Up-to-date: /home/catcyber02/Mobile-Robots-2026-1/install/gazebo_envs/share/gazebo_envs/models/aws_robomaker_warehouse_WallB_01/meshes/aws_robomaker_warehouse_WallB_01_visual.DAE
[0.816s] -- Up-to-date: /home/catcyber02/Mobile-Robots-2026-1/install/gazebo_envs/share/gazebo_envs/models/aws_robomaker_residential_CoffeeTable_01
[0.816s] -- Up-to-date: /home/catcyber02/Mobile-Robots-2026-1/install/gazebo_envs/share/gazebo_envs/models/aws_robomaker_residential_CoffeeTable_01/model.config
[0.816s] -- Up-to-date: /home/catcyber02/Mobile-Robots-2026-1/install/gazebo_envs/share/gazebo_envs/models/aws_robomaker_residential_CoffeeTable_01/materials
[0.816s] -- Up-to-date: /home/catcyber02/Mobile-Robots-2026-1/install/gazebo_envs/share/gazebo_envs/models/aws_robomaker_residential_CoffeeTable_01/materials/textures
[0.817s] -- Up-to-date: /home/catcyber02/Mobile-Robots-2026-1/install/gazebo_envs/share/gazebo_envs/models/aws_robomaker_residential_CoffeeTable_01/materials/textures/aws_CoffeeTable_01.png
[0.817s] -- Up-to-date: /home/catcyber02/Mobile-Robots-2026-1/install/gazebo_envs/share/gazebo_envs/models/aws_robomaker_residential_CoffeeTable_01/model.sdf
[0.817s] -- Up-to-date: /home/catcyber02/Mobile-Robots-2026-1/install/gazebo_envs/share/gazebo_envs/models/aws_robomaker_residential_CoffeeTable_01/meshes
[0.817s] -- Up-to-date: /home/catcyber02/Mobile-Robots-2026-1/install/gazebo_envs/share/gazebo_envs/models/aws_robomaker_residential_CoffeeTable_01/meshes/aws_CoffeeTable_01_visual.DAE
[0.817s] -- Up-to-date: /home/catcyber02/Mobile-Robots-2026-1/install/gazebo_envs/share/gazebo_envs/models/aws_robomaker_residential_CoffeeTable_01/meshes/aws_CoffeeTable_01_collision.DAE
[0.818s] -- Up-to-date: /home/catcyber02/Mobile-Robots-2026-1/install/gazebo_envs/share/gazebo_envs/models/aws_robomaker_residential_HouseWallB_01
[0.818s] -- Up-to-date: /home/catcyber02/Mobile-Robots-2026-1/install/gazebo_envs/share/gazebo_envs/models/aws_robomaker_residential_HouseWallB_01/model.config
[0.818s] -- Up-to-date: /home/catcyber02/Mobile-Robots-2026-1/install/gazebo_envs/share/gazebo_envs/models/aws_robomaker_residential_HouseWallB_01/materials
[0.819s] -- Up-to-date: /home/catcyber02/Mobile-Robots-2026-1/install/gazebo_envs/share/gazebo_envs/models/aws_robomaker_residential_HouseWallB_01/materials/textures
[0.819s] -- Up-to-date: /home/catcyber02/Mobile-Robots-2026-1/install/gazebo_envs/share/gazebo_envs/models/aws_robomaker_residential_HouseWallB_01/materials/textures/aws_HouseWallB_01.png
[0.820s] -- Up-to-date: /home/catcyber02/Mobile-Robots-2026-1/install/gazebo_envs/share/gazebo_envs/models/aws_robomaker_residential_HouseWallB_01/model.sdf
[0.820s] -- Up-to-date: /home/catcyber02/Mobile-Robots-2026-1/install/gazebo_envs/share/gazebo_envs/models/aws_robomaker_residential_HouseWallB_01/meshes
[0.820s] -- Up-to-date: /home/catcyber02/Mobile-Robots-2026-1/install/gazebo_envs/share/gazebo_envs/models/aws_robomaker_residential_HouseWallB_01/meshes/aws_HouseWallB_01_collision.DAE
[0.820s] -- Up-to-date: /home/catcyber02/Mobile-Robots-2026-1/install/gazebo_envs/share/gazebo_envs/models/aws_robomaker_residential_HouseWallB_01/meshes/aws_HouseWallB_01_visual.DAE
[0.820s] -- Up-to-date: /home/catcyber02/Mobile-Robots-2026-1/install/gazebo_envs/share/gazebo_envs/models/aws_robomaker_residential_Handle_01
[0.821s] -- Up-to-date: /home/catcyber02/Mobile-Robots-2026-1/install/gazebo_envs/share/gazebo_envs/models/aws_robomaker_residential_Handle_01/model.config
[0.821s] -- Up-to-date: /home/catcyber02/Mobile-Robots-2026-1/install/gazebo_envs/share/gazebo_envs/models/aws_robomaker_residential_Handle_01/materials
[0.821s] -- Up-to-date: /home/catcyber02/Mobile-Robots-2026-1/install/gazebo_envs/share/gazebo_envs/models/aws_robomaker_residential_Handle_01/materials/textures
[0.821s] -- Up-to-date: /home/catcyber02/Mobile-Robots-2026-1/install/gazebo_envs/share/gazebo_envs/models/aws_robomaker_residential_Handle_01/materials/textures/aws_Handle_01.png
[0.821s] -- Up-to-date: /home/catcyber02/Mobile-Robots-2026-1/install/gazebo_envs/share/gazebo_envs/models/aws_robomaker_residential_Handle_01/model.sdf
[0.822s] -- Up-to-date: /home/catcyber02/Mobile-Robots-2026-1/install/gazebo_envs/share/gazebo_envs/models/aws_robomaker_residential_Handle_01/meshes
[0.822s] -- Up-to-date: /home/catcyber02/Mobile-Robots-2026-1/install/gazebo_envs/share/gazebo_envs/models/aws_robomaker_residential_Handle_01/meshes/aws_Handle_01_visual.DAE
[0.822s] -- Up-to-date: /home/catcyber02/Mobile-Robots-2026-1/install/gazebo_envs/share/gazebo_envs/models/aws_robomaker_residential_Handle_01/meshes/aws_Handle_01_collision.DAE
[0.822s] -- Up-to-date: /home/catcyber02/Mobile-Robots-2026-1/install/gazebo_envs/share/gazebo_envs/models/ground_plane
[0.823s] -- Up-to-date: /home/catcyber02/Mobile-Robots-2026-1/install/gazebo_envs/share/gazebo_envs/models/ground_plane/model.config
[0.823s] -- Up-to-date: /home/catcyber02/Mobile-Robots-2026-1/install/gazebo_envs/share/gazebo_envs/models/ground_plane/model-1_3.sdf
[0.823s] -- Up-to-date: /home/catcyber02/Mobile-Robots-2026-1/install/gazebo_envs/share/gazebo_envs/models/ground_plane/model-1_2.sdf
[0.823s] -- Up-to-date: /home/catcyber02/Mobile-Robots-2026-1/install/gazebo_envs/share/gazebo_envs/models/ground_plane/model.sdf
[0.823s] -- Up-to-date: /home/catcyber02/Mobile-Robots-2026-1/install/gazebo_envs/share/gazebo_envs/models/ground_plane/model-1_4.sdf
[0.824s] -- Up-to-date: /home/catcyber02/Mobile-Robots-2026-1/install/gazebo_envs/share/gazebo_envs/models/aws_robomaker_residential_NightStand_01
[0.824s] -- Up-to-date: /home/catcyber02/Mobile-Robots-2026-1/install/gazebo_envs/share/gazebo_envs/models/aws_robomaker_residential_NightStand_01/model.config
[0.824s] -- Up-to-date: /home/catcyber02/Mobile-Robots-2026-1/install/gazebo_envs/share/gazebo_envs/models/aws_robomaker_residential_NightStand_01/materials
[0.824s] -- Up-to-date: /home/catcyber02/Mobile-Robots-2026-1/install/gazebo_envs/share/gazebo_envs/models/aws_robomaker_residential_NightStand_01/materials/textures
[0.824s] -- Up-to-date: /home/catcyber02/Mobile-Robots-2026-1/install/gazebo_envs/share/gazebo_envs/models/aws_robomaker_residential_NightStand_01/materials/textures/aws_NightStand_01.png
[0.824s] -- Up-to-date: /home/catcyber02/Mobile-Robots-2026-1/install/gazebo_envs/share/gazebo_envs/models/aws_robomaker_residential_NightStand_01/model.sdf
[0.825s] -- Up-to-date: /home/catcyber02/Mobile-Robots-2026-1/install/gazebo_envs/share/gazebo_envs/models/aws_robomaker_residential_NightStand_01/meshes
[0.825s] -- Up-to-date: /home/catcyber02/Mobile-Robots-2026-1/install/gazebo_envs/share/gazebo_envs/models/aws_robomaker_residential_NightStand_01/meshes/aws_NightStand_01_collision.DAE
[0.825s] -- Up-to-date: /home/catcyber02/Mobile-Robots-2026-1/install/gazebo_envs/share/gazebo_envs/models/aws_robomaker_residential_NightStand_01/meshes/aws_NightStand_01_visual.DAE
[0.825s] -- Up-to-date: /home/catcyber02/Mobile-Robots-2026-1/install/gazebo_envs/share/gazebo_envs/models/aws_robomaker_residential_SofaB_01
[0.825s] -- Up-to-date: /home/catcyber02/Mobile-Robots-2026-1/install/gazebo_envs/share/gazebo_envs/models/aws_robomaker_residential_SofaB_01/model.config
[0.825s] -- Up-to-date: /home/catcyber02/Mobile-Robots-2026-1/install/gazebo_envs/share/gazebo_envs/models/aws_robomaker_residential_SofaB_01/materials
[0.826s] -- Up-to-date: /home/catcyber02/Mobile-Robots-2026-1/install/gazebo_envs/share/gazebo_envs/models/aws_robomaker_residential_SofaB_01/materials/textures
[0.826s] -- Up-to-date: /home/catcyber02/Mobile-Robots-2026-1/install/gazebo_envs/share/gazebo_envs/models/aws_robomaker_residential_SofaB_01/materials/textures/aws_SofaB_01.png
[0.826s] -- Up-to-date: /home/catcyber02/Mobile-Robots-2026-1/install/gazebo_envs/share/gazebo_envs/models/aws_robomaker_residential_SofaB_01/model.sdf
[0.826s] -- Up-to-date: /home/catcyber02/Mobile-Robots-2026-1/install/gazebo_envs/share/gazebo_envs/models/aws_robomaker_residential_SofaB_01/meshes
[0.826s] -- Up-to-date: /home/catcyber02/Mobile-Robots-2026-1/install/gazebo_envs/share/gazebo_envs/models/aws_robomaker_residential_SofaB_01/meshes/aws_SofaB_01_collision.DAE
[0.826s] -- Up-to-date: /home/catcyber02/Mobile-Robots-2026-1/install/gazebo_envs/share/gazebo_envs/models/aws_robomaker_residential_SofaB_01/meshes/aws_SofaB_01_visual.DAE
[0.826s] -- Up-to-date: /home/catcyber02/Mobile-Robots-2026-1/install/gazebo_envs/share/gazebo_envs/models/aws_robomaker_residential_DeskPortraitD_01
[0.827s] -- Up-to-date: /home/catcyber02/Mobile-Robots-2026-1/install/gazebo_envs/share/gazebo_envs/models/aws_robomaker_residential_DeskPortraitD_01/model.config
[0.827s] -- Up-to-date: /home/catcyber02/Mobile-Robots-2026-1/install/gazebo_envs/share/gazebo_envs/models/aws_robomaker_residential_DeskPortraitD_01/materials
[0.827s] -- Up-to-date: /home/catcyber02/Mobile-Robots-2026-1/install/gazebo_envs/share/gazebo_envs/models/aws_robomaker_residential_DeskPortraitD_01/materials/textures
[0.827s] -- Up-to-date: /home/catcyber02/Mobile-Robots-2026-1/install/gazebo_envs/share/gazebo_envs/models/aws_robomaker_residential_DeskPortraitD_01/materials/textures/DeskPortraitD_01.jpg
[0.827s] -- Up-to-date: /home/catcyber02/Mobile-Robots-2026-1/install/gazebo_envs/share/gazebo_envs/models/aws_robomaker_residential_DeskPortraitD_01/materials/textures/aws_DeskPortraitD_02.png
[0.827s] -- Up-to-date: /home/catcyber02/Mobile-Robots-2026-1/install/gazebo_envs/share/gazebo_envs/models/aws_robomaker_residential_DeskPortraitD_01/materials/textures/aws_DeskPortraitD_01.png
[0.827s] -- Up-to-date: /home/catcyber02/Mobile-Robots-2026-1/install/gazebo_envs/share/gazebo_envs/models/aws_robomaker_residential_DeskPortraitD_01/model.sdf
[0.828s] -- Up-to-date: /home/catcyber02/Mobile-Robots-2026-1/install/gazebo_envs/share/gazebo_envs/models/aws_robomaker_residential_DeskPortraitD_01/meshes
[0.828s] -- Up-to-date: /home/catcyber02/Mobile-Robots-2026-1/install/gazebo_envs/share/gazebo_envs/models/aws_robomaker_residential_DeskPortraitD_01/meshes/aws_DeskPortraitD_01_collision.DAE
[0.828s] -- Up-to-date: /home/catcyber02/Mobile-Robots-2026-1/install/gazebo_envs/share/gazebo_envs/models/aws_robomaker_residential_DeskPortraitD_01/meshes/aws_DeskPortraitD_01_visual.DAE
[0.828s] -- Up-to-date: /home/catcyber02/Mobile-Robots-2026-1/install/gazebo_envs/share/gazebo_envs/models/brown_table
[0.828s] -- Up-to-date: /home/catcyber02/Mobile-Robots-2026-1/install/gazebo_envs/share/gazebo_envs/models/brown_table/model.config
[0.828s] -- Up-to-date: /home/catcyber02/Mobile-Robots-2026-1/install/gazebo_envs/share/gazebo_envs/models/brown_table/model.sdf
[0.829s] -- Up-to-date: /home/catcyber02/Mobile-Robots-2026-1/install/gazebo_envs/share/gazebo_envs/models/cardboard_box
[0.829s] -- Up-to-date: /home/catcyber02/Mobile-Robots-2026-1/install/gazebo_envs/share/gazebo_envs/models/cardboard_box/model.config
[0.830s] -- Up-to-date: /home/catcyber02/Mobile-Robots-2026-1/install/gazebo_envs/share/gazebo_envs/models/cardboard_box/materials
[0.830s] -- Up-to-date: /home/catcyber02/Mobile-Robots-2026-1/install/gazebo_envs/share/gazebo_envs/models/cardboard_box/materials/textures
[0.831s] -- Up-to-date: /home/catcyber02/Mobile-Robots-2026-1/install/gazebo_envs/share/gazebo_envs/models/cardboard_box/materials/textures/cardboard_box.png
[0.832s] -- Up-to-date: /home/catcyber02/Mobile-Robots-2026-1/install/gazebo_envs/share/gazebo_envs/models/cardboard_box/model.sdf
[0.832s] -- Up-to-date: /home/catcyber02/Mobile-Robots-2026-1/install/gazebo_envs/share/gazebo_envs/models/cardboard_box/meshes
[0.832s] -- Up-to-date: /home/catcyber02/Mobile-Robots-2026-1/install/gazebo_envs/share/gazebo_envs/models/cardboard_box/meshes/cardboard_box.dae
[0.833s] -- Up-to-date: /home/catcyber02/Mobile-Robots-2026-1/install/gazebo_envs/share/gazebo_envs/models/cardboard_box/meshes/cardboard_box.png
[0.833s] -- Up-to-date: /home/catcyber02/Mobile-Robots-2026-1/install/gazebo_envs/share/gazebo_envs/models/aws_robomaker_residential_Trash_01
[0.833s] -- Up-to-date: /home/catcyber02/Mobile-Robots-2026-1/install/gazebo_envs/share/gazebo_envs/models/aws_robomaker_residential_Trash_01/model.config
[0.833s] -- Up-to-date: /home/catcyber02/Mobile-Robots-2026-1/install/gazebo_envs/share/gazebo_envs/models/aws_robomaker_residential_Trash_01/materials
[0.833s] -- Up-to-date: /home/catcyber02/Mobile-Robots-2026-1/install/gazebo_envs/share/gazebo_envs/models/aws_robomaker_residential_Trash_01/materials/textures
[0.834s] -- Up-to-date: /home/catcyber02/Mobile-Robots-2026-1/install/gazebo_envs/share/gazebo_envs/models/aws_robomaker_residential_Trash_01/materials/textures/aws_Trash_01.png
[0.834s] -- Up-to-date: /home/catcyber02/Mobile-Robots-2026-1/install/gazebo_envs/share/gazebo_envs/models/aws_robomaker_residential_Trash_01/model.sdf
[0.834s] -- Up-to-date: /home/catcyber02/Mobile-Robots-2026-1/install/gazebo_envs/share/gazebo_envs/models/aws_robomaker_residential_Trash_01/meshes
[0.834s] -- Up-to-date: /home/catcyber02/Mobile-Robots-2026-1/install/gazebo_envs/share/gazebo_envs/models/aws_robomaker_residential_Trash_01/meshes/aws_Trash_01_visual.DAE
[0.834s] -- Up-to-date: /home/catcyber02/Mobile-Robots-2026-1/install/gazebo_envs/share/gazebo_envs/models/aws_robomaker_residential_Trash_01/meshes/aws_Trash_01_collision.DAE
[0.834s] -- Up-to-date: /home/catcyber02/Mobile-Robots-2026-1/install/gazebo_envs/share/gazebo_envs/models/aws_robomaker_warehouse_ShelfD_01
[0.835s] -- Up-to-date: /home/catcyber02/Mobile-Robots-2026-1/install/gazebo_envs/share/gazebo_envs/models/aws_robomaker_warehouse_ShelfD_01/model.config
[0.835s] -- Up-to-date: /home/catcyber02/Mobile-Robots-2026-1/install/gazebo_envs/share/gazebo_envs/models/aws_robomaker_warehouse_ShelfD_01/materials
[0.835s] -- Up-to-date: /home/catcyber02/Mobile-Robots-2026-1/install/gazebo_envs/share/gazebo_envs/models/aws_robomaker_warehouse_ShelfD_01/materials/textures
[0.836s] -- Up-to-date: /home/catcyber02/Mobile-Robots-2026-1/install/gazebo_envs/share/gazebo_envs/models/aws_robomaker_warehouse_ShelfD_01/materials/textures/aws_robomaker_warehouse_ShelfD_03.png
[0.836s] -- Up-to-date: /home/catcyber02/Mobile-Robots-2026-1/install/gazebo_envs/share/gazebo_envs/models/aws_robomaker_warehouse_ShelfD_01/materials/textures/aws_robomaker_warehouse_ShelfD_04.png
[0.836s] -- Up-to-date: /home/catcyber02/Mobile-Robots-2026-1/install/gazebo_envs/share/gazebo_envs/models/aws_robomaker_warehouse_ShelfD_01/materials/textures/aws_robomaker_warehouse_ShelfD_02.png
[0.836s] -- Up-to-date: /home/catcyber02/Mobile-Robots-2026-1/install/gazebo_envs/share/gazebo_envs/models/aws_robomaker_warehouse_ShelfD_01/materials/textures/aws_robomaker_warehouse_ShelfD_01.png
[0.836s] -- Up-to-date: /home/catcyber02/Mobile-Robots-2026-1/install/gazebo_envs/share/gazebo_envs/models/aws_robomaker_warehouse_ShelfD_01/model.sdf
[0.837s] -- Up-to-date: /home/catcyber02/Mobile-Robots-2026-1/install/gazebo_envs/share/gazebo_envs/models/aws_robomaker_warehouse_ShelfD_01/meshes
[0.837s] -- Up-to-date: /home/catcyber02/Mobile-Robots-2026-1/install/gazebo_envs/share/gazebo_envs/models/aws_robomaker_warehouse_ShelfD_01/meshes/aws_robomaker_warehouse_ShelfD_01_collision.DAE
[0.837s] -- Up-to-date: /home/catcyber02/Mobile-Robots-2026-1/install/gazebo_envs/share/gazebo_envs/models/aws_robomaker_warehouse_ShelfD_01/meshes/aws_robomaker_warehouse_ShelfD_01_visual.DAE
[0.837s] -- Up-to-date: /home/catcyber02/Mobile-Robots-2026-1/install/gazebo_envs/share/gazebo_envs/models/aws_robomaker_residential_CookingBench_01
[0.838s] -- Up-to-date: /home/catcyber02/Mobile-Robots-2026-1/install/gazebo_envs/share/gazebo_envs/models/aws_robomaker_residential_CookingBench_01/model.config
[0.838s] -- Up-to-date: /home/catcyber02/Mobile-Robots-2026-1/install/gazebo_envs/share/gazebo_envs/models/aws_robomaker_residential_CookingBench_01/materials
[0.838s] -- Up-to-date: /home/catcyber02/Mobile-Robots-2026-1/install/gazebo_envs/share/gazebo_envs/models/aws_robomaker_residential_CookingBench_01/materials/textures
[0.838s] -- Up-to-date: /home/catcyber02/Mobile-Robots-2026-1/install/gazebo_envs/share/gazebo_envs/models/aws_robomaker_residential_CookingBench_01/materials/textures/aws_CookingBench_01.png
[0.838s] -- Up-to-date: /home/catcyber02/Mobile-Robots-2026-1/install/gazebo_envs/share/gazebo_envs/models/aws_robomaker_residential_CookingBench_01/model.sdf
[0.839s] -- Up-to-date: /home/catcyber02/Mobile-Robots-2026-1/install/gazebo_envs/share/gazebo_envs/models/aws_robomaker_residential_CookingBench_01/meshes
[0.839s] -- Up-to-date: /home/catcyber02/Mobile-Robots-2026-1/install/gazebo_envs/share/gazebo_envs/models/aws_robomaker_residential_CookingBench_01/meshes/aws_CookingBench_01_visual.DAE
[0.839s] -- Up-to-date: /home/catcyber02/Mobile-Robots-2026-1/install/gazebo_envs/share/gazebo_envs/models/aws_robomaker_residential_CookingBench_01/meshes/aws_CookingBench_01.DAE
[0.839s] -- Up-to-date: /home/catcyber02/Mobile-Robots-2026-1/install/gazebo_envs/share/gazebo_envs/models/aws_robomaker_residential_CookingBench_01/meshes/aws_CookingBench_01_collision.DAE
[0.840s] -- Up-to-date: /home/catcyber02/Mobile-Robots-2026-1/install/gazebo_envs/share/gazebo_envs/models/aws_robomaker_residential_SecurityCamera_01
[0.840s] -- Up-to-date: /home/catcyber02/Mobile-Robots-2026-1/install/gazebo_envs/share/gazebo_envs/models/aws_robomaker_residential_SecurityCamera_01/model.config
[0.840s] -- Up-to-date: /home/catcyber02/Mobile-Robots-2026-1/install/gazebo_envs/share/gazebo_envs/models/aws_robomaker_residential_SecurityCamera_01/materials
[0.840s] -- Up-to-date: /home/catcyber02/Mobile-Robots-2026-1/install/gazebo_envs/share/gazebo_envs/models/aws_robomaker_residential_SecurityCamera_01/materials/textures
[0.840s] -- Up-to-date: /home/catcyber02/Mobile-Robots-2026-1/install/gazebo_envs/share/gazebo_envs/models/aws_robomaker_residential_SecurityCamera_01/materials/textures/aws_SecurityCamera_01.png
[0.841s] -- Up-to-date: /home/catcyber02/Mobile-Robots-2026-1/install/gazebo_envs/share/gazebo_envs/models/aws_robomaker_residential_SecurityCamera_01/model.sdf
[0.841s] -- Up-to-date: /home/catcyber02/Mobile-Robots-2026-1/install/gazebo_envs/share/gazebo_envs/models/aws_robomaker_residential_SecurityCamera_01/meshes
[0.841s] -- Up-to-date: /home/catcyber02/Mobile-Robots-2026-1/install/gazebo_envs/share/gazebo_envs/models/aws_robomaker_residential_SecurityCamera_01/meshes/aws_SecurityCamera_01_visual.DAE
[0.841s] -- Up-to-date: /home/catcyber02/Mobile-Robots-2026-1/install/gazebo_envs/share/gazebo_envs/models/aws_robomaker_residential_SecurityCamera_01/meshes/aws_SecurityCamera_01_collision.DAE
[0.841s] -- Up-to-date: /home/catcyber02/Mobile-Robots-2026-1/install/gazebo_envs/share/gazebo_envs/models/aws_robomaker_residential_RoomCeiling_01
[0.842s] -- Up-to-date: /home/catcyber02/Mobile-Robots-2026-1/install/gazebo_envs/share/gazebo_envs/models/aws_robomaker_residential_RoomCeiling_01/model.config
[0.842s] -- Up-to-date: /home/catcyber02/Mobile-Robots-2026-1/install/gazebo_envs/share/gazebo_envs/models/aws_robomaker_residential_RoomCeiling_01/materials
[0.842s] -- Up-to-date: /home/catcyber02/Mobile-Robots-2026-1/install/gazebo_envs/share/gazebo_envs/models/aws_robomaker_residential_RoomCeiling_01/materials/textures
[0.843s] -- Up-to-date: /home/catcyber02/Mobile-Robots-2026-1/install/gazebo_envs/share/gazebo_envs/models/aws_robomaker_residential_RoomCeiling_01/materials/textures/aws_RoomCeiling_01.png
[0.843s] -- Up-to-date: /home/catcyber02/Mobile-Robots-2026-1/install/gazebo_envs/share/gazebo_envs/models/aws_robomaker_residential_RoomCeiling_01/model.sdf
[0.844s] -- Up-to-date: /home/catcyber02/Mobile-Robots-2026-1/install/gazebo_envs/share/gazebo_envs/models/aws_robomaker_residential_RoomCeiling_01/meshes
[0.845s] -- Up-to-date: /home/catcyber02/Mobile-Robots-2026-1/install/gazebo_envs/share/gazebo_envs/models/aws_robomaker_residential_RoomCeiling_01/meshes/aws_RoomCeiling_01_visual.DAE
[0.849s] -- Up-to-date: /home/catcyber02/Mobile-Robots-2026-1/install/gazebo_envs/share/gazebo_envs/models/aws_robomaker_residential_RoomCeiling_01/meshes/aws_RoomCeiling_01_collision.DAE
[0.850s] -- Up-to-date: /home/catcyber02/Mobile-Robots-2026-1/install/gazebo_envs/share/gazebo_envs/models/aws_robomaker_residential_ChairA_01
[0.850s] -- Up-to-date: /home/catcyber02/Mobile-Robots-2026-1/install/gazebo_envs/share/gazebo_envs/models/aws_robomaker_residential_ChairA_01/model.config
[0.850s] -- Up-to-date: /home/catcyber02/Mobile-Robots-2026-1/install/gazebo_envs/share/gazebo_envs/models/aws_robomaker_residential_ChairA_01/materials
[0.850s] -- Up-to-date: /home/catcyber02/Mobile-Robots-2026-1/install/gazebo_envs/share/gazebo_envs/models/aws_robomaker_residential_ChairA_01/materials/textures
[0.850s] -- Up-to-date: /home/catcyber02/Mobile-Robots-2026-1/install/gazebo_envs/share/gazebo_envs/models/aws_robomaker_residential_ChairA_01/materials/textures/aws_ChairA_01.png
[0.851s] -- Up-to-date: /home/catcyber02/Mobile-Robots-2026-1/install/gazebo_envs/share/gazebo_envs/models/aws_robomaker_residential_ChairA_01/model.sdf
[0.851s] -- Up-to-date: /home/catcyber02/Mobile-Robots-2026-1/install/gazebo_envs/share/gazebo_envs/models/aws_robomaker_residential_ChairA_01/meshes
[0.851s] -- Up-to-date: /home/catcyber02/Mobile-Robots-2026-1/install/gazebo_envs/share/gazebo_envs/models/aws_robomaker_residential_ChairA_01/meshes/aws_ChairA_01_collision.DAE
[0.851s] -- Up-to-date: /home/catcyber02/Mobile-Robots-2026-1/install/gazebo_envs/share/gazebo_envs/models/aws_robomaker_residential_ChairA_01/meshes/aws_ChairA_01_visual.DAE
[0.852s] -- Up-to-date: /home/catcyber02/Mobile-Robots-2026-1/install/gazebo_envs/share/gazebo_envs/models/aws_robomaker_residential_Carpet_01
[0.852s] -- Up-to-date: /home/catcyber02/Mobile-Robots-2026-1/install/gazebo_envs/share/gazebo_envs/models/aws_robomaker_residential_Carpet_01/model.config
[0.852s] -- Up-to-date: /home/catcyber02/Mobile-Robots-2026-1/install/gazebo_envs/share/gazebo_envs/models/aws_robomaker_residential_Carpet_01/materials
[0.852s] -- Up-to-date: /home/catcyber02/Mobile-Robots-2026-1/install/gazebo_envs/share/gazebo_envs/models/aws_robomaker_residential_Carpet_01/materials/textures
[0.853s] -- Up-to-date: /home/catcyber02/Mobile-Robots-2026-1/install/gazebo_envs/share/gazebo_envs/models/aws_robomaker_residential_Carpet_01/materials/textures/aws_Carpet_01.png
[0.853s] -- Up-to-date: /home/catcyber02/Mobile-Robots-2026-1/install/gazebo_envs/share/gazebo_envs/models/aws_robomaker_residential_Carpet_01/model.sdf
[0.853s] -- Up-to-date: /home/catcyber02/Mobile-Robots-2026-1/install/gazebo_envs/share/gazebo_envs/models/aws_robomaker_residential_Carpet_01/meshes
[0.854s] -- Up-to-date: /home/catcyber02/Mobile-Robots-2026-1/install/gazebo_envs/share/gazebo_envs/models/aws_robomaker_residential_Carpet_01/meshes/aws_Carpet_01_visual.DAE
[0.854s] -- Up-to-date: /home/catcyber02/Mobile-Robots-2026-1/install/gazebo_envs/share/gazebo_envs/models/aws_robomaker_residential_Carpet_01/meshes/aws_Carpet_01_collision.DAE
[0.854s] -- Up-to-date: /home/catcyber02/Mobile-Robots-2026-1/install/gazebo_envs/share/gazebo_envs/models/aws_robomaker_residential_ShoeRack_01
[0.854s] -- Up-to-date: /home/catcyber02/Mobile-Robots-2026-1/install/gazebo_envs/share/gazebo_envs/models/aws_robomaker_residential_ShoeRack_01/model.config
[0.854s] -- Up-to-date: /home/catcyber02/Mobile-Robots-2026-1/install/gazebo_envs/share/gazebo_envs/models/aws_robomaker_residential_ShoeRack_01/materials
[0.855s] -- Up-to-date: /home/catcyber02/Mobile-Robots-2026-1/install/gazebo_envs/share/gazebo_envs/models/aws_robomaker_residential_ShoeRack_01/materials/textures
[0.855s] -- Up-to-date: /home/catcyber02/Mobile-Robots-2026-1/install/gazebo_envs/share/gazebo_envs/models/aws_robomaker_residential_ShoeRack_01/materials/textures/aws_ShoeRack_01.png
[0.855s] -- Up-to-date: /home/catcyber02/Mobile-Robots-2026-1/install/gazebo_envs/share/gazebo_envs/models/aws_robomaker_residential_ShoeRack_01/model.sdf
[0.856s] -- Up-to-date: /home/catcyber02/Mobile-Robots-2026-1/install/gazebo_envs/share/gazebo_envs/models/aws_robomaker_residential_ShoeRack_01/meshes
[0.856s] -- Up-to-date: /home/catcyber02/Mobile-Robots-2026-1/install/gazebo_envs/share/gazebo_envs/models/aws_robomaker_residential_ShoeRack_01/meshes/aws_ShoeRack_01_visual.DAE
[0.856s] -- Up-to-date: /home/catcyber02/Mobile-Robots-2026-1/install/gazebo_envs/share/gazebo_envs/models/aws_robomaker_residential_ShoeRack_01/meshes/aws_ShoeRack_01_collision.DAE
[0.856s] -- Up-to-date: /home/catcyber02/Mobile-Robots-2026-1/install/gazebo_envs/share/gazebo_envs/models/aws_robomaker_residential_PortraitE_02
[0.857s] -- Up-to-date: /home/catcyber02/Mobile-Robots-2026-1/install/gazebo_envs/share/gazebo_envs/models/aws_robomaker_residential_PortraitE_02/model.config
[0.857s] -- Up-to-date: /home/catcyber02/Mobile-Robots-2026-1/install/gazebo_envs/share/gazebo_envs/models/aws_robomaker_residential_PortraitE_02/materials
[0.857s] -- Up-to-date: /home/catcyber02/Mobile-Robots-2026-1/install/gazebo_envs/share/gazebo_envs/models/aws_robomaker_residential_PortraitE_02/materials/textures
[0.857s] -- Up-to-date: /home/catcyber02/Mobile-Robots-2026-1/install/gazebo_envs/share/gazebo_envs/models/aws_robomaker_residential_PortraitE_02/materials/textures/aws_PortraitE_02.png
[0.857s] -- Up-to-date: /home/catcyber02/Mobile-Robots-2026-1/install/gazebo_envs/share/gazebo_envs/models/aws_robomaker_residential_PortraitE_02/materials/textures/aws_PortraitE_01.png
[0.858s] -- Up-to-date: /home/catcyber02/Mobile-Robots-2026-1/install/gazebo_envs/share/gazebo_envs/models/aws_robomaker_residential_PortraitE_02/materials/textures/PortraitE_02.jpg
[0.858s] -- Up-to-date: /home/catcyber02/Mobile-Robots-2026-1/install/gazebo_envs/share/gazebo_envs/models/aws_robomaker_residential_PortraitE_02/model.sdf
[0.858s] -- Up-to-date: /home/catcyber02/Mobile-Robots-2026-1/install/gazebo_envs/share/gazebo_envs/models/aws_robomaker_residential_PortraitE_02/meshes
[0.858s] -- Up-to-date: /home/catcyber02/Mobile-Robots-2026-1/install/gazebo_envs/share/gazebo_envs/models/aws_robomaker_residential_PortraitE_02/meshes/aws_PortraitE_01_visual.DAE
[0.858s] -- Up-to-date: /home/catcyber02/Mobile-Robots-2026-1/install/gazebo_envs/share/gazebo_envs/models/aws_robomaker_residential_PortraitE_02/meshes/aws_PortraitE_01_collision.DAE
[0.858s] -- Up-to-date: /home/catcyber02/Mobile-Robots-2026-1/install/gazebo_envs/share/gazebo_envs/models/aws_robomaker_residential_TV_01
[0.858s] -- Up-to-date: /home/catcyber02/Mobile-Robots-2026-1/install/gazebo_envs/share/gazebo_envs/models/aws_robomaker_residential_TV_01/model.config
[0.859s] -- Up-to-date: /home/catcyber02/Mobile-Robots-2026-1/install/gazebo_envs/share/gazebo_envs/models/aws_robomaker_residential_TV_01/materials
[0.859s] -- Up-to-date: /home/catcyber02/Mobile-Robots-2026-1/install/gazebo_envs/share/gazebo_envs/models/aws_robomaker_residential_TV_01/materials/textures
[0.859s] -- Up-to-date: /home/catcyber02/Mobile-Robots-2026-1/install/gazebo_envs/share/gazebo_envs/models/aws_robomaker_residential_TV_01/materials/textures/aws_TV_01.png
[0.859s] -- Up-to-date: /home/catcyber02/Mobile-Robots-2026-1/install/gazebo_envs/share/gazebo_envs/models/aws_robomaker_residential_TV_01/model.sdf
[0.859s] -- Up-to-date: /home/catcyber02/Mobile-Robots-2026-1/install/gazebo_envs/share/gazebo_envs/models/aws_robomaker_residential_TV_01/meshes
[0.860s] -- Up-to-date: /home/catcyber02/Mobile-Robots-2026-1/install/gazebo_envs/share/gazebo_envs/models/aws_robomaker_residential_TV_01/meshes/aws_TV_01_collision.DAE
[0.860s] -- Up-to-date: /home/catcyber02/Mobile-Robots-2026-1/install/gazebo_envs/share/gazebo_envs/models/aws_robomaker_residential_TV_01/meshes/aws_TV_01_visual.DAE
[0.860s] -- Up-to-date: /home/catcyber02/Mobile-Robots-2026-1/install/gazebo_envs/share/gazebo_envs/models/aws_robomaker_residential_DeskPortraitD_02
[0.860s] -- Up-to-date: /home/catcyber02/Mobile-Robots-2026-1/install/gazebo_envs/share/gazebo_envs/models/aws_robomaker_residential_DeskPortraitD_02/model.config
[0.860s] -- Up-to-date: /home/catcyber02/Mobile-Robots-2026-1/install/gazebo_envs/share/gazebo_envs/models/aws_robomaker_residential_DeskPortraitD_02/materials
[0.860s] -- Up-to-date: /home/catcyber02/Mobile-Robots-2026-1/install/gazebo_envs/share/gazebo_envs/models/aws_robomaker_residential_DeskPortraitD_02/materials/textures
[0.860s] -- Up-to-date: /home/catcyber02/Mobile-Robots-2026-1/install/gazebo_envs/share/gazebo_envs/models/aws_robomaker_residential_DeskPortraitD_02/materials/textures/aws_DeskPortraitD_02.png
[0.861s] -- Up-to-date: /home/catcyber02/Mobile-Robots-2026-1/install/gazebo_envs/share/gazebo_envs/models/aws_robomaker_residential_DeskPortraitD_02/materials/textures/DeskPortraitD_02.jpg
[0.861s] -- Up-to-date: /home/catcyber02/Mobile-Robots-2026-1/install/gazebo_envs/share/gazebo_envs/models/aws_robomaker_residential_DeskPortraitD_02/materials/textures/aws_DeskPortraitD_01.png
[0.861s] -- Up-to-date: /home/catcyber02/Mobile-Robots-2026-1/install/gazebo_envs/share/gazebo_envs/models/aws_robomaker_residential_DeskPortraitD_02/model.sdf
[0.861s] -- Up-to-date: /home/catcyber02/Mobile-Robots-2026-1/install/gazebo_envs/share/gazebo_envs/models/aws_robomaker_residential_DeskPortraitD_02/meshes
[0.861s] -- Up-to-date: /home/catcyber02/Mobile-Robots-2026-1/install/gazebo_envs/share/gazebo_envs/models/aws_robomaker_residential_DeskPortraitD_02/meshes/aws_DeskPortraitD_01_collision.DAE
[0.861s] -- Up-to-date: /home/catcyber02/Mobile-Robots-2026-1/install/gazebo_envs/share/gazebo_envs/models/aws_robomaker_residential_DeskPortraitD_02/meshes/aws_DeskPortraitD_01_visual.DAE
[0.862s] -- Up-to-date: /home/catcyber02/Mobile-Robots-2026-1/install/gazebo_envs/share/gazebo_envs/models/aws_robomaker_residential_Curtain_01
[0.862s] -- Up-to-date: /home/catcyber02/Mobile-Robots-2026-1/install/gazebo_envs/share/gazebo_envs/models/aws_robomaker_residential_Curtain_01/model.config
[0.862s] -- Up-to-date: /home/catcyber02/Mobile-Robots-2026-1/install/gazebo_envs/share/gazebo_envs/models/aws_robomaker_residential_Curtain_01/materials
[0.862s] -- Up-to-date: /home/catcyber02/Mobile-Robots-2026-1/install/gazebo_envs/share/gazebo_envs/models/aws_robomaker_residential_Curtain_01/materials/textures
[0.862s] -- Up-to-date: /home/catcyber02/Mobile-Robots-2026-1/install/gazebo_envs/share/gazebo_envs/models/aws_robomaker_residential_Curtain_01/materials/textures/aws_Curtain_01.png
[0.862s] -- Up-to-date: /home/catcyber02/Mobile-Robots-2026-1/install/gazebo_envs/share/gazebo_envs/models/aws_robomaker_residential_Curtain_01/model.sdf
[0.863s] -- Up-to-date: /home/catcyber02/Mobile-Robots-2026-1/install/gazebo_envs/share/gazebo_envs/models/aws_robomaker_residential_Curtain_01/meshes
[0.863s] -- Up-to-date: /home/catcyber02/Mobile-Robots-2026-1/install/gazebo_envs/share/gazebo_envs/models/aws_robomaker_residential_Curtain_01/meshes/aws_Curtain_01_visual.DAE
[0.863s] -- Up-to-date: /home/catcyber02/Mobile-Robots-2026-1/install/gazebo_envs/share/gazebo_envs/models/aws_robomaker_residential_Curtain_01/meshes/aws_Curtain_01_collision.DAE
[0.863s] -- Up-to-date: /home/catcyber02/Mobile-Robots-2026-1/install/gazebo_envs/share/gazebo_envs/models/aws_robomaker_residential_Board_01
[0.863s] -- Up-to-date: /home/catcyber02/Mobile-Robots-2026-1/install/gazebo_envs/share/gazebo_envs/models/aws_robomaker_residential_Board_01/model.config
[0.863s] -- Up-to-date: /home/catcyber02/Mobile-Robots-2026-1/install/gazebo_envs/share/gazebo_envs/models/aws_robomaker_residential_Board_01/materials
[0.864s] -- Up-to-date: /home/catcyber02/Mobile-Robots-2026-1/install/gazebo_envs/share/gazebo_envs/models/aws_robomaker_residential_Board_01/materials/textures
[0.864s] -- Up-to-date: /home/catcyber02/Mobile-Robots-2026-1/install/gazebo_envs/share/gazebo_envs/models/aws_robomaker_residential_Board_01/materials/textures/aws_Board_01.png
[0.864s] -- Up-to-date: /home/catcyber02/Mobile-Robots-2026-1/install/gazebo_envs/share/gazebo_envs/models/aws_robomaker_residential_Board_01/model.sdf
[0.864s] -- Up-to-date: /home/catcyber02/Mobile-Robots-2026-1/install/gazebo_envs/share/gazebo_envs/models/aws_robomaker_residential_Board_01/meshes
[0.864s] -- Up-to-date: /home/catcyber02/Mobile-Robots-2026-1/install/gazebo_envs/share/gazebo_envs/models/aws_robomaker_residential_Board_01/meshes/aws_Board_01_collision.DAE
[0.865s] -- Up-to-date: /home/catcyber02/Mobile-Robots-2026-1/install/gazebo_envs/share/gazebo_envs/models/aws_robomaker_residential_Board_01/meshes/aws_Board_01_visual.DAE
[0.865s] -- Up-to-date: /home/catcyber02/Mobile-Robots-2026-1/install/gazebo_envs/share/gazebo_envs/models/aws_robomaker_residential_Bed_01
[0.865s] -- Up-to-date: /home/catcyber02/Mobile-Robots-2026-1/install/gazebo_envs/share/gazebo_envs/models/aws_robomaker_residential_Bed_01/model.config
[0.866s] -- Up-to-date: /home/catcyber02/Mobile-Robots-2026-1/install/gazebo_envs/share/gazebo_envs/models/aws_robomaker_residential_Bed_01/materials
[0.866s] -- Up-to-date: /home/catcyber02/Mobile-Robots-2026-1/install/gazebo_envs/share/gazebo_envs/models/aws_robomaker_residential_Bed_01/materials/textures
[0.866s] -- Up-to-date: /home/catcyber02/Mobile-Robots-2026-1/install/gazebo_envs/share/gazebo_envs/models/aws_robomaker_residential_Bed_01/materials/textures/aws_BedB_01.png
[0.866s] -- Up-to-date: /home/catcyber02/Mobile-Robots-2026-1/install/gazebo_envs/share/gazebo_envs/models/aws_robomaker_residential_Bed_01/materials/textures/aws_BedA_01.png
[0.867s] -- Up-to-date: /home/catcyber02/Mobile-Robots-2026-1/install/gazebo_envs/share/gazebo_envs/models/aws_robomaker_residential_Bed_01/materials/textures/aws_Bed_01.png
[0.867s] -- Up-to-date: /home/catcyber02/Mobile-Robots-2026-1/install/gazebo_envs/share/gazebo_envs/models/aws_robomaker_residential_Bed_01/materials/textures/aws_BedC_01.png
[0.867s] -- Up-to-date: /home/catcyber02/Mobile-Robots-2026-1/install/gazebo_envs/share/gazebo_envs/models/aws_robomaker_residential_Bed_01/model.sdf
[0.867s] -- Up-to-date: /home/catcyber02/Mobile-Robots-2026-1/install/gazebo_envs/share/gazebo_envs/models/aws_robomaker_residential_Bed_01/meshes
[0.867s] -- Up-to-date: /home/catcyber02/Mobile-Robots-2026-1/install/gazebo_envs/share/gazebo_envs/models/aws_robomaker_residential_Bed_01/meshes/aws_Bed_01_visual.DAE
[0.868s] -- Up-to-date: /home/catcyber02/Mobile-Robots-2026-1/install/gazebo_envs/share/gazebo_envs/models/aws_robomaker_residential_Bed_01/meshes/aws_Bed_01_collision.DAE
[0.868s] -- Up-to-date: /home/catcyber02/Mobile-Robots-2026-1/install/gazebo_envs/share/gazebo_envs/models/aws_robomaker_residential_DeskPortraitB_01
[0.868s] -- Up-to-date: /home/catcyber02/Mobile-Robots-2026-1/install/gazebo_envs/share/gazebo_envs/models/aws_robomaker_residential_DeskPortraitB_01/model.config
[0.868s] -- Up-to-date: /home/catcyber02/Mobile-Robots-2026-1/install/gazebo_envs/share/gazebo_envs/models/aws_robomaker_residential_DeskPortraitB_01/materials
[0.868s] -- Up-to-date: /home/catcyber02/Mobile-Robots-2026-1/install/gazebo_envs/share/gazebo_envs/models/aws_robomaker_residential_DeskPortraitB_01/materials/textures
[0.868s] -- Up-to-date: /home/catcyber02/Mobile-Robots-2026-1/install/gazebo_envs/share/gazebo_envs/models/aws_robomaker_residential_DeskPortraitB_01/materials/textures/aws_DeskPortraitB_02.png
[0.869s] -- Up-to-date: /home/catcyber02/Mobile-Robots-2026-1/install/gazebo_envs/share/gazebo_envs/models/aws_robomaker_residential_DeskPortraitB_01/materials/textures/aws_DeskPortraitB_01.png
[0.869s] -- Up-to-date: /home/catcyber02/Mobile-Robots-2026-1/install/gazebo_envs/share/gazebo_envs/models/aws_robomaker_residential_DeskPortraitB_01/materials/textures/DeskPortraitB_01.jpg
[0.869s] -- Up-to-date: /home/catcyber02/Mobile-Robots-2026-1/install/gazebo_envs/share/gazebo_envs/models/aws_robomaker_residential_DeskPortraitB_01/model.sdf
[0.869s] -- Up-to-date: /home/catcyber02/Mobile-Robots-2026-1/install/gazebo_envs/share/gazebo_envs/models/aws_robomaker_residential_DeskPortraitB_01/meshes
[0.869s] -- Up-to-date: /home/catcyber02/Mobile-Robots-2026-1/install/gazebo_envs/share/gazebo_envs/models/aws_robomaker_residential_DeskPortraitB_01/meshes/aws_DeskPortraitB_01_visual.DAE
[0.870s] -- Up-to-date: /home/catcyber02/Mobile-Robots-2026-1/install/gazebo_envs/share/gazebo_envs/models/aws_robomaker_residential_DeskPortraitB_01/meshes/aws_DeskPortraitB_01_collision.DAE
[0.870s] -- Up-to-date: /home/catcyber02/Mobile-Robots-2026-1/install/gazebo_envs/share/gazebo_envs/models/sun
[0.870s] -- Up-to-date: /home/catcyber02/Mobile-Robots-2026-1/install/gazebo_envs/share/gazebo_envs/models/sun/model.config
[0.870s] -- Up-to-date: /home/catcyber02/Mobile-Robots-2026-1/install/gazebo_envs/share/gazebo_envs/models/sun/model-1_3.sdf
[0.870s] -- Up-to-date: /home/catcyber02/Mobile-Robots-2026-1/install/gazebo_envs/share/gazebo_envs/models/sun/model-1_2.sdf
[0.870s] -- Up-to-date: /home/catcyber02/Mobile-Robots-2026-1/install/gazebo_envs/share/gazebo_envs/models/sun/model.sdf
[0.870s] -- Up-to-date: /home/catcyber02/Mobile-Robots-2026-1/install/gazebo_envs/share/gazebo_envs/models/sun/model-1_4.sdf
[0.871s] -- Up-to-date: /home/catcyber02/Mobile-Robots-2026-1/install/gazebo_envs/share/gazebo_envs/models/aws_robomaker_warehouse_PalletJackB_01
[0.871s] -- Up-to-date: /home/catcyber02/Mobile-Robots-2026-1/install/gazebo_envs/share/gazebo_envs/models/aws_robomaker_warehouse_PalletJackB_01/.DS_Store
[0.871s] -- Up-to-date: /home/catcyber02/Mobile-Robots-2026-1/install/gazebo_envs/share/gazebo_envs/models/aws_robomaker_warehouse_PalletJackB_01/model.config
[0.871s] -- Up-to-date: /home/catcyber02/Mobile-Robots-2026-1/install/gazebo_envs/share/gazebo_envs/models/aws_robomaker_warehouse_PalletJackB_01/materials
[0.871s] -- Up-to-date: /home/catcyber02/Mobile-Robots-2026-1/install/gazebo_envs/share/gazebo_envs/models/aws_robomaker_warehouse_PalletJackB_01/materials/.DS_Store
[0.872s] -- Up-to-date: /home/catcyber02/Mobile-Robots-2026-1/install/gazebo_envs/share/gazebo_envs/models/aws_robomaker_warehouse_PalletJackB_01/materials/textures
[0.872s] -- Up-to-date: /home/catcyber02/Mobile-Robots-2026-1/install/gazebo_envs/share/gazebo_envs/models/aws_robomaker_warehouse_PalletJackB_01/materials/textures/aws_robomaker_warehouse_PalletJackB_02.png
[0.872s] -- Up-to-date: /home/catcyber02/Mobile-Robots-2026-1/install/gazebo_envs/share/gazebo_envs/models/aws_robomaker_warehouse_PalletJackB_01/materials/textures/aws_robomaker_warehouse_PalletJackB_01.png
[0.872s] -- Up-to-date: /home/catcyber02/Mobile-Robots-2026-1/install/gazebo_envs/share/gazebo_envs/models/aws_robomaker_warehouse_PalletJackB_01/model.sdf
[0.872s] -- Up-to-date: /home/catcyber02/Mobile-Robots-2026-1/install/gazebo_envs/share/gazebo_envs/models/aws_robomaker_warehouse_PalletJackB_01/meshes
[0.872s] -- Up-to-date: /home/catcyber02/Mobile-Robots-2026-1/install/gazebo_envs/share/gazebo_envs/models/aws_robomaker_warehouse_PalletJackB_01/meshes/aws_robomaker_warehouse_PalletJackB_01_visual.DAE
[0.872s] -- Up-to-date: /home/catcyber02/Mobile-Robots-2026-1/install/gazebo_envs/share/gazebo_envs/models/aws_robomaker_warehouse_PalletJackB_01/meshes/aws_robomaker_warehouse_PalletJackB_01_collision.DAE
[0.873s] -- Up-to-date: /home/catcyber02/Mobile-Robots-2026-1/install/gazebo_envs/share/gazebo_envs/models/Apriltag36_11_00000
[0.873s] -- Up-to-date: /home/catcyber02/Mobile-Robots-2026-1/install/gazebo_envs/share/gazebo_envs/models/Apriltag36_11_00000/model.config
[0.873s] -- Up-to-date: /home/catcyber02/Mobile-Robots-2026-1/install/gazebo_envs/share/gazebo_envs/models/Apriltag36_11_00000/materials
[0.873s] -- Up-to-date: /home/catcyber02/Mobile-Robots-2026-1/install/gazebo_envs/share/gazebo_envs/models/Apriltag36_11_00000/materials/textures
[0.873s] -- Up-to-date: /home/catcyber02/Mobile-Robots-2026-1/install/gazebo_envs/share/gazebo_envs/models/Apriltag36_11_00000/materials/textures/tag36_11_00000.png
[0.873s] -- Up-to-date: /home/catcyber02/Mobile-Robots-2026-1/install/gazebo_envs/share/gazebo_envs/models/Apriltag36_11_00000/model.sdf
[0.874s] -- Up-to-date: /home/catcyber02/Mobile-Robots-2026-1/install/gazebo_envs/share/gazebo_envs/models/Apriltag36_11_00000/meshes
[0.874s] -- Up-to-date: /home/catcyber02/Mobile-Robots-2026-1/install/gazebo_envs/share/gazebo_envs/models/Apriltag36_11_00000/meshes/tag36_11_00000.dae
[0.874s] -- Up-to-date: /home/catcyber02/Mobile-Robots-2026-1/install/gazebo_envs/share/gazebo_envs/models/aws_robomaker_residential_Refrigerator_01
[0.874s] -- Up-to-date: /home/catcyber02/Mobile-Robots-2026-1/install/gazebo_envs/share/gazebo_envs/models/aws_robomaker_residential_Refrigerator_01/model.config
[0.874s] -- Up-to-date: /home/catcyber02/Mobile-Robots-2026-1/install/gazebo_envs/share/gazebo_envs/models/aws_robomaker_residential_Refrigerator_01/materials
[0.875s] -- Up-to-date: /home/catcyber02/Mobile-Robots-2026-1/install/gazebo_envs/share/gazebo_envs/models/aws_robomaker_residential_Refrigerator_01/materials/textures
[0.875s] -- Up-to-date: /home/catcyber02/Mobile-Robots-2026-1/install/gazebo_envs/share/gazebo_envs/models/aws_robomaker_residential_Refrigerator_01/materials/textures/aws_Refrigerator_02.png
[0.875s] -- Up-to-date: /home/catcyber02/Mobile-Robots-2026-1/install/gazebo_envs/share/gazebo_envs/models/aws_robomaker_residential_Refrigerator_01/materials/textures/aws_Refrigerator_01.png
[0.875s] -- Up-to-date: /home/catcyber02/Mobile-Robots-2026-1/install/gazebo_envs/share/gazebo_envs/models/aws_robomaker_residential_Refrigerator_01/model.sdf
[0.875s] -- Up-to-date: /home/catcyber02/Mobile-Robots-2026-1/install/gazebo_envs/share/gazebo_envs/models/aws_robomaker_residential_Refrigerator_01/meshes
[0.876s] -- Up-to-date: /home/catcyber02/Mobile-Robots-2026-1/install/gazebo_envs/share/gazebo_envs/models/aws_robomaker_residential_Refrigerator_01/meshes/aws_Refrigerator_01.DAE
[0.876s] -- Up-to-date: /home/catcyber02/Mobile-Robots-2026-1/install/gazebo_envs/share/gazebo_envs/models/aws_robomaker_residential_Refrigerator_01/meshes/aws_Refrigerator_01_visual.DAE
[0.876s] -- Up-to-date: /home/catcyber02/Mobile-Robots-2026-1/install/gazebo_envs/share/gazebo_envs/models/aws_robomaker_residential_Refrigerator_01/meshes/aws_Refrigerator_01_collision.DAE
[0.876s] -- Up-to-date: /home/catcyber02/Mobile-Robots-2026-1/install/gazebo_envs/share/gazebo_envs/models/cafe_counter
[0.876s] -- Up-to-date: /home/catcyber02/Mobile-Robots-2026-1/install/gazebo_envs/share/gazebo_envs/models/cafe_counter/model.config
[0.876s] -- Up-to-date: /home/catcyber02/Mobile-Robots-2026-1/install/gazebo_envs/share/gazebo_envs/models/cafe_counter/materials
[0.877s] -- Up-to-date: /home/catcyber02/Mobile-Robots-2026-1/install/gazebo_envs/share/gazebo_envs/models/cafe_counter/materials/textures
[0.877s] -- Up-to-date: /home/catcyber02/Mobile-Robots-2026-1/install/gazebo_envs/share/gazebo_envs/models/cafe_counter/materials/textures/cafe_counter.png
[0.877s] -- Up-to-date: /home/catcyber02/Mobile-Robots-2026-1/install/gazebo_envs/share/gazebo_envs/models/cafe_counter/model.sdf
[0.878s] -- Up-to-date: /home/catcyber02/Mobile-Robots-2026-1/install/gazebo_envs/share/gazebo_envs/models/cafe_counter/meshes
[0.878s] -- Up-to-date: /home/catcyber02/Mobile-Robots-2026-1/install/gazebo_envs/share/gazebo_envs/models/cafe_counter/meshes/cafe_counter.mtl
[0.878s] -- Up-to-date: /home/catcyber02/Mobile-Robots-2026-1/install/gazebo_envs/share/gazebo_envs/models/cafe_counter/meshes/counter_sink.obj
[0.878s] -- Up-to-date: /home/catcyber02/Mobile-Robots-2026-1/install/gazebo_envs/share/gazebo_envs/models/cafe_counter/meshes/cafe_counter.obj
[0.878s] -- Up-to-date: /home/catcyber02/Mobile-Robots-2026-1/install/gazebo_envs/share/gazebo_envs/models/cafe_counter/meshes/counter_no_sink.obj
[0.879s] -- Up-to-date: /home/catcyber02/Mobile-Robots-2026-1/install/gazebo_envs/share/gazebo_envs/models/aws_robomaker_residential_ReadingDesk_01
[0.879s] -- Up-to-date: /home/catcyber02/Mobile-Robots-2026-1/install/gazebo_envs/share/gazebo_envs/models/aws_robomaker_residential_ReadingDesk_01/model.config
[0.879s] -- Up-to-date: /home/catcyber02/Mobile-Robots-2026-1/install/gazebo_envs/share/gazebo_envs/models/aws_robomaker_residential_ReadingDesk_01/materials
[0.879s] -- Up-to-date: /home/catcyber02/Mobile-Robots-2026-1/install/gazebo_envs/share/gazebo_envs/models/aws_robomaker_residential_ReadingDesk_01/materials/textures
[0.880s] -- Up-to-date: /home/catcyber02/Mobile-Robots-2026-1/install/gazebo_envs/share/gazebo_envs/models/aws_robomaker_residential_ReadingDesk_01/materials/textures/aws_ReadingDesk_01.png
[0.880s] -- Up-to-date: /home/catcyber02/Mobile-Robots-2026-1/install/gazebo_envs/share/gazebo_envs/models/aws_robomaker_residential_ReadingDesk_01/model.sdf
[0.881s] -- Up-to-date: /home/catcyber02/Mobile-Robots-2026-1/install/gazebo_envs/share/gazebo_envs/models/aws_robomaker_residential_ReadingDesk_01/meshes
[0.881s] -- Up-to-date: /home/catcyber02/Mobile-Robots-2026-1/install/gazebo_envs/share/gazebo_envs/models/aws_robomaker_residential_ReadingDesk_01/meshes/aws_ReadingDesk_01_collision.DAE
[0.881s] -- Up-to-date: /home/catcyber02/Mobile-Robots-2026-1/install/gazebo_envs/share/gazebo_envs/models/aws_robomaker_residential_ReadingDesk_01/meshes/aws_ReadingDesk_01_visual.DAE
[0.881s] -- Up-to-date: /home/catcyber02/Mobile-Robots-2026-1/install/gazebo_envs/share/gazebo_envs/models/aws_robomaker_residential_KitchenCabinet_01
[0.881s] -- Up-to-date: /home/catcyber02/Mobile-Robots-2026-1/install/gazebo_envs/share/gazebo_envs/models/aws_robomaker_residential_KitchenCabinet_01/model.config
[0.881s] -- Up-to-date: /home/catcyber02/Mobile-Robots-2026-1/install/gazebo_envs/share/gazebo_envs/models/aws_robomaker_residential_KitchenCabinet_01/materials
[0.882s] -- Up-to-date: /home/catcyber02/Mobile-Robots-2026-1/install/gazebo_envs/share/gazebo_envs/models/aws_robomaker_residential_KitchenCabinet_01/materials/textures
[0.882s] -- Up-to-date: /home/catcyber02/Mobile-Robots-2026-1/install/gazebo_envs/share/gazebo_envs/models/aws_robomaker_residential_KitchenCabinet_01/materials/textures/aws_KitchenCabinet_01.png
[0.882s] -- Up-to-date: /home/catcyber02/Mobile-Robots-2026-1/install/gazebo_envs/share/gazebo_envs/models/aws_robomaker_residential_KitchenCabinet_01/model.sdf
[0.882s] -- Up-to-date: /home/catcyber02/Mobile-Robots-2026-1/install/gazebo_envs/share/gazebo_envs/models/aws_robomaker_residential_KitchenCabinet_01/meshes
[0.882s] -- Up-to-date: /home/catcyber02/Mobile-Robots-2026-1/install/gazebo_envs/share/gazebo_envs/models/aws_robomaker_residential_KitchenCabinet_01/meshes/aws_KitchenCabinet_01_visual.DAE
[0.883s] -- Up-to-date: /home/catcyber02/Mobile-Robots-2026-1/install/gazebo_envs/share/gazebo_envs/models/aws_robomaker_residential_KitchenCabinet_01/meshes/aws_KitchenCabinet_01_collision.DAE
[0.883s] -- Up-to-date: /home/catcyber02/Mobile-Robots-2026-1/install/gazebo_envs/share/gazebo_envs/models/aws_robomaker_residential_LightC_01
[0.883s] -- Up-to-date: /home/catcyber02/Mobile-Robots-2026-1/install/gazebo_envs/share/gazebo_envs/models/aws_robomaker_residential_LightC_01/model.config
[0.883s] -- Up-to-date: /home/catcyber02/Mobile-Robots-2026-1/install/gazebo_envs/share/gazebo_envs/models/aws_robomaker_residential_LightC_01/materials
[0.883s] -- Up-to-date: /home/catcyber02/Mobile-Robots-2026-1/install/gazebo_envs/share/gazebo_envs/models/aws_robomaker_residential_LightC_01/materials/textures
[0.884s] -- Up-to-date: /home/catcyber02/Mobile-Robots-2026-1/install/gazebo_envs/share/gazebo_envs/models/aws_robomaker_residential_LightC_01/materials/textures/aws_LightC_01.png
[0.884s] -- Up-to-date: /home/catcyber02/Mobile-Robots-2026-1/install/gazebo_envs/share/gazebo_envs/models/aws_robomaker_residential_LightC_01/model.sdf
[0.884s] -- Up-to-date: /home/catcyber02/Mobile-Robots-2026-1/install/gazebo_envs/share/gazebo_envs/models/aws_robomaker_residential_LightC_01/meshes
[0.884s] -- Up-to-date: /home/catcyber02/Mobile-Robots-2026-1/install/gazebo_envs/share/gazebo_envs/models/aws_robomaker_residential_LightC_01/meshes/aws_LightC_01_collision.DAE
[0.884s] -- Up-to-date: /home/catcyber02/Mobile-Robots-2026-1/install/gazebo_envs/share/gazebo_envs/models/aws_robomaker_residential_LightC_01/meshes/aws_LightC_01_visual.DAE
[0.884s] -- Up-to-date: /home/catcyber02/Mobile-Robots-2026-1/install/gazebo_envs/share/gazebo_envs/models/aws_robomaker_residential_Pillow_01
[0.885s] -- Up-to-date: /home/catcyber02/Mobile-Robots-2026-1/install/gazebo_envs/share/gazebo_envs/models/aws_robomaker_residential_Pillow_01/model.config
[0.885s] -- Up-to-date: /home/catcyber02/Mobile-Robots-2026-1/install/gazebo_envs/share/gazebo_envs/models/aws_robomaker_residential_Pillow_01/materials
[0.885s] -- Up-to-date: /home/catcyber02/Mobile-Robots-2026-1/install/gazebo_envs/share/gazebo_envs/models/aws_robomaker_residential_Pillow_01/materials/textures
[0.885s] -- Up-to-date: /home/catcyber02/Mobile-Robots-2026-1/install/gazebo_envs/share/gazebo_envs/models/aws_robomaker_residential_Pillow_01/materials/textures/aws_Pillow_01.png
[0.885s] -- Up-to-date: /home/catcyber02/Mobile-Robots-2026-1/install/gazebo_envs/share/gazebo_envs/models/aws_robomaker_residential_Pillow_01/model.sdf
[0.885s] -- Up-to-date: /home/catcyber02/Mobile-Robots-2026-1/install/gazebo_envs/share/gazebo_envs/models/aws_robomaker_residential_Pillow_01/meshes
[0.885s] -- Up-to-date: /home/catcyber02/Mobile-Robots-2026-1/install/gazebo_envs/share/gazebo_envs/models/aws_robomaker_residential_Pillow_01/meshes/aws_Pillow_01_collision.DAE
[0.886s] -- Up-to-date: /home/catcyber02/Mobile-Robots-2026-1/install/gazebo_envs/share/gazebo_envs/models/aws_robomaker_residential_Pillow_01/meshes/aws_Pillow_01_visual.DAE
[0.886s] -- Up-to-date: /home/catcyber02/Mobile-Robots-2026-1/install/gazebo_envs/share/gazebo_envs/models/aws_robomaker_residential_BalconyTable_01
[0.886s] -- Up-to-date: /home/catcyber02/Mobile-Robots-2026-1/install/gazebo_envs/share/gazebo_envs/models/aws_robomaker_residential_BalconyTable_01/model.config
[0.886s] -- Up-to-date: /home/catcyber02/Mobile-Robots-2026-1/install/gazebo_envs/share/gazebo_envs/models/aws_robomaker_residential_BalconyTable_01/materials
[0.886s] -- Up-to-date: /home/catcyber02/Mobile-Robots-2026-1/install/gazebo_envs/share/gazebo_envs/models/aws_robomaker_residential_BalconyTable_01/materials/textures
[0.887s] -- Up-to-date: /home/catcyber02/Mobile-Robots-2026-1/install/gazebo_envs/share/gazebo_envs/models/aws_robomaker_residential_BalconyTable_01/materials/textures/aws_BalconyTable_01.png
[0.887s] -- Up-to-date: /home/catcyber02/Mobile-Robots-2026-1/install/gazebo_envs/share/gazebo_envs/models/aws_robomaker_residential_BalconyTable_01/model.sdf
[0.887s] -- Up-to-date: /home/catcyber02/Mobile-Robots-2026-1/install/gazebo_envs/share/gazebo_envs/models/aws_robomaker_residential_BalconyTable_01/meshes
[0.887s] -- Up-to-date: /home/catcyber02/Mobile-Robots-2026-1/install/gazebo_envs/share/gazebo_envs/models/aws_robomaker_residential_BalconyTable_01/meshes/aws_BalconyTable_01_collision.DAE
[0.887s] -- Up-to-date: /home/catcyber02/Mobile-Robots-2026-1/install/gazebo_envs/share/gazebo_envs/models/aws_robomaker_residential_BalconyTable_01/meshes/aws_BalconyTable_01_visual.DAE
[0.887s] -- Up-to-date: /home/catcyber02/Mobile-Robots-2026-1/install/gazebo_envs/share/gazebo_envs/models/aws_robomaker_residential_FloorB_01
[0.887s] -- Up-to-date: /home/catcyber02/Mobile-Robots-2026-1/install/gazebo_envs/share/gazebo_envs/models/aws_robomaker_residential_FloorB_01/model.config
[0.888s] -- Up-to-date: /home/catcyber02/Mobile-Robots-2026-1/install/gazebo_envs/share/gazebo_envs/models/aws_robomaker_residential_FloorB_01/materials
[0.888s] -- Up-to-date: /home/catcyber02/Mobile-Robots-2026-1/install/gazebo_envs/share/gazebo_envs/models/aws_robomaker_residential_FloorB_01/materials/textures
[0.888s] -- Up-to-date: /home/catcyber02/Mobile-Robots-2026-1/install/gazebo_envs/share/gazebo_envs/models/aws_robomaker_residential_FloorB_01/materials/textures/aws_FloorB_01.png
[0.888s] -- Up-to-date: /home/catcyber02/Mobile-Robots-2026-1/install/gazebo_envs/share/gazebo_envs/models/aws_robomaker_residential_FloorB_01/model.sdf
[0.888s] -- Up-to-date: /home/catcyber02/Mobile-Robots-2026-1/install/gazebo_envs/share/gazebo_envs/models/aws_robomaker_residential_FloorB_01/meshes
[0.888s] -- Up-to-date: /home/catcyber02/Mobile-Robots-2026-1/install/gazebo_envs/share/gazebo_envs/models/aws_robomaker_residential_FloorB_01/meshes/aws_FloorB_01_collision.DAE
[0.889s] -- Up-to-date: /home/catcyber02/Mobile-Robots-2026-1/install/gazebo_envs/share/gazebo_envs/models/aws_robomaker_residential_FloorB_01/meshes/aws_FloorB_01_visual.DAE
[0.889s] -- Up-to-date: /home/catcyber02/Mobile-Robots-2026-1/install/gazebo_envs/share/gazebo_envs/models/aws_robomaker_residential_KitchenTable_01
[0.889s] -- Up-to-date: /home/catcyber02/Mobile-Robots-2026-1/install/gazebo_envs/share/gazebo_envs/models/aws_robomaker_residential_KitchenTable_01/model.config
[0.889s] -- Up-to-date: /home/catcyber02/Mobile-Robots-2026-1/install/gazebo_envs/share/gazebo_envs/models/aws_robomaker_residential_KitchenTable_01/materials
[0.889s] -- Up-to-date: /home/catcyber02/Mobile-Robots-2026-1/install/gazebo_envs/share/gazebo_envs/models/aws_robomaker_residential_KitchenTable_01/materials/textures
[0.890s] -- Up-to-date: /home/catcyber02/Mobile-Robots-2026-1/install/gazebo_envs/share/gazebo_envs/models/aws_robomaker_residential_KitchenTable_01/materials/textures/aws_KitchenTable_01.png
[0.890s] -- Up-to-date: /home/catcyber02/Mobile-Robots-2026-1/install/gazebo_envs/share/gazebo_envs/models/aws_robomaker_residential_KitchenTable_01/model.sdf
[0.890s] -- Up-to-date: /home/catcyber02/Mobile-Robots-2026-1/install/gazebo_envs/share/gazebo_envs/models/aws_robomaker_residential_KitchenTable_01/meshes
[0.891s] -- Up-to-date: /home/catcyber02/Mobile-Robots-2026-1/install/gazebo_envs/share/gazebo_envs/models/aws_robomaker_residential_KitchenTable_01/meshes/aws_KitchenTable_01_collision.DAE
[0.891s] -- Up-to-date: /home/catcyber02/Mobile-Robots-2026-1/install/gazebo_envs/share/gazebo_envs/models/aws_robomaker_residential_KitchenTable_01/meshes/aws_KitchenTable_01_visual.DAE
[0.891s] -- Up-to-date: /home/catcyber02/Mobile-Robots-2026-1/install/gazebo_envs/share/gazebo_envs/models/aws_robomaker_residential_Chandelier_01
[0.891s] -- Up-to-date: /home/catcyber02/Mobile-Robots-2026-1/install/gazebo_envs/share/gazebo_envs/models/aws_robomaker_residential_Chandelier_01/model.config
[0.891s] -- Up-to-date: /home/catcyber02/Mobile-Robots-2026-1/install/gazebo_envs/share/gazebo_envs/models/aws_robomaker_residential_Chandelier_01/materials
[0.892s] -- Up-to-date: /home/catcyber02/Mobile-Robots-2026-1/install/gazebo_envs/share/gazebo_envs/models/aws_robomaker_residential_Chandelier_01/materials/textures
[0.892s] -- Up-to-date: /home/catcyber02/Mobile-Robots-2026-1/install/gazebo_envs/share/gazebo_envs/models/aws_robomaker_residential_Chandelier_01/materials/textures/aws_Chandelier_01.png
[0.892s] -- Up-to-date: /home/catcyber02/Mobile-Robots-2026-1/install/gazebo_envs/share/gazebo_envs/models/aws_robomaker_residential_Chandelier_01/model.sdf
[0.892s] -- Up-to-date: /home/catcyber02/Mobile-Robots-2026-1/install/gazebo_envs/share/gazebo_envs/models/aws_robomaker_residential_Chandelier_01/meshes
[0.892s] -- Up-to-date: /home/catcyber02/Mobile-Robots-2026-1/install/gazebo_envs/share/gazebo_envs/models/aws_robomaker_residential_Chandelier_01/meshes/aws_Chandelier_01.DAE
[0.892s] -- Up-to-date: /home/catcyber02/Mobile-Robots-2026-1/install/gazebo_envs/share/gazebo_envs/models/aws_robomaker_residential_Chandelier_01/meshes/aws_Chandelier_01_visual.DAE
[0.892s] -- Up-to-date: /home/catcyber02/Mobile-Robots-2026-1/install/gazebo_envs/share/gazebo_envs/models/aws_robomaker_residential_Chandelier_01/meshes/aws_Chandelier_01_collision.DAE
[0.893s] -- Up-to-date: /home/catcyber02/Mobile-Robots-2026-1/install/gazebo_envs/share/gazebo_envs/models/aws_robomaker_warehouse_Bucket_01
[0.893s] -- Up-to-date: /home/catcyber02/Mobile-Robots-2026-1/install/gazebo_envs/share/gazebo_envs/models/aws_robomaker_warehouse_Bucket_01/.DS_Store
[0.893s] -- Up-to-date: /home/catcyber02/Mobile-Robots-2026-1/install/gazebo_envs/share/gazebo_envs/models/aws_robomaker_warehouse_Bucket_01/model.config
[0.893s] -- Up-to-date: /home/catcyber02/Mobile-Robots-2026-1/install/gazebo_envs/share/gazebo_envs/models/aws_robomaker_warehouse_Bucket_01/materials
[0.893s] -- Up-to-date: /home/catcyber02/Mobile-Robots-2026-1/install/gazebo_envs/share/gazebo_envs/models/aws_robomaker_warehouse_Bucket_01/materials/.DS_Store
[0.894s] -- Up-to-date: /home/catcyber02/Mobile-Robots-2026-1/install/gazebo_envs/share/gazebo_envs/models/aws_robomaker_warehouse_Bucket_01/materials/textures
[0.894s] -- Up-to-date: /home/catcyber02/Mobile-Robots-2026-1/install/gazebo_envs/share/gazebo_envs/models/aws_robomaker_warehouse_Bucket_01/materials/textures/aws_robomaker_warehouse_Bucket_01.png
[0.894s] -- Up-to-date: /home/catcyber02/Mobile-Robots-2026-1/install/gazebo_envs/share/gazebo_envs/models/aws_robomaker_warehouse_Bucket_01/model.sdf
[0.894s] -- Up-to-date: /home/catcyber02/Mobile-Robots-2026-1/install/gazebo_envs/share/gazebo_envs/models/aws_robomaker_warehouse_Bucket_01/meshes
[0.894s] -- Up-to-date: /home/catcyber02/Mobile-Robots-2026-1/install/gazebo_envs/share/gazebo_envs/models/aws_robomaker_warehouse_Bucket_01/meshes/aws_robomaker_warehouse_Bucket_01_collision.DAE
[0.895s] -- Up-to-date: /home/catcyber02/Mobile-Robots-2026-1/install/gazebo_envs/share/gazebo_envs/models/aws_robomaker_warehouse_Bucket_01/meshes/aws_robomaker_warehouse_Bucket_01_visual.DAE
[0.895s] -- Up-to-date: /home/catcyber02/Mobile-Robots-2026-1/install/gazebo_envs/share/gazebo_envs/models/aws_robomaker_warehouse_ClutteringD_01
[0.895s] -- Up-to-date: /home/catcyber02/Mobile-Robots-2026-1/install/gazebo_envs/share/gazebo_envs/models/aws_robomaker_warehouse_ClutteringD_01/model.config
[0.895s] -- Up-to-date: /home/catcyber02/Mobile-Robots-2026-1/install/gazebo_envs/share/gazebo_envs/models/aws_robomaker_warehouse_ClutteringD_01/materials
[0.895s] -- Up-to-date: /home/catcyber02/Mobile-Robots-2026-1/install/gazebo_envs/share/gazebo_envs/models/aws_robomaker_warehouse_ClutteringD_01/materials/textures
[0.896s] -- Up-to-date: /home/catcyber02/Mobile-Robots-2026-1/install/gazebo_envs/share/gazebo_envs/models/aws_robomaker_warehouse_ClutteringD_01/materials/textures/aws_robomaker_warehouse_ClutteringD_01.png
[0.896s] -- Up-to-date: /home/catcyber02/Mobile-Robots-2026-1/install/gazebo_envs/share/gazebo_envs/models/aws_robomaker_warehouse_ClutteringD_01/materials/textures/aws_robomaker_warehouse_ClutteringD_02.png
[0.896s] -- Up-to-date: /home/catcyber02/Mobile-Robots-2026-1/install/gazebo_envs/share/gazebo_envs/models/aws_robomaker_warehouse_ClutteringD_01/model.sdf
[0.896s] -- Up-to-date: /home/catcyber02/Mobile-Robots-2026-1/install/gazebo_envs/share/gazebo_envs/models/aws_robomaker_warehouse_ClutteringD_01/meshes
[0.896s] -- Up-to-date: /home/catcyber02/Mobile-Robots-2026-1/install/gazebo_envs/share/gazebo_envs/models/aws_robomaker_warehouse_ClutteringD_01/meshes/aws_robomaker_warehouse_ClutteringD_01_collision.DAE
[0.896s] -- Up-to-date: /home/catcyber02/Mobile-Robots-2026-1/install/gazebo_envs/share/gazebo_envs/models/aws_robomaker_warehouse_ClutteringD_01/meshes/aws_robomaker_warehouse_ClutteringD_01_visual.DAE
[0.897s] -- Up-to-date: /home/catcyber02/Mobile-Robots-2026-1/install/gazebo_envs/share/gazebo_envs/models/aws_robomaker_residential_PortraitB_03
[0.897s] -- Up-to-date: /home/catcyber02/Mobile-Robots-2026-1/install/gazebo_envs/share/gazebo_envs/models/aws_robomaker_residential_PortraitB_03/model.config
[0.897s] -- Up-to-date: /home/catcyber02/Mobile-Robots-2026-1/install/gazebo_envs/share/gazebo_envs/models/aws_robomaker_residential_PortraitB_03/materials
[0.897s] -- Up-to-date: /home/catcyber02/Mobile-Robots-2026-1/install/gazebo_envs/share/gazebo_envs/models/aws_robomaker_residential_PortraitB_03/materials/textures
[0.898s] -- Up-to-date: /home/catcyber02/Mobile-Robots-2026-1/install/gazebo_envs/share/gazebo_envs/models/aws_robomaker_residential_PortraitB_03/materials/textures/aws_PortraitB_01.png
[0.898s] -- Up-to-date: /home/catcyber02/Mobile-Robots-2026-1/install/gazebo_envs/share/gazebo_envs/models/aws_robomaker_residential_PortraitB_03/materials/textures/PortraitB_03.jpg
[0.899s] -- Up-to-date: /home/catcyber02/Mobile-Robots-2026-1/install/gazebo_envs/share/gazebo_envs/models/aws_robomaker_residential_PortraitB_03/materials/textures/aws_PortraitB_02.png
[0.899s] -- Up-to-date: /home/catcyber02/Mobile-Robots-2026-1/install/gazebo_envs/share/gazebo_envs/models/aws_robomaker_residential_PortraitB_03/model.sdf
[0.900s] -- Up-to-date: /home/catcyber02/Mobile-Robots-2026-1/install/gazebo_envs/share/gazebo_envs/models/aws_robomaker_residential_PortraitB_03/meshes
[0.900s] -- Up-to-date: /home/catcyber02/Mobile-Robots-2026-1/install/gazebo_envs/share/gazebo_envs/models/aws_robomaker_residential_PortraitB_03/meshes/aws_PortraitB_01_collision.DAE
[0.900s] -- Up-to-date: /home/catcyber02/Mobile-Robots-2026-1/install/gazebo_envs/share/gazebo_envs/models/aws_robomaker_residential_PortraitB_03/meshes/aws_PortraitB_01_visual.DAE
[0.900s] -- Up-to-date: /home/catcyber02/Mobile-Robots-2026-1/install/gazebo_envs/share/gazebo_envs/models/cafe
[0.901s] -- Up-to-date: /home/catcyber02/Mobile-Robots-2026-1/install/gazebo_envs/share/gazebo_envs/models/cafe/model.config
[0.901s] -- Up-to-date: /home/catcyber02/Mobile-Robots-2026-1/install/gazebo_envs/share/gazebo_envs/models/cafe/materials
[0.901s] -- Up-to-date: /home/catcyber02/Mobile-Robots-2026-1/install/gazebo_envs/share/gazebo_envs/models/cafe/materials/textures
[0.901s] -- Up-to-date: /home/catcyber02/Mobile-Robots-2026-1/install/gazebo_envs/share/gazebo_envs/models/cafe/materials/textures/__auto_34.jpg
[0.901s] -- Up-to-date: /home/catcyber02/Mobile-Robots-2026-1/install/gazebo_envs/share/gazebo_envs/models/cafe/materials/textures/__auto_25.jpg
[0.901s] -- Up-to-date: /home/catcyber02/Mobile-Robots-2026-1/install/gazebo_envs/share/gazebo_envs/models/cafe/materials/textures/__auto_37.jpg
[0.902s] -- Up-to-date: /home/catcyber02/Mobile-Robots-2026-1/install/gazebo_envs/share/gazebo_envs/models/cafe/materials/textures/__auto_31.jpg
[0.902s] -- Up-to-date: /home/catcyber02/Mobile-Robots-2026-1/install/gazebo_envs/share/gazebo_envs/models/cafe/materials/textures/__auto_35.jpg
[0.902s] -- Up-to-date: /home/catcyber02/Mobile-Robots-2026-1/install/gazebo_envs/share/gazebo_envs/models/cafe/materials/textures/__auto_2.jpg
[0.902s] -- Up-to-date: /home/catcyber02/Mobile-Robots-2026-1/install/gazebo_envs/share/gazebo_envs/models/cafe/materials/textures/__auto_10.jpg
[0.902s] -- Up-to-date: /home/catcyber02/Mobile-Robots-2026-1/install/gazebo_envs/share/gazebo_envs/models/cafe/materials/textures/__auto_22.jpg
[0.903s] -- Up-to-date: /home/catcyber02/Mobile-Robots-2026-1/install/gazebo_envs/share/gazebo_envs/models/cafe/materials/textures/__auto_21.jpg
[0.903s] -- Up-to-date: /home/catcyber02/Mobile-Robots-2026-1/install/gazebo_envs/share/gazebo_envs/models/cafe/materials/textures/__auto_24.jpg
[0.903s] -- Up-to-date: /home/catcyber02/Mobile-Robots-2026-1/install/gazebo_envs/share/gazebo_envs/models/cafe/materials/textures/__auto_29.jpg
[0.903s] -- Up-to-date: /home/catcyber02/Mobile-Robots-2026-1/install/gazebo_envs/share/gazebo_envs/models/cafe/materials/textures/__auto_23.jpg
[0.903s] -- Up-to-date: /home/catcyber02/Mobile-Robots-2026-1/install/gazebo_envs/share/gazebo_envs/models/cafe/materials/textures/__auto_30.jpg
[0.903s] -- Up-to-date: /home/catcyber02/Mobile-Robots-2026-1/install/gazebo_envs/share/gazebo_envs/models/cafe/materials/textures/__auto_28.jpg
[0.904s] -- Up-to-date: /home/catcyber02/Mobile-Robots-2026-1/install/gazebo_envs/share/gazebo_envs/models/cafe/materials/textures/__auto_26.jpg
[0.904s] -- Up-to-date: /home/catcyber02/Mobile-Robots-2026-1/install/gazebo_envs/share/gazebo_envs/models/cafe/model.sdf
[0.904s] -- Up-to-date: /home/catcyber02/Mobile-Robots-2026-1/install/gazebo_envs/share/gazebo_envs/models/cafe/meshes
[0.904s] -- Up-to-date: /home/catcyber02/Mobile-Robots-2026-1/install/gazebo_envs/share/gazebo_envs/models/cafe/meshes/cafe.dae
[0.904s] -- Up-to-date: /home/catcyber02/Mobile-Robots-2026-1/install/gazebo_envs/share/gazebo_envs/models/aws_robomaker_warehouse_TrashCanC_01
[0.904s] -- Up-to-date: /home/catcyber02/Mobile-Robots-2026-1/install/gazebo_envs/share/gazebo_envs/models/aws_robomaker_warehouse_TrashCanC_01/model.config
[0.905s] -- Up-to-date: /home/catcyber02/Mobile-Robots-2026-1/install/gazebo_envs/share/gazebo_envs/models/aws_robomaker_warehouse_TrashCanC_01/materials
[0.905s] -- Up-to-date: /home/catcyber02/Mobile-Robots-2026-1/install/gazebo_envs/share/gazebo_envs/models/aws_robomaker_warehouse_TrashCanC_01/materials/textures
[0.905s] -- Up-to-date: /home/catcyber02/Mobile-Robots-2026-1/install/gazebo_envs/share/gazebo_envs/models/aws_robomaker_warehouse_TrashCanC_01/materials/textures/aws_robomaker_warehouse_TrashCanC_01.png
[0.905s] -- Up-to-date: /home/catcyber02/Mobile-Robots-2026-1/install/gazebo_envs/share/gazebo_envs/models/aws_robomaker_warehouse_TrashCanC_01/model.sdf
[0.905s] -- Up-to-date: /home/catcyber02/Mobile-Robots-2026-1/install/gazebo_envs/share/gazebo_envs/models/aws_robomaker_warehouse_TrashCanC_01/meshes
[0.905s] -- Up-to-date: /home/catcyber02/Mobile-Robots-2026-1/install/gazebo_envs/share/gazebo_envs/models/aws_robomaker_warehouse_TrashCanC_01/meshes/aws_robomaker_warehouse_TrashCanC_01_visual.DAE
[0.906s] -- Up-to-date: /home/catcyber02/Mobile-Robots-2026-1/install/gazebo_envs/share/gazebo_envs/models/aws_robomaker_warehouse_TrashCanC_01/meshes/aws_robomaker_warehouse_TrashCanC_01_collision.DAE
[0.906s] -- Up-to-date: /home/catcyber02/Mobile-Robots-2026-1/install/gazebo_envs/share/gazebo_envs/models/aws_robomaker_residential_SeasoningBox_01
[0.906s] -- Up-to-date: /home/catcyber02/Mobile-Robots-2026-1/install/gazebo_envs/share/gazebo_envs/models/aws_robomaker_residential_SeasoningBox_01/model.config
[0.906s] -- Up-to-date: /home/catcyber02/Mobile-Robots-2026-1/install/gazebo_envs/share/gazebo_envs/models/aws_robomaker_residential_SeasoningBox_01/materials
[0.906s] -- Up-to-date: /home/catcyber02/Mobile-Robots-2026-1/install/gazebo_envs/share/gazebo_envs/models/aws_robomaker_residential_SeasoningBox_01/materials/textures
[0.906s] -- Up-to-date: /home/catcyber02/Mobile-Robots-2026-1/install/gazebo_envs/share/gazebo_envs/models/aws_robomaker_residential_SeasoningBox_01/materials/textures/aws_SeasoningBox_01.png
[0.906s] -- Up-to-date: /home/catcyber02/Mobile-Robots-2026-1/install/gazebo_envs/share/gazebo_envs/models/aws_robomaker_residential_SeasoningBox_01/model.sdf
[0.907s] -- Up-to-date: /home/catcyber02/Mobile-Robots-2026-1/install/gazebo_envs/share/gazebo_envs/models/aws_robomaker_residential_SeasoningBox_01/meshes
[0.907s] -- Up-to-date: /home/catcyber02/Mobile-Robots-2026-1/install/gazebo_envs/share/gazebo_envs/models/aws_robomaker_residential_SeasoningBox_01/meshes/aws_SeasoningBox_01_visual.DAE
[0.907s] -- Up-to-date: /home/catcyber02/Mobile-Robots-2026-1/install/gazebo_envs/share/gazebo_envs/models/aws_robomaker_residential_SeasoningBox_01/meshes/aws_SeasoningBox_01_collision.DAE
[0.907s] -- Up-to-date: /home/catcyber02/Mobile-Robots-2026-1/install/gazebo_envs/share/gazebo_envs/models/aws_robomaker_residential_DeskPortraitC_02
[0.908s] -- Up-to-date: /home/catcyber02/Mobile-Robots-2026-1/install/gazebo_envs/share/gazebo_envs/models/aws_robomaker_residential_DeskPortraitC_02/model.config
[0.908s] -- Up-to-date: /home/catcyber02/Mobile-Robots-2026-1/install/gazebo_envs/share/gazebo_envs/models/aws_robomaker_residential_DeskPortraitC_02/materials
[0.908s] -- Up-to-date: /home/catcyber02/Mobile-Robots-2026-1/install/gazebo_envs/share/gazebo_envs/models/aws_robomaker_residential_DeskPortraitC_02/materials/textures
[0.908s] -- Up-to-date: /home/catcyber02/Mobile-Robots-2026-1/install/gazebo_envs/share/gazebo_envs/models/aws_robomaker_residential_DeskPortraitC_02/materials/textures/aws_DeskPortraitC_01.png
[0.908s] -- Up-to-date: /home/catcyber02/Mobile-Robots-2026-1/install/gazebo_envs/share/gazebo_envs/models/aws_robomaker_residential_DeskPortraitC_02/materials/textures/aws_DeskPortraitC_02.png
[0.909s] -- Up-to-date: /home/catcyber02/Mobile-Robots-2026-1/install/gazebo_envs/share/gazebo_envs/models/aws_robomaker_residential_DeskPortraitC_02/materials/textures/DeskPortraitC_02.jpg
[0.909s] -- Up-to-date: /home/catcyber02/Mobile-Robots-2026-1/install/gazebo_envs/share/gazebo_envs/models/aws_robomaker_residential_DeskPortraitC_02/model.sdf
[0.909s] -- Up-to-date: /home/catcyber02/Mobile-Robots-2026-1/install/gazebo_envs/share/gazebo_envs/models/aws_robomaker_residential_DeskPortraitC_02/meshes
[0.909s] -- Up-to-date: /home/catcyber02/Mobile-Robots-2026-1/install/gazebo_envs/share/gazebo_envs/models/aws_robomaker_residential_DeskPortraitC_02/meshes/aws_DeskPortraitC_01_visual.DAE
[0.909s] -- Up-to-date: /home/catcyber02/Mobile-Robots-2026-1/install/gazebo_envs/share/gazebo_envs/models/aws_robomaker_residential_DeskPortraitC_02/meshes/aws_DeskPortraitC_01_collision.DAE
[0.909s] -- Up-to-date: /home/catcyber02/Mobile-Robots-2026-1/install/gazebo_envs/share/gazebo_envs/models/aws_robomaker_warehouse_RoofB_01
[0.910s] -- Up-to-date: /home/catcyber02/Mobile-Robots-2026-1/install/gazebo_envs/share/gazebo_envs/models/aws_robomaker_warehouse_RoofB_01/model.config
[0.910s] -- Up-to-date: /home/catcyber02/Mobile-Robots-2026-1/install/gazebo_envs/share/gazebo_envs/models/aws_robomaker_warehouse_RoofB_01/materials
[0.910s] -- Up-to-date: /home/catcyber02/Mobile-Robots-2026-1/install/gazebo_envs/share/gazebo_envs/models/aws_robomaker_warehouse_RoofB_01/materials/textures
[0.910s] -- Up-to-date: /home/catcyber02/Mobile-Robots-2026-1/install/gazebo_envs/share/gazebo_envs/models/aws_robomaker_warehouse_RoofB_01/materials/textures/aws_robomaker_warehouse_RoofB_01.png
[0.910s] -- Up-to-date: /home/catcyber02/Mobile-Robots-2026-1/install/gazebo_envs/share/gazebo_envs/models/aws_robomaker_warehouse_RoofB_01/model.sdf
[0.910s] -- Up-to-date: /home/catcyber02/Mobile-Robots-2026-1/install/gazebo_envs/share/gazebo_envs/models/aws_robomaker_warehouse_RoofB_01/meshes
[0.911s] -- Up-to-date: /home/catcyber02/Mobile-Robots-2026-1/install/gazebo_envs/share/gazebo_envs/models/aws_robomaker_warehouse_RoofB_01/meshes/aws_robomaker_warehouse_RoofB_01_collision.DAE
[0.911s] -- Up-to-date: /home/catcyber02/Mobile-Robots-2026-1/install/gazebo_envs/share/gazebo_envs/models/aws_robomaker_warehouse_RoofB_01/meshes/aws_robomaker_warehouse_RoofB_01_visual.DAE
[0.911s] -- Up-to-date: /home/catcyber02/Mobile-Robots-2026-1/install/gazebo_envs/share/gazebo_envs/models/aws_robomaker_residential_PortraitD_01
[0.911s] -- Up-to-date: /home/catcyber02/Mobile-Robots-2026-1/install/gazebo_envs/share/gazebo_envs/models/aws_robomaker_residential_PortraitD_01/model.config
[0.911s] -- Up-to-date: /home/catcyber02/Mobile-Robots-2026-1/install/gazebo_envs/share/gazebo_envs/models/aws_robomaker_residential_PortraitD_01/materials
[0.911s] -- Up-to-date: /home/catcyber02/Mobile-Robots-2026-1/install/gazebo_envs/share/gazebo_envs/models/aws_robomaker_residential_PortraitD_01/materials/textures
[0.912s] -- Up-to-date: /home/catcyber02/Mobile-Robots-2026-1/install/gazebo_envs/share/gazebo_envs/models/aws_robomaker_residential_PortraitD_01/materials/textures/aws_PortraitD_01.png
[0.912s] -- Up-to-date: /home/catcyber02/Mobile-Robots-2026-1/install/gazebo_envs/share/gazebo_envs/models/aws_robomaker_residential_PortraitD_01/materials/textures/aws_PortraitD_02.png
[0.912s] -- Up-to-date: /home/catcyber02/Mobile-Robots-2026-1/install/gazebo_envs/share/gazebo_envs/models/aws_robomaker_residential_PortraitD_01/materials/textures/PortraitD_01.jpg
[0.912s] -- Up-to-date: /home/catcyber02/Mobile-Robots-2026-1/install/gazebo_envs/share/gazebo_envs/models/aws_robomaker_residential_PortraitD_01/model.sdf
[0.912s] -- Up-to-date: /home/catcyber02/Mobile-Robots-2026-1/install/gazebo_envs/share/gazebo_envs/models/aws_robomaker_residential_PortraitD_01/meshes
[0.912s] -- Up-to-date: /home/catcyber02/Mobile-Robots-2026-1/install/gazebo_envs/share/gazebo_envs/models/aws_robomaker_residential_PortraitD_01/meshes/aws_PortraitD_01_visual.DAE
[0.913s] -- Up-to-date: /home/catcyber02/Mobile-Robots-2026-1/install/gazebo_envs/share/gazebo_envs/models/aws_robomaker_residential_PortraitD_01/meshes/aws_PortraitD_01_collision.DAE
[0.913s] -- Up-to-date: /home/catcyber02/Mobile-Robots-2026-1/install/gazebo_envs/share/gazebo_envs/models/aws_robomaker_warehouse_DeskC_01
[0.913s] -- Up-to-date: /home/catcyber02/Mobile-Robots-2026-1/install/gazebo_envs/share/gazebo_envs/models/aws_robomaker_warehouse_DeskC_01/model.config
[0.913s] -- Up-to-date: /home/catcyber02/Mobile-Robots-2026-1/install/gazebo_envs/share/gazebo_envs/models/aws_robomaker_warehouse_DeskC_01/materials
[0.913s] -- Up-to-date: /home/catcyber02/Mobile-Robots-2026-1/install/gazebo_envs/share/gazebo_envs/models/aws_robomaker_warehouse_DeskC_01/materials/.DS_Store
[0.913s] -- Up-to-date: /home/catcyber02/Mobile-Robots-2026-1/install/gazebo_envs/share/gazebo_envs/models/aws_robomaker_warehouse_DeskC_01/materials/textures
[0.913s] -- Up-to-date: /home/catcyber02/Mobile-Robots-2026-1/install/gazebo_envs/share/gazebo_envs/models/aws_robomaker_warehouse_DeskC_01/materials/textures/aws_robomaker_warehouse_DeskC_03.png
[0.914s] -- Up-to-date: /home/catcyber02/Mobile-Robots-2026-1/install/gazebo_envs/share/gazebo_envs/models/aws_robomaker_warehouse_DeskC_01/materials/textures/aws_robomaker_warehouse_DeskC_04.png
[0.914s] -- Up-to-date: /home/catcyber02/Mobile-Robots-2026-1/install/gazebo_envs/share/gazebo_envs/models/aws_robomaker_warehouse_DeskC_01/materials/textures/aws_robomaker_warehouse_DeskC_02.png
[0.914s] -- Up-to-date: /home/catcyber02/Mobile-Robots-2026-1/install/gazebo_envs/share/gazebo_envs/models/aws_robomaker_warehouse_DeskC_01/materials/textures/aws_robomaker_warehouse_DeskC_03.psd
[0.914s] -- Up-to-date: /home/catcyber02/Mobile-Robots-2026-1/install/gazebo_envs/share/gazebo_envs/models/aws_robomaker_warehouse_DeskC_01/materials/textures/aws_robomaker_warehouse_DeskC_01.png
[0.914s] -- Up-to-date: /home/catcyber02/Mobile-Robots-2026-1/install/gazebo_envs/share/gazebo_envs/models/aws_robomaker_warehouse_DeskC_01/model.sdf
[0.915s] -- Up-to-date: /home/catcyber02/Mobile-Robots-2026-1/install/gazebo_envs/share/gazebo_envs/models/aws_robomaker_warehouse_DeskC_01/meshes
[0.915s] -- Up-to-date: /home/catcyber02/Mobile-Robots-2026-1/install/gazebo_envs/share/gazebo_envs/models/aws_robomaker_warehouse_DeskC_01/meshes/aws_robomaker_warehouse_DeskC_01_visual.DAE
[0.915s] -- Up-to-date: /home/catcyber02/Mobile-Robots-2026-1/install/gazebo_envs/share/gazebo_envs/models/aws_robomaker_warehouse_DeskC_01/meshes/aws_robomaker_warehouse_DeskC_01_collision.DAE
[0.915s] -- Up-to-date: /home/catcyber02/Mobile-Robots-2026-1/install/gazebo_envs/share/gazebo_envs/models/aws_robomaker_warehouse_ClutteringA_01
[0.916s] -- Up-to-date: /home/catcyber02/Mobile-Robots-2026-1/install/gazebo_envs/share/gazebo_envs/models/aws_robomaker_warehouse_ClutteringA_01/.DS_Store
[0.916s] -- Up-to-date: /home/catcyber02/Mobile-Robots-2026-1/install/gazebo_envs/share/gazebo_envs/models/aws_robomaker_warehouse_ClutteringA_01/model.config
[0.916s] -- Up-to-date: /home/catcyber02/Mobile-Robots-2026-1/install/gazebo_envs/share/gazebo_envs/models/aws_robomaker_warehouse_ClutteringA_01/materials
[0.916s] -- Up-to-date: /home/catcyber02/Mobile-Robots-2026-1/install/gazebo_envs/share/gazebo_envs/models/aws_robomaker_warehouse_ClutteringA_01/materials/.DS_Store
[0.916s] -- Up-to-date: /home/catcyber02/Mobile-Robots-2026-1/install/gazebo_envs/share/gazebo_envs/models/aws_robomaker_warehouse_ClutteringA_01/materials/textures
[0.917s] -- Up-to-date: /home/catcyber02/Mobile-Robots-2026-1/install/gazebo_envs/share/gazebo_envs/models/aws_robomaker_warehouse_ClutteringA_01/materials/textures/.DS_Store
[0.917s] -- Up-to-date: /home/catcyber02/Mobile-Robots-2026-1/install/gazebo_envs/share/gazebo_envs/models/aws_robomaker_warehouse_ClutteringA_01/materials/textures/aws_robomaker_warehouse_ClutteringA_03.png
[0.917s] -- Up-to-date: /home/catcyber02/Mobile-Robots-2026-1/install/gazebo_envs/share/gazebo_envs/models/aws_robomaker_warehouse_ClutteringA_01/materials/textures/aws_robomaker_warehouse_ClutteringA_01.png
[0.918s] -- Up-to-date: /home/catcyber02/Mobile-Robots-2026-1/install/gazebo_envs/share/gazebo_envs/models/aws_robomaker_warehouse_ClutteringA_01/materials/textures/aws_robomaker_warehouse_ClutteringA_02.png
[0.918s] -- Up-to-date: /home/catcyber02/Mobile-Robots-2026-1/install/gazebo_envs/share/gazebo_envs/models/aws_robomaker_warehouse_ClutteringA_01/model.sdf
[0.918s] -- Up-to-date: /home/catcyber02/Mobile-Robots-2026-1/install/gazebo_envs/share/gazebo_envs/models/aws_robomaker_warehouse_ClutteringA_01/meshes
[0.918s] -- Up-to-date: /home/catcyber02/Mobile-Robots-2026-1/install/gazebo_envs/share/gazebo_envs/models/aws_robomaker_warehouse_ClutteringA_01/meshes/aws_robomaker_warehouse_ClutteringA_01_collision.DAE
[0.919s] -- Up-to-date: /home/catcyber02/Mobile-Robots-2026-1/install/gazebo_envs/share/gazebo_envs/models/aws_robomaker_warehouse_ClutteringA_01/meshes/aws_robomaker_warehouse_ClutteringA_01_visual.DAE
[0.919s] -- Up-to-date: /home/catcyber02/Mobile-Robots-2026-1/install/gazebo_envs/share/gazebo_envs/models/aws_robomaker_residential_Tablet_01
[0.919s] -- Up-to-date: /home/catcyber02/Mobile-Robots-2026-1/install/gazebo_envs/share/gazebo_envs/models/aws_robomaker_residential_Tablet_01/.DS_Store
[0.919s] -- Up-to-date: /home/catcyber02/Mobile-Robots-2026-1/install/gazebo_envs/share/gazebo_envs/models/aws_robomaker_residential_Tablet_01/model.config
[0.919s] -- Up-to-date: /home/catcyber02/Mobile-Robots-2026-1/install/gazebo_envs/share/gazebo_envs/models/aws_robomaker_residential_Tablet_01/materials
[0.919s] -- Up-to-date: /home/catcyber02/Mobile-Robots-2026-1/install/gazebo_envs/share/gazebo_envs/models/aws_robomaker_residential_Tablet_01/materials/.DS_Store
[0.920s] -- Up-to-date: /home/catcyber02/Mobile-Robots-2026-1/install/gazebo_envs/share/gazebo_envs/models/aws_robomaker_residential_Tablet_01/materials/textures
[0.920s] -- Up-to-date: /home/catcyber02/Mobile-Robots-2026-1/install/gazebo_envs/share/gazebo_envs/models/aws_robomaker_residential_Tablet_01/materials/textures/aws_Tablet_01_nologo.png
[0.920s] -- Up-to-date: /home/catcyber02/Mobile-Robots-2026-1/install/gazebo_envs/share/gazebo_envs/models/aws_robomaker_residential_Tablet_01/model.sdf
[0.920s] -- Up-to-date: /home/catcyber02/Mobile-Robots-2026-1/install/gazebo_envs/share/gazebo_envs/models/aws_robomaker_residential_Tablet_01/meshes
[0.921s] -- Up-to-date: /home/catcyber02/Mobile-Robots-2026-1/install/gazebo_envs/share/gazebo_envs/models/aws_robomaker_residential_Tablet_01/meshes/aws_Tablet_01_collision.DAE
[0.921s] -- Up-to-date: /home/catcyber02/Mobile-Robots-2026-1/install/gazebo_envs/share/gazebo_envs/models/aws_robomaker_residential_Tablet_01/meshes/aws_Tablet_01_visual.DAE
[0.921s] -- Up-to-date: /home/catcyber02/Mobile-Robots-2026-1/install/gazebo_envs/share/gazebo_envs/models/aws_robomaker_residential_Rangehood_01
[0.921s] -- Up-to-date: /home/catcyber02/Mobile-Robots-2026-1/install/gazebo_envs/share/gazebo_envs/models/aws_robomaker_residential_Rangehood_01/model.config
[0.921s] -- Up-to-date: /home/catcyber02/Mobile-Robots-2026-1/install/gazebo_envs/share/gazebo_envs/models/aws_robomaker_residential_Rangehood_01/materials
[0.922s] -- Up-to-date: /home/catcyber02/Mobile-Robots-2026-1/install/gazebo_envs/share/gazebo_envs/models/aws_robomaker_residential_Rangehood_01/materials/textures
[0.922s] -- Up-to-date: /home/catcyber02/Mobile-Robots-2026-1/install/gazebo_envs/share/gazebo_envs/models/aws_robomaker_residential_Rangehood_01/materials/textures/aws_Rangehood_01.png
[0.922s] -- Up-to-date: /home/catcyber02/Mobile-Robots-2026-1/install/gazebo_envs/share/gazebo_envs/models/aws_robomaker_residential_Rangehood_01/model.sdf
[0.922s] -- Up-to-date: /home/catcyber02/Mobile-Robots-2026-1/install/gazebo_envs/share/gazebo_envs/models/aws_robomaker_residential_Rangehood_01/meshes
[0.923s] -- Up-to-date: /home/catcyber02/Mobile-Robots-2026-1/install/gazebo_envs/share/gazebo_envs/models/aws_robomaker_residential_Rangehood_01/meshes/aws_Rangehood_01_visual.DAE
[0.923s] -- Up-to-date: /home/catcyber02/Mobile-Robots-2026-1/install/gazebo_envs/share/gazebo_envs/models/aws_robomaker_residential_Rangehood_01/meshes/aws_Rangehood_01_collision.DAE
[0.923s] -- Up-to-date: /home/catcyber02/Mobile-Robots-2026-1/install/gazebo_envs/share/gazebo_envs/models/aws_robomaker_residential_DeskPortraitD_04
[0.924s] -- Up-to-date: /home/catcyber02/Mobile-Robots-2026-1/install/gazebo_envs/share/gazebo_envs/models/aws_robomaker_residential_DeskPortraitD_04/model.config
[0.924s] -- Up-to-date: /home/catcyber02/Mobile-Robots-2026-1/install/gazebo_envs/share/gazebo_envs/models/aws_robomaker_residential_DeskPortraitD_04/materials
[0.925s] -- Up-to-date: /home/catcyber02/Mobile-Robots-2026-1/install/gazebo_envs/share/gazebo_envs/models/aws_robomaker_residential_DeskPortraitD_04/materials/textures
[0.925s] -- Up-to-date: /home/catcyber02/Mobile-Robots-2026-1/install/gazebo_envs/share/gazebo_envs/models/aws_robomaker_residential_DeskPortraitD_04/materials/textures/DeskPortraitD_04.jpg
[0.925s] -- Up-to-date: /home/catcyber02/Mobile-Robots-2026-1/install/gazebo_envs/share/gazebo_envs/models/aws_robomaker_residential_DeskPortraitD_04/materials/textures/aws_DeskPortraitD_02.png
[0.925s] -- Up-to-date: /home/catcyber02/Mobile-Robots-2026-1/install/gazebo_envs/share/gazebo_envs/models/aws_robomaker_residential_DeskPortraitD_04/materials/textures/aws_DeskPortraitD_01.png
[0.926s] -- Up-to-date: /home/catcyber02/Mobile-Robots-2026-1/install/gazebo_envs/share/gazebo_envs/models/aws_robomaker_residential_DeskPortraitD_04/model.sdf
[0.926s] -- Up-to-date: /home/catcyber02/Mobile-Robots-2026-1/install/gazebo_envs/share/gazebo_envs/models/aws_robomaker_residential_DeskPortraitD_04/meshes
[0.926s] -- Up-to-date: /home/catcyber02/Mobile-Robots-2026-1/install/gazebo_envs/share/gazebo_envs/models/aws_robomaker_residential_DeskPortraitD_04/meshes/aws_DeskPortraitD_01_collision.DAE
[0.927s] -- Up-to-date: /home/catcyber02/Mobile-Robots-2026-1/install/gazebo_envs/share/gazebo_envs/models/aws_robomaker_residential_DeskPortraitD_04/meshes/aws_DeskPortraitD_01_visual.DAE
[0.927s] -- Up-to-date: /home/catcyber02/Mobile-Robots-2026-1/install/gazebo_envs/share/gazebo_envs/models/aws_robomaker_residential_PortraitD_02
[0.927s] -- Up-to-date: /home/catcyber02/Mobile-Robots-2026-1/install/gazebo_envs/share/gazebo_envs/models/aws_robomaker_residential_PortraitD_02/model.config
[0.927s] -- Up-to-date: /home/catcyber02/Mobile-Robots-2026-1/install/gazebo_envs/share/gazebo_envs/models/aws_robomaker_residential_PortraitD_02/materials
[0.927s] -- Up-to-date: /home/catcyber02/Mobile-Robots-2026-1/install/gazebo_envs/share/gazebo_envs/models/aws_robomaker_residential_PortraitD_02/materials/textures
[0.927s] -- Up-to-date: /home/catcyber02/Mobile-Robots-2026-1/install/gazebo_envs/share/gazebo_envs/models/aws_robomaker_residential_PortraitD_02/materials/textures/PortraitD_02.jpg
[0.928s] -- Up-to-date: /home/catcyber02/Mobile-Robots-2026-1/install/gazebo_envs/share/gazebo_envs/models/aws_robomaker_residential_PortraitD_02/materials/textures/aws_PortraitD_01.png
[0.928s] -- Up-to-date: /home/catcyber02/Mobile-Robots-2026-1/install/gazebo_envs/share/gazebo_envs/models/aws_robomaker_residential_PortraitD_02/materials/textures/aws_PortraitD_02.png
[0.928s] -- Up-to-date: /home/catcyber02/Mobile-Robots-2026-1/install/gazebo_envs/share/gazebo_envs/models/aws_robomaker_residential_PortraitD_02/model.sdf
[0.928s] -- Up-to-date: /home/catcyber02/Mobile-Robots-2026-1/install/gazebo_envs/share/gazebo_envs/models/aws_robomaker_residential_PortraitD_02/meshes
[0.928s] -- Up-to-date: /home/catcyber02/Mobile-Robots-2026-1/install/gazebo_envs/share/gazebo_envs/models/aws_robomaker_residential_PortraitD_02/meshes/aws_PortraitD_01_visual.DAE
[0.929s] -- Up-to-date: /home/catcyber02/Mobile-Robots-2026-1/install/gazebo_envs/share/gazebo_envs/models/aws_robomaker_residential_PortraitD_02/meshes/aws_PortraitD_01_collision.DAE
[0.929s] -- Up-to-date: /home/catcyber02/Mobile-Robots-2026-1/install/gazebo_envs/share/gazebo_envs/models/mustard
[0.929s] -- Up-to-date: /home/catcyber02/Mobile-Robots-2026-1/install/gazebo_envs/share/gazebo_envs/models/mustard/model.config
[0.929s] -- Up-to-date: /home/catcyber02/Mobile-Robots-2026-1/install/gazebo_envs/share/gazebo_envs/models/mustard/materials
[0.929s] -- Up-to-date: /home/catcyber02/Mobile-Robots-2026-1/install/gazebo_envs/share/gazebo_envs/models/mustard/materials/scripts
[0.930s] -- Up-to-date: /home/catcyber02/Mobile-Robots-2026-1/install/gazebo_envs/share/gazebo_envs/models/mustard/materials/scripts/mustard.material
[0.930s] -- Up-to-date: /home/catcyber02/Mobile-Robots-2026-1/install/gazebo_envs/share/gazebo_envs/models/mustard/materials/textures
[0.931s] -- Up-to-date: /home/catcyber02/Mobile-Robots-2026-1/install/gazebo_envs/share/gazebo_envs/models/mustard/materials/textures/optimized_tsdf_texture_mapped_mesh.png
[0.931s] -- Up-to-date: /home/catcyber02/Mobile-Robots-2026-1/install/gazebo_envs/share/gazebo_envs/models/mustard/model.sdf
[0.932s] -- Up-to-date: /home/catcyber02/Mobile-Robots-2026-1/install/gazebo_envs/share/gazebo_envs/models/mustard/meshes
[0.932s] -- Up-to-date: /home/catcyber02/Mobile-Robots-2026-1/install/gazebo_envs/share/gazebo_envs/models/mustard/meshes/texture_map.png
[0.932s] -- Up-to-date: /home/catcyber02/Mobile-Robots-2026-1/install/gazebo_envs/share/gazebo_envs/models/mustard/meshes/mustard.dae
[0.932s] -- Up-to-date: /home/catcyber02/Mobile-Robots-2026-1/install/gazebo_envs/share/gazebo_envs/models/cafe_table
[0.933s] -- Up-to-date: /home/catcyber02/Mobile-Robots-2026-1/install/gazebo_envs/share/gazebo_envs/models/cafe_table/model.config
[0.933s] -- Up-to-date: /home/catcyber02/Mobile-Robots-2026-1/install/gazebo_envs/share/gazebo_envs/models/cafe_table/materials
[0.933s] -- Up-to-date: /home/catcyber02/Mobile-Robots-2026-1/install/gazebo_envs/share/gazebo_envs/models/cafe_table/materials/textures
[0.933s] -- Up-to-date: /home/catcyber02/Mobile-Robots-2026-1/install/gazebo_envs/share/gazebo_envs/models/cafe_table/materials/textures/Maple.jpg
[0.933s] -- Up-to-date: /home/catcyber02/Mobile-Robots-2026-1/install/gazebo_envs/share/gazebo_envs/models/cafe_table/materials/textures/Wood_Floor_Dark.jpg
[0.934s] -- Up-to-date: /home/catcyber02/Mobile-Robots-2026-1/install/gazebo_envs/share/gazebo_envs/models/cafe_table/model.sdf
[0.934s] -- Up-to-date: /home/catcyber02/Mobile-Robots-2026-1/install/gazebo_envs/share/gazebo_envs/models/cafe_table/meshes
[0.934s] -- Up-to-date: /home/catcyber02/Mobile-Robots-2026-1/install/gazebo_envs/share/gazebo_envs/models/cafe_table/meshes/cafe_table.dae
[0.934s] -- Up-to-date: /home/catcyber02/Mobile-Robots-2026-1/install/gazebo_envs/share/gazebo_envs/models/cafe_table/model-1_4.sdf
[0.934s] -- Up-to-date: /home/catcyber02/Mobile-Robots-2026-1/install/gazebo_envs/share/gazebo_envs/models/aws_robomaker_residential_PortraitB_01
[0.934s] -- Up-to-date: /home/catcyber02/Mobile-Robots-2026-1/install/gazebo_envs/share/gazebo_envs/models/aws_robomaker_residential_PortraitB_01/model.config
[0.935s] -- Up-to-date: /home/catcyber02/Mobile-Robots-2026-1/install/gazebo_envs/share/gazebo_envs/models/aws_robomaker_residential_PortraitB_01/materials
[0.935s] -- Up-to-date: /home/catcyber02/Mobile-Robots-2026-1/install/gazebo_envs/share/gazebo_envs/models/aws_robomaker_residential_PortraitB_01/materials/textures
[0.935s] -- Up-to-date: /home/catcyber02/Mobile-Robots-2026-1/install/gazebo_envs/share/gazebo_envs/models/aws_robomaker_residential_PortraitB_01/materials/textures/aws_PortraitB_01.png
[0.935s] -- Up-to-date: /home/catcyber02/Mobile-Robots-2026-1/install/gazebo_envs/share/gazebo_envs/models/aws_robomaker_residential_PortraitB_01/materials/textures/PortraitB_01.jpg
[0.936s] -- Up-to-date: /home/catcyber02/Mobile-Robots-2026-1/install/gazebo_envs/share/gazebo_envs/models/aws_robomaker_residential_PortraitB_01/materials/textures/aws_PortraitB_02.png
[0.936s] -- Up-to-date: /home/catcyber02/Mobile-Robots-2026-1/install/gazebo_envs/share/gazebo_envs/models/aws_robomaker_residential_PortraitB_01/model.sdf
[0.936s] -- Up-to-date: /home/catcyber02/Mobile-Robots-2026-1/install/gazebo_envs/share/gazebo_envs/models/aws_robomaker_residential_PortraitB_01/meshes
[0.936s] -- Up-to-date: /home/catcyber02/Mobile-Robots-2026-1/install/gazebo_envs/share/gazebo_envs/models/aws_robomaker_residential_PortraitB_01/meshes/aws_PortraitB_01_collision.DAE
[0.937s] -- Up-to-date: /home/catcyber02/Mobile-Robots-2026-1/install/gazebo_envs/share/gazebo_envs/models/aws_robomaker_residential_PortraitB_01/meshes/aws_PortraitB_01_visual.DAE
[0.937s] -- Up-to-date: /home/catcyber02/Mobile-Robots-2026-1/install/gazebo_envs/share/gazebo_envs/models/aws_robomaker_residential_PortraitA_02
[0.937s] -- Up-to-date: /home/catcyber02/Mobile-Robots-2026-1/install/gazebo_envs/share/gazebo_envs/models/aws_robomaker_residential_PortraitA_02/model.config
[0.937s] -- Up-to-date: /home/catcyber02/Mobile-Robots-2026-1/install/gazebo_envs/share/gazebo_envs/models/aws_robomaker_residential_PortraitA_02/materials
[0.937s] -- Up-to-date: /home/catcyber02/Mobile-Robots-2026-1/install/gazebo_envs/share/gazebo_envs/models/aws_robomaker_residential_PortraitA_02/materials/textures
[0.938s] -- Up-to-date: /home/catcyber02/Mobile-Robots-2026-1/install/gazebo_envs/share/gazebo_envs/models/aws_robomaker_residential_PortraitA_02/materials/textures/aws_PortraitA_02.png
[0.938s] -- Up-to-date: /home/catcyber02/Mobile-Robots-2026-1/install/gazebo_envs/share/gazebo_envs/models/aws_robomaker_residential_PortraitA_02/materials/textures/aws_PortraitA_01.png
[0.938s] -- Up-to-date: /home/catcyber02/Mobile-Robots-2026-1/install/gazebo_envs/share/gazebo_envs/models/aws_robomaker_residential_PortraitA_02/materials/textures/PortraitA_02.jpg
[0.938s] -- Up-to-date: /home/catcyber02/Mobile-Robots-2026-1/install/gazebo_envs/share/gazebo_envs/models/aws_robomaker_residential_PortraitA_02/model.sdf
[0.938s] -- Up-to-date: /home/catcyber02/Mobile-Robots-2026-1/install/gazebo_envs/share/gazebo_envs/models/aws_robomaker_residential_PortraitA_02/meshes
[0.939s] -- Up-to-date: /home/catcyber02/Mobile-Robots-2026-1/install/gazebo_envs/share/gazebo_envs/models/aws_robomaker_residential_PortraitA_02/meshes/aws_PortraitA_01_collision.DAE
[0.939s] -- Up-to-date: /home/catcyber02/Mobile-Robots-2026-1/install/gazebo_envs/share/gazebo_envs/models/aws_robomaker_residential_PortraitA_02/meshes/aws_PortraitA_01_visual.DAE
[0.939s] -- Up-to-date: /home/catcyber02/Mobile-Robots-2026-1/install/gazebo_envs/share/gazebo_envs/models/cheezit_big_original
[0.939s] -- Up-to-date: /home/catcyber02/Mobile-Robots-2026-1/install/gazebo_envs/share/gazebo_envs/models/cheezit_big_original/model.config
[0.939s] -- Up-to-date: /home/catcyber02/Mobile-Robots-2026-1/install/gazebo_envs/share/gazebo_envs/models/cheezit_big_original/model.sdf
[0.939s] -- Up-to-date: /home/catcyber02/Mobile-Robots-2026-1/install/gazebo_envs/share/gazebo_envs/models/cheezit_big_original/meshes
[0.940s] -- Up-to-date: /home/catcyber02/Mobile-Robots-2026-1/install/gazebo_envs/share/gazebo_envs/models/cheezit_big_original/meshes/cheezit_big_original.dae
[0.940s] -- Up-to-date: /home/catcyber02/Mobile-Robots-2026-1/install/gazebo_envs/share/gazebo_envs/models/cheezit_big_original/meshes/cheez_tex_0.jpg
[0.940s] -- Up-to-date: /home/catcyber02/Mobile-Robots-2026-1/install/gazebo_envs/share/gazebo_envs/models/aws_robomaker_residential_AirconditionerB_01
[0.940s] -- Up-to-date: /home/catcyber02/Mobile-Robots-2026-1/install/gazebo_envs/share/gazebo_envs/models/aws_robomaker_residential_AirconditionerB_01/model.config
[0.940s] -- Up-to-date: /home/catcyber02/Mobile-Robots-2026-1/install/gazebo_envs/share/gazebo_envs/models/aws_robomaker_residential_AirconditionerB_01/materials
[0.941s] -- Up-to-date: /home/catcyber02/Mobile-Robots-2026-1/install/gazebo_envs/share/gazebo_envs/models/aws_robomaker_residential_AirconditionerB_01/materials/textures
[0.941s] -- Up-to-date: /home/catcyber02/Mobile-Robots-2026-1/install/gazebo_envs/share/gazebo_envs/models/aws_robomaker_residential_AirconditionerB_01/materials/textures/aws_AirconditionerB_01.png
[0.941s] -- Up-to-date: /home/catcyber02/Mobile-Robots-2026-1/install/gazebo_envs/share/gazebo_envs/models/aws_robomaker_residential_AirconditionerB_01/model.sdf
[0.941s] -- Up-to-date: /home/catcyber02/Mobile-Robots-2026-1/install/gazebo_envs/share/gazebo_envs/models/aws_robomaker_residential_AirconditionerB_01/meshes
[0.941s] -- Up-to-date: /home/catcyber02/Mobile-Robots-2026-1/install/gazebo_envs/share/gazebo_envs/models/aws_robomaker_residential_AirconditionerB_01/meshes/aws_AirconditionerB_01_visual.DAE
[0.941s] -- Up-to-date: /home/catcyber02/Mobile-Robots-2026-1/install/gazebo_envs/share/gazebo_envs/models/aws_robomaker_residential_AirconditionerB_01/meshes/aws_AirconditionerB_01_collision.DAE
[0.942s] -- Up-to-date: /home/catcyber02/Mobile-Robots-2026-1/install/gazebo_envs/share/gazebo_envs/models/aws_robomaker_residential_PortraitA_01
[0.942s] -- Up-to-date: /home/catcyber02/Mobile-Robots-2026-1/install/gazebo_envs/share/gazebo_envs/models/aws_robomaker_residential_PortraitA_01/model.config
[0.942s] -- Up-to-date: /home/catcyber02/Mobile-Robots-2026-1/install/gazebo_envs/share/gazebo_envs/models/aws_robomaker_residential_PortraitA_01/materials
[0.943s] -- Up-to-date: /home/catcyber02/Mobile-Robots-2026-1/install/gazebo_envs/share/gazebo_envs/models/aws_robomaker_residential_PortraitA_01/materials/textures
[0.943s] -- Up-to-date: /home/catcyber02/Mobile-Robots-2026-1/install/gazebo_envs/share/gazebo_envs/models/aws_robomaker_residential_PortraitA_01/materials/textures/PortraitA_01.jpg
[0.943s] -- Up-to-date: /home/catcyber02/Mobile-Robots-2026-1/install/gazebo_envs/share/gazebo_envs/models/aws_robomaker_residential_PortraitA_01/materials/textures/aws_PortraitA_02.png
[0.943s] -- Up-to-date: /home/catcyber02/Mobile-Robots-2026-1/install/gazebo_envs/share/gazebo_envs/models/aws_robomaker_residential_PortraitA_01/materials/textures/aws_PortraitA_01.png
[0.943s] -- Up-to-date: /home/catcyber02/Mobile-Robots-2026-1/install/gazebo_envs/share/gazebo_envs/models/aws_robomaker_residential_PortraitA_01/model.sdf
[0.943s] -- Up-to-date: /home/catcyber02/Mobile-Robots-2026-1/install/gazebo_envs/share/gazebo_envs/models/aws_robomaker_residential_PortraitA_01/meshes
[0.944s] -- Up-to-date: /home/catcyber02/Mobile-Robots-2026-1/install/gazebo_envs/share/gazebo_envs/models/aws_robomaker_residential_PortraitA_01/meshes/aws_PortraitA_01_collision.DAE
[0.944s] -- Up-to-date: /home/catcyber02/Mobile-Robots-2026-1/install/gazebo_envs/share/gazebo_envs/models/aws_robomaker_residential_PortraitA_01/meshes/aws_PortraitA_01_visual.DAE
[0.944s] -- Up-to-date: /home/catcyber02/Mobile-Robots-2026-1/install/gazebo_envs/share/gazebo_envs/models/aws_robomaker_residential_DeskPortraitA_02
[0.945s] -- Up-to-date: /home/catcyber02/Mobile-Robots-2026-1/install/gazebo_envs/share/gazebo_envs/models/aws_robomaker_residential_DeskPortraitA_02/model.config
[0.945s] -- Up-to-date: /home/catcyber02/Mobile-Robots-2026-1/install/gazebo_envs/share/gazebo_envs/models/aws_robomaker_residential_DeskPortraitA_02/materials
[0.945s] -- Up-to-date: /home/catcyber02/Mobile-Robots-2026-1/install/gazebo_envs/share/gazebo_envs/models/aws_robomaker_residential_DeskPortraitA_02/materials/textures
[0.945s] -- Up-to-date: /home/catcyber02/Mobile-Robots-2026-1/install/gazebo_envs/share/gazebo_envs/models/aws_robomaker_residential_DeskPortraitA_02/materials/textures/DeskPortraitA_02.jpg
[0.945s] -- Up-to-date: /home/catcyber02/Mobile-Robots-2026-1/install/gazebo_envs/share/gazebo_envs/models/aws_robomaker_residential_DeskPortraitA_02/materials/textures/aws_DeskPortraitA_01.png
[0.946s] -- Up-to-date: /home/catcyber02/Mobile-Robots-2026-1/install/gazebo_envs/share/gazebo_envs/models/aws_robomaker_residential_DeskPortraitA_02/materials/textures/aws_DeskPortraitA_02.png
[0.946s] -- Up-to-date: /home/catcyber02/Mobile-Robots-2026-1/install/gazebo_envs/share/gazebo_envs/models/aws_robomaker_residential_DeskPortraitA_02/model.sdf
[0.946s] -- Up-to-date: /home/catcyber02/Mobile-Robots-2026-1/install/gazebo_envs/share/gazebo_envs/models/aws_robomaker_residential_DeskPortraitA_02/meshes
[0.946s] -- Up-to-date: /home/catcyber02/Mobile-Robots-2026-1/install/gazebo_envs/share/gazebo_envs/models/aws_robomaker_residential_DeskPortraitA_02/meshes/aws_DeskPortraitA_01_visual.DAE
[0.946s] -- Up-to-date: /home/catcyber02/Mobile-Robots-2026-1/install/gazebo_envs/share/gazebo_envs/models/aws_robomaker_residential_DeskPortraitA_02/meshes/aws_DeskPortraitA_01_collision.DAE
[0.946s] -- Up-to-date: /home/catcyber02/Mobile-Robots-2026-1/install/gazebo_envs/share/gazebo_envs/models/aws_robomaker_residential_Tableware_01
[0.947s] -- Up-to-date: /home/catcyber02/Mobile-Robots-2026-1/install/gazebo_envs/share/gazebo_envs/models/aws_robomaker_residential_Tableware_01/model.config
[0.947s] -- Up-to-date: /home/catcyber02/Mobile-Robots-2026-1/install/gazebo_envs/share/gazebo_envs/models/aws_robomaker_residential_Tableware_01/materials
[0.947s] -- Up-to-date: /home/catcyber02/Mobile-Robots-2026-1/install/gazebo_envs/share/gazebo_envs/models/aws_robomaker_residential_Tableware_01/materials/textures
[0.947s] -- Up-to-date: /home/catcyber02/Mobile-Robots-2026-1/install/gazebo_envs/share/gazebo_envs/models/aws_robomaker_residential_Tableware_01/materials/textures/aws_Tableware_01.png
[0.948s] -- Up-to-date: /home/catcyber02/Mobile-Robots-2026-1/install/gazebo_envs/share/gazebo_envs/models/aws_robomaker_residential_Tableware_01/model.sdf
[0.948s] -- Up-to-date: /home/catcyber02/Mobile-Robots-2026-1/install/gazebo_envs/share/gazebo_envs/models/aws_robomaker_residential_Tableware_01/meshes
[0.948s] -- Up-to-date: /home/catcyber02/Mobile-Robots-2026-1/install/gazebo_envs/share/gazebo_envs/models/aws_robomaker_residential_Tableware_01/meshes/aws_Tableware_01_visual.DAE
[0.948s] -- Up-to-date: /home/catcyber02/Mobile-Robots-2026-1/install/gazebo_envs/share/gazebo_envs/models/aws_robomaker_residential_Tableware_01/meshes/aws_Tableware_01_collision.DAE
[0.949s] -- Up-to-date: /home/catcyber02/Mobile-Robots-2026-1/install/gazebo_envs/share/gazebo_envs/models/aws_robomaker_residential_TV_02
[0.949s] -- Up-to-date: /home/catcyber02/Mobile-Robots-2026-1/install/gazebo_envs/share/gazebo_envs/models/aws_robomaker_residential_TV_02/model.config
[0.949s] -- Up-to-date: /home/catcyber02/Mobile-Robots-2026-1/install/gazebo_envs/share/gazebo_envs/models/aws_robomaker_residential_TV_02/materials
[0.949s] -- Up-to-date: /home/catcyber02/Mobile-Robots-2026-1/install/gazebo_envs/share/gazebo_envs/models/aws_robomaker_residential_TV_02/materials/textures
[0.949s] -- Up-to-date: /home/catcyber02/Mobile-Robots-2026-1/install/gazebo_envs/share/gazebo_envs/models/aws_robomaker_residential_TV_02/materials/textures/aws_TV_01.png
[0.949s] -- Up-to-date: /home/catcyber02/Mobile-Robots-2026-1/install/gazebo_envs/share/gazebo_envs/models/aws_robomaker_residential_TV_02/model.sdf
[0.950s] -- Up-to-date: /home/catcyber02/Mobile-Robots-2026-1/install/gazebo_envs/share/gazebo_envs/models/aws_robomaker_residential_TV_02/meshes
[0.950s] -- Up-to-date: /home/catcyber02/Mobile-Robots-2026-1/install/gazebo_envs/share/gazebo_envs/models/aws_robomaker_residential_TV_02/meshes/aws_TV_01_collision.DAE
[0.950s] -- Up-to-date: /home/catcyber02/Mobile-Robots-2026-1/install/gazebo_envs/share/gazebo_envs/models/aws_robomaker_residential_TV_02/meshes/aws_TV_01_visual.DAE
[0.950s] -- Up-to-date: /home/catcyber02/Mobile-Robots-2026-1/install/gazebo_envs/share/gazebo_envs/models/aws_robomaker_residential_PortraitC_01
[0.950s] -- Up-to-date: /home/catcyber02/Mobile-Robots-2026-1/install/gazebo_envs/share/gazebo_envs/models/aws_robomaker_residential_PortraitC_01/model.config
[0.951s] -- Up-to-date: /home/catcyber02/Mobile-Robots-2026-1/install/gazebo_envs/share/gazebo_envs/models/aws_robomaker_residential_PortraitC_01/materials
[0.951s] -- Up-to-date: /home/catcyber02/Mobile-Robots-2026-1/install/gazebo_envs/share/gazebo_envs/models/aws_robomaker_residential_PortraitC_01/materials/textures
[0.951s] -- Up-to-date: /home/catcyber02/Mobile-Robots-2026-1/install/gazebo_envs/share/gazebo_envs/models/aws_robomaker_residential_PortraitC_01/materials/textures/aws_PortraitC_01.png
[0.951s] -- Up-to-date: /home/catcyber02/Mobile-Robots-2026-1/install/gazebo_envs/share/gazebo_envs/models/aws_robomaker_residential_PortraitC_01/materials/textures/PortraitC_01.jpg
[0.951s] -- Up-to-date: /home/catcyber02/Mobile-Robots-2026-1/install/gazebo_envs/share/gazebo_envs/models/aws_robomaker_residential_PortraitC_01/materials/textures/aws_PortraitC_02.png
[0.951s] -- Up-to-date: /home/catcyber02/Mobile-Robots-2026-1/install/gazebo_envs/share/gazebo_envs/models/aws_robomaker_residential_PortraitC_01/model.sdf
[0.952s] -- Up-to-date: /home/catcyber02/Mobile-Robots-2026-1/install/gazebo_envs/share/gazebo_envs/models/aws_robomaker_residential_PortraitC_01/meshes
[0.952s] -- Up-to-date: /home/catcyber02/Mobile-Robots-2026-1/install/gazebo_envs/share/gazebo_envs/models/aws_robomaker_residential_PortraitC_01/meshes/aws_PortraitC_01_collision.DAE
[0.953s] -- Up-to-date: /home/catcyber02/Mobile-Robots-2026-1/install/gazebo_envs/share/gazebo_envs/models/aws_robomaker_residential_PortraitC_01/meshes/aws_PortraitC_01_visual.DAE
[0.953s] -- Up-to-date: /home/catcyber02/Mobile-Robots-2026-1/install/gazebo_envs/share/gazebo_envs/models/aws_robomaker_residential_Door_01
[0.953s] -- Up-to-date: /home/catcyber02/Mobile-Robots-2026-1/install/gazebo_envs/share/gazebo_envs/models/aws_robomaker_residential_Door_01/model.config
[0.953s] -- Up-to-date: /home/catcyber02/Mobile-Robots-2026-1/install/gazebo_envs/share/gazebo_envs/models/aws_robomaker_residential_Door_01/materials
[0.953s] -- Up-to-date: /home/catcyber02/Mobile-Robots-2026-1/install/gazebo_envs/share/gazebo_envs/models/aws_robomaker_residential_Door_01/materials/textures
[0.953s] -- Up-to-date: /home/catcyber02/Mobile-Robots-2026-1/install/gazebo_envs/share/gazebo_envs/models/aws_robomaker_residential_Door_01/materials/textures/aws_Door_01.png
[0.954s] -- Up-to-date: /home/catcyber02/Mobile-Robots-2026-1/install/gazebo_envs/share/gazebo_envs/models/aws_robomaker_residential_Door_01/model.sdf
[0.954s] -- Up-to-date: /home/catcyber02/Mobile-Robots-2026-1/install/gazebo_envs/share/gazebo_envs/models/aws_robomaker_residential_Door_01/meshes
[0.954s] -- Up-to-date: /home/catcyber02/Mobile-Robots-2026-1/install/gazebo_envs/share/gazebo_envs/models/aws_robomaker_residential_Door_01/meshes/aws_Door_01_visual.DAE
[0.954s] -- Up-to-date: /home/catcyber02/Mobile-Robots-2026-1/install/gazebo_envs/share/gazebo_envs/models/aws_robomaker_residential_Door_01/meshes/aws_Door_01_collision.DAE
[0.954s] -- Up-to-date: /home/catcyber02/Mobile-Robots-2026-1/install/gazebo_envs/share/gazebo_envs/models/aws_robomaker_residential_PortraitB_02
[0.955s] -- Up-to-date: /home/catcyber02/Mobile-Robots-2026-1/install/gazebo_envs/share/gazebo_envs/models/aws_robomaker_residential_PortraitB_02/model.config
[0.955s] -- Up-to-date: /home/catcyber02/Mobile-Robots-2026-1/install/gazebo_envs/share/gazebo_envs/models/aws_robomaker_residential_PortraitB_02/materials
[0.955s] -- Up-to-date: /home/catcyber02/Mobile-Robots-2026-1/install/gazebo_envs/share/gazebo_envs/models/aws_robomaker_residential_PortraitB_02/materials/textures
[0.955s] -- Up-to-date: /home/catcyber02/Mobile-Robots-2026-1/install/gazebo_envs/share/gazebo_envs/models/aws_robomaker_residential_PortraitB_02/materials/textures/PortraitB_02.jpg
[0.955s] -- Up-to-date: /home/catcyber02/Mobile-Robots-2026-1/install/gazebo_envs/share/gazebo_envs/models/aws_robomaker_residential_PortraitB_02/materials/textures/aws_PortraitB_01.png
[0.955s] -- Up-to-date: /home/catcyber02/Mobile-Robots-2026-1/install/gazebo_envs/share/gazebo_envs/models/aws_robomaker_residential_PortraitB_02/materials/textures/aws_PortraitB_02.png
[0.956s] -- Up-to-date: /home/catcyber02/Mobile-Robots-2026-1/install/gazebo_envs/share/gazebo_envs/models/aws_robomaker_residential_PortraitB_02/model.sdf
[0.956s] -- Up-to-date: /home/catcyber02/Mobile-Robots-2026-1/install/gazebo_envs/share/gazebo_envs/models/aws_robomaker_residential_PortraitB_02/meshes
[0.956s] -- Up-to-date: /home/catcyber02/Mobile-Robots-2026-1/install/gazebo_envs/share/gazebo_envs/models/aws_robomaker_residential_PortraitB_02/meshes/aws_PortraitB_01_collision.DAE
[0.957s] -- Up-to-date: /home/catcyber02/Mobile-Robots-2026-1/install/gazebo_envs/share/gazebo_envs/models/aws_robomaker_residential_PortraitB_02/meshes/aws_PortraitB_01_visual.DAE
[0.957s] -- Up-to-date: /home/catcyber02/Mobile-Robots-2026-1/install/gazebo_envs/share/gazebo_envs/models/aws_robomaker_residential_Dumbbell_01
[0.957s] -- Up-to-date: /home/catcyber02/Mobile-Robots-2026-1/install/gazebo_envs/share/gazebo_envs/models/aws_robomaker_residential_Dumbbell_01/model.config
[0.957s] -- Up-to-date: /home/catcyber02/Mobile-Robots-2026-1/install/gazebo_envs/share/gazebo_envs/models/aws_robomaker_residential_Dumbbell_01/materials
[0.957s] -- Up-to-date: /home/catcyber02/Mobile-Robots-2026-1/install/gazebo_envs/share/gazebo_envs/models/aws_robomaker_residential_Dumbbell_01/materials/textures
[0.958s] -- Up-to-date: /home/catcyber02/Mobile-Robots-2026-1/install/gazebo_envs/share/gazebo_envs/models/aws_robomaker_residential_Dumbbell_01/materials/textures/aws_Dumbbell_01.png
[0.958s] -- Up-to-date: /home/catcyber02/Mobile-Robots-2026-1/install/gazebo_envs/share/gazebo_envs/models/aws_robomaker_residential_Dumbbell_01/model.sdf
[0.958s] -- Up-to-date: /home/catcyber02/Mobile-Robots-2026-1/install/gazebo_envs/share/gazebo_envs/models/aws_robomaker_residential_Dumbbell_01/meshes
[0.959s] -- Up-to-date: /home/catcyber02/Mobile-Robots-2026-1/install/gazebo_envs/share/gazebo_envs/models/aws_robomaker_residential_Dumbbell_01/meshes/aws_Dumbbell_01_collision.DAE
[0.960s] -- Up-to-date: /home/catcyber02/Mobile-Robots-2026-1/install/gazebo_envs/share/gazebo_envs/models/aws_robomaker_residential_Dumbbell_01/meshes/aws_Dumbbell_01_visual.DAE
[0.960s] -- Up-to-date: /home/catcyber02/Mobile-Robots-2026-1/install/gazebo_envs/share/gazebo_envs/models/aws_robomaker_residential_PortraitE_01
[0.961s] -- Up-to-date: /home/catcyber02/Mobile-Robots-2026-1/install/gazebo_envs/share/gazebo_envs/models/aws_robomaker_residential_PortraitE_01/model.config
[0.961s] -- Up-to-date: /home/catcyber02/Mobile-Robots-2026-1/install/gazebo_envs/share/gazebo_envs/models/aws_robomaker_residential_PortraitE_01/materials
[0.961s] -- Up-to-date: /home/catcyber02/Mobile-Robots-2026-1/install/gazebo_envs/share/gazebo_envs/models/aws_robomaker_residential_PortraitE_01/materials/textures
[0.961s] -- Up-to-date: /home/catcyber02/Mobile-Robots-2026-1/install/gazebo_envs/share/gazebo_envs/models/aws_robomaker_residential_PortraitE_01/materials/textures/aws_PortraitE_02.png
[0.962s] -- Up-to-date: /home/catcyber02/Mobile-Robots-2026-1/install/gazebo_envs/share/gazebo_envs/models/aws_robomaker_residential_PortraitE_01/materials/textures/PortraitE_01.jpg
[0.962s] -- Up-to-date: /home/catcyber02/Mobile-Robots-2026-1/install/gazebo_envs/share/gazebo_envs/models/aws_robomaker_residential_PortraitE_01/materials/textures/aws_PortraitE_01.png
[0.962s] -- Up-to-date: /home/catcyber02/Mobile-Robots-2026-1/install/gazebo_envs/share/gazebo_envs/models/aws_robomaker_residential_PortraitE_01/model.sdf
[0.962s] -- Up-to-date: /home/catcyber02/Mobile-Robots-2026-1/install/gazebo_envs/share/gazebo_envs/models/aws_robomaker_residential_PortraitE_01/meshes
[0.963s] -- Up-to-date: /home/catcyber02/Mobile-Robots-2026-1/install/gazebo_envs/share/gazebo_envs/models/aws_robomaker_residential_PortraitE_01/meshes/aws_PortraitE_01_visual.DAE
[0.963s] -- Up-to-date: /home/catcyber02/Mobile-Robots-2026-1/install/gazebo_envs/share/gazebo_envs/models/aws_robomaker_residential_PortraitE_01/meshes/aws_PortraitE_01_collision.DAE
[0.963s] -- Up-to-date: /home/catcyber02/Mobile-Robots-2026-1/install/gazebo_envs/share/gazebo_envs/models/aws_robomaker_residential_AirconditionerA_01
[0.963s] -- Up-to-date: /home/catcyber02/Mobile-Robots-2026-1/install/gazebo_envs/share/gazebo_envs/models/aws_robomaker_residential_AirconditionerA_01/model.config
[0.964s] -- Up-to-date: /home/catcyber02/Mobile-Robots-2026-1/install/gazebo_envs/share/gazebo_envs/models/aws_robomaker_residential_AirconditionerA_01/materials
[0.964s] -- Up-to-date: /home/catcyber02/Mobile-Robots-2026-1/install/gazebo_envs/share/gazebo_envs/models/aws_robomaker_residential_AirconditionerA_01/materials/textures
[0.964s] -- Up-to-date: /home/catcyber02/Mobile-Robots-2026-1/install/gazebo_envs/share/gazebo_envs/models/aws_robomaker_residential_AirconditionerA_01/materials/textures/aws_AirconditionerA_01.png
[0.964s] -- Up-to-date: /home/catcyber02/Mobile-Robots-2026-1/install/gazebo_envs/share/gazebo_envs/models/aws_robomaker_residential_AirconditionerA_01/model.sdf
[0.965s] -- Up-to-date: /home/catcyber02/Mobile-Robots-2026-1/install/gazebo_envs/share/gazebo_envs/models/aws_robomaker_residential_AirconditionerA_01/meshes
[0.965s] -- Up-to-date: /home/catcyber02/Mobile-Robots-2026-1/install/gazebo_envs/share/gazebo_envs/models/aws_robomaker_residential_AirconditionerA_01/meshes/aws_AirconditionerA_01_visual.DAE
[0.966s] -- Up-to-date: /home/catcyber02/Mobile-Robots-2026-1/install/gazebo_envs/share/gazebo_envs/models/aws_robomaker_residential_AirconditionerA_01/meshes/aws_AirconditionerA_01_collision.DAE
[0.966s] -- Up-to-date: /home/catcyber02/Mobile-Robots-2026-1/install/gazebo_envs/share/gazebo_envs/models/coke_can
[0.966s] -- Up-to-date: /home/catcyber02/Mobile-Robots-2026-1/install/gazebo_envs/share/gazebo_envs/models/coke_can/model.config
[0.966s] -- Up-to-date: /home/catcyber02/Mobile-Robots-2026-1/install/gazebo_envs/share/gazebo_envs/models/coke_can/model-1_3.sdf
[0.966s] -- Up-to-date: /home/catcyber02/Mobile-Robots-2026-1/install/gazebo_envs/share/gazebo_envs/models/coke_can/materials
[0.967s] -- Up-to-date: /home/catcyber02/Mobile-Robots-2026-1/install/gazebo_envs/share/gazebo_envs/models/coke_can/materials/textures
[0.967s] -- Up-to-date: /home/catcyber02/Mobile-Robots-2026-1/install/gazebo_envs/share/gazebo_envs/models/coke_can/materials/textures/coke_can.png
[0.967s] -- Up-to-date: /home/catcyber02/Mobile-Robots-2026-1/install/gazebo_envs/share/gazebo_envs/models/coke_can/model-1_2.sdf
[0.967s] -- Up-to-date: /home/catcyber02/Mobile-Robots-2026-1/install/gazebo_envs/share/gazebo_envs/models/coke_can/model.sdf
[0.968s] -- Up-to-date: /home/catcyber02/Mobile-Robots-2026-1/install/gazebo_envs/share/gazebo_envs/models/coke_can/meshes
[0.968s] -- Up-to-date: /home/catcyber02/Mobile-Robots-2026-1/install/gazebo_envs/share/gazebo_envs/models/coke_can/meshes/coke_can.dae
[0.968s] -- Up-to-date: /home/catcyber02/Mobile-Robots-2026-1/install/gazebo_envs/share/gazebo_envs/models/coke_can/model-1_4.sdf
[0.968s] -- Up-to-date: /home/catcyber02/Mobile-Robots-2026-1/install/gazebo_envs/share/gazebo_envs/models/aws_robomaker_residential_SofaC_01
[0.968s] -- Up-to-date: /home/catcyber02/Mobile-Robots-2026-1/install/gazebo_envs/share/gazebo_envs/models/aws_robomaker_residential_SofaC_01/model.config
[0.969s] -- Up-to-date: /home/catcyber02/Mobile-Robots-2026-1/install/gazebo_envs/share/gazebo_envs/models/aws_robomaker_residential_SofaC_01/materials
[0.969s] -- Up-to-date: /home/catcyber02/Mobile-Robots-2026-1/install/gazebo_envs/share/gazebo_envs/models/aws_robomaker_residential_SofaC_01/materials/textures
[0.969s] -- Up-to-date: /home/catcyber02/Mobile-Robots-2026-1/install/gazebo_envs/share/gazebo_envs/models/aws_robomaker_residential_SofaC_01/materials/textures/aws_SofaC_01.png
[0.969s] -- Up-to-date: /home/catcyber02/Mobile-Robots-2026-1/install/gazebo_envs/share/gazebo_envs/models/aws_robomaker_residential_SofaC_01/model.sdf
[0.969s] -- Up-to-date: /home/catcyber02/Mobile-Robots-2026-1/install/gazebo_envs/share/gazebo_envs/models/aws_robomaker_residential_SofaC_01/meshes
[0.970s] -- Up-to-date: /home/catcyber02/Mobile-Robots-2026-1/install/gazebo_envs/share/gazebo_envs/models/aws_robomaker_residential_SofaC_01/meshes/aws_SofaC_01_collision.DAE
[0.970s] -- Up-to-date: /home/catcyber02/Mobile-Robots-2026-1/install/gazebo_envs/share/gazebo_envs/models/aws_robomaker_residential_SofaC_01/meshes/aws_SofaC_01_visual.DAE
[0.970s] -- Up-to-date: /home/catcyber02/Mobile-Robots-2026-1/install/gazebo_envs/share/gazebo_envs/models/aws_robomaker_warehouse_ShelfF_01
[0.970s] -- Up-to-date: /home/catcyber02/Mobile-Robots-2026-1/install/gazebo_envs/share/gazebo_envs/models/aws_robomaker_warehouse_ShelfF_01/model.config
[0.970s] -- Up-to-date: /home/catcyber02/Mobile-Robots-2026-1/install/gazebo_envs/share/gazebo_envs/models/aws_robomaker_warehouse_ShelfF_01/materials
[0.971s] -- Up-to-date: /home/catcyber02/Mobile-Robots-2026-1/install/gazebo_envs/share/gazebo_envs/models/aws_robomaker_warehouse_ShelfF_01/materials/textures
[0.971s] -- Up-to-date: /home/catcyber02/Mobile-Robots-2026-1/install/gazebo_envs/share/gazebo_envs/models/aws_robomaker_warehouse_ShelfF_01/materials/textures/aws_robomaker_warehouse_ShelfF_02.png
[0.971s] -- Up-to-date: /home/catcyber02/Mobile-Robots-2026-1/install/gazebo_envs/share/gazebo_envs/models/aws_robomaker_warehouse_ShelfF_01/materials/textures/aws_robomaker_warehouse_ShelfF_03.png
[0.971s] -- Up-to-date: /home/catcyber02/Mobile-Robots-2026-1/install/gazebo_envs/share/gazebo_envs/models/aws_robomaker_warehouse_ShelfF_01/materials/textures/aws_robomaker_warehouse_ShelfF_01.png
[0.971s] -- Up-to-date: /home/catcyber02/Mobile-Robots-2026-1/install/gazebo_envs/share/gazebo_envs/models/aws_robomaker_warehouse_ShelfF_01/model.sdf
[0.971s] -- Up-to-date: /home/catcyber02/Mobile-Robots-2026-1/install/gazebo_envs/share/gazebo_envs/models/aws_robomaker_warehouse_ShelfF_01/meshes
[0.972s] -- Up-to-date: /home/catcyber02/Mobile-Robots-2026-1/install/gazebo_envs/share/gazebo_envs/models/aws_robomaker_warehouse_ShelfF_01/meshes/aws_robomaker_warehouse_ShelfF_01_collision.DAE
[0.972s] -- Up-to-date: /home/catcyber02/Mobile-Robots-2026-1/install/gazebo_envs/share/gazebo_envs/models/aws_robomaker_warehouse_ShelfF_01/meshes/aws_robomaker_warehouse_ShelfF_01_visual.DAE
[0.972s] -- Up-to-date: /home/catcyber02/Mobile-Robots-2026-1/install/gazebo_envs/share/gazebo_envs/models/red_cylinder
[0.972s] -- Up-to-date: /home/catcyber02/Mobile-Robots-2026-1/install/gazebo_envs/share/gazebo_envs/models/red_cylinder/model.config
[0.972s] -- Up-to-date: /home/catcyber02/Mobile-Robots-2026-1/install/gazebo_envs/share/gazebo_envs/models/red_cylinder/model.sdf
[0.972s] -- Up-to-date: /home/catcyber02/Mobile-Robots-2026-1/install/gazebo_envs/share/gazebo_envs/models/aws_robomaker_residential_DeskPortraitA_01
[0.973s] -- Up-to-date: /home/catcyber02/Mobile-Robots-2026-1/install/gazebo_envs/share/gazebo_envs/models/aws_robomaker_residential_DeskPortraitA_01/model.config
[0.973s] -- Up-to-date: /home/catcyber02/Mobile-Robots-2026-1/install/gazebo_envs/share/gazebo_envs/models/aws_robomaker_residential_DeskPortraitA_01/materials
[0.973s] -- Up-to-date: /home/catcyber02/Mobile-Robots-2026-1/install/gazebo_envs/share/gazebo_envs/models/aws_robomaker_residential_DeskPortraitA_01/materials/textures
[0.973s] -- Up-to-date: /home/catcyber02/Mobile-Robots-2026-1/install/gazebo_envs/share/gazebo_envs/models/aws_robomaker_residential_DeskPortraitA_01/materials/textures/DeskPortraitA_01.jpg
[0.973s] -- Up-to-date: /home/catcyber02/Mobile-Robots-2026-1/install/gazebo_envs/share/gazebo_envs/models/aws_robomaker_residential_DeskPortraitA_01/materials/textures/aws_DeskPortraitA_01.png
[0.973s] -- Up-to-date: /home/catcyber02/Mobile-Robots-2026-1/install/gazebo_envs/share/gazebo_envs/models/aws_robomaker_residential_DeskPortraitA_01/materials/textures/aws_DeskPortraitA_02.png
[0.974s] -- Up-to-date: /home/catcyber02/Mobile-Robots-2026-1/install/gazebo_envs/share/gazebo_envs/models/aws_robomaker_residential_DeskPortraitA_01/model.sdf
[0.974s] -- Up-to-date: /home/catcyber02/Mobile-Robots-2026-1/install/gazebo_envs/share/gazebo_envs/models/aws_robomaker_residential_DeskPortraitA_01/meshes
[0.974s] -- Up-to-date: /home/catcyber02/Mobile-Robots-2026-1/install/gazebo_envs/share/gazebo_envs/models/aws_robomaker_residential_DeskPortraitA_01/meshes/aws_DeskPortraitA_01_visual.DAE
[0.974s] -- Up-to-date: /home/catcyber02/Mobile-Robots-2026-1/install/gazebo_envs/share/gazebo_envs/models/aws_robomaker_residential_DeskPortraitA_01/meshes/aws_DeskPortraitA_01_collision.DAE
[0.974s] -- Up-to-date: /home/catcyber02/Mobile-Robots-2026-1/install/gazebo_envs/share/gazebo_envs/models/aws_robomaker_residential_FitnessEquipment_01
[0.974s] -- Up-to-date: /home/catcyber02/Mobile-Robots-2026-1/install/gazebo_envs/share/gazebo_envs/models/aws_robomaker_residential_FitnessEquipment_01/model.config
[0.975s] -- Up-to-date: /home/catcyber02/Mobile-Robots-2026-1/install/gazebo_envs/share/gazebo_envs/models/aws_robomaker_residential_FitnessEquipment_01/materials
[0.975s] -- Up-to-date: /home/catcyber02/Mobile-Robots-2026-1/install/gazebo_envs/share/gazebo_envs/models/aws_robomaker_residential_FitnessEquipment_01/materials/textures
[0.975s] -- Up-to-date: /home/catcyber02/Mobile-Robots-2026-1/install/gazebo_envs/share/gazebo_envs/models/aws_robomaker_residential_FitnessEquipment_01/materials/textures/aws_FitnessEquipment_01.png
[0.975s] -- Up-to-date: /home/catcyber02/Mobile-Robots-2026-1/install/gazebo_envs/share/gazebo_envs/models/aws_robomaker_residential_FitnessEquipment_01/model.sdf
[0.975s] -- Up-to-date: /home/catcyber02/Mobile-Robots-2026-1/install/gazebo_envs/share/gazebo_envs/models/aws_robomaker_residential_FitnessEquipment_01/meshes
[0.975s] -- Up-to-date: /home/catcyber02/Mobile-Robots-2026-1/install/gazebo_envs/share/gazebo_envs/models/aws_robomaker_residential_FitnessEquipment_01/meshes/aws_FitnessEquipment_01_visual.DAE
[0.976s] -- Up-to-date: /home/catcyber02/Mobile-Robots-2026-1/install/gazebo_envs/share/gazebo_envs/models/aws_robomaker_residential_FitnessEquipment_01/meshes/aws_FitnessEquipment_01_collision.DAE
[0.976s] -- Up-to-date: /home/catcyber02/Mobile-Robots-2026-1/install/gazebo_envs/share/gazebo_envs/models/aws_robomaker_residential_RoomWindow_01
[0.976s] -- Up-to-date: /home/catcyber02/Mobile-Robots-2026-1/install/gazebo_envs/share/gazebo_envs/models/aws_robomaker_residential_RoomWindow_01/model.config
[0.976s] -- Up-to-date: /home/catcyber02/Mobile-Robots-2026-1/install/gazebo_envs/share/gazebo_envs/models/aws_robomaker_residential_RoomWindow_01/materials
[0.976s] -- Up-to-date: /home/catcyber02/Mobile-Robots-2026-1/install/gazebo_envs/share/gazebo_envs/models/aws_robomaker_residential_RoomWindow_01/materials/textures
[0.976s] -- Up-to-date: /home/catcyber02/Mobile-Robots-2026-1/install/gazebo_envs/share/gazebo_envs/models/aws_robomaker_residential_RoomWindow_01/materials/textures/aws_RoomWindow_01.png
[0.977s] -- Up-to-date: /home/catcyber02/Mobile-Robots-2026-1/install/gazebo_envs/share/gazebo_envs/models/aws_robomaker_residential_RoomWindow_01/model.sdf
[0.977s] -- Up-to-date: /home/catcyber02/Mobile-Robots-2026-1/install/gazebo_envs/share/gazebo_envs/models/aws_robomaker_residential_RoomWindow_01/meshes
[0.977s] -- Up-to-date: /home/catcyber02/Mobile-Robots-2026-1/install/gazebo_envs/share/gazebo_envs/models/aws_robomaker_residential_RoomWindow_01/meshes/aws_RoomWindow_01_collision.DAE
[0.977s] -- Up-to-date: /home/catcyber02/Mobile-Robots-2026-1/install/gazebo_envs/share/gazebo_envs/models/aws_robomaker_residential_RoomWindow_01/meshes/aws_RoomWindow_01_visual.DAE
[0.977s] -- Up-to-date: /home/catcyber02/Mobile-Robots-2026-1/install/gazebo_envs/share/gazebo_envs/models/aws_robomaker_residential_TVCabinet_01
[0.977s] -- Up-to-date: /home/catcyber02/Mobile-Robots-2026-1/install/gazebo_envs/share/gazebo_envs/models/aws_robomaker_residential_TVCabinet_01/model.config
[0.978s] -- Up-to-date: /home/catcyber02/Mobile-Robots-2026-1/install/gazebo_envs/share/gazebo_envs/models/aws_robomaker_residential_TVCabinet_01/materials
[0.978s] -- Up-to-date: /home/catcyber02/Mobile-Robots-2026-1/install/gazebo_envs/share/gazebo_envs/models/aws_robomaker_residential_TVCabinet_01/materials/textures
[0.978s] -- Up-to-date: /home/catcyber02/Mobile-Robots-2026-1/install/gazebo_envs/share/gazebo_envs/models/aws_robomaker_residential_TVCabinet_01/materials/textures/aws_TVCabinet_01.png
[0.978s] -- Up-to-date: /home/catcyber02/Mobile-Robots-2026-1/install/gazebo_envs/share/gazebo_envs/models/aws_robomaker_residential_TVCabinet_01/model.sdf
[0.978s] -- Up-to-date: /home/catcyber02/Mobile-Robots-2026-1/install/gazebo_envs/share/gazebo_envs/models/aws_robomaker_residential_TVCabinet_01/meshes
[0.978s] -- Up-to-date: /home/catcyber02/Mobile-Robots-2026-1/install/gazebo_envs/share/gazebo_envs/models/aws_robomaker_residential_TVCabinet_01/meshes/aws_TVCabinet_01_visual.DAE
[0.979s] -- Up-to-date: /home/catcyber02/Mobile-Robots-2026-1/install/gazebo_envs/share/gazebo_envs/models/aws_robomaker_residential_TVCabinet_01/meshes/aws_TVCabinet_01_collision.DAE
[0.979s] -- Up-to-date: /home/catcyber02/Mobile-Robots-2026-1/install/gazebo_envs/share/gazebo_envs/models/aws_robomaker_residential_DeskPortraitD_03
[0.979s] -- Up-to-date: /home/catcyber02/Mobile-Robots-2026-1/install/gazebo_envs/share/gazebo_envs/models/aws_robomaker_residential_DeskPortraitD_03/model.config
[0.979s] -- Up-to-date: /home/catcyber02/Mobile-Robots-2026-1/install/gazebo_envs/share/gazebo_envs/models/aws_robomaker_residential_DeskPortraitD_03/materials
[0.979s] -- Up-to-date: /home/catcyber02/Mobile-Robots-2026-1/install/gazebo_envs/share/gazebo_envs/models/aws_robomaker_residential_DeskPortraitD_03/materials/textures
[0.980s] -- Up-to-date: /home/catcyber02/Mobile-Robots-2026-1/install/gazebo_envs/share/gazebo_envs/models/aws_robomaker_residential_DeskPortraitD_03/materials/textures/aws_DeskPortraitD_02.png
[0.980s] -- Up-to-date: /home/catcyber02/Mobile-Robots-2026-1/install/gazebo_envs/share/gazebo_envs/models/aws_robomaker_residential_DeskPortraitD_03/materials/textures/DeskPortraitD_03.jpg
[0.980s] -- Up-to-date: /home/catcyber02/Mobile-Robots-2026-1/install/gazebo_envs/share/gazebo_envs/models/aws_robomaker_residential_DeskPortraitD_03/materials/textures/aws_DeskPortraitD_01.png
[0.980s] -- Up-to-date: /home/catcyber02/Mobile-Robots-2026-1/install/gazebo_envs/share/gazebo_envs/models/aws_robomaker_residential_DeskPortraitD_03/model.sdf
[0.980s] -- Up-to-date: /home/catcyber02/Mobile-Robots-2026-1/install/gazebo_envs/share/gazebo_envs/models/aws_robomaker_residential_DeskPortraitD_03/meshes
[0.981s] -- Up-to-date: /home/catcyber02/Mobile-Robots-2026-1/install/gazebo_envs/share/gazebo_envs/models/aws_robomaker_residential_DeskPortraitD_03/meshes/aws_DeskPortraitD_01_collision.DAE
[0.981s] -- Up-to-date: /home/catcyber02/Mobile-Robots-2026-1/install/gazebo_envs/share/gazebo_envs/models/aws_robomaker_residential_DeskPortraitD_03/meshes/aws_DeskPortraitD_01_visual.DAE
[0.981s] -- Up-to-date: /home/catcyber02/Mobile-Robots-2026-1/install/gazebo_envs/share/gazebo_envs/worlds
[0.981s] -- Up-to-date: /home/catcyber02/Mobile-Robots-2026-1/install/gazebo_envs/share/gazebo_envs/worlds/house.world
[0.981s] -- Up-to-date: /home/catcyber02/Mobile-Robots-2026-1/install/gazebo_envs/share/gazebo_envs/worlds/simple_house.world
[0.982s] -- Up-to-date: /home/catcyber02/Mobile-Robots-2026-1/install/gazebo_envs/share/gazebo_envs/config
[0.982s] -- Up-to-date: /home/catcyber02/Mobile-Robots-2026-1/install/gazebo_envs/share/gazebo_envs/config/gz_bridge.yaml
[0.983s] -- Up-to-date: /home/catcyber02/Mobile-Robots-2026-1/install/gazebo_envs/share/ament_index/resource_index/package_run_dependencies/gazebo_envs
[0.983s] -- Up-to-date: /home/catcyber02/Mobile-Robots-2026-1/install/gazebo_envs/share/ament_index/resource_index/parent_prefix_path/gazebo_envs
[0.983s] -- Up-to-date: /home/catcyber02/Mobile-Robots-2026-1/install/gazebo_envs/share/gazebo_envs/environment/ament_prefix_path.sh
[0.983s] -- Up-to-date: /home/catcyber02/Mobile-Robots-2026-1/install/gazebo_envs/share/gazebo_envs/environment/ament_prefix_path.dsv
[0.983s] -- Up-to-date: /home/catcyber02/Mobile-Robots-2026-1/install/gazebo_envs/share/gazebo_envs/environment/path.sh
[0.984s] -- Up-to-date: /home/catcyber02/Mobile-Robots-2026-1/install/gazebo_envs/share/gazebo_envs/environment/path.dsv
[0.984s] -- Up-to-date: /home/catcyber02/Mobile-Robots-2026-1/install/gazebo_envs/share/gazebo_envs/local_setup.bash
[0.984s] -- Up-to-date: /home/catcyber02/Mobile-Robots-2026-1/install/gazebo_envs/share/gazebo_envs/local_setup.sh
[0.984s] -- Up-to-date: /home/catcyber02/Mobile-Robots-2026-1/install/gazebo_envs/share/gazebo_envs/local_setup.zsh
[0.984s] -- Up-to-date: /home/catcyber02/Mobile-Robots-2026-1/install/gazebo_envs/share/gazebo_envs/local_setup.dsv
[0.985s] -- Installing: /home/catcyber02/Mobile-Robots-2026-1/install/gazebo_envs/share/gazebo_envs/package.dsv
[0.985s] -- Up-to-date: /home/catcyber02/Mobile-Robots-2026-1/install/gazebo_envs/share/ament_index/resource_index/packages/gazebo_envs
[0.985s] -- Up-to-date: /home/catcyber02/Mobile-Robots-2026-1/install/gazebo_envs/share/gazebo_envs/cmake/gazebo_envsConfig.cmake
[0.985s] -- Up-to-date: /home/catcyber02/Mobile-Robots-2026-1/install/gazebo_envs/share/gazebo_envs/cmake/gazebo_envsConfig-version.cmake
[0.985s] -- Up-to-date: /home/catcyber02/Mobile-Robots-2026-1/install/gazebo_envs/share/gazebo_envs/package.xml
[1.072s] Invoked command in '/home/catcyber02/Mobile-Robots-2026-1/build/gazebo_envs' returned '0': CMAKE_PREFIX_PATH=${CMAKE_PREFIX_PATH}:/home/catcyber02/Mobile-Robots-2026-1/ros2_ws/install/uf_ros_lib:/home/catcyber02/Mobile-Robots-2026-1/ros2_ws/install/simple_move:/home/catcyber02/Mobile-Robots-2026-1/ros2_ws/install/path_planner:/home/catcyber02/Mobile-Robots-2026-1/ros2_ws/install/map_augmenter:/opt/ros/jazzy DEBUGINFOD_URLS=https://debuginfod.ubuntu.com /usr/bin/cmake --install /home/catcyber02/Mobile-Robots-2026-1/build/gazebo_envs
