[0.139s] DEBUG:colcon:Command line arguments: ['/usr/bin/colcon', 'build']
[0.139s] DEBUG:colcon:Parsed command line arguments: Namespace(log_base=None, log_level=None, verb_name='build', build_base='build', install_base='install', merge_install=False, symlink_install=False, test_result_base=None, continue_on_error=False, executor='parallel', parallel_workers=8, event_handlers=None, ignore_user_meta=False, metas=['./colcon.meta'], base_paths=['.'], packages_ignore=None, packages_ignore_regex=None, paths=None, packages_up_to=None, packages_up_to_regex=None, packages_above=None, packages_above_and_dependencies=None, packages_above_depth=None, packages_select_by_dep=None, packages_skip_by_dep=None, packages_skip_up_to=None, packages_select_build_failed=False, packages_skip_build_finished=False, packages_select_test_failures=False, packages_skip_test_passed=False, packages_select=None, packages_skip=None, packages_select_regex=None, packages_skip_regex=None, packages_start=None, packages_end=None, allow_overriding=[], cmake_args=None, cmake_target=None, cmake_target_skip_unavailable=False, cmake_clean_cache=False, cmake_clean_first=False, cmake_force_configure=False, ament_cmake_args=None, catkin_cmake_args=None, catkin_skip_building_tests=False, verb_parser=<colcon_defaults.argument_parser.defaults.DefaultArgumentsDecorator object at 0x70edaea38a10>, verb_extension=<colcon_core.verb.build.BuildVerb object at 0x70edaeba8680>, main=<bound method BuildVerb.main of <colcon_core.verb.build.BuildVerb object at 0x70edaeba8680>>)
[0.187s] Level 1:colcon.colcon_core.package_discovery:discover_packages(colcon_meta) check parameters
[0.187s] Level 1:colcon.colcon_core.package_discovery:discover_packages(recursive) check parameters
[0.187s] Level 1:colcon.colcon_core.package_discovery:discover_packages(ignore) check parameters
[0.187s] Level 1:colcon.colcon_core.package_discovery:discover_packages(path) check parameters
[0.187s] Level 1:colcon.colcon_core.package_discovery:discover_packages(colcon_meta) discover
[0.188s] Level 1:colcon.colcon_core.package_discovery:discover_packages(recursive) discover
[0.188s] INFO:colcon.colcon_core.package_discovery:Crawling recursively for packages in '/home/catcyber02/Mobile-Robots-2026-1'
[0.188s] Level 1:colcon.colcon_core.package_identification:_identify(.) by extensions ['ignore', 'ignore_ament_install']
[0.188s] Level 1:colcon.colcon_core.package_identification:_identify(.) by extension 'ignore'
[0.188s] Level 1:colcon.colcon_core.package_identification:_identify(.) by extension 'ignore_ament_install'
[0.188s] Level 1:colcon.colcon_core.package_identification:_identify(.) by extensions ['colcon_pkg']
[0.188s] Level 1:colcon.colcon_core.package_identification:_identify(.) by extension 'colcon_pkg'
[0.188s] Level 1:colcon.colcon_core.package_identification:_identify(.) by extensions ['colcon_meta']
[0.188s] Level 1:colcon.colcon_core.package_identification:_identify(.) by extension 'colcon_meta'
[0.188s] Level 1:colcon.colcon_core.package_identification:_identify(.) by extensions ['ros']
[0.188s] Level 1:colcon.colcon_core.package_identification:_identify(.) by extension 'ros'
[0.221s] Level 1:colcon.colcon_core.package_identification:_identify(.) by extensions ['cmake', 'python']
[0.221s] Level 1:colcon.colcon_core.package_identification:_identify(.) by extension 'cmake'
[0.221s] Level 1:colcon.colcon_core.package_identification:_identify(.) by extension 'python'
[0.221s] Level 1:colcon.colcon_core.package_identification:_identify(.) by extensions ['python_setup_py']
[0.221s] Level 1:colcon.colcon_core.package_identification:_identify(.) by extension 'python_setup_py'
[0.221s] Level 1:colcon.colcon_core.package_identification:_identify(Media) by extensions ['ignore', 'ignore_ament_install']
[0.221s] Level 1:colcon.colcon_core.package_identification:_identify(Media) by extension 'ignore'
[0.221s] Level 1:colcon.colcon_core.package_identification:_identify(Media) by extension 'ignore_ament_install'
[0.222s] Level 1:colcon.colcon_core.package_identification:_identify(Media) by extensions ['colcon_pkg']
[0.222s] Level 1:colcon.colcon_core.package_identification:_identify(Media) by extension 'colcon_pkg'
[0.222s] Level 1:colcon.colcon_core.package_identification:_identify(Media) by extensions ['colcon_meta']
[0.222s] Level 1:colcon.colcon_core.package_identification:_identify(Media) by extension 'colcon_meta'
[0.222s] Level 1:colcon.colcon_core.package_identification:_identify(Media) by extensions ['ros']
[0.222s] Level 1:colcon.colcon_core.package_identification:_identify(Media) by extension 'ros'
[0.222s] Level 1:colcon.colcon_core.package_identification:_identify(Media) by extensions ['cmake', 'python']
[0.222s] Level 1:colcon.colcon_core.package_identification:_identify(Media) by extension 'cmake'
[0.222s] Level 1:colcon.colcon_core.package_identification:_identify(Media) by extension 'python'
[0.222s] Level 1:colcon.colcon_core.package_identification:_identify(Media) by extensions ['python_setup_py']
[0.222s] Level 1:colcon.colcon_core.package_identification:_identify(Media) by extension 'python_setup_py'
[0.222s] Level 1:colcon.colcon_core.package_identification:_identify(build) by extensions ['ignore', 'ignore_ament_install']
[0.222s] Level 1:colcon.colcon_core.package_identification:_identify(build) by extension 'ignore'
[0.222s] Level 1:colcon.colcon_core.package_identification:_identify(build) ignored
[0.222s] Level 1:colcon.colcon_core.package_identification:_identify(install) by extensions ['ignore', 'ignore_ament_install']
[0.223s] Level 1:colcon.colcon_core.package_identification:_identify(install) by extension 'ignore'
[0.223s] Level 1:colcon.colcon_core.package_identification:_identify(install) ignored
[0.223s] Level 1:colcon.colcon_core.package_identification:_identify(log) by extensions ['ignore', 'ignore_ament_install']
[0.223s] Level 1:colcon.colcon_core.package_identification:_identify(log) by extension 'ignore'
[0.223s] Level 1:colcon.colcon_core.package_identification:_identify(log) ignored
[0.223s] Level 1:colcon.colcon_core.package_identification:_identify(ros2_ws) by extensions ['ignore', 'ignore_ament_install']
[0.223s] Level 1:colcon.colcon_core.package_identification:_identify(ros2_ws) by extension 'ignore'
[0.223s] Level 1:colcon.colcon_core.package_identification:_identify(ros2_ws) by extension 'ignore_ament_install'
[0.223s] Level 1:colcon.colcon_core.package_identification:_identify(ros2_ws) by extensions ['colcon_pkg']
[0.223s] Level 1:colcon.colcon_core.package_identification:_identify(ros2_ws) by extension 'colcon_pkg'
[0.223s] Level 1:colcon.colcon_core.package_identification:_identify(ros2_ws) by extensions ['colcon_meta']
[0.223s] Level 1:colcon.colcon_core.package_identification:_identify(ros2_ws) by extension 'colcon_meta'
[0.223s] Level 1:colcon.colcon_core.package_identification:_identify(ros2_ws) by extensions ['ros']
[0.223s] Level 1:colcon.colcon_core.package_identification:_identify(ros2_ws) by extension 'ros'
[0.224s] Level 1:colcon.colcon_core.package_identification:_identify(ros2_ws) by extensions ['cmake', 'python']
[0.224s] Level 1:colcon.colcon_core.package_identification:_identify(ros2_ws) by extension 'cmake'
[0.224s] Level 1:colcon.colcon_core.package_identification:_identify(ros2_ws) by extension 'python'
[0.224s] Level 1:colcon.colcon_core.package_identification:_identify(ros2_ws) by extensions ['python_setup_py']
[0.224s] Level 1:colcon.colcon_core.package_identification:_identify(ros2_ws) by extension 'python_setup_py'
[0.224s] Level 1:colcon.colcon_core.package_identification:_identify(ros2_ws/build) by extensions ['ignore', 'ignore_ament_install']
[0.224s] Level 1:colcon.colcon_core.package_identification:_identify(ros2_ws/build) by extension 'ignore'
[0.224s] Level 1:colcon.colcon_core.package_identification:_identify(ros2_ws/build) ignored
[0.224s] Level 1:colcon.colcon_core.package_identification:_identify(ros2_ws/install) by extensions ['ignore', 'ignore_ament_install']
[0.224s] Level 1:colcon.colcon_core.package_identification:_identify(ros2_ws/install) by extension 'ignore'
[0.224s] Level 1:colcon.colcon_core.package_identification:_identify(ros2_ws/install) ignored
[0.224s] Level 1:colcon.colcon_core.package_identification:_identify(ros2_ws/log) by extensions ['ignore', 'ignore_ament_install']
[0.224s] Level 1:colcon.colcon_core.package_identification:_identify(ros2_ws/log) by extension 'ignore'
[0.225s] Level 1:colcon.colcon_core.package_identification:_identify(ros2_ws/log) ignored
[0.225s] Level 1:colcon.colcon_core.package_identification:_identify(ros2_ws/src) by extensions ['ignore', 'ignore_ament_install']
[0.225s] Level 1:colcon.colcon_core.package_identification:_identify(ros2_ws/src) by extension 'ignore'
[0.225s] Level 1:colcon.colcon_core.package_identification:_identify(ros2_ws/src) by extension 'ignore_ament_install'
[0.225s] Level 1:colcon.colcon_core.package_identification:_identify(ros2_ws/src) by extensions ['colcon_pkg']
[0.225s] Level 1:colcon.colcon_core.package_identification:_identify(ros2_ws/src) by extension 'colcon_pkg'
[0.225s] Level 1:colcon.colcon_core.package_identification:_identify(ros2_ws/src) by extensions ['colcon_meta']
[0.225s] Level 1:colcon.colcon_core.package_identification:_identify(ros2_ws/src) by extension 'colcon_meta'
[0.225s] Level 1:colcon.colcon_core.package_identification:_identify(ros2_ws/src) by extensions ['ros']
[0.225s] Level 1:colcon.colcon_core.package_identification:_identify(ros2_ws/src) by extension 'ros'
[0.225s] Level 1:colcon.colcon_core.package_identification:_identify(ros2_ws/src) by extensions ['cmake', 'python']
[0.225s] Level 1:colcon.colcon_core.package_identification:_identify(ros2_ws/src) by extension 'cmake'
[0.225s] Level 1:colcon.colcon_core.package_identification:_identify(ros2_ws/src) by extension 'python'
[0.225s] Level 1:colcon.colcon_core.package_identification:_identify(ros2_ws/src) by extensions ['python_setup_py']
[0.225s] Level 1:colcon.colcon_core.package_identification:_identify(ros2_ws/src) by extension 'python_setup_py'
[0.226s] Level 1:colcon.colcon_core.package_identification:_identify(ros2_ws/src/config_files) by extensions ['ignore', 'ignore_ament_install']
[0.226s] Level 1:colcon.colcon_core.package_identification:_identify(ros2_ws/src/config_files) by extension 'ignore'
[0.226s] Level 1:colcon.colcon_core.package_identification:_identify(ros2_ws/src/config_files) by extension 'ignore_ament_install'
[0.226s] Level 1:colcon.colcon_core.package_identification:_identify(ros2_ws/src/config_files) by extensions ['colcon_pkg']
[0.226s] Level 1:colcon.colcon_core.package_identification:_identify(ros2_ws/src/config_files) by extension 'colcon_pkg'
[0.226s] Level 1:colcon.colcon_core.package_identification:_identify(ros2_ws/src/config_files) by extensions ['colcon_meta']
[0.226s] Level 1:colcon.colcon_core.package_identification:_identify(ros2_ws/src/config_files) by extension 'colcon_meta'
[0.226s] Level 1:colcon.colcon_core.package_identification:_identify(ros2_ws/src/config_files) by extensions ['ros']
[0.226s] Level 1:colcon.colcon_core.package_identification:_identify(ros2_ws/src/config_files) by extension 'ros'
[0.229s] DEBUG:colcon.colcon_core.package_identification:Package 'ros2_ws/src/config_files' with type 'ros.ament_cmake' and name 'config_files'
[0.229s] Level 1:colcon.colcon_core.package_identification:_identify(ros2_ws/src/hardware) by extensions ['ignore', 'ignore_ament_install']
[0.229s] Level 1:colcon.colcon_core.package_identification:_identify(ros2_ws/src/hardware) by extension 'ignore'
[0.229s] Level 1:colcon.colcon_core.package_identification:_identify(ros2_ws/src/hardware) by extension 'ignore_ament_install'
[0.229s] Level 1:colcon.colcon_core.package_identification:_identify(ros2_ws/src/hardware) by extensions ['colcon_pkg']
[0.229s] Level 1:colcon.colcon_core.package_identification:_identify(ros2_ws/src/hardware) by extension 'colcon_pkg'
[0.229s] Level 1:colcon.colcon_core.package_identification:_identify(ros2_ws/src/hardware) by extensions ['colcon_meta']
[0.229s] Level 1:colcon.colcon_core.package_identification:_identify(ros2_ws/src/hardware) by extension 'colcon_meta'
[0.229s] Level 1:colcon.colcon_core.package_identification:_identify(ros2_ws/src/hardware) by extensions ['ros']
[0.229s] Level 1:colcon.colcon_core.package_identification:_identify(ros2_ws/src/hardware) by extension 'ros'
[0.230s] Level 1:colcon.colcon_core.package_identification:_identify(ros2_ws/src/hardware) by extensions ['cmake', 'python']
[0.230s] Level 1:colcon.colcon_core.package_identification:_identify(ros2_ws/src/hardware) by extension 'cmake'
[0.230s] Level 1:colcon.colcon_core.package_identification:_identify(ros2_ws/src/hardware) by extension 'python'
[0.230s] Level 1:colcon.colcon_core.package_identification:_identify(ros2_ws/src/hardware) by extensions ['python_setup_py']
[0.230s] Level 1:colcon.colcon_core.package_identification:_identify(ros2_ws/src/hardware) by extension 'python_setup_py'
[0.230s] Level 1:colcon.colcon_core.package_identification:_identify(ros2_ws/src/hardware/gazebo_envs) by extensions ['ignore', 'ignore_ament_install']
[0.230s] Level 1:colcon.colcon_core.package_identification:_identify(ros2_ws/src/hardware/gazebo_envs) by extension 'ignore'
[0.230s] Level 1:colcon.colcon_core.package_identification:_identify(ros2_ws/src/hardware/gazebo_envs) by extension 'ignore_ament_install'
[0.230s] Level 1:colcon.colcon_core.package_identification:_identify(ros2_ws/src/hardware/gazebo_envs) by extensions ['colcon_pkg']
[0.230s] Level 1:colcon.colcon_core.package_identification:_identify(ros2_ws/src/hardware/gazebo_envs) by extension 'colcon_pkg'
[0.230s] Level 1:colcon.colcon_core.package_identification:_identify(ros2_ws/src/hardware/gazebo_envs) by extensions ['colcon_meta']
[0.230s] Level 1:colcon.colcon_core.package_identification:_identify(ros2_ws/src/hardware/gazebo_envs) by extension 'colcon_meta'
[0.230s] Level 1:colcon.colcon_core.package_identification:_identify(ros2_ws/src/hardware/gazebo_envs) by extensions ['ros']
[0.230s] Level 1:colcon.colcon_core.package_identification:_identify(ros2_ws/src/hardware/gazebo_envs) by extension 'ros'
[0.231s] DEBUG:colcon.colcon_core.package_identification:Package 'ros2_ws/src/hardware/gazebo_envs' with type 'ros.ament_cmake' and name 'gazebo_envs'
[0.231s] Level 1:colcon.colcon_core.package_identification:_identify(ros2_ws/src/hardware/justina_description) by extensions ['ignore', 'ignore_ament_install']
[0.231s] Level 1:colcon.colcon_core.package_identification:_identify(ros2_ws/src/hardware/justina_description) by extension 'ignore'
[0.231s] Level 1:colcon.colcon_core.package_identification:_identify(ros2_ws/src/hardware/justina_description) by extension 'ignore_ament_install'
[0.231s] Level 1:colcon.colcon_core.package_identification:_identify(ros2_ws/src/hardware/justina_description) by extensions ['colcon_pkg']
[0.231s] Level 1:colcon.colcon_core.package_identification:_identify(ros2_ws/src/hardware/justina_description) by extension 'colcon_pkg'
[0.231s] Level 1:colcon.colcon_core.package_identification:_identify(ros2_ws/src/hardware/justina_description) by extensions ['colcon_meta']
[0.231s] Level 1:colcon.colcon_core.package_identification:_identify(ros2_ws/src/hardware/justina_description) by extension 'colcon_meta'
[0.231s] Level 1:colcon.colcon_core.package_identification:_identify(ros2_ws/src/hardware/justina_description) by extensions ['ros']
[0.231s] Level 1:colcon.colcon_core.package_identification:_identify(ros2_ws/src/hardware/justina_description) by extension 'ros'
[0.232s] DEBUG:colcon.colcon_core.package_identification:Package 'ros2_ws/src/hardware/justina_description' with type 'ros.ament_cmake' and name 'justina_description'
[0.232s] Level 1:colcon.colcon_core.package_identification:_identify(ros2_ws/src/hardware/xarm_ros2) by extensions ['ignore', 'ignore_ament_install']
[0.232s] Level 1:colcon.colcon_core.package_identification:_identify(ros2_ws/src/hardware/xarm_ros2) by extension 'ignore'
[0.232s] Level 1:colcon.colcon_core.package_identification:_identify(ros2_ws/src/hardware/xarm_ros2) by extension 'ignore_ament_install'
[0.232s] Level 1:colcon.colcon_core.package_identification:_identify(ros2_ws/src/hardware/xarm_ros2) by extensions ['colcon_pkg']
[0.232s] Level 1:colcon.colcon_core.package_identification:_identify(ros2_ws/src/hardware/xarm_ros2) by extension 'colcon_pkg'
[0.232s] Level 1:colcon.colcon_core.package_identification:_identify(ros2_ws/src/hardware/xarm_ros2) by extensions ['colcon_meta']
[0.232s] Level 1:colcon.colcon_core.package_identification:_identify(ros2_ws/src/hardware/xarm_ros2) by extension 'colcon_meta'
[0.232s] Level 1:colcon.colcon_core.package_identification:_identify(ros2_ws/src/hardware/xarm_ros2) by extensions ['ros']
[0.233s] Level 1:colcon.colcon_core.package_identification:_identify(ros2_ws/src/hardware/xarm_ros2) by extension 'ros'
[0.233s] Level 1:colcon.colcon_core.package_identification:_identify(ros2_ws/src/hardware/xarm_ros2) by extensions ['cmake', 'python']
[0.233s] Level 1:colcon.colcon_core.package_identification:_identify(ros2_ws/src/hardware/xarm_ros2) by extension 'cmake'
[0.233s] Level 1:colcon.colcon_core.package_identification:_identify(ros2_ws/src/hardware/xarm_ros2) by extension 'python'
[0.233s] Level 1:colcon.colcon_core.package_identification:_identify(ros2_ws/src/hardware/xarm_ros2) by extensions ['python_setup_py']
[0.233s] Level 1:colcon.colcon_core.package_identification:_identify(ros2_ws/src/hardware/xarm_ros2) by extension 'python_setup_py'
[0.233s] Level 1:colcon.colcon_core.package_identification:_identify(ros2_ws/src/hardware/xarm_ros2/uf_ros_lib) by extensions ['ignore', 'ignore_ament_install']
[0.233s] Level 1:colcon.colcon_core.package_identification:_identify(ros2_ws/src/hardware/xarm_ros2/uf_ros_lib) by extension 'ignore'
[0.233s] Level 1:colcon.colcon_core.package_identification:_identify(ros2_ws/src/hardware/xarm_ros2/uf_ros_lib) by extension 'ignore_ament_install'
[0.233s] Level 1:colcon.colcon_core.package_identification:_identify(ros2_ws/src/hardware/xarm_ros2/uf_ros_lib) by extensions ['colcon_pkg']
[0.233s] Level 1:colcon.colcon_core.package_identification:_identify(ros2_ws/src/hardware/xarm_ros2/uf_ros_lib) by extension 'colcon_pkg'
[0.233s] Level 1:colcon.colcon_core.package_identification:_identify(ros2_ws/src/hardware/xarm_ros2/uf_ros_lib) by extensions ['colcon_meta']
[0.233s] Level 1:colcon.colcon_core.package_identification:_identify(ros2_ws/src/hardware/xarm_ros2/uf_ros_lib) by extension 'colcon_meta'
[0.233s] Level 1:colcon.colcon_core.package_identification:_identify(ros2_ws/src/hardware/xarm_ros2/uf_ros_lib) by extensions ['ros']
[0.233s] Level 1:colcon.colcon_core.package_identification:_identify(ros2_ws/src/hardware/xarm_ros2/uf_ros_lib) by extension 'ros'
[0.234s] DEBUG:colcon.colcon_core.package_identification:Package 'ros2_ws/src/hardware/xarm_ros2/uf_ros_lib' with type 'ros.ament_python' and name 'uf_ros_lib'
[0.234s] Level 1:colcon.colcon_core.package_identification:_identify(ros2_ws/src/hardware/xarm_ros2/xarm_api) by extensions ['ignore', 'ignore_ament_install']
[0.234s] Level 1:colcon.colcon_core.package_identification:_identify(ros2_ws/src/hardware/xarm_ros2/xarm_api) by extension 'ignore'
[0.234s] Level 1:colcon.colcon_core.package_identification:_identify(ros2_ws/src/hardware/xarm_ros2/xarm_api) by extension 'ignore_ament_install'
[0.234s] Level 1:colcon.colcon_core.package_identification:_identify(ros2_ws/src/hardware/xarm_ros2/xarm_api) by extensions ['colcon_pkg']
[0.234s] Level 1:colcon.colcon_core.package_identification:_identify(ros2_ws/src/hardware/xarm_ros2/xarm_api) by extension 'colcon_pkg'
[0.234s] Level 1:colcon.colcon_core.package_identification:_identify(ros2_ws/src/hardware/xarm_ros2/xarm_api) by extensions ['colcon_meta']
[0.234s] Level 1:colcon.colcon_core.package_identification:_identify(ros2_ws/src/hardware/xarm_ros2/xarm_api) by extension 'colcon_meta'
[0.235s] Level 1:colcon.colcon_core.package_identification:_identify(ros2_ws/src/hardware/xarm_ros2/xarm_api) by extensions ['ros']
[0.235s] Level 1:colcon.colcon_core.package_identification:_identify(ros2_ws/src/hardware/xarm_ros2/xarm_api) by extension 'ros'
[0.236s] DEBUG:colcon.colcon_core.package_identification:Package 'ros2_ws/src/hardware/xarm_ros2/xarm_api' with type 'ros.ament_cmake' and name 'xarm_api'
[0.236s] Level 1:colcon.colcon_core.package_identification:_identify(ros2_ws/src/hardware/xarm_ros2/xarm_controller) by extensions ['ignore', 'ignore_ament_install']
[0.236s] Level 1:colcon.colcon_core.package_identification:_identify(ros2_ws/src/hardware/xarm_ros2/xarm_controller) by extension 'ignore'
[0.236s] Level 1:colcon.colcon_core.package_identification:_identify(ros2_ws/src/hardware/xarm_ros2/xarm_controller) by extension 'ignore_ament_install'
[0.236s] Level 1:colcon.colcon_core.package_identification:_identify(ros2_ws/src/hardware/xarm_ros2/xarm_controller) by extensions ['colcon_pkg']
[0.236s] Level 1:colcon.colcon_core.package_identification:_identify(ros2_ws/src/hardware/xarm_ros2/xarm_controller) by extension 'colcon_pkg'
[0.236s] Level 1:colcon.colcon_core.package_identification:_identify(ros2_ws/src/hardware/xarm_ros2/xarm_controller) by extensions ['colcon_meta']
[0.236s] Level 1:colcon.colcon_core.package_identification:_identify(ros2_ws/src/hardware/xarm_ros2/xarm_controller) by extension 'colcon_meta'
[0.236s] Level 1:colcon.colcon_core.package_identification:_identify(ros2_ws/src/hardware/xarm_ros2/xarm_controller) by extensions ['ros']
[0.236s] Level 1:colcon.colcon_core.package_identification:_identify(ros2_ws/src/hardware/xarm_ros2/xarm_controller) by extension 'ros'
[0.238s] DEBUG:colcon.colcon_core.package_identification:Package 'ros2_ws/src/hardware/xarm_ros2/xarm_controller' with type 'ros.ament_cmake' and name 'xarm_controller'
[0.238s] Level 1:colcon.colcon_core.package_identification:_identify(ros2_ws/src/hardware/xarm_ros2/xarm_description) by extensions ['ignore', 'ignore_ament_install']
[0.238s] Level 1:colcon.colcon_core.package_identification:_identify(ros2_ws/src/hardware/xarm_ros2/xarm_description) by extension 'ignore'
[0.238s] Level 1:colcon.colcon_core.package_identification:_identify(ros2_ws/src/hardware/xarm_ros2/xarm_description) by extension 'ignore_ament_install'
[0.238s] Level 1:colcon.colcon_core.package_identification:_identify(ros2_ws/src/hardware/xarm_ros2/xarm_description) by extensions ['colcon_pkg']
[0.238s] Level 1:colcon.colcon_core.package_identification:_identify(ros2_ws/src/hardware/xarm_ros2/xarm_description) by extension 'colcon_pkg'
[0.238s] Level 1:colcon.colcon_core.package_identification:_identify(ros2_ws/src/hardware/xarm_ros2/xarm_description) by extensions ['colcon_meta']
[0.238s] Level 1:colcon.colcon_core.package_identification:_identify(ros2_ws/src/hardware/xarm_ros2/xarm_description) by extension 'colcon_meta'
[0.238s] Level 1:colcon.colcon_core.package_identification:_identify(ros2_ws/src/hardware/xarm_ros2/xarm_description) by extensions ['ros']
[0.238s] Level 1:colcon.colcon_core.package_identification:_identify(ros2_ws/src/hardware/xarm_ros2/xarm_description) by extension 'ros'
[0.239s] DEBUG:colcon.colcon_core.package_identification:Package 'ros2_ws/src/hardware/xarm_ros2/xarm_description' with type 'ros.ament_cmake' and name 'xarm_description'
[0.239s] Level 1:colcon.colcon_core.package_identification:_identify(ros2_ws/src/hardware/xarm_ros2/xarm_msgs) by extensions ['ignore', 'ignore_ament_install']
[0.239s] Level 1:colcon.colcon_core.package_identification:_identify(ros2_ws/src/hardware/xarm_ros2/xarm_msgs) by extension 'ignore'
[0.239s] Level 1:colcon.colcon_core.package_identification:_identify(ros2_ws/src/hardware/xarm_ros2/xarm_msgs) by extension 'ignore_ament_install'
[0.239s] Level 1:colcon.colcon_core.package_identification:_identify(ros2_ws/src/hardware/xarm_ros2/xarm_msgs) by extensions ['colcon_pkg']
[0.239s] Level 1:colcon.colcon_core.package_identification:_identify(ros2_ws/src/hardware/xarm_ros2/xarm_msgs) by extension 'colcon_pkg'
[0.239s] Level 1:colcon.colcon_core.package_identification:_identify(ros2_ws/src/hardware/xarm_ros2/xarm_msgs) by extensions ['colcon_meta']
[0.239s] Level 1:colcon.colcon_core.package_identification:_identify(ros2_ws/src/hardware/xarm_ros2/xarm_msgs) by extension 'colcon_meta'
[0.239s] Level 1:colcon.colcon_core.package_identification:_identify(ros2_ws/src/hardware/xarm_ros2/xarm_msgs) by extensions ['ros']
[0.239s] Level 1:colcon.colcon_core.package_identification:_identify(ros2_ws/src/hardware/xarm_ros2/xarm_msgs) by extension 'ros'
[0.240s] DEBUG:colcon.colcon_core.package_identification:Package 'ros2_ws/src/hardware/xarm_ros2/xarm_msgs' with type 'ros.ament_cmake' and name 'xarm_msgs'
[0.240s] Level 1:colcon.colcon_core.package_identification:_identify(ros2_ws/src/hardware/xarm_ros2/xarm_sdk) by extensions ['ignore', 'ignore_ament_install']
[0.240s] Level 1:colcon.colcon_core.package_identification:_identify(ros2_ws/src/hardware/xarm_ros2/xarm_sdk) by extension 'ignore'
[0.240s] Level 1:colcon.colcon_core.package_identification:_identify(ros2_ws/src/hardware/xarm_ros2/xarm_sdk) by extension 'ignore_ament_install'
[0.240s] Level 1:colcon.colcon_core.package_identification:_identify(ros2_ws/src/hardware/xarm_ros2/xarm_sdk) by extensions ['colcon_pkg']
[0.240s] Level 1:colcon.colcon_core.package_identification:_identify(ros2_ws/src/hardware/xarm_ros2/xarm_sdk) by extension 'colcon_pkg'
[0.241s] Level 1:colcon.colcon_core.package_identification:_identify(ros2_ws/src/hardware/xarm_ros2/xarm_sdk) by extensions ['colcon_meta']
[0.241s] Level 1:colcon.colcon_core.package_identification:_identify(ros2_ws/src/hardware/xarm_ros2/xarm_sdk) by extension 'colcon_meta'
[0.241s] Level 1:colcon.colcon_core.package_identification:_identify(ros2_ws/src/hardware/xarm_ros2/xarm_sdk) by extensions ['ros']
[0.241s] Level 1:colcon.colcon_core.package_identification:_identify(ros2_ws/src/hardware/xarm_ros2/xarm_sdk) by extension 'ros'
[0.241s] DEBUG:colcon.colcon_core.package_identification:Package 'ros2_ws/src/hardware/xarm_ros2/xarm_sdk' with type 'ros.ament_cmake' and name 'xarm_sdk'
[0.241s] Level 1:colcon.colcon_core.package_identification:_identify(ros2_ws/src/hri) by extensions ['ignore', 'ignore_ament_install']
[0.241s] Level 1:colcon.colcon_core.package_identification:_identify(ros2_ws/src/hri) by extension 'ignore'
[0.241s] Level 1:colcon.colcon_core.package_identification:_identify(ros2_ws/src/hri) by extension 'ignore_ament_install'
[0.242s] Level 1:colcon.colcon_core.package_identification:_identify(ros2_ws/src/hri) by extensions ['colcon_pkg']
[0.242s] Level 1:colcon.colcon_core.package_identification:_identify(ros2_ws/src/hri) by extension 'colcon_pkg'
[0.242s] Level 1:colcon.colcon_core.package_identification:_identify(ros2_ws/src/hri) by extensions ['colcon_meta']
[0.242s] Level 1:colcon.colcon_core.package_identification:_identify(ros2_ws/src/hri) by extension 'colcon_meta'
[0.242s] Level 1:colcon.colcon_core.package_identification:_identify(ros2_ws/src/hri) by extensions ['ros']
[0.242s] Level 1:colcon.colcon_core.package_identification:_identify(ros2_ws/src/hri) by extension 'ros'
[0.242s] Level 1:colcon.colcon_core.package_identification:_identify(ros2_ws/src/hri) by extensions ['cmake', 'python']
[0.242s] Level 1:colcon.colcon_core.package_identification:_identify(ros2_ws/src/hri) by extension 'cmake'
[0.242s] Level 1:colcon.colcon_core.package_identification:_identify(ros2_ws/src/hri) by extension 'python'
[0.242s] Level 1:colcon.colcon_core.package_identification:_identify(ros2_ws/src/hri) by extensions ['python_setup_py']
[0.242s] Level 1:colcon.colcon_core.package_identification:_identify(ros2_ws/src/hri) by extension 'python_setup_py'
[0.242s] Level 1:colcon.colcon_core.package_identification:_identify(ros2_ws/src/hri/justina_gui) by extensions ['ignore', 'ignore_ament_install']
[0.242s] Level 1:colcon.colcon_core.package_identification:_identify(ros2_ws/src/hri/justina_gui) by extension 'ignore'
[0.242s] Level 1:colcon.colcon_core.package_identification:_identify(ros2_ws/src/hri/justina_gui) by extension 'ignore_ament_install'
[0.242s] Level 1:colcon.colcon_core.package_identification:_identify(ros2_ws/src/hri/justina_gui) by extensions ['colcon_pkg']
[0.242s] Level 1:colcon.colcon_core.package_identification:_identify(ros2_ws/src/hri/justina_gui) by extension 'colcon_pkg'
[0.243s] Level 1:colcon.colcon_core.package_identification:_identify(ros2_ws/src/hri/justina_gui) by extensions ['colcon_meta']
[0.243s] Level 1:colcon.colcon_core.package_identification:_identify(ros2_ws/src/hri/justina_gui) by extension 'colcon_meta'
[0.243s] Level 1:colcon.colcon_core.package_identification:_identify(ros2_ws/src/hri/justina_gui) by extensions ['ros']
[0.243s] Level 1:colcon.colcon_core.package_identification:_identify(ros2_ws/src/hri/justina_gui) by extension 'ros'
[0.243s] DEBUG:colcon.colcon_core.package_identification:Package 'ros2_ws/src/hri/justina_gui' with type 'ros.ament_cmake' and name 'justina_gui'
[0.243s] Level 1:colcon.colcon_core.package_identification:_identify(ros2_ws/src/navigation) by extensions ['ignore', 'ignore_ament_install']
[0.244s] Level 1:colcon.colcon_core.package_identification:_identify(ros2_ws/src/navigation) by extension 'ignore'
[0.244s] Level 1:colcon.colcon_core.package_identification:_identify(ros2_ws/src/navigation) by extension 'ignore_ament_install'
[0.244s] Level 1:colcon.colcon_core.package_identification:_identify(ros2_ws/src/navigation) by extensions ['colcon_pkg']
[0.244s] Level 1:colcon.colcon_core.package_identification:_identify(ros2_ws/src/navigation) by extension 'colcon_pkg'
[0.244s] Level 1:colcon.colcon_core.package_identification:_identify(ros2_ws/src/navigation) by extensions ['colcon_meta']
[0.244s] Level 1:colcon.colcon_core.package_identification:_identify(ros2_ws/src/navigation) by extension 'colcon_meta'
[0.244s] Level 1:colcon.colcon_core.package_identification:_identify(ros2_ws/src/navigation) by extensions ['ros']
[0.244s] Level 1:colcon.colcon_core.package_identification:_identify(ros2_ws/src/navigation) by extension 'ros'
[0.244s] Level 1:colcon.colcon_core.package_identification:_identify(ros2_ws/src/navigation) by extensions ['cmake', 'python']
[0.244s] Level 1:colcon.colcon_core.package_identification:_identify(ros2_ws/src/navigation) by extension 'cmake'
[0.244s] Level 1:colcon.colcon_core.package_identification:_identify(ros2_ws/src/navigation) by extension 'python'
[0.244s] Level 1:colcon.colcon_core.package_identification:_identify(ros2_ws/src/navigation) by extensions ['python_setup_py']
[0.244s] Level 1:colcon.colcon_core.package_identification:_identify(ros2_ws/src/navigation) by extension 'python_setup_py'
[0.244s] Level 1:colcon.colcon_core.package_identification:_identify(ros2_ws/src/navigation/map_augmenter) by extensions ['ignore', 'ignore_ament_install']
[0.244s] Level 1:colcon.colcon_core.package_identification:_identify(ros2_ws/src/navigation/map_augmenter) by extension 'ignore'
[0.244s] Level 1:colcon.colcon_core.package_identification:_identify(ros2_ws/src/navigation/map_augmenter) by extension 'ignore_ament_install'
[0.245s] Level 1:colcon.colcon_core.package_identification:_identify(ros2_ws/src/navigation/map_augmenter) by extensions ['colcon_pkg']
[0.245s] Level 1:colcon.colcon_core.package_identification:_identify(ros2_ws/src/navigation/map_augmenter) by extension 'colcon_pkg'
[0.245s] Level 1:colcon.colcon_core.package_identification:_identify(ros2_ws/src/navigation/map_augmenter) by extensions ['colcon_meta']
[0.245s] Level 1:colcon.colcon_core.package_identification:_identify(ros2_ws/src/navigation/map_augmenter) by extension 'colcon_meta'
[0.245s] Level 1:colcon.colcon_core.package_identification:_identify(ros2_ws/src/navigation/map_augmenter) by extensions ['ros']
[0.245s] Level 1:colcon.colcon_core.package_identification:_identify(ros2_ws/src/navigation/map_augmenter) by extension 'ros'
[0.246s] DEBUG:colcon.colcon_core.package_identification:Package 'ros2_ws/src/navigation/map_augmenter' with type 'ros.ament_python' and name 'map_augmenter'
[0.246s] Level 1:colcon.colcon_core.package_identification:_identify(ros2_ws/src/navigation/path_planner) by extensions ['ignore', 'ignore_ament_install']
[0.246s] Level 1:colcon.colcon_core.package_identification:_identify(ros2_ws/src/navigation/path_planner) by extension 'ignore'
[0.246s] Level 1:colcon.colcon_core.package_identification:_identify(ros2_ws/src/navigation/path_planner) by extension 'ignore_ament_install'
[0.246s] Level 1:colcon.colcon_core.package_identification:_identify(ros2_ws/src/navigation/path_planner) by extensions ['colcon_pkg']
[0.246s] Level 1:colcon.colcon_core.package_identification:_identify(ros2_ws/src/navigation/path_planner) by extension 'colcon_pkg'
[0.246s] Level 1:colcon.colcon_core.package_identification:_identify(ros2_ws/src/navigation/path_planner) by extensions ['colcon_meta']
[0.246s] Level 1:colcon.colcon_core.package_identification:_identify(ros2_ws/src/navigation/path_planner) by extension 'colcon_meta'
[0.246s] Level 1:colcon.colcon_core.package_identification:_identify(ros2_ws/src/navigation/path_planner) by extensions ['ros']
[0.246s] Level 1:colcon.colcon_core.package_identification:_identify(ros2_ws/src/navigation/path_planner) by extension 'ros'
[0.247s] DEBUG:colcon.colcon_core.package_identification:Package 'ros2_ws/src/navigation/path_planner' with type 'ros.ament_python' and name 'path_planner'
[0.247s] Level 1:colcon.colcon_core.package_identification:_identify(ros2_ws/src/navigation/simple_move) by extensions ['ignore', 'ignore_ament_install']
[0.247s] Level 1:colcon.colcon_core.package_identification:_identify(ros2_ws/src/navigation/simple_move) by extension 'ignore'
[0.247s] Level 1:colcon.colcon_core.package_identification:_identify(ros2_ws/src/navigation/simple_move) by extension 'ignore_ament_install'
[0.248s] Level 1:colcon.colcon_core.package_identification:_identify(ros2_ws/src/navigation/simple_move) by extensions ['colcon_pkg']
[0.248s] Level 1:colcon.colcon_core.package_identification:_identify(ros2_ws/src/navigation/simple_move) by extension 'colcon_pkg'
[0.248s] Level 1:colcon.colcon_core.package_identification:_identify(ros2_ws/src/navigation/simple_move) by extensions ['colcon_meta']
[0.248s] Level 1:colcon.colcon_core.package_identification:_identify(ros2_ws/src/navigation/simple_move) by extension 'colcon_meta'
[0.248s] Level 1:colcon.colcon_core.package_identification:_identify(ros2_ws/src/navigation/simple_move) by extensions ['ros']
[0.248s] Level 1:colcon.colcon_core.package_identification:_identify(ros2_ws/src/navigation/simple_move) by extension 'ros'
[0.248s] DEBUG:colcon.colcon_core.package_identification:Package 'ros2_ws/src/navigation/simple_move' with type 'ros.ament_python' and name 'simple_move'
[0.249s] Level 1:colcon.colcon_core.package_discovery:discover_packages(recursive) using defaults
[0.249s] Level 1:colcon.colcon_core.package_discovery:discover_packages(ignore) discover
[0.249s] Level 1:colcon.colcon_core.package_discovery:discover_packages(ignore) using defaults
[0.249s] Level 1:colcon.colcon_core.package_discovery:discover_packages(path) discover
[0.249s] Level 1:colcon.colcon_core.package_discovery:discover_packages(path) using defaults
[0.273s] Level 1:colcon.colcon_core.package_discovery:discover_packages(prefix_path) check parameters
[0.273s] Level 1:colcon.colcon_core.package_discovery:discover_packages(prefix_path) discover
[0.276s] DEBUG:colcon.colcon_installed_package_information.package_discovery:Found 13 installed packages in /home/catcyber02/Mobile-Robots-2026-1/ros2_ws/install
[0.278s] DEBUG:colcon.colcon_installed_package_information.package_discovery:Found 386 installed packages in /opt/ros/jazzy
[0.280s] Level 1:colcon.colcon_core.package_discovery:discover_packages(prefix_path) using defaults
[0.348s] Level 5:colcon.colcon_core.verb:set package 'config_files' build argument 'cmake_args' from command line to 'None'
[0.348s] Level 5:colcon.colcon_core.verb:set package 'config_files' build argument 'cmake_target' from command line to 'None'
[0.348s] Level 5:colcon.colcon_core.verb:set package 'config_files' build argument 'cmake_target_skip_unavailable' from command line to 'False'
[0.348s] Level 5:colcon.colcon_core.verb:set package 'config_files' build argument 'cmake_clean_cache' from command line to 'False'
[0.348s] Level 5:colcon.colcon_core.verb:set package 'config_files' build argument 'cmake_clean_first' from command line to 'False'
[0.348s] Level 5:colcon.colcon_core.verb:set package 'config_files' build argument 'cmake_force_configure' from command line to 'False'
[0.348s] Level 5:colcon.colcon_core.verb:set package 'config_files' build argument 'ament_cmake_args' from command line to 'None'
[0.348s] Level 5:colcon.colcon_core.verb:set package 'config_files' build argument 'catkin_cmake_args' from command line to 'None'
[0.348s] Level 5:colcon.colcon_core.verb:set package 'config_files' build argument 'catkin_skip_building_tests' from command line to 'False'
[0.348s] DEBUG:colcon.colcon_core.verb:Building package 'config_files' with the following arguments: {'ament_cmake_args': None, 'build_base': '/home/catcyber02/Mobile-Robots-2026-1/build/config_files', 'catkin_cmake_args': None, 'catkin_skip_building_tests': False, 'cmake_args': None, 'cmake_clean_cache': False, 'cmake_clean_first': False, 'cmake_force_configure': False, 'cmake_target': None, 'cmake_target_skip_unavailable': False, 'install_base': '/home/catcyber02/Mobile-Robots-2026-1/install/config_files', 'merge_install': False, 'path': '/home/catcyber02/Mobile-Robots-2026-1/ros2_ws/src/config_files', 'symlink_install': False, 'test_result_base': None}
[0.349s] Level 5:colcon.colcon_core.verb:set package 'gazebo_envs' build argument 'cmake_args' from command line to 'None'
[0.349s] Level 5:colcon.colcon_core.verb:set package 'gazebo_envs' build argument 'cmake_target' from command line to 'None'
[0.349s] Level 5:colcon.colcon_core.verb:set package 'gazebo_envs' build argument 'cmake_target_skip_unavailable' from command line to 'False'
[0.349s] Level 5:colcon.colcon_core.verb:set package 'gazebo_envs' build argument 'cmake_clean_cache' from command line to 'False'
[0.349s] Level 5:colcon.colcon_core.verb:set package 'gazebo_envs' build argument 'cmake_clean_first' from command line to 'False'
[0.349s] Level 5:colcon.colcon_core.verb:set package 'gazebo_envs' build argument 'cmake_force_configure' from command line to 'False'
[0.349s] Level 5:colcon.colcon_core.verb:set package 'gazebo_envs' build argument 'ament_cmake_args' from command line to 'None'
[0.349s] Level 5:colcon.colcon_core.verb:set package 'gazebo_envs' build argument 'catkin_cmake_args' from command line to 'None'
[0.349s] Level 5:colcon.colcon_core.verb:set package 'gazebo_envs' build argument 'catkin_skip_building_tests' from command line to 'False'
[0.349s] DEBUG:colcon.colcon_core.verb:Building package 'gazebo_envs' with the following arguments: {'ament_cmake_args': None, 'build_base': '/home/catcyber02/Mobile-Robots-2026-1/build/gazebo_envs', 'catkin_cmake_args': None, 'catkin_skip_building_tests': False, 'cmake_args': None, 'cmake_clean_cache': False, 'cmake_clean_first': False, 'cmake_force_configure': False, 'cmake_target': None, 'cmake_target_skip_unavailable': False, 'install_base': '/home/catcyber02/Mobile-Robots-2026-1/install/gazebo_envs', 'merge_install': False, 'path': '/home/catcyber02/Mobile-Robots-2026-1/ros2_ws/src/hardware/gazebo_envs', 'symlink_install': False, 'test_result_base': None}
[0.349s] Level 5:colcon.colcon_core.verb:set package 'justina_description' build argument 'cmake_args' from command line to 'None'
[0.350s] Level 5:colcon.colcon_core.verb:set package 'justina_description' build argument 'cmake_target' from command line to 'None'
[0.350s] Level 5:colcon.colcon_core.verb:set package 'justina_description' build argument 'cmake_target_skip_unavailable' from command line to 'False'
[0.350s] Level 5:colcon.colcon_core.verb:set package 'justina_description' build argument 'cmake_clean_cache' from command line to 'False'
[0.350s] Level 5:colcon.colcon_core.verb:set package 'justina_description' build argument 'cmake_clean_first' from command line to 'False'
[0.350s] Level 5:colcon.colcon_core.verb:set package 'justina_description' build argument 'cmake_force_configure' from command line to 'False'
[0.350s] Level 5:colcon.colcon_core.verb:set package 'justina_description' build argument 'ament_cmake_args' from command line to 'None'
[0.350s] Level 5:colcon.colcon_core.verb:set package 'justina_description' build argument 'catkin_cmake_args' from command line to 'None'
[0.350s] Level 5:colcon.colcon_core.verb:set package 'justina_description' build argument 'catkin_skip_building_tests' from command line to 'False'
[0.350s] DEBUG:colcon.colcon_core.verb:Building package 'justina_description' with the following arguments: {'ament_cmake_args': None, 'build_base': '/home/catcyber02/Mobile-Robots-2026-1/build/justina_description', 'catkin_cmake_args': None, 'catkin_skip_building_tests': False, 'cmake_args': None, 'cmake_clean_cache': False, 'cmake_clean_first': False, 'cmake_force_configure': False, 'cmake_target': None, 'cmake_target_skip_unavailable': False, 'install_base': '/home/catcyber02/Mobile-Robots-2026-1/install/justina_description', 'merge_install': False, 'path': '/home/catcyber02/Mobile-Robots-2026-1/ros2_ws/src/hardware/justina_description', 'symlink_install': False, 'test_result_base': None}
[0.350s] Level 5:colcon.colcon_core.verb:set package 'justina_gui' build argument 'cmake_args' from command line to 'None'
[0.350s] Level 5:colcon.colcon_core.verb:set package 'justina_gui' build argument 'cmake_target' from command line to 'None'
[0.350s] Level 5:colcon.colcon_core.verb:set package 'justina_gui' build argument 'cmake_target_skip_unavailable' from command line to 'False'
[0.350s] Level 5:colcon.colcon_core.verb:set package 'justina_gui' build argument 'cmake_clean_cache' from command line to 'False'
[0.350s] Level 5:colcon.colcon_core.verb:set package 'justina_gui' build argument 'cmake_clean_first' from command line to 'False'
[0.350s] Level 5:colcon.colcon_core.verb:set package 'justina_gui' build argument 'cmake_force_configure' from command line to 'False'
[0.350s] Level 5:colcon.colcon_core.verb:set package 'justina_gui' build argument 'ament_cmake_args' from command line to 'None'
[0.350s] Level 5:colcon.colcon_core.verb:set package 'justina_gui' build argument 'catkin_cmake_args' from command line to 'None'
[0.350s] Level 5:colcon.colcon_core.verb:set package 'justina_gui' build argument 'catkin_skip_building_tests' from command line to 'False'
[0.350s] DEBUG:colcon.colcon_core.verb:Building package 'justina_gui' with the following arguments: {'ament_cmake_args': None, 'build_base': '/home/catcyber02/Mobile-Robots-2026-1/build/justina_gui', 'catkin_cmake_args': None, 'catkin_skip_building_tests': False, 'cmake_args': None, 'cmake_clean_cache': False, 'cmake_clean_first': False, 'cmake_force_configure': False, 'cmake_target': None, 'cmake_target_skip_unavailable': False, 'install_base': '/home/catcyber02/Mobile-Robots-2026-1/install/justina_gui', 'merge_install': False, 'path': '/home/catcyber02/Mobile-Robots-2026-1/ros2_ws/src/hri/justina_gui', 'symlink_install': False, 'test_result_base': None}
[0.351s] Level 5:colcon.colcon_core.verb:set package 'map_augmenter' build argument 'cmake_args' from command line to 'None'
[0.351s] Level 5:colcon.colcon_core.verb:set package 'map_augmenter' build argument 'cmake_target' from command line to 'None'
[0.351s] Level 5:colcon.colcon_core.verb:set package 'map_augmenter' build argument 'cmake_target_skip_unavailable' from command line to 'False'
[0.351s] Level 5:colcon.colcon_core.verb:set package 'map_augmenter' build argument 'cmake_clean_cache' from command line to 'False'
[0.351s] Level 5:colcon.colcon_core.verb:set package 'map_augmenter' build argument 'cmake_clean_first' from command line to 'False'
[0.351s] Level 5:colcon.colcon_core.verb:set package 'map_augmenter' build argument 'cmake_force_configure' from command line to 'False'
[0.351s] Level 5:colcon.colcon_core.verb:set package 'map_augmenter' build argument 'ament_cmake_args' from command line to 'None'
[0.351s] Level 5:colcon.colcon_core.verb:set package 'map_augmenter' build argument 'catkin_cmake_args' from command line to 'None'
[0.351s] Level 5:colcon.colcon_core.verb:set package 'map_augmenter' build argument 'catkin_skip_building_tests' from command line to 'False'
[0.351s] DEBUG:colcon.colcon_core.verb:Building package 'map_augmenter' with the following arguments: {'ament_cmake_args': None, 'build_base': '/home/catcyber02/Mobile-Robots-2026-1/build/map_augmenter', 'catkin_cmake_args': None, 'catkin_skip_building_tests': False, 'cmake_args': None, 'cmake_clean_cache': False, 'cmake_clean_first': False, 'cmake_force_configure': False, 'cmake_target': None, 'cmake_target_skip_unavailable': False, 'install_base': '/home/catcyber02/Mobile-Robots-2026-1/install/map_augmenter', 'merge_install': False, 'path': '/home/catcyber02/Mobile-Robots-2026-1/ros2_ws/src/navigation/map_augmenter', 'symlink_install': False, 'test_result_base': None}
[0.352s] Level 5:colcon.colcon_core.verb:set package 'path_planner' build argument 'cmake_args' from command line to 'None'
[0.352s] Level 5:colcon.colcon_core.verb:set package 'path_planner' build argument 'cmake_target' from command line to 'None'
[0.352s] Level 5:colcon.colcon_core.verb:set package 'path_planner' build argument 'cmake_target_skip_unavailable' from command line to 'False'
[0.352s] Level 5:colcon.colcon_core.verb:set package 'path_planner' build argument 'cmake_clean_cache' from command line to 'False'
[0.352s] Level 5:colcon.colcon_core.verb:set package 'path_planner' build argument 'cmake_clean_first' from command line to 'False'
[0.352s] Level 5:colcon.colcon_core.verb:set package 'path_planner' build argument 'cmake_force_configure' from command line to 'False'
[0.352s] Level 5:colcon.colcon_core.verb:set package 'path_planner' build argument 'ament_cmake_args' from command line to 'None'
[0.352s] Level 5:colcon.colcon_core.verb:set package 'path_planner' build argument 'catkin_cmake_args' from command line to 'None'
[0.352s] Level 5:colcon.colcon_core.verb:set package 'path_planner' build argument 'catkin_skip_building_tests' from command line to 'False'
[0.352s] DEBUG:colcon.colcon_core.verb:Building package 'path_planner' with the following arguments: {'ament_cmake_args': None, 'build_base': '/home/catcyber02/Mobile-Robots-2026-1/build/path_planner', 'catkin_cmake_args': None, 'catkin_skip_building_tests': False, 'cmake_args': None, 'cmake_clean_cache': False, 'cmake_clean_first': False, 'cmake_force_configure': False, 'cmake_target': None, 'cmake_target_skip_unavailable': False, 'install_base': '/home/catcyber02/Mobile-Robots-2026-1/install/path_planner', 'merge_install': False, 'path': '/home/catcyber02/Mobile-Robots-2026-1/ros2_ws/src/navigation/path_planner', 'symlink_install': False, 'test_result_base': None}
[0.352s] Level 5:colcon.colcon_core.verb:set package 'simple_move' build argument 'cmake_args' from command line to 'None'
[0.352s] Level 5:colcon.colcon_core.verb:set package 'simple_move' build argument 'cmake_target' from command line to 'None'
[0.353s] Level 5:colcon.colcon_core.verb:set package 'simple_move' build argument 'cmake_target_skip_unavailable' from command line to 'False'
[0.353s] Level 5:colcon.colcon_core.verb:set package 'simple_move' build argument 'cmake_clean_cache' from command line to 'False'
[0.353s] Level 5:colcon.colcon_core.verb:set package 'simple_move' build argument 'cmake_clean_first' from command line to 'False'
[0.353s] Level 5:colcon.colcon_core.verb:set package 'simple_move' build argument 'cmake_force_configure' from command line to 'False'
[0.353s] Level 5:colcon.colcon_core.verb:set package 'simple_move' build argument 'ament_cmake_args' from command line to 'None'
[0.353s] Level 5:colcon.colcon_core.verb:set package 'simple_move' build argument 'catkin_cmake_args' from command line to 'None'
[0.353s] Level 5:colcon.colcon_core.verb:set package 'simple_move' build argument 'catkin_skip_building_tests' from command line to 'False'
[0.353s] DEBUG:colcon.colcon_core.verb:Building package 'simple_move' with the following arguments: {'ament_cmake_args': None, 'build_base': '/home/catcyber02/Mobile-Robots-2026-1/build/simple_move', 'catkin_cmake_args': None, 'catkin_skip_building_tests': False, 'cmake_args': None, 'cmake_clean_cache': False, 'cmake_clean_first': False, 'cmake_force_configure': False, 'cmake_target': None, 'cmake_target_skip_unavailable': False, 'install_base': '/home/catcyber02/Mobile-Robots-2026-1/install/simple_move', 'merge_install': False, 'path': '/home/catcyber02/Mobile-Robots-2026-1/ros2_ws/src/navigation/simple_move', 'symlink_install': False, 'test_result_base': None}
[0.353s] Level 5:colcon.colcon_core.verb:set package 'uf_ros_lib' build argument 'cmake_args' from command line to 'None'
[0.353s] Level 5:colcon.colcon_core.verb:set package 'uf_ros_lib' build argument 'cmake_target' from command line to 'None'
[0.353s] Level 5:colcon.colcon_core.verb:set package 'uf_ros_lib' build argument 'cmake_target_skip_unavailable' from command line to 'False'
[0.353s] Level 5:colcon.colcon_core.verb:set package 'uf_ros_lib' build argument 'cmake_clean_cache' from command line to 'False'
[0.353s] Level 5:colcon.colcon_core.verb:set package 'uf_ros_lib' build argument 'cmake_clean_first' from command line to 'False'
[0.353s] Level 5:colcon.colcon_core.verb:set package 'uf_ros_lib' build argument 'cmake_force_configure' from command line to 'False'
[0.353s] Level 5:colcon.colcon_core.verb:set package 'uf_ros_lib' build argument 'ament_cmake_args' from command line to 'None'
[0.353s] Level 5:colcon.colcon_core.verb:set package 'uf_ros_lib' build argument 'catkin_cmake_args' from command line to 'None'
[0.353s] Level 5:colcon.colcon_core.verb:set package 'uf_ros_lib' build argument 'catkin_skip_building_tests' from command line to 'False'
[0.354s] DEBUG:colcon.colcon_core.verb:Building package 'uf_ros_lib' with the following arguments: {'ament_cmake_args': None, 'build_base': '/home/catcyber02/Mobile-Robots-2026-1/build/uf_ros_lib', 'catkin_cmake_args': None, 'catkin_skip_building_tests': False, 'cmake_args': None, 'cmake_clean_cache': False, 'cmake_clean_first': False, 'cmake_force_configure': False, 'cmake_target': None, 'cmake_target_skip_unavailable': False, 'install_base': '/home/catcyber02/Mobile-Robots-2026-1/install/uf_ros_lib', 'merge_install': False, 'path': '/home/catcyber02/Mobile-Robots-2026-1/ros2_ws/src/hardware/xarm_ros2/uf_ros_lib', 'symlink_install': False, 'test_result_base': None}
[0.354s] Level 5:colcon.colcon_core.verb:set package 'xarm_description' build argument 'cmake_args' from command line to 'None'
[0.354s] Level 5:colcon.colcon_core.verb:set package 'xarm_description' build argument 'cmake_target' from command line to 'None'
[0.354s] Level 5:colcon.colcon_core.verb:set package 'xarm_description' build argument 'cmake_target_skip_unavailable' from command line to 'False'
[0.354s] Level 5:colcon.colcon_core.verb:set package 'xarm_description' build argument 'cmake_clean_cache' from command line to 'False'
[0.354s] Level 5:colcon.colcon_core.verb:set package 'xarm_description' build argument 'cmake_clean_first' from command line to 'False'
[0.354s] Level 5:colcon.colcon_core.verb:set package 'xarm_description' build argument 'cmake_force_configure' from command line to 'False'
[0.354s] Level 5:colcon.colcon_core.verb:set package 'xarm_description' build argument 'ament_cmake_args' from command line to 'None'
[0.354s] Level 5:colcon.colcon_core.verb:set package 'xarm_description' build argument 'catkin_cmake_args' from command line to 'None'
[0.354s] Level 5:colcon.colcon_core.verb:set package 'xarm_description' build argument 'catkin_skip_building_tests' from command line to 'False'
[0.354s] DEBUG:colcon.colcon_core.verb:Building package 'xarm_description' with the following arguments: {'ament_cmake_args': None, 'build_base': '/home/catcyber02/Mobile-Robots-2026-1/build/xarm_description', 'catkin_cmake_args': None, 'catkin_skip_building_tests': False, 'cmake_args': None, 'cmake_clean_cache': False, 'cmake_clean_first': False, 'cmake_force_configure': False, 'cmake_target': None, 'cmake_target_skip_unavailable': False, 'install_base': '/home/catcyber02/Mobile-Robots-2026-1/install/xarm_description', 'merge_install': False, 'path': '/home/catcyber02/Mobile-Robots-2026-1/ros2_ws/src/hardware/xarm_ros2/xarm_description', 'symlink_install': False, 'test_result_base': None}
[0.355s] Level 5:colcon.colcon_core.verb:set package 'xarm_msgs' build argument 'cmake_args' from command line to 'None'
[0.355s] Level 5:colcon.colcon_core.verb:set package 'xarm_msgs' build argument 'cmake_target' from command line to 'None'
[0.355s] Level 5:colcon.colcon_core.verb:set package 'xarm_msgs' build argument 'cmake_target_skip_unavailable' from command line to 'False'
[0.355s] Level 5:colcon.colcon_core.verb:set package 'xarm_msgs' build argument 'cmake_clean_cache' from command line to 'False'
[0.355s] Level 5:colcon.colcon_core.verb:set package 'xarm_msgs' build argument 'cmake_clean_first' from command line to 'False'
[0.355s] Level 5:colcon.colcon_core.verb:set package 'xarm_msgs' build argument 'cmake_force_configure' from command line to 'False'
[0.355s] Level 5:colcon.colcon_core.verb:set package 'xarm_msgs' build argument 'ament_cmake_args' from command line to 'None'
[0.355s] Level 5:colcon.colcon_core.verb:set package 'xarm_msgs' build argument 'catkin_cmake_args' from command line to 'None'
[0.355s] Level 5:colcon.colcon_core.verb:set package 'xarm_msgs' build argument 'catkin_skip_building_tests' from command line to 'False'
[0.355s] DEBUG:colcon.colcon_core.verb:Building package 'xarm_msgs' with the following arguments: {'ament_cmake_args': None, 'build_base': '/home/catcyber02/Mobile-Robots-2026-1/build/xarm_msgs', 'catkin_cmake_args': None, 'catkin_skip_building_tests': False, 'cmake_args': None, 'cmake_clean_cache': False, 'cmake_clean_first': False, 'cmake_force_configure': False, 'cmake_target': None, 'cmake_target_skip_unavailable': False, 'install_base': '/home/catcyber02/Mobile-Robots-2026-1/install/xarm_msgs', 'merge_install': False, 'path': '/home/catcyber02/Mobile-Robots-2026-1/ros2_ws/src/hardware/xarm_ros2/xarm_msgs', 'symlink_install': False, 'test_result_base': None}
[0.355s] Level 5:colcon.colcon_core.verb:set package 'xarm_sdk' build argument 'cmake_args' from command line to 'None'
[0.355s] Level 5:colcon.colcon_core.verb:set package 'xarm_sdk' build argument 'cmake_target' from command line to 'None'
[0.355s] Level 5:colcon.colcon_core.verb:set package 'xarm_sdk' build argument 'cmake_target_skip_unavailable' from command line to 'False'
[0.356s] Level 5:colcon.colcon_core.verb:set package 'xarm_sdk' build argument 'cmake_clean_cache' from command line to 'False'
[0.356s] Level 5:colcon.colcon_core.verb:set package 'xarm_sdk' build argument 'cmake_clean_first' from command line to 'False'
[0.356s] Level 5:colcon.colcon_core.verb:set package 'xarm_sdk' build argument 'cmake_force_configure' from command line to 'False'
[0.356s] Level 5:colcon.colcon_core.verb:set package 'xarm_sdk' build argument 'ament_cmake_args' from command line to 'None'
[0.356s] Level 5:colcon.colcon_core.verb:set package 'xarm_sdk' build argument 'catkin_cmake_args' from command line to 'None'
[0.356s] Level 5:colcon.colcon_core.verb:set package 'xarm_sdk' build argument 'catkin_skip_building_tests' from command line to 'False'
[0.356s] DEBUG:colcon.colcon_core.verb:Building package 'xarm_sdk' with the following arguments: {'ament_cmake_args': None, 'build_base': '/home/catcyber02/Mobile-Robots-2026-1/build/xarm_sdk', 'catkin_cmake_args': None, 'catkin_skip_building_tests': False, 'cmake_args': None, 'cmake_clean_cache': False, 'cmake_clean_first': False, 'cmake_force_configure': False, 'cmake_target': None, 'cmake_target_skip_unavailable': False, 'install_base': '/home/catcyber02/Mobile-Robots-2026-1/install/xarm_sdk', 'merge_install': False, 'path': '/home/catcyber02/Mobile-Robots-2026-1/ros2_ws/src/hardware/xarm_ros2/xarm_sdk', 'symlink_install': False, 'test_result_base': None}
[0.356s] Level 5:colcon.colcon_core.verb:set package 'xarm_api' build argument 'cmake_args' from command line to 'None'
[0.356s] Level 5:colcon.colcon_core.verb:set package 'xarm_api' build argument 'cmake_target' from command line to 'None'
[0.356s] Level 5:colcon.colcon_core.verb:set package 'xarm_api' build argument 'cmake_target_skip_unavailable' from command line to 'False'
[0.356s] Level 5:colcon.colcon_core.verb:set package 'xarm_api' build argument 'cmake_clean_cache' from command line to 'False'
[0.356s] Level 5:colcon.colcon_core.verb:set package 'xarm_api' build argument 'cmake_clean_first' from command line to 'False'
[0.356s] Level 5:colcon.colcon_core.verb:set package 'xarm_api' build argument 'cmake_force_configure' from command line to 'False'
[0.356s] Level 5:colcon.colcon_core.verb:set package 'xarm_api' build argument 'ament_cmake_args' from command line to 'None'
[0.356s] Level 5:colcon.colcon_core.verb:set package 'xarm_api' build argument 'catkin_cmake_args' from command line to 'None'
[0.356s] Level 5:colcon.colcon_core.verb:set package 'xarm_api' build argument 'catkin_skip_building_tests' from command line to 'False'
[0.356s] DEBUG:colcon.colcon_core.verb:Building package 'xarm_api' with the following arguments: {'ament_cmake_args': None, 'build_base': '/home/catcyber02/Mobile-Robots-2026-1/build/xarm_api', 'catkin_cmake_args': None, 'catkin_skip_building_tests': False, 'cmake_args': None, 'cmake_clean_cache': False, 'cmake_clean_first': False, 'cmake_force_configure': False, 'cmake_target': None, 'cmake_target_skip_unavailable': False, 'install_base': '/home/catcyber02/Mobile-Robots-2026-1/install/xarm_api', 'merge_install': False, 'path': '/home/catcyber02/Mobile-Robots-2026-1/ros2_ws/src/hardware/xarm_ros2/xarm_api', 'symlink_install': False, 'test_result_base': None}
[0.357s] Level 5:colcon.colcon_core.verb:set package 'xarm_controller' build argument 'cmake_args' from command line to 'None'
[0.357s] Level 5:colcon.colcon_core.verb:set package 'xarm_controller' build argument 'cmake_target' from command line to 'None'
[0.357s] Level 5:colcon.colcon_core.verb:set package 'xarm_controller' build argument 'cmake_target_skip_unavailable' from command line to 'False'
[0.357s] Level 5:colcon.colcon_core.verb:set package 'xarm_controller' build argument 'cmake_clean_cache' from command line to 'False'
[0.357s] Level 5:colcon.colcon_core.verb:set package 'xarm_controller' build argument 'cmake_clean_first' from command line to 'False'
[0.357s] Level 5:colcon.colcon_core.verb:set package 'xarm_controller' build argument 'cmake_force_configure' from command line to 'False'
[0.357s] Level 5:colcon.colcon_core.verb:set package 'xarm_controller' build argument 'ament_cmake_args' from command line to 'None'
[0.357s] Level 5:colcon.colcon_core.verb:set package 'xarm_controller' build argument 'catkin_cmake_args' from command line to 'None'
[0.357s] Level 5:colcon.colcon_core.verb:set package 'xarm_controller' build argument 'catkin_skip_building_tests' from command line to 'False'
[0.357s] DEBUG:colcon.colcon_core.verb:Building package 'xarm_controller' with the following arguments: {'ament_cmake_args': None, 'build_base': '/home/catcyber02/Mobile-Robots-2026-1/build/xarm_controller', 'catkin_cmake_args': None, 'catkin_skip_building_tests': False, 'cmake_args': None, 'cmake_clean_cache': False, 'cmake_clean_first': False, 'cmake_force_configure': False, 'cmake_target': None, 'cmake_target_skip_unavailable': False, 'install_base': '/home/catcyber02/Mobile-Robots-2026-1/install/xarm_controller', 'merge_install': False, 'path': '/home/catcyber02/Mobile-Robots-2026-1/ros2_ws/src/hardware/xarm_ros2/xarm_controller', 'symlink_install': False, 'test_result_base': None}
[0.357s] INFO:colcon.colcon_core.executor:Executing jobs using 'parallel' executor
[0.359s] DEBUG:colcon.colcon_parallel_executor.executor.parallel:run_until_complete
[0.361s] INFO:colcon.colcon_ros.task.ament_cmake.build:Building ROS package in '/home/catcyber02/Mobile-Robots-2026-1/ros2_ws/src/hardware/xarm_ros2/xarm_description' with build type 'ament_cmake'
[0.361s] INFO:colcon.colcon_cmake.task.cmake.build:Building CMake package in '/home/catcyber02/Mobile-Robots-2026-1/ros2_ws/src/hardware/xarm_ros2/xarm_description'
[0.365s] INFO:colcon.colcon_core.plugin_system:Skipping extension 'colcon_core.shell.bat': Not used on non-Windows systems
[0.365s] INFO:colcon.colcon_core.shell:Skip shell extension 'powershell' for command environment: Not usable outside of PowerShell
[0.365s] DEBUG:colcon.colcon_core.shell:Skip shell extension 'dsv' for command environment
[0.375s] INFO:colcon.colcon_ros.task.ament_cmake.build:Building ROS package in '/home/catcyber02/Mobile-Robots-2026-1/ros2_ws/src/hardware/xarm_ros2/xarm_msgs' with build type 'ament_cmake'
[0.376s] INFO:colcon.colcon_cmake.task.cmake.build:Building CMake package in '/home/catcyber02/Mobile-Robots-2026-1/ros2_ws/src/hardware/xarm_ros2/xarm_msgs'
[0.376s] INFO:colcon.colcon_core.shell:Skip shell extension 'powershell' for command environment: Not usable outside of PowerShell
[0.377s] DEBUG:colcon.colcon_core.shell:Skip shell extension 'dsv' for command environment
[0.383s] INFO:colcon.colcon_ros.task.ament_cmake.build:Building ROS package in '/home/catcyber02/Mobile-Robots-2026-1/ros2_ws/src/hardware/xarm_ros2/xarm_sdk' with build type 'ament_cmake'
[0.384s] INFO:colcon.colcon_cmake.task.cmake.build:Building CMake package in '/home/catcyber02/Mobile-Robots-2026-1/ros2_ws/src/hardware/xarm_ros2/xarm_sdk'
[0.384s] INFO:colcon.colcon_core.shell:Skip shell extension 'powershell' for command environment: Not usable outside of PowerShell
[0.384s] DEBUG:colcon.colcon_core.shell:Skip shell extension 'dsv' for command environment
[0.390s] INFO:colcon.colcon_ros.task.ament_cmake.build:Building ROS package in '/home/catcyber02/Mobile-Robots-2026-1/ros2_ws/src/config_files' with build type 'ament_cmake'
[0.391s] INFO:colcon.colcon_cmake.task.cmake.build:Building CMake package in '/home/catcyber02/Mobile-Robots-2026-1/ros2_ws/src/config_files'
[0.391s] INFO:colcon.colcon_core.shell:Skip shell extension 'powershell' for command environment: Not usable outside of PowerShell
[0.391s] DEBUG:colcon.colcon_core.shell:Skip shell extension 'dsv' for command environment
[0.398s] INFO:colcon.colcon_ros.task.ament_cmake.build:Building ROS package in '/home/catcyber02/Mobile-Robots-2026-1/ros2_ws/src/hardware/gazebo_envs' with build type 'ament_cmake'
[0.398s] INFO:colcon.colcon_cmake.task.cmake.build:Building CMake package in '/home/catcyber02/Mobile-Robots-2026-1/ros2_ws/src/hardware/gazebo_envs'
[0.399s] INFO:colcon.colcon_core.shell:Skip shell extension 'powershell' for command environment: Not usable outside of PowerShell
[0.399s] DEBUG:colcon.colcon_core.shell:Skip shell extension 'dsv' for command environment
[0.407s] INFO:colcon.colcon_ros.task.ament_cmake.build:Building ROS package in '/home/catcyber02/Mobile-Robots-2026-1/ros2_ws/src/hardware/justina_description' with build type 'ament_cmake'
[0.407s] INFO:colcon.colcon_cmake.task.cmake.build:Building CMake package in '/home/catcyber02/Mobile-Robots-2026-1/ros2_ws/src/hardware/justina_description'
[0.407s] INFO:colcon.colcon_core.shell:Skip shell extension 'powershell' for command environment: Not usable outside of PowerShell
[0.407s] DEBUG:colcon.colcon_core.shell:Skip shell extension 'dsv' for command environment
[0.414s] INFO:colcon.colcon_ros.task.ament_cmake.build:Building ROS package in '/home/catcyber02/Mobile-Robots-2026-1/ros2_ws/src/hri/justina_gui' with build type 'ament_cmake'
[0.414s] INFO:colcon.colcon_cmake.task.cmake.build:Building CMake package in '/home/catcyber02/Mobile-Robots-2026-1/ros2_ws/src/hri/justina_gui'
[0.414s] INFO:colcon.colcon_core.shell:Skip shell extension 'powershell' for command environment: Not usable outside of PowerShell
[0.414s] DEBUG:colcon.colcon_core.shell:Skip shell extension 'dsv' for command environment
[0.420s] INFO:colcon.colcon_ros.task.ament_python.build:Building ROS package in '/home/catcyber02/Mobile-Robots-2026-1/ros2_ws/src/navigation/map_augmenter' with build type 'ament_python'
[0.421s] Level 1:colcon.colcon_core.shell:create_environment_hook('map_augmenter', 'ament_prefix_path')
[0.421s] INFO:colcon.colcon_core.shell:Creating environment hook '/home/catcyber02/Mobile-Robots-2026-1/install/map_augmenter/share/map_augmenter/hook/ament_prefix_path.ps1'
[0.422s] INFO:colcon.colcon_core.shell:Creating environment descriptor '/home/catcyber02/Mobile-Robots-2026-1/install/map_augmenter/share/map_augmenter/hook/ament_prefix_path.dsv'
[0.423s] INFO:colcon.colcon_core.shell:Creating environment hook '/home/catcyber02/Mobile-Robots-2026-1/install/map_augmenter/share/map_augmenter/hook/ament_prefix_path.sh'
[0.424s] INFO:colcon.colcon_core.shell:Skip shell extension 'powershell' for command environment: Not usable outside of PowerShell
[0.424s] DEBUG:colcon.colcon_core.shell:Skip shell extension 'dsv' for command environment
[0.439s] DEBUG:colcon.colcon_core.event_handler.log_command:Invoking command in '/home/catcyber02/Mobile-Robots-2026-1/build/xarm_description': CMAKE_PREFIX_PATH=${CMAKE_PREFIX_PATH}:/home/catcyber02/Mobile-Robots-2026-1/ros2_ws/install/uf_ros_lib:/home/catcyber02/Mobile-Robots-2026-1/ros2_ws/install/simple_move:/home/catcyber02/Mobile-Robots-2026-1/ros2_ws/install/path_planner:/home/catcyber02/Mobile-Robots-2026-1/ros2_ws/install/map_augmenter:/opt/ros/jazzy DEBUGINFOD_URLS=https://debuginfod.ubuntu.com /usr/bin/cmake --build /home/catcyber02/Mobile-Robots-2026-1/build/xarm_description -- -j8 -l8
[0.444s] DEBUG:colcon.colcon_core.event_handler.log_command:Invoking command in '/home/catcyber02/Mobile-Robots-2026-1/build/xarm_msgs': CMAKE_PREFIX_PATH=${CMAKE_PREFIX_PATH}:/home/catcyber02/Mobile-Robots-2026-1/ros2_ws/install/uf_ros_lib:/home/catcyber02/Mobile-Robots-2026-1/ros2_ws/install/simple_move:/home/catcyber02/Mobile-Robots-2026-1/ros2_ws/install/path_planner:/home/catcyber02/Mobile-Robots-2026-1/ros2_ws/install/map_augmenter:/opt/ros/jazzy DEBUGINFOD_URLS=https://debuginfod.ubuntu.com /usr/bin/cmake --build /home/catcyber02/Mobile-Robots-2026-1/build/xarm_msgs -- -j8 -l8
[0.448s] DEBUG:colcon.colcon_core.event_handler.log_command:Invoking command in '/home/catcyber02/Mobile-Robots-2026-1/build/xarm_sdk': CMAKE_PREFIX_PATH=${CMAKE_PREFIX_PATH}:/home/catcyber02/Mobile-Robots-2026-1/ros2_ws/install/uf_ros_lib:/home/catcyber02/Mobile-Robots-2026-1/ros2_ws/install/simple_move:/home/catcyber02/Mobile-Robots-2026-1/ros2_ws/install/path_planner:/home/catcyber02/Mobile-Robots-2026-1/ros2_ws/install/map_augmenter:/opt/ros/jazzy DEBUGINFOD_URLS=https://debuginfod.ubuntu.com /usr/bin/cmake --build /home/catcyber02/Mobile-Robots-2026-1/build/xarm_sdk -- -j8 -l8
[0.453s] DEBUG:colcon.colcon_core.event_handler.log_command:Invoking command in '/home/catcyber02/Mobile-Robots-2026-1/build/config_files': CMAKE_PREFIX_PATH=${CMAKE_PREFIX_PATH}:/home/catcyber02/Mobile-Robots-2026-1/ros2_ws/install/uf_ros_lib:/home/catcyber02/Mobile-Robots-2026-1/ros2_ws/install/simple_move:/home/catcyber02/Mobile-Robots-2026-1/ros2_ws/install/path_planner:/home/catcyber02/Mobile-Robots-2026-1/ros2_ws/install/map_augmenter:/opt/ros/jazzy DEBUGINFOD_URLS=https://debuginfod.ubuntu.com /usr/bin/cmake --build /home/catcyber02/Mobile-Robots-2026-1/build/config_files -- -j8 -l8
[0.458s] DEBUG:colcon.colcon_core.event_handler.log_command:Invoking command in '/home/catcyber02/Mobile-Robots-2026-1/build/gazebo_envs': CMAKE_PREFIX_PATH=${CMAKE_PREFIX_PATH}:/home/catcyber02/Mobile-Robots-2026-1/ros2_ws/install/uf_ros_lib:/home/catcyber02/Mobile-Robots-2026-1/ros2_ws/install/simple_move:/home/catcyber02/Mobile-Robots-2026-1/ros2_ws/install/path_planner:/home/catcyber02/Mobile-Robots-2026-1/ros2_ws/install/map_augmenter:/opt/ros/jazzy DEBUGINFOD_URLS=https://debuginfod.ubuntu.com /usr/bin/cmake --build /home/catcyber02/Mobile-Robots-2026-1/build/gazebo_envs -- -j8 -l8
[0.462s] DEBUG:colcon.colcon_core.event_handler.log_command:Invoking command in '/home/catcyber02/Mobile-Robots-2026-1/build/justina_description': CMAKE_PREFIX_PATH=${CMAKE_PREFIX_PATH}:/home/catcyber02/Mobile-Robots-2026-1/ros2_ws/install/uf_ros_lib:/home/catcyber02/Mobile-Robots-2026-1/ros2_ws/install/simple_move:/home/catcyber02/Mobile-Robots-2026-1/ros2_ws/install/path_planner:/home/catcyber02/Mobile-Robots-2026-1/ros2_ws/install/map_augmenter:/opt/ros/jazzy DEBUGINFOD_URLS=https://debuginfod.ubuntu.com /usr/bin/cmake --build /home/catcyber02/Mobile-Robots-2026-1/build/justina_description -- -j8 -l8
[0.467s] DEBUG:colcon.colcon_core.event_handler.log_command:Invoking command in '/home/catcyber02/Mobile-Robots-2026-1/build/justina_gui': CMAKE_PREFIX_PATH=${CMAKE_PREFIX_PATH}:/home/catcyber02/Mobile-Robots-2026-1/ros2_ws/install/uf_ros_lib:/home/catcyber02/Mobile-Robots-2026-1/ros2_ws/install/simple_move:/home/catcyber02/Mobile-Robots-2026-1/ros2_ws/install/path_planner:/home/catcyber02/Mobile-Robots-2026-1/ros2_ws/install/map_augmenter:/opt/ros/jazzy DEBUGINFOD_URLS=https://debuginfod.ubuntu.com /usr/bin/cmake --build /home/catcyber02/Mobile-Robots-2026-1/build/justina_gui -- -j8 -l8
[0.929s] INFO:colcon.colcon_core.task.python.build:Building Python package in '/home/catcyber02/Mobile-Robots-2026-1/ros2_ws/src/navigation/map_augmenter'
[0.929s] INFO:colcon.colcon_core.shell:Skip shell extension 'powershell' for command environment: Not usable outside of PowerShell
[0.929s] DEBUG:colcon.colcon_core.shell:Skip shell extension 'dsv' for command environment
[0.942s] DEBUG:colcon.colcon_core.event_handler.log_command:Invoked command in '/home/catcyber02/Mobile-Robots-2026-1/build/config_files' returned '0': CMAKE_PREFIX_PATH=${CMAKE_PREFIX_PATH}:/home/catcyber02/Mobile-Robots-2026-1/ros2_ws/install/uf_ros_lib:/home/catcyber02/Mobile-Robots-2026-1/ros2_ws/install/simple_move:/home/catcyber02/Mobile-Robots-2026-1/ros2_ws/install/path_planner:/home/catcyber02/Mobile-Robots-2026-1/ros2_ws/install/map_augmenter:/opt/ros/jazzy DEBUGINFOD_URLS=https://debuginfod.ubuntu.com /usr/bin/cmake --build /home/catcyber02/Mobile-Robots-2026-1/build/config_files -- -j8 -l8
[0.960s] DEBUG:colcon.colcon_core.event_handler.log_command:Invoking command in '/home/catcyber02/Mobile-Robots-2026-1/build/config_files': CMAKE_PREFIX_PATH=${CMAKE_PREFIX_PATH}:/home/catcyber02/Mobile-Robots-2026-1/ros2_ws/install/uf_ros_lib:/home/catcyber02/Mobile-Robots-2026-1/ros2_ws/install/simple_move:/home/catcyber02/Mobile-Robots-2026-1/ros2_ws/install/path_planner:/home/catcyber02/Mobile-Robots-2026-1/ros2_ws/install/map_augmenter:/opt/ros/jazzy DEBUGINFOD_URLS=https://debuginfod.ubuntu.com /usr/bin/cmake --install /home/catcyber02/Mobile-Robots-2026-1/build/config_files
[0.962s] DEBUG:colcon.colcon_core.event_handler.log_command:Invoked command in '/home/catcyber02/Mobile-Robots-2026-1/build/justina_description' returned '0': CMAKE_PREFIX_PATH=${CMAKE_PREFIX_PATH}:/home/catcyber02/Mobile-Robots-2026-1/ros2_ws/install/uf_ros_lib:/home/catcyber02/Mobile-Robots-2026-1/ros2_ws/install/simple_move:/home/catcyber02/Mobile-Robots-2026-1/ros2_ws/install/path_planner:/home/catcyber02/Mobile-Robots-2026-1/ros2_ws/install/map_augmenter:/opt/ros/jazzy DEBUGINFOD_URLS=https://debuginfod.ubuntu.com /usr/bin/cmake --build /home/catcyber02/Mobile-Robots-2026-1/build/justina_description -- -j8 -l8
[0.964s] DEBUG:colcon.colcon_core.event_handler.log_command:Invoking command in '/home/catcyber02/Mobile-Robots-2026-1/build/justina_description': CMAKE_PREFIX_PATH=${CMAKE_PREFIX_PATH}:/home/catcyber02/Mobile-Robots-2026-1/ros2_ws/install/uf_ros_lib:/home/catcyber02/Mobile-Robots-2026-1/ros2_ws/install/simple_move:/home/catcyber02/Mobile-Robots-2026-1/ros2_ws/install/path_planner:/home/catcyber02/Mobile-Robots-2026-1/ros2_ws/install/map_augmenter:/opt/ros/jazzy DEBUGINFOD_URLS=https://debuginfod.ubuntu.com /usr/bin/cmake --install /home/catcyber02/Mobile-Robots-2026-1/build/justina_description
[0.967s] DEBUG:colcon.colcon_core.event_handler.log_command:Invoked command in '/home/catcyber02/Mobile-Robots-2026-1/build/xarm_sdk' returned '0': CMAKE_PREFIX_PATH=${CMAKE_PREFIX_PATH}:/home/catcyber02/Mobile-Robots-2026-1/ros2_ws/install/uf_ros_lib:/home/catcyber02/Mobile-Robots-2026-1/ros2_ws/install/simple_move:/home/catcyber02/Mobile-Robots-2026-1/ros2_ws/install/path_planner:/home/catcyber02/Mobile-Robots-2026-1/ros2_ws/install/map_augmenter:/opt/ros/jazzy DEBUGINFOD_URLS=https://debuginfod.ubuntu.com /usr/bin/cmake --build /home/catcyber02/Mobile-Robots-2026-1/build/xarm_sdk -- -j8 -l8
[0.970s] DEBUG:colcon.colcon_core.event_handler.log_command:Invoking command in '/home/catcyber02/Mobile-Robots-2026-1/build/xarm_sdk': CMAKE_PREFIX_PATH=${CMAKE_PREFIX_PATH}:/home/catcyber02/Mobile-Robots-2026-1/ros2_ws/install/uf_ros_lib:/home/catcyber02/Mobile-Robots-2026-1/ros2_ws/install/simple_move:/home/catcyber02/Mobile-Robots-2026-1/ros2_ws/install/path_planner:/home/catcyber02/Mobile-Robots-2026-1/ros2_ws/install/map_augmenter:/opt/ros/jazzy DEBUGINFOD_URLS=https://debuginfod.ubuntu.com /usr/bin/cmake --install /home/catcyber02/Mobile-Robots-2026-1/build/xarm_sdk
[0.971s] DEBUG:colcon.colcon_core.event_handler.log_command:Invoked command in '/home/catcyber02/Mobile-Robots-2026-1/build/xarm_description' returned '0': CMAKE_PREFIX_PATH=${CMAKE_PREFIX_PATH}:/home/catcyber02/Mobile-Robots-2026-1/ros2_ws/install/uf_ros_lib:/home/catcyber02/Mobile-Robots-2026-1/ros2_ws/install/simple_move:/home/catcyber02/Mobile-Robots-2026-1/ros2_ws/install/path_planner:/home/catcyber02/Mobile-Robots-2026-1/ros2_ws/install/map_augmenter:/opt/ros/jazzy DEBUGINFOD_URLS=https://debuginfod.ubuntu.com /usr/bin/cmake --build /home/catcyber02/Mobile-Robots-2026-1/build/xarm_description -- -j8 -l8
[0.973s] DEBUG:colcon.colcon_core.event_handler.log_command:Invoking command in '/home/catcyber02/Mobile-Robots-2026-1/build/xarm_description': CMAKE_PREFIX_PATH=${CMAKE_PREFIX_PATH}:/home/catcyber02/Mobile-Robots-2026-1/ros2_ws/install/uf_ros_lib:/home/catcyber02/Mobile-Robots-2026-1/ros2_ws/install/simple_move:/home/catcyber02/Mobile-Robots-2026-1/ros2_ws/install/path_planner:/home/catcyber02/Mobile-Robots-2026-1/ros2_ws/install/map_augmenter:/opt/ros/jazzy DEBUGINFOD_URLS=https://debuginfod.ubuntu.com /usr/bin/cmake --install /home/catcyber02/Mobile-Robots-2026-1/build/xarm_description
[0.975s] DEBUG:colcon.colcon_core.event_handler.log_command:Invoked command in '/home/catcyber02/Mobile-Robots-2026-1/build/gazebo_envs' returned '0': CMAKE_PREFIX_PATH=${CMAKE_PREFIX_PATH}:/home/catcyber02/Mobile-Robots-2026-1/ros2_ws/install/uf_ros_lib:/home/catcyber02/Mobile-Robots-2026-1/ros2_ws/install/simple_move:/home/catcyber02/Mobile-Robots-2026-1/ros2_ws/install/path_planner:/home/catcyber02/Mobile-Robots-2026-1/ros2_ws/install/map_augmenter:/opt/ros/jazzy DEBUGINFOD_URLS=https://debuginfod.ubuntu.com /usr/bin/cmake --build /home/catcyber02/Mobile-Robots-2026-1/build/gazebo_envs -- -j8 -l8
[0.977s] DEBUG:colcon.colcon_core.event_handler.log_command:Invoking command in '/home/catcyber02/Mobile-Robots-2026-1/build/gazebo_envs': CMAKE_PREFIX_PATH=${CMAKE_PREFIX_PATH}:/home/catcyber02/Mobile-Robots-2026-1/ros2_ws/install/uf_ros_lib:/home/catcyber02/Mobile-Robots-2026-1/ros2_ws/install/simple_move:/home/catcyber02/Mobile-Robots-2026-1/ros2_ws/install/path_planner:/home/catcyber02/Mobile-Robots-2026-1/ros2_ws/install/map_augmenter:/opt/ros/jazzy DEBUGINFOD_URLS=https://debuginfod.ubuntu.com /usr/bin/cmake --install /home/catcyber02/Mobile-Robots-2026-1/build/gazebo_envs
[0.994s] Level 1:colcon.colcon_core.environment:create_environment_scripts_only(justina_description)
[1.014s] DEBUG:colcon.colcon_core.event_handler.log_command:Invoked command in '/home/catcyber02/Mobile-Robots-2026-1/build/justina_gui' returned '0': CMAKE_PREFIX_PATH=${CMAKE_PREFIX_PATH}:/home/catcyber02/Mobile-Robots-2026-1/ros2_ws/install/uf_ros_lib:/home/catcyber02/Mobile-Robots-2026-1/ros2_ws/install/simple_move:/home/catcyber02/Mobile-Robots-2026-1/ros2_ws/install/path_planner:/home/catcyber02/Mobile-Robots-2026-1/ros2_ws/install/map_augmenter:/opt/ros/jazzy DEBUGINFOD_URLS=https://debuginfod.ubuntu.com /usr/bin/cmake --build /home/catcyber02/Mobile-Robots-2026-1/build/justina_gui -- -j8 -l8
[1.016s] DEBUG:colcon.colcon_core.event_handler.log_command:Invoking command in '/home/catcyber02/Mobile-Robots-2026-1/build/justina_gui': CMAKE_PREFIX_PATH=${CMAKE_PREFIX_PATH}:/home/catcyber02/Mobile-Robots-2026-1/ros2_ws/install/uf_ros_lib:/home/catcyber02/Mobile-Robots-2026-1/ros2_ws/install/simple_move:/home/catcyber02/Mobile-Robots-2026-1/ros2_ws/install/path_planner:/home/catcyber02/Mobile-Robots-2026-1/ros2_ws/install/map_augmenter:/opt/ros/jazzy DEBUGINFOD_URLS=https://debuginfod.ubuntu.com /usr/bin/cmake --install /home/catcyber02/Mobile-Robots-2026-1/build/justina_gui
[1.069s] Level 1:colcon.colcon_core.environment:checking '/home/catcyber02/Mobile-Robots-2026-1/install/justina_description' for CMake module files
[1.070s] Level 1:colcon.colcon_core.environment:checking '/home/catcyber02/Mobile-Robots-2026-1/install/justina_description' for CMake config files
[1.070s] Level 1:colcon.colcon_core.shell:create_environment_hook('justina_description', 'cmake_prefix_path')
[1.071s] INFO:colcon.colcon_core.shell:Creating environment hook '/home/catcyber02/Mobile-Robots-2026-1/install/justina_description/share/justina_description/hook/cmake_prefix_path.ps1'
[1.078s] INFO:colcon.colcon_core.shell:Creating environment descriptor '/home/catcyber02/Mobile-Robots-2026-1/install/justina_description/share/justina_description/hook/cmake_prefix_path.dsv'
[1.080s] INFO:colcon.colcon_core.shell:Creating environment hook '/home/catcyber02/Mobile-Robots-2026-1/install/justina_description/share/justina_description/hook/cmake_prefix_path.sh'
[1.082s] DEBUG:colcon.colcon_core.event_handler.log_command:Invoked command in '/home/catcyber02/Mobile-Robots-2026-1/build/justina_description' returned '0': CMAKE_PREFIX_PATH=${CMAKE_PREFIX_PATH}:/home/catcyber02/Mobile-Robots-2026-1/ros2_ws/install/uf_ros_lib:/home/catcyber02/Mobile-Robots-2026-1/ros2_ws/install/simple_move:/home/catcyber02/Mobile-Robots-2026-1/ros2_ws/install/path_planner:/home/catcyber02/Mobile-Robots-2026-1/ros2_ws/install/map_augmenter:/opt/ros/jazzy DEBUGINFOD_URLS=https://debuginfod.ubuntu.com /usr/bin/cmake --install /home/catcyber02/Mobile-Robots-2026-1/build/justina_description
[1.089s] Level 1:colcon.colcon_core.environment:checking '/home/catcyber02/Mobile-Robots-2026-1/install/justina_description/bin'
[1.091s] Level 1:colcon.colcon_core.environment:checking '/home/catcyber02/Mobile-Robots-2026-1/install/justina_description/lib/pkgconfig/justina_description.pc'
[1.091s] Level 1:colcon.colcon_core.environment:checking '/home/catcyber02/Mobile-Robots-2026-1/install/justina_description/lib/python3.12/site-packages'
[1.092s] Level 1:colcon.colcon_core.environment:checking '/home/catcyber02/Mobile-Robots-2026-1/install/justina_description/bin'
[1.092s] INFO:colcon.colcon_core.shell:Creating package script '/home/catcyber02/Mobile-Robots-2026-1/install/justina_description/share/justina_description/package.ps1'
[1.097s] INFO:colcon.colcon_core.shell:Creating package descriptor '/home/catcyber02/Mobile-Robots-2026-1/install/justina_description/share/justina_description/package.dsv'
[1.101s] INFO:colcon.colcon_core.shell:Creating package script '/home/catcyber02/Mobile-Robots-2026-1/install/justina_description/share/justina_description/package.sh'
[1.106s] INFO:colcon.colcon_core.shell:Creating package script '/home/catcyber02/Mobile-Robots-2026-1/install/justina_description/share/justina_description/package.bash'
[1.109s] INFO:colcon.colcon_core.shell:Creating package script '/home/catcyber02/Mobile-Robots-2026-1/install/justina_description/share/justina_description/package.zsh'
[1.112s] Level 1:colcon.colcon_core.environment:create_file_with_runtime_dependencies(/home/catcyber02/Mobile-Robots-2026-1/install/justina_description/share/colcon-core/packages/justina_description)
[1.115s] Level 1:colcon.colcon_core.environment:create_environment_scripts_only(justina_description)
[1.115s] Level 1:colcon.colcon_core.environment:checking '/home/catcyber02/Mobile-Robots-2026-1/install/justina_description' for CMake module files
[1.127s] Level 1:colcon.colcon_core.environment:checking '/home/catcyber02/Mobile-Robots-2026-1/install/justina_description' for CMake config files
[1.128s] Level 1:colcon.colcon_core.shell:create_environment_hook('justina_description', 'cmake_prefix_path')
[1.128s] INFO:colcon.colcon_core.shell:Creating environment hook '/home/catcyber02/Mobile-Robots-2026-1/install/justina_description/share/justina_description/hook/cmake_prefix_path.ps1'
[1.130s] INFO:colcon.colcon_core.shell:Creating environment descriptor '/home/catcyber02/Mobile-Robots-2026-1/install/justina_description/share/justina_description/hook/cmake_prefix_path.dsv'
[1.131s] INFO:colcon.colcon_core.shell:Creating environment hook '/home/catcyber02/Mobile-Robots-2026-1/install/justina_description/share/justina_description/hook/cmake_prefix_path.sh'
[1.136s] Level 1:colcon.colcon_core.environment:checking '/home/catcyber02/Mobile-Robots-2026-1/install/justina_description/bin'
[1.137s] Level 1:colcon.colcon_core.environment:checking '/home/catcyber02/Mobile-Robots-2026-1/install/justina_description/lib/pkgconfig/justina_description.pc'
[1.137s] Level 1:colcon.colcon_core.environment:checking '/home/catcyber02/Mobile-Robots-2026-1/install/justina_description/lib/python3.12/site-packages'
[1.138s] Level 1:colcon.colcon_core.environment:checking '/home/catcyber02/Mobile-Robots-2026-1/install/justina_description/bin'
[1.138s] INFO:colcon.colcon_core.shell:Creating package script '/home/catcyber02/Mobile-Robots-2026-1/install/justina_description/share/justina_description/package.ps1'
[1.141s] INFO:colcon.colcon_core.shell:Creating package descriptor '/home/catcyber02/Mobile-Robots-2026-1/install/justina_description/share/justina_description/package.dsv'
[1.144s] INFO:colcon.colcon_core.shell:Creating package script '/home/catcyber02/Mobile-Robots-2026-1/install/justina_description/share/justina_description/package.sh'
[1.146s] INFO:colcon.colcon_core.shell:Creating package script '/home/catcyber02/Mobile-Robots-2026-1/install/justina_description/share/justina_description/package.bash'
[1.148s] INFO:colcon.colcon_core.shell:Creating package script '/home/catcyber02/Mobile-Robots-2026-1/install/justina_description/share/justina_description/package.zsh'
[1.150s] Level 1:colcon.colcon_core.environment:create_file_with_runtime_dependencies(/home/catcyber02/Mobile-Robots-2026-1/install/justina_description/share/colcon-core/packages/justina_description)
[1.151s] Level 1:colcon.colcon_core.environment:create_environment_scripts_only(config_files)
[1.151s] Level 1:colcon.colcon_core.environment:checking '/home/catcyber02/Mobile-Robots-2026-1/install/config_files' for CMake module files
[1.154s] Level 1:colcon.colcon_core.environment:checking '/home/catcyber02/Mobile-Robots-2026-1/install/config_files' for CMake config files
[1.167s] Level 1:colcon.colcon_core.shell:create_environment_hook('config_files', 'cmake_prefix_path')
[1.168s] INFO:colcon.colcon_core.shell:Creating environment hook '/home/catcyber02/Mobile-Robots-2026-1/install/config_files/share/config_files/hook/cmake_prefix_path.ps1'
[1.172s] INFO:colcon.colcon_core.shell:Creating environment descriptor '/home/catcyber02/Mobile-Robots-2026-1/install/config_files/share/config_files/hook/cmake_prefix_path.dsv'
[1.173s] INFO:colcon.colcon_core.shell:Creating environment hook '/home/catcyber02/Mobile-Robots-2026-1/install/config_files/share/config_files/hook/cmake_prefix_path.sh'
[1.177s] Level 1:colcon.colcon_core.environment:checking '/home/catcyber02/Mobile-Robots-2026-1/install/config_files/bin'
[1.177s] Level 1:colcon.colcon_core.environment:checking '/home/catcyber02/Mobile-Robots-2026-1/install/config_files/lib/pkgconfig/config_files.pc'
[1.178s] Level 1:colcon.colcon_core.environment:checking '/home/catcyber02/Mobile-Robots-2026-1/install/config_files/lib/python3.12/site-packages'
[1.178s] Level 1:colcon.colcon_core.environment:checking '/home/catcyber02/Mobile-Robots-2026-1/install/config_files/bin'
[1.179s] INFO:colcon.colcon_core.shell:Creating package script '/home/catcyber02/Mobile-Robots-2026-1/install/config_files/share/config_files/package.ps1'
[1.190s] INFO:colcon.colcon_core.shell:Creating package descriptor '/home/catcyber02/Mobile-Robots-2026-1/install/config_files/share/config_files/package.dsv'
[1.206s] INFO:colcon.colcon_core.shell:Creating package script '/home/catcyber02/Mobile-Robots-2026-1/install/config_files/share/config_files/package.sh'
[1.223s] INFO:colcon.colcon_core.shell:Creating package script '/home/catcyber02/Mobile-Robots-2026-1/install/config_files/share/config_files/package.bash'
[1.233s] INFO:colcon.colcon_core.shell:Creating package script '/home/catcyber02/Mobile-Robots-2026-1/install/config_files/share/config_files/package.zsh'
[1.243s] Level 1:colcon.colcon_core.environment:create_file_with_runtime_dependencies(/home/catcyber02/Mobile-Robots-2026-1/install/config_files/share/colcon-core/packages/config_files)
[1.267s] Level 1:colcon.colcon_core.environment:create_environment_scripts_only(config_files)
[1.268s] Level 1:colcon.colcon_core.environment:checking '/home/catcyber02/Mobile-Robots-2026-1/install/config_files' for CMake module files
[1.285s] Level 1:colcon.colcon_core.environment:checking '/home/catcyber02/Mobile-Robots-2026-1/install/config_files' for CMake config files
[1.305s] Level 1:colcon.colcon_core.shell:create_environment_hook('config_files', 'cmake_prefix_path')
[1.306s] INFO:colcon.colcon_core.shell:Creating environment hook '/home/catcyber02/Mobile-Robots-2026-1/install/config_files/share/config_files/hook/cmake_prefix_path.ps1'
[1.312s] INFO:colcon.colcon_core.shell:Creating environment descriptor '/home/catcyber02/Mobile-Robots-2026-1/install/config_files/share/config_files/hook/cmake_prefix_path.dsv'
[1.320s] INFO:colcon.colcon_core.shell:Creating environment hook '/home/catcyber02/Mobile-Robots-2026-1/install/config_files/share/config_files/hook/cmake_prefix_path.sh'
[1.328s] Level 1:colcon.colcon_core.environment:checking '/home/catcyber02/Mobile-Robots-2026-1/install/config_files/bin'
[1.329s] Level 1:colcon.colcon_core.environment:checking '/home/catcyber02/Mobile-Robots-2026-1/install/config_files/lib/pkgconfig/config_files.pc'
[1.331s] Level 1:colcon.colcon_core.environment:checking '/home/catcyber02/Mobile-Robots-2026-1/install/config_files/lib/python3.12/site-packages'
[1.333s] Level 1:colcon.colcon_core.environment:checking '/home/catcyber02/Mobile-Robots-2026-1/install/config_files/bin'
[1.334s] INFO:colcon.colcon_core.shell:Creating package script '/home/catcyber02/Mobile-Robots-2026-1/install/config_files/share/config_files/package.ps1'
[1.339s] INFO:colcon.colcon_core.shell:Creating package descriptor '/home/catcyber02/Mobile-Robots-2026-1/install/config_files/share/config_files/package.dsv'
[1.346s] INFO:colcon.colcon_core.shell:Creating package script '/home/catcyber02/Mobile-Robots-2026-1/install/config_files/share/config_files/package.sh'
[1.354s] INFO:colcon.colcon_core.shell:Creating package script '/home/catcyber02/Mobile-Robots-2026-1/install/config_files/share/config_files/package.bash'
[1.360s] INFO:colcon.colcon_core.shell:Creating package script '/home/catcyber02/Mobile-Robots-2026-1/install/config_files/share/config_files/package.zsh'
[1.367s] Level 1:colcon.colcon_core.environment:create_file_with_runtime_dependencies(/home/catcyber02/Mobile-Robots-2026-1/install/config_files/share/colcon-core/packages/config_files)
[1.379s] INFO:colcon.colcon_ros.task.ament_python.build:Building ROS package in '/home/catcyber02/Mobile-Robots-2026-1/ros2_ws/src/navigation/path_planner' with build type 'ament_python'
[1.380s] Level 1:colcon.colcon_core.shell:create_environment_hook('path_planner', 'ament_prefix_path')
[1.380s] INFO:colcon.colcon_core.shell:Creating environment hook '/home/catcyber02/Mobile-Robots-2026-1/install/path_planner/share/path_planner/hook/ament_prefix_path.ps1'
[1.388s] INFO:colcon.colcon_core.shell:Creating environment descriptor '/home/catcyber02/Mobile-Robots-2026-1/install/path_planner/share/path_planner/hook/ament_prefix_path.dsv'
[1.395s] DEBUG:colcon.colcon_core.event_handler.log_command:Invoked command in '/home/catcyber02/Mobile-Robots-2026-1/build/config_files' returned '0': CMAKE_PREFIX_PATH=${CMAKE_PREFIX_PATH}:/home/catcyber02/Mobile-Robots-2026-1/ros2_ws/install/uf_ros_lib:/home/catcyber02/Mobile-Robots-2026-1/ros2_ws/install/simple_move:/home/catcyber02/Mobile-Robots-2026-1/ros2_ws/install/path_planner:/home/catcyber02/Mobile-Robots-2026-1/ros2_ws/install/map_augmenter:/opt/ros/jazzy DEBUGINFOD_URLS=https://debuginfod.ubuntu.com /usr/bin/cmake --install /home/catcyber02/Mobile-Robots-2026-1/build/config_files
[1.396s] INFO:colcon.colcon_core.shell:Creating environment hook '/home/catcyber02/Mobile-Robots-2026-1/install/path_planner/share/path_planner/hook/ament_prefix_path.sh'
[1.399s] INFO:colcon.colcon_core.shell:Skip shell extension 'powershell' for command environment: Not usable outside of PowerShell
[1.399s] DEBUG:colcon.colcon_core.shell:Skip shell extension 'dsv' for command environment
[1.407s] INFO:colcon.colcon_ros.task.ament_python.build:Building ROS package in '/home/catcyber02/Mobile-Robots-2026-1/ros2_ws/src/navigation/simple_move' with build type 'ament_python'
[1.407s] Level 1:colcon.colcon_core.shell:create_environment_hook('simple_move', 'ament_prefix_path')
[1.407s] INFO:colcon.colcon_core.shell:Creating environment hook '/home/catcyber02/Mobile-Robots-2026-1/install/simple_move/share/simple_move/hook/ament_prefix_path.ps1'
[1.408s] INFO:colcon.colcon_core.shell:Creating environment descriptor '/home/catcyber02/Mobile-Robots-2026-1/install/simple_move/share/simple_move/hook/ament_prefix_path.dsv'
[1.409s] INFO:colcon.colcon_core.shell:Creating environment hook '/home/catcyber02/Mobile-Robots-2026-1/install/simple_move/share/simple_move/hook/ament_prefix_path.sh'
[1.410s] INFO:colcon.colcon_core.shell:Skip shell extension 'powershell' for command environment: Not usable outside of PowerShell
[1.410s] DEBUG:colcon.colcon_core.shell:Skip shell extension 'dsv' for command environment
[1.421s] Level 1:colcon.colcon_core.environment:create_environment_scripts_only(xarm_sdk)
[1.421s] Level 1:colcon.colcon_core.environment:checking '/home/catcyber02/Mobile-Robots-2026-1/install/xarm_sdk' for CMake module files
[1.423s] DEBUG:colcon.colcon_core.event_handler.log_command:Invoked command in '/home/catcyber02/Mobile-Robots-2026-1/build/xarm_sdk' returned '0': CMAKE_PREFIX_PATH=${CMAKE_PREFIX_PATH}:/home/catcyber02/Mobile-Robots-2026-1/ros2_ws/install/uf_ros_lib:/home/catcyber02/Mobile-Robots-2026-1/ros2_ws/install/simple_move:/home/catcyber02/Mobile-Robots-2026-1/ros2_ws/install/path_planner:/home/catcyber02/Mobile-Robots-2026-1/ros2_ws/install/map_augmenter:/opt/ros/jazzy DEBUGINFOD_URLS=https://debuginfod.ubuntu.com /usr/bin/cmake --install /home/catcyber02/Mobile-Robots-2026-1/build/xarm_sdk
[1.423s] Level 1:colcon.colcon_core.environment:checking '/home/catcyber02/Mobile-Robots-2026-1/install/xarm_sdk' for CMake config files
[1.424s] Level 1:colcon.colcon_core.shell:create_environment_hook('xarm_sdk', 'cmake_prefix_path')
[1.425s] INFO:colcon.colcon_core.shell:Creating environment hook '/home/catcyber02/Mobile-Robots-2026-1/install/xarm_sdk/share/xarm_sdk/hook/cmake_prefix_path.ps1'
[1.426s] INFO:colcon.colcon_core.shell:Creating environment descriptor '/home/catcyber02/Mobile-Robots-2026-1/install/xarm_sdk/share/xarm_sdk/hook/cmake_prefix_path.dsv'
[1.427s] INFO:colcon.colcon_core.shell:Creating environment hook '/home/catcyber02/Mobile-Robots-2026-1/install/xarm_sdk/share/xarm_sdk/hook/cmake_prefix_path.sh'
[1.428s] Level 1:colcon.colcon_core.environment:checking '/home/catcyber02/Mobile-Robots-2026-1/install/xarm_sdk/lib'
[1.428s] Level 1:colcon.colcon_core.shell:create_environment_hook('xarm_sdk', 'ld_library_path_lib')
[1.428s] INFO:colcon.colcon_core.shell:Creating environment hook '/home/catcyber02/Mobile-Robots-2026-1/install/xarm_sdk/share/xarm_sdk/hook/ld_library_path_lib.ps1'
[1.429s] INFO:colcon.colcon_core.shell:Creating environment descriptor '/home/catcyber02/Mobile-Robots-2026-1/install/xarm_sdk/share/xarm_sdk/hook/ld_library_path_lib.dsv'
[1.429s] INFO:colcon.colcon_core.shell:Creating environment hook '/home/catcyber02/Mobile-Robots-2026-1/install/xarm_sdk/share/xarm_sdk/hook/ld_library_path_lib.sh'
[1.430s] Level 1:colcon.colcon_core.environment:checking '/home/catcyber02/Mobile-Robots-2026-1/install/xarm_sdk/bin'
[1.430s] Level 1:colcon.colcon_core.environment:checking '/home/catcyber02/Mobile-Robots-2026-1/install/xarm_sdk/lib/pkgconfig/xarm_sdk.pc'
[1.430s] Level 1:colcon.colcon_core.environment:checking '/home/catcyber02/Mobile-Robots-2026-1/install/xarm_sdk/lib/python3.12/site-packages'
[1.431s] Level 1:colcon.colcon_core.environment:checking '/home/catcyber02/Mobile-Robots-2026-1/install/xarm_sdk/bin'
[1.431s] INFO:colcon.colcon_core.shell:Creating package script '/home/catcyber02/Mobile-Robots-2026-1/install/xarm_sdk/share/xarm_sdk/package.ps1'
[1.432s] INFO:colcon.colcon_core.shell:Creating package descriptor '/home/catcyber02/Mobile-Robots-2026-1/install/xarm_sdk/share/xarm_sdk/package.dsv'
[1.432s] INFO:colcon.colcon_core.shell:Creating package script '/home/catcyber02/Mobile-Robots-2026-1/install/xarm_sdk/share/xarm_sdk/package.sh'
[1.433s] INFO:colcon.colcon_core.shell:Creating package script '/home/catcyber02/Mobile-Robots-2026-1/install/xarm_sdk/share/xarm_sdk/package.bash'
[1.434s] INFO:colcon.colcon_core.shell:Creating package script '/home/catcyber02/Mobile-Robots-2026-1/install/xarm_sdk/share/xarm_sdk/package.zsh'
[1.434s] Level 1:colcon.colcon_core.environment:create_file_with_runtime_dependencies(/home/catcyber02/Mobile-Robots-2026-1/install/xarm_sdk/share/colcon-core/packages/xarm_sdk)
[1.435s] Level 1:colcon.colcon_core.environment:create_environment_scripts_only(xarm_sdk)
[1.436s] Level 1:colcon.colcon_core.environment:checking '/home/catcyber02/Mobile-Robots-2026-1/install/xarm_sdk' for CMake module files
[1.436s] Level 1:colcon.colcon_core.environment:checking '/home/catcyber02/Mobile-Robots-2026-1/install/xarm_sdk' for CMake config files
[1.437s] Level 1:colcon.colcon_core.shell:create_environment_hook('xarm_sdk', 'cmake_prefix_path')
[1.437s] INFO:colcon.colcon_core.shell:Creating environment hook '/home/catcyber02/Mobile-Robots-2026-1/install/xarm_sdk/share/xarm_sdk/hook/cmake_prefix_path.ps1'
[1.438s] INFO:colcon.colcon_core.shell:Creating environment descriptor '/home/catcyber02/Mobile-Robots-2026-1/install/xarm_sdk/share/xarm_sdk/hook/cmake_prefix_path.dsv'
[1.439s] INFO:colcon.colcon_core.shell:Creating environment hook '/home/catcyber02/Mobile-Robots-2026-1/install/xarm_sdk/share/xarm_sdk/hook/cmake_prefix_path.sh'
[1.440s] Level 1:colcon.colcon_core.environment:checking '/home/catcyber02/Mobile-Robots-2026-1/install/xarm_sdk/lib'
[1.440s] Level 1:colcon.colcon_core.shell:create_environment_hook('xarm_sdk', 'ld_library_path_lib')
[1.440s] INFO:colcon.colcon_core.shell:Creating environment hook '/home/catcyber02/Mobile-Robots-2026-1/install/xarm_sdk/share/xarm_sdk/hook/ld_library_path_lib.ps1'
[1.441s] INFO:colcon.colcon_core.shell:Creating environment descriptor '/home/catcyber02/Mobile-Robots-2026-1/install/xarm_sdk/share/xarm_sdk/hook/ld_library_path_lib.dsv'
[1.441s] INFO:colcon.colcon_core.shell:Creating environment hook '/home/catcyber02/Mobile-Robots-2026-1/install/xarm_sdk/share/xarm_sdk/hook/ld_library_path_lib.sh'
[1.442s] Level 1:colcon.colcon_core.environment:checking '/home/catcyber02/Mobile-Robots-2026-1/install/xarm_sdk/bin'
[1.442s] Level 1:colcon.colcon_core.environment:checking '/home/catcyber02/Mobile-Robots-2026-1/install/xarm_sdk/lib/pkgconfig/xarm_sdk.pc'
[1.442s] Level 1:colcon.colcon_core.environment:checking '/home/catcyber02/Mobile-Robots-2026-1/install/xarm_sdk/lib/python3.12/site-packages'
[1.443s] Level 1:colcon.colcon_core.environment:checking '/home/catcyber02/Mobile-Robots-2026-1/install/xarm_sdk/bin'
[1.443s] INFO:colcon.colcon_core.shell:Creating package script '/home/catcyber02/Mobile-Robots-2026-1/install/xarm_sdk/share/xarm_sdk/package.ps1'
[1.444s] INFO:colcon.colcon_core.shell:Creating package descriptor '/home/catcyber02/Mobile-Robots-2026-1/install/xarm_sdk/share/xarm_sdk/package.dsv'
[1.444s] INFO:colcon.colcon_core.shell:Creating package script '/home/catcyber02/Mobile-Robots-2026-1/install/xarm_sdk/share/xarm_sdk/package.sh'
[1.445s] INFO:colcon.colcon_core.shell:Creating package script '/home/catcyber02/Mobile-Robots-2026-1/install/xarm_sdk/share/xarm_sdk/package.bash'
[1.446s] INFO:colcon.colcon_core.shell:Creating package script '/home/catcyber02/Mobile-Robots-2026-1/install/xarm_sdk/share/xarm_sdk/package.zsh'
[1.446s] Level 1:colcon.colcon_core.environment:create_file_with_runtime_dependencies(/home/catcyber02/Mobile-Robots-2026-1/install/xarm_sdk/share/colcon-core/packages/xarm_sdk)
[1.446s] Level 1:colcon.colcon_core.environment:create_environment_scripts_only(justina_gui)
[1.447s] Level 1:colcon.colcon_core.environment:checking '/home/catcyber02/Mobile-Robots-2026-1/install/justina_gui' for CMake module files
[1.449s] Level 1:colcon.colcon_core.environment:checking '/home/catcyber02/Mobile-Robots-2026-1/install/justina_gui' for CMake config files
[1.449s] DEBUG:colcon.colcon_core.event_handler.log_command:Invoked command in '/home/catcyber02/Mobile-Robots-2026-1/build/justina_gui' returned '0': CMAKE_PREFIX_PATH=${CMAKE_PREFIX_PATH}:/home/catcyber02/Mobile-Robots-2026-1/ros2_ws/install/uf_ros_lib:/home/catcyber02/Mobile-Robots-2026-1/ros2_ws/install/simple_move:/home/catcyber02/Mobile-Robots-2026-1/ros2_ws/install/path_planner:/home/catcyber02/Mobile-Robots-2026-1/ros2_ws/install/map_augmenter:/opt/ros/jazzy DEBUGINFOD_URLS=https://debuginfod.ubuntu.com /usr/bin/cmake --install /home/catcyber02/Mobile-Robots-2026-1/build/justina_gui
[1.450s] Level 1:colcon.colcon_core.shell:create_environment_hook('justina_gui', 'cmake_prefix_path')
[1.450s] INFO:colcon.colcon_core.shell:Creating environment hook '/home/catcyber02/Mobile-Robots-2026-1/install/justina_gui/share/justina_gui/hook/cmake_prefix_path.ps1'
[1.451s] INFO:colcon.colcon_core.shell:Creating environment descriptor '/home/catcyber02/Mobile-Robots-2026-1/install/justina_gui/share/justina_gui/hook/cmake_prefix_path.dsv'
[1.452s] INFO:colcon.colcon_core.shell:Creating environment hook '/home/catcyber02/Mobile-Robots-2026-1/install/justina_gui/share/justina_gui/hook/cmake_prefix_path.sh'
[1.453s] Level 1:colcon.colcon_core.environment:checking '/home/catcyber02/Mobile-Robots-2026-1/install/justina_gui/lib'
[1.453s] Level 1:colcon.colcon_core.environment:checking '/home/catcyber02/Mobile-Robots-2026-1/install/justina_gui/bin'
[1.453s] Level 1:colcon.colcon_core.environment:checking '/home/catcyber02/Mobile-Robots-2026-1/install/justina_gui/lib/pkgconfig/justina_gui.pc'
[1.453s] Level 1:colcon.colcon_core.environment:checking '/home/catcyber02/Mobile-Robots-2026-1/install/justina_gui/lib/python3.12/site-packages'
[1.454s] Level 1:colcon.colcon_core.environment:checking '/home/catcyber02/Mobile-Robots-2026-1/install/justina_gui/bin'
[1.455s] INFO:colcon.colcon_core.shell:Creating package script '/home/catcyber02/Mobile-Robots-2026-1/install/justina_gui/share/justina_gui/package.ps1'
[1.456s] INFO:colcon.colcon_core.shell:Creating package descriptor '/home/catcyber02/Mobile-Robots-2026-1/install/justina_gui/share/justina_gui/package.dsv'
[1.457s] INFO:colcon.colcon_core.shell:Creating package script '/home/catcyber02/Mobile-Robots-2026-1/install/justina_gui/share/justina_gui/package.sh'
[1.457s] INFO:colcon.colcon_core.shell:Creating package script '/home/catcyber02/Mobile-Robots-2026-1/install/justina_gui/share/justina_gui/package.bash'
[1.458s] INFO:colcon.colcon_core.shell:Creating package script '/home/catcyber02/Mobile-Robots-2026-1/install/justina_gui/share/justina_gui/package.zsh'
[1.459s] Level 1:colcon.colcon_core.environment:create_file_with_runtime_dependencies(/home/catcyber02/Mobile-Robots-2026-1/install/justina_gui/share/colcon-core/packages/justina_gui)
[1.460s] Level 1:colcon.colcon_core.environment:create_environment_scripts_only(justina_gui)
[1.460s] Level 1:colcon.colcon_core.environment:checking '/home/catcyber02/Mobile-Robots-2026-1/install/justina_gui' for CMake module files
[1.461s] Level 1:colcon.colcon_core.environment:checking '/home/catcyber02/Mobile-Robots-2026-1/install/justina_gui' for CMake config files
[1.461s] Level 1:colcon.colcon_core.shell:create_environment_hook('justina_gui', 'cmake_prefix_path')
[1.462s] INFO:colcon.colcon_core.shell:Creating environment hook '/home/catcyber02/Mobile-Robots-2026-1/install/justina_gui/share/justina_gui/hook/cmake_prefix_path.ps1'
[1.462s] INFO:colcon.colcon_core.shell:Creating environment descriptor '/home/catcyber02/Mobile-Robots-2026-1/install/justina_gui/share/justina_gui/hook/cmake_prefix_path.dsv'
[1.463s] INFO:colcon.colcon_core.shell:Creating environment hook '/home/catcyber02/Mobile-Robots-2026-1/install/justina_gui/share/justina_gui/hook/cmake_prefix_path.sh'
[1.463s] Level 1:colcon.colcon_core.environment:checking '/home/catcyber02/Mobile-Robots-2026-1/install/justina_gui/lib'
[1.464s] Level 1:colcon.colcon_core.environment:checking '/home/catcyber02/Mobile-Robots-2026-1/install/justina_gui/bin'
[1.464s] Level 1:colcon.colcon_core.environment:checking '/home/catcyber02/Mobile-Robots-2026-1/install/justina_gui/lib/pkgconfig/justina_gui.pc'
[1.464s] Level 1:colcon.colcon_core.environment:checking '/home/catcyber02/Mobile-Robots-2026-1/install/justina_gui/lib/python3.12/site-packages'
[1.464s] Level 1:colcon.colcon_core.environment:checking '/home/catcyber02/Mobile-Robots-2026-1/install/justina_gui/bin'
[1.465s] INFO:colcon.colcon_core.shell:Creating package script '/home/catcyber02/Mobile-Robots-2026-1/install/justina_gui/share/justina_gui/package.ps1'
[1.466s] INFO:colcon.colcon_core.shell:Creating package descriptor '/home/catcyber02/Mobile-Robots-2026-1/install/justina_gui/share/justina_gui/package.dsv'
[1.466s] INFO:colcon.colcon_core.shell:Creating package script '/home/catcyber02/Mobile-Robots-2026-1/install/justina_gui/share/justina_gui/package.sh'
[1.467s] INFO:colcon.colcon_core.shell:Creating package script '/home/catcyber02/Mobile-Robots-2026-1/install/justina_gui/share/justina_gui/package.bash'
[1.468s] INFO:colcon.colcon_core.shell:Creating package script '/home/catcyber02/Mobile-Robots-2026-1/install/justina_gui/share/justina_gui/package.zsh'
[1.469s] Level 1:colcon.colcon_core.environment:create_file_with_runtime_dependencies(/home/catcyber02/Mobile-Robots-2026-1/install/justina_gui/share/colcon-core/packages/justina_gui)
[1.469s] Level 1:colcon.colcon_core.environment:create_environment_scripts_only(xarm_description)
[1.469s] Level 1:colcon.colcon_core.environment:checking '/home/catcyber02/Mobile-Robots-2026-1/install/xarm_description' for CMake module files
[1.472s] DEBUG:colcon.colcon_core.event_handler.log_command:Invoked command in '/home/catcyber02/Mobile-Robots-2026-1/build/xarm_description' returned '0': CMAKE_PREFIX_PATH=${CMAKE_PREFIX_PATH}:/home/catcyber02/Mobile-Robots-2026-1/ros2_ws/install/uf_ros_lib:/home/catcyber02/Mobile-Robots-2026-1/ros2_ws/install/simple_move:/home/catcyber02/Mobile-Robots-2026-1/ros2_ws/install/path_planner:/home/catcyber02/Mobile-Robots-2026-1/ros2_ws/install/map_augmenter:/opt/ros/jazzy DEBUGINFOD_URLS=https://debuginfod.ubuntu.com /usr/bin/cmake --install /home/catcyber02/Mobile-Robots-2026-1/build/xarm_description
[1.473s] Level 1:colcon.colcon_core.environment:checking '/home/catcyber02/Mobile-Robots-2026-1/install/xarm_description' for CMake config files
[1.473s] Level 1:colcon.colcon_core.shell:create_environment_hook('xarm_description', 'cmake_prefix_path')
[1.473s] INFO:colcon.colcon_core.shell:Creating environment hook '/home/catcyber02/Mobile-Robots-2026-1/install/xarm_description/share/xarm_description/hook/cmake_prefix_path.ps1'
[1.474s] INFO:colcon.colcon_core.shell:Creating environment descriptor '/home/catcyber02/Mobile-Robots-2026-1/install/xarm_description/share/xarm_description/hook/cmake_prefix_path.dsv'
[1.475s] INFO:colcon.colcon_core.shell:Creating environment hook '/home/catcyber02/Mobile-Robots-2026-1/install/xarm_description/share/xarm_description/hook/cmake_prefix_path.sh'
[1.476s] Level 1:colcon.colcon_core.environment:checking '/home/catcyber02/Mobile-Robots-2026-1/install/xarm_description/bin'
[1.476s] Level 1:colcon.colcon_core.environment:checking '/home/catcyber02/Mobile-Robots-2026-1/install/xarm_description/lib/pkgconfig/xarm_description.pc'
[1.476s] Level 1:colcon.colcon_core.environment:checking '/home/catcyber02/Mobile-Robots-2026-1/install/xarm_description/lib/python3.12/site-packages'
[1.476s] Level 1:colcon.colcon_core.environment:checking '/home/catcyber02/Mobile-Robots-2026-1/install/xarm_description/bin'
[1.477s] INFO:colcon.colcon_core.shell:Creating package script '/home/catcyber02/Mobile-Robots-2026-1/install/xarm_description/share/xarm_description/package.ps1'
[1.477s] INFO:colcon.colcon_core.shell:Creating package descriptor '/home/catcyber02/Mobile-Robots-2026-1/install/xarm_description/share/xarm_description/package.dsv'
[1.478s] INFO:colcon.colcon_core.shell:Creating package script '/home/catcyber02/Mobile-Robots-2026-1/install/xarm_description/share/xarm_description/package.sh'
[1.478s] INFO:colcon.colcon_core.shell:Creating package script '/home/catcyber02/Mobile-Robots-2026-1/install/xarm_description/share/xarm_description/package.bash'
[1.479s] INFO:colcon.colcon_core.shell:Creating package script '/home/catcyber02/Mobile-Robots-2026-1/install/xarm_description/share/xarm_description/package.zsh'
[1.480s] Level 1:colcon.colcon_core.environment:create_file_with_runtime_dependencies(/home/catcyber02/Mobile-Robots-2026-1/install/xarm_description/share/colcon-core/packages/xarm_description)
[1.481s] Level 1:colcon.colcon_core.environment:create_environment_scripts_only(xarm_description)
[1.481s] Level 1:colcon.colcon_core.environment:checking '/home/catcyber02/Mobile-Robots-2026-1/install/xarm_description' for CMake module files
[1.482s] Level 1:colcon.colcon_core.environment:checking '/home/catcyber02/Mobile-Robots-2026-1/install/xarm_description' for CMake config files
[1.483s] Level 1:colcon.colcon_core.shell:create_environment_hook('xarm_description', 'cmake_prefix_path')
[1.483s] INFO:colcon.colcon_core.shell:Creating environment hook '/home/catcyber02/Mobile-Robots-2026-1/install/xarm_description/share/xarm_description/hook/cmake_prefix_path.ps1'
[1.484s] INFO:colcon.colcon_core.shell:Creating environment descriptor '/home/catcyber02/Mobile-Robots-2026-1/install/xarm_description/share/xarm_description/hook/cmake_prefix_path.dsv'
[1.485s] INFO:colcon.colcon_core.shell:Creating environment hook '/home/catcyber02/Mobile-Robots-2026-1/install/xarm_description/share/xarm_description/hook/cmake_prefix_path.sh'
[1.486s] Level 1:colcon.colcon_core.environment:checking '/home/catcyber02/Mobile-Robots-2026-1/install/xarm_description/bin'
[1.486s] Level 1:colcon.colcon_core.environment:checking '/home/catcyber02/Mobile-Robots-2026-1/install/xarm_description/lib/pkgconfig/xarm_description.pc'
[1.486s] Level 1:colcon.colcon_core.environment:checking '/home/catcyber02/Mobile-Robots-2026-1/install/xarm_description/lib/python3.12/site-packages'
[1.486s] Level 1:colcon.colcon_core.environment:checking '/home/catcyber02/Mobile-Robots-2026-1/install/xarm_description/bin'
[1.487s] INFO:colcon.colcon_core.shell:Creating package script '/home/catcyber02/Mobile-Robots-2026-1/install/xarm_description/share/xarm_description/package.ps1'
[1.487s] INFO:colcon.colcon_core.shell:Creating package descriptor '/home/catcyber02/Mobile-Robots-2026-1/install/xarm_description/share/xarm_description/package.dsv'
[1.488s] INFO:colcon.colcon_core.shell:Creating package script '/home/catcyber02/Mobile-Robots-2026-1/install/xarm_description/share/xarm_description/package.sh'
[1.489s] INFO:colcon.colcon_core.shell:Creating package script '/home/catcyber02/Mobile-Robots-2026-1/install/xarm_description/share/xarm_description/package.bash'
[1.489s] INFO:colcon.colcon_core.shell:Creating package script '/home/catcyber02/Mobile-Robots-2026-1/install/xarm_description/share/xarm_description/package.zsh'
[1.490s] Level 1:colcon.colcon_core.environment:create_file_with_runtime_dependencies(/home/catcyber02/Mobile-Robots-2026-1/install/xarm_description/share/colcon-core/packages/xarm_description)
[1.491s] Level 1:colcon.colcon_core.environment:create_environment_scripts_only(gazebo_envs)
[1.491s] Level 1:colcon.colcon_core.environment:checking '/home/catcyber02/Mobile-Robots-2026-1/install/gazebo_envs' for CMake module files
[1.493s] Level 1:colcon.colcon_core.environment:checking '/home/catcyber02/Mobile-Robots-2026-1/install/gazebo_envs' for CMake config files
[1.494s] DEBUG:colcon.colcon_core.event_handler.log_command:Invoked command in '/home/catcyber02/Mobile-Robots-2026-1/build/gazebo_envs' returned '0': CMAKE_PREFIX_PATH=${CMAKE_PREFIX_PATH}:/home/catcyber02/Mobile-Robots-2026-1/ros2_ws/install/uf_ros_lib:/home/catcyber02/Mobile-Robots-2026-1/ros2_ws/install/simple_move:/home/catcyber02/Mobile-Robots-2026-1/ros2_ws/install/path_planner:/home/catcyber02/Mobile-Robots-2026-1/ros2_ws/install/map_augmenter:/opt/ros/jazzy DEBUGINFOD_URLS=https://debuginfod.ubuntu.com /usr/bin/cmake --install /home/catcyber02/Mobile-Robots-2026-1/build/gazebo_envs
[1.494s] Level 1:colcon.colcon_core.shell:create_environment_hook('gazebo_envs', 'cmake_prefix_path')
[1.495s] INFO:colcon.colcon_core.shell:Creating environment hook '/home/catcyber02/Mobile-Robots-2026-1/install/gazebo_envs/share/gazebo_envs/hook/cmake_prefix_path.ps1'
[1.495s] INFO:colcon.colcon_core.shell:Creating environment descriptor '/home/catcyber02/Mobile-Robots-2026-1/install/gazebo_envs/share/gazebo_envs/hook/cmake_prefix_path.dsv'
[1.496s] INFO:colcon.colcon_core.shell:Creating environment hook '/home/catcyber02/Mobile-Robots-2026-1/install/gazebo_envs/share/gazebo_envs/hook/cmake_prefix_path.sh'
[1.497s] Level 1:colcon.colcon_core.environment:checking '/home/catcyber02/Mobile-Robots-2026-1/install/gazebo_envs/bin'
[1.497s] Level 1:colcon.colcon_core.environment:checking '/home/catcyber02/Mobile-Robots-2026-1/install/gazebo_envs/lib/pkgconfig/gazebo_envs.pc'
[1.497s] Level 1:colcon.colcon_core.environment:checking '/home/catcyber02/Mobile-Robots-2026-1/install/gazebo_envs/lib/python3.12/site-packages'
[1.497s] Level 1:colcon.colcon_core.environment:checking '/home/catcyber02/Mobile-Robots-2026-1/install/gazebo_envs/bin'
[1.498s] INFO:colcon.colcon_core.shell:Creating package script '/home/catcyber02/Mobile-Robots-2026-1/install/gazebo_envs/share/gazebo_envs/package.ps1'
[1.498s] INFO:colcon.colcon_core.shell:Creating package descriptor '/home/catcyber02/Mobile-Robots-2026-1/install/gazebo_envs/share/gazebo_envs/package.dsv'
[1.499s] INFO:colcon.colcon_core.shell:Creating package script '/home/catcyber02/Mobile-Robots-2026-1/install/gazebo_envs/share/gazebo_envs/package.sh'
[1.499s] INFO:colcon.colcon_core.shell:Creating package script '/home/catcyber02/Mobile-Robots-2026-1/install/gazebo_envs/share/gazebo_envs/package.bash'
[1.500s] INFO:colcon.colcon_core.shell:Creating package script '/home/catcyber02/Mobile-Robots-2026-1/install/gazebo_envs/share/gazebo_envs/package.zsh'
[1.500s] Level 1:colcon.colcon_core.environment:create_file_with_runtime_dependencies(/home/catcyber02/Mobile-Robots-2026-1/install/gazebo_envs/share/colcon-core/packages/gazebo_envs)
[1.501s] Level 1:colcon.colcon_core.environment:create_environment_scripts_only(gazebo_envs)
[1.501s] Level 1:colcon.colcon_core.environment:checking '/home/catcyber02/Mobile-Robots-2026-1/install/gazebo_envs' for CMake module files
[1.502s] Level 1:colcon.colcon_core.environment:checking '/home/catcyber02/Mobile-Robots-2026-1/install/gazebo_envs' for CMake config files
[1.502s] Level 1:colcon.colcon_core.shell:create_environment_hook('gazebo_envs', 'cmake_prefix_path')
[1.502s] INFO:colcon.colcon_core.shell:Creating environment hook '/home/catcyber02/Mobile-Robots-2026-1/install/gazebo_envs/share/gazebo_envs/hook/cmake_prefix_path.ps1'
[1.503s] INFO:colcon.colcon_core.shell:Creating environment descriptor '/home/catcyber02/Mobile-Robots-2026-1/install/gazebo_envs/share/gazebo_envs/hook/cmake_prefix_path.dsv'
[1.504s] INFO:colcon.colcon_core.shell:Creating environment hook '/home/catcyber02/Mobile-Robots-2026-1/install/gazebo_envs/share/gazebo_envs/hook/cmake_prefix_path.sh'
[1.505s] Level 1:colcon.colcon_core.environment:checking '/home/catcyber02/Mobile-Robots-2026-1/install/gazebo_envs/bin'
[1.506s] Level 1:colcon.colcon_core.environment:checking '/home/catcyber02/Mobile-Robots-2026-1/install/gazebo_envs/lib/pkgconfig/gazebo_envs.pc'
[1.506s] Level 1:colcon.colcon_core.environment:checking '/home/catcyber02/Mobile-Robots-2026-1/install/gazebo_envs/lib/python3.12/site-packages'
[1.506s] Level 1:colcon.colcon_core.environment:checking '/home/catcyber02/Mobile-Robots-2026-1/install/gazebo_envs/bin'
[1.506s] INFO:colcon.colcon_core.shell:Creating package script '/home/catcyber02/Mobile-Robots-2026-1/install/gazebo_envs/share/gazebo_envs/package.ps1'
[1.507s] INFO:colcon.colcon_core.shell:Creating package descriptor '/home/catcyber02/Mobile-Robots-2026-1/install/gazebo_envs/share/gazebo_envs/package.dsv'
[1.508s] INFO:colcon.colcon_core.shell:Creating package script '/home/catcyber02/Mobile-Robots-2026-1/install/gazebo_envs/share/gazebo_envs/package.sh'
[1.509s] INFO:colcon.colcon_core.shell:Creating package script '/home/catcyber02/Mobile-Robots-2026-1/install/gazebo_envs/share/gazebo_envs/package.bash'
[1.510s] INFO:colcon.colcon_core.shell:Creating package script '/home/catcyber02/Mobile-Robots-2026-1/install/gazebo_envs/share/gazebo_envs/package.zsh'
[1.511s] Level 1:colcon.colcon_core.environment:create_file_with_runtime_dependencies(/home/catcyber02/Mobile-Robots-2026-1/install/gazebo_envs/share/colcon-core/packages/gazebo_envs)
[1.512s] INFO:colcon.colcon_ros.task.ament_python.build:Building ROS package in '/home/catcyber02/Mobile-Robots-2026-1/ros2_ws/src/hardware/xarm_ros2/uf_ros_lib' with build type 'ament_python'
[1.513s] Level 1:colcon.colcon_core.shell:create_environment_hook('uf_ros_lib', 'ament_prefix_path')
[1.513s] INFO:colcon.colcon_core.shell:Creating environment hook '/home/catcyber02/Mobile-Robots-2026-1/install/uf_ros_lib/share/uf_ros_lib/hook/ament_prefix_path.ps1'
[1.514s] INFO:colcon.colcon_core.shell:Creating environment descriptor '/home/catcyber02/Mobile-Robots-2026-1/install/uf_ros_lib/share/uf_ros_lib/hook/ament_prefix_path.dsv'
[1.515s] INFO:colcon.colcon_core.shell:Creating environment hook '/home/catcyber02/Mobile-Robots-2026-1/install/uf_ros_lib/share/uf_ros_lib/hook/ament_prefix_path.sh'
[1.516s] INFO:colcon.colcon_core.shell:Skip shell extension 'powershell' for command environment: Not usable outside of PowerShell
[1.516s] DEBUG:colcon.colcon_core.shell:Skip shell extension 'dsv' for command environment
[1.524s] DEBUG:colcon.colcon_core.event_handler.log_command:Invoked command in '/home/catcyber02/Mobile-Robots-2026-1/build/xarm_msgs' returned '0': CMAKE_PREFIX_PATH=${CMAKE_PREFIX_PATH}:/home/catcyber02/Mobile-Robots-2026-1/ros2_ws/install/uf_ros_lib:/home/catcyber02/Mobile-Robots-2026-1/ros2_ws/install/simple_move:/home/catcyber02/Mobile-Robots-2026-1/ros2_ws/install/path_planner:/home/catcyber02/Mobile-Robots-2026-1/ros2_ws/install/map_augmenter:/opt/ros/jazzy DEBUGINFOD_URLS=https://debuginfod.ubuntu.com /usr/bin/cmake --build /home/catcyber02/Mobile-Robots-2026-1/build/xarm_msgs -- -j8 -l8
[1.526s] DEBUG:colcon.colcon_core.event_handler.log_command:Invoking command in '/home/catcyber02/Mobile-Robots-2026-1/build/xarm_msgs': CMAKE_PREFIX_PATH=${CMAKE_PREFIX_PATH}:/home/catcyber02/Mobile-Robots-2026-1/ros2_ws/install/uf_ros_lib:/home/catcyber02/Mobile-Robots-2026-1/ros2_ws/install/simple_move:/home/catcyber02/Mobile-Robots-2026-1/ros2_ws/install/path_planner:/home/catcyber02/Mobile-Robots-2026-1/ros2_ws/install/map_augmenter:/opt/ros/jazzy DEBUGINFOD_URLS=https://debuginfod.ubuntu.com /usr/bin/cmake --install /home/catcyber02/Mobile-Robots-2026-1/build/xarm_msgs
[1.920s] INFO:colcon.colcon_core.task.python.build:Building Python package in '/home/catcyber02/Mobile-Robots-2026-1/ros2_ws/src/navigation/path_planner'
[1.921s] INFO:colcon.colcon_core.shell:Skip shell extension 'powershell' for command environment: Not usable outside of PowerShell
[1.921s] DEBUG:colcon.colcon_core.shell:Skip shell extension 'dsv' for command environment
[2.238s] INFO:colcon.colcon_core.task.python.build:Building Python package in '/home/catcyber02/Mobile-Robots-2026-1/ros2_ws/src/navigation/simple_move'
[2.239s] INFO:colcon.colcon_core.shell:Skip shell extension 'powershell' for command environment: Not usable outside of PowerShell
[2.239s] DEBUG:colcon.colcon_core.shell:Skip shell extension 'dsv' for command environment
[2.555s] INFO:colcon.colcon_core.task.python.build:Building Python package in '/home/catcyber02/Mobile-Robots-2026-1/ros2_ws/src/hardware/xarm_ros2/uf_ros_lib'
[2.556s] INFO:colcon.colcon_core.shell:Skip shell extension 'powershell' for command environment: Not usable outside of PowerShell
[2.556s] DEBUG:colcon.colcon_core.shell:Skip shell extension 'dsv' for command environment
[2.570s] Level 1:colcon.colcon_core.environment:create_environment_scripts_only(xarm_msgs)
[2.571s] Level 1:colcon.colcon_core.environment:checking '/home/catcyber02/Mobile-Robots-2026-1/install/xarm_msgs' for CMake module files
[2.573s] DEBUG:colcon.colcon_core.event_handler.log_command:Invoked command in '/home/catcyber02/Mobile-Robots-2026-1/build/xarm_msgs' returned '0': CMAKE_PREFIX_PATH=${CMAKE_PREFIX_PATH}:/home/catcyber02/Mobile-Robots-2026-1/ros2_ws/install/uf_ros_lib:/home/catcyber02/Mobile-Robots-2026-1/ros2_ws/install/simple_move:/home/catcyber02/Mobile-Robots-2026-1/ros2_ws/install/path_planner:/home/catcyber02/Mobile-Robots-2026-1/ros2_ws/install/map_augmenter:/opt/ros/jazzy DEBUGINFOD_URLS=https://debuginfod.ubuntu.com /usr/bin/cmake --install /home/catcyber02/Mobile-Robots-2026-1/build/xarm_msgs
[2.575s] Level 1:colcon.colcon_core.environment:checking '/home/catcyber02/Mobile-Robots-2026-1/install/xarm_msgs' for CMake config files
[2.579s] Level 1:colcon.colcon_core.shell:create_environment_hook('xarm_msgs', 'cmake_prefix_path')
[2.579s] INFO:colcon.colcon_core.shell:Creating environment hook '/home/catcyber02/Mobile-Robots-2026-1/install/xarm_msgs/share/xarm_msgs/hook/cmake_prefix_path.ps1'
[2.580s] INFO:colcon.colcon_core.shell:Creating environment descriptor '/home/catcyber02/Mobile-Robots-2026-1/install/xarm_msgs/share/xarm_msgs/hook/cmake_prefix_path.dsv'
[2.580s] INFO:colcon.colcon_core.shell:Creating environment hook '/home/catcyber02/Mobile-Robots-2026-1/install/xarm_msgs/share/xarm_msgs/hook/cmake_prefix_path.sh'
[2.581s] Level 1:colcon.colcon_core.environment:checking '/home/catcyber02/Mobile-Robots-2026-1/install/xarm_msgs/lib'
[2.581s] Level 1:colcon.colcon_core.shell:create_environment_hook('xarm_msgs', 'ld_library_path_lib')
[2.581s] INFO:colcon.colcon_core.shell:Creating environment hook '/home/catcyber02/Mobile-Robots-2026-1/install/xarm_msgs/share/xarm_msgs/hook/ld_library_path_lib.ps1'
[2.581s] INFO:colcon.colcon_core.shell:Creating environment descriptor '/home/catcyber02/Mobile-Robots-2026-1/install/xarm_msgs/share/xarm_msgs/hook/ld_library_path_lib.dsv'
[2.582s] INFO:colcon.colcon_core.shell:Creating environment hook '/home/catcyber02/Mobile-Robots-2026-1/install/xarm_msgs/share/xarm_msgs/hook/ld_library_path_lib.sh'
[2.582s] Level 1:colcon.colcon_core.environment:checking '/home/catcyber02/Mobile-Robots-2026-1/install/xarm_msgs/bin'
[2.582s] Level 1:colcon.colcon_core.environment:checking '/home/catcyber02/Mobile-Robots-2026-1/install/xarm_msgs/lib/pkgconfig/xarm_msgs.pc'
[2.583s] Level 1:colcon.colcon_core.environment:checking '/home/catcyber02/Mobile-Robots-2026-1/install/xarm_msgs/lib/python3.12/site-packages'
[2.583s] Level 1:colcon.colcon_core.shell:create_environment_hook('xarm_msgs', 'pythonpath')
[2.583s] INFO:colcon.colcon_core.shell:Creating environment hook '/home/catcyber02/Mobile-Robots-2026-1/install/xarm_msgs/share/xarm_msgs/hook/pythonpath.ps1'
[2.583s] INFO:colcon.colcon_core.shell:Creating environment descriptor '/home/catcyber02/Mobile-Robots-2026-1/install/xarm_msgs/share/xarm_msgs/hook/pythonpath.dsv'
[2.584s] INFO:colcon.colcon_core.shell:Creating environment hook '/home/catcyber02/Mobile-Robots-2026-1/install/xarm_msgs/share/xarm_msgs/hook/pythonpath.sh'
[2.584s] Level 1:colcon.colcon_core.environment:checking '/home/catcyber02/Mobile-Robots-2026-1/install/xarm_msgs/bin'
[2.585s] INFO:colcon.colcon_core.shell:Creating package script '/home/catcyber02/Mobile-Robots-2026-1/install/xarm_msgs/share/xarm_msgs/package.ps1'
[2.585s] INFO:colcon.colcon_core.shell:Creating package descriptor '/home/catcyber02/Mobile-Robots-2026-1/install/xarm_msgs/share/xarm_msgs/package.dsv'
[2.586s] INFO:colcon.colcon_core.shell:Creating package script '/home/catcyber02/Mobile-Robots-2026-1/install/xarm_msgs/share/xarm_msgs/package.sh'
[2.586s] INFO:colcon.colcon_core.shell:Creating package script '/home/catcyber02/Mobile-Robots-2026-1/install/xarm_msgs/share/xarm_msgs/package.bash'
[2.587s] INFO:colcon.colcon_core.shell:Creating package script '/home/catcyber02/Mobile-Robots-2026-1/install/xarm_msgs/share/xarm_msgs/package.zsh'
[2.587s] Level 1:colcon.colcon_core.environment:create_file_with_runtime_dependencies(/home/catcyber02/Mobile-Robots-2026-1/install/xarm_msgs/share/colcon-core/packages/xarm_msgs)
[2.588s] Level 1:colcon.colcon_core.environment:create_environment_scripts_only(xarm_msgs)
[2.588s] Level 1:colcon.colcon_core.environment:checking '/home/catcyber02/Mobile-Robots-2026-1/install/xarm_msgs' for CMake module files
[2.591s] Level 1:colcon.colcon_core.environment:checking '/home/catcyber02/Mobile-Robots-2026-1/install/xarm_msgs' for CMake config files
[2.594s] Level 1:colcon.colcon_core.shell:create_environment_hook('xarm_msgs', 'cmake_prefix_path')
[2.595s] INFO:colcon.colcon_core.shell:Creating environment hook '/home/catcyber02/Mobile-Robots-2026-1/install/xarm_msgs/share/xarm_msgs/hook/cmake_prefix_path.ps1'
[2.596s] INFO:colcon.colcon_core.shell:Creating environment descriptor '/home/catcyber02/Mobile-Robots-2026-1/install/xarm_msgs/share/xarm_msgs/hook/cmake_prefix_path.dsv'
[2.597s] INFO:colcon.colcon_core.shell:Creating environment hook '/home/catcyber02/Mobile-Robots-2026-1/install/xarm_msgs/share/xarm_msgs/hook/cmake_prefix_path.sh'
[2.599s] Level 1:colcon.colcon_core.environment:checking '/home/catcyber02/Mobile-Robots-2026-1/install/xarm_msgs/lib'
[2.599s] Level 1:colcon.colcon_core.shell:create_environment_hook('xarm_msgs', 'ld_library_path_lib')
[2.600s] INFO:colcon.colcon_core.shell:Creating environment hook '/home/catcyber02/Mobile-Robots-2026-1/install/xarm_msgs/share/xarm_msgs/hook/ld_library_path_lib.ps1'
[2.601s] INFO:colcon.colcon_core.shell:Creating environment descriptor '/home/catcyber02/Mobile-Robots-2026-1/install/xarm_msgs/share/xarm_msgs/hook/ld_library_path_lib.dsv'
[2.602s] INFO:colcon.colcon_core.shell:Creating environment hook '/home/catcyber02/Mobile-Robots-2026-1/install/xarm_msgs/share/xarm_msgs/hook/ld_library_path_lib.sh'
[2.603s] Level 1:colcon.colcon_core.environment:checking '/home/catcyber02/Mobile-Robots-2026-1/install/xarm_msgs/bin'
[2.604s] Level 1:colcon.colcon_core.environment:checking '/home/catcyber02/Mobile-Robots-2026-1/install/xarm_msgs/lib/pkgconfig/xarm_msgs.pc'
[2.604s] Level 1:colcon.colcon_core.environment:checking '/home/catcyber02/Mobile-Robots-2026-1/install/xarm_msgs/lib/python3.12/site-packages'
[2.605s] Level 1:colcon.colcon_core.shell:create_environment_hook('xarm_msgs', 'pythonpath')
[2.605s] INFO:colcon.colcon_core.shell:Creating environment hook '/home/catcyber02/Mobile-Robots-2026-1/install/xarm_msgs/share/xarm_msgs/hook/pythonpath.ps1'
[2.606s] INFO:colcon.colcon_core.shell:Creating environment descriptor '/home/catcyber02/Mobile-Robots-2026-1/install/xarm_msgs/share/xarm_msgs/hook/pythonpath.dsv'
[2.607s] INFO:colcon.colcon_core.shell:Creating environment hook '/home/catcyber02/Mobile-Robots-2026-1/install/xarm_msgs/share/xarm_msgs/hook/pythonpath.sh'
[2.608s] Level 1:colcon.colcon_core.environment:checking '/home/catcyber02/Mobile-Robots-2026-1/install/xarm_msgs/bin'
[2.609s] INFO:colcon.colcon_core.shell:Creating package script '/home/catcyber02/Mobile-Robots-2026-1/install/xarm_msgs/share/xarm_msgs/package.ps1'
[2.610s] INFO:colcon.colcon_core.shell:Creating package descriptor '/home/catcyber02/Mobile-Robots-2026-1/install/xarm_msgs/share/xarm_msgs/package.dsv'
[2.610s] INFO:colcon.colcon_core.shell:Creating package script '/home/catcyber02/Mobile-Robots-2026-1/install/xarm_msgs/share/xarm_msgs/package.sh'
[2.611s] INFO:colcon.colcon_core.shell:Creating package script '/home/catcyber02/Mobile-Robots-2026-1/install/xarm_msgs/share/xarm_msgs/package.bash'
[2.611s] INFO:colcon.colcon_core.shell:Creating package script '/home/catcyber02/Mobile-Robots-2026-1/install/xarm_msgs/share/xarm_msgs/package.zsh'
[2.612s] Level 1:colcon.colcon_core.environment:create_file_with_runtime_dependencies(/home/catcyber02/Mobile-Robots-2026-1/install/xarm_msgs/share/colcon-core/packages/xarm_msgs)
[2.613s] INFO:colcon.colcon_ros.task.ament_cmake.build:Building ROS package in '/home/catcyber02/Mobile-Robots-2026-1/ros2_ws/src/hardware/xarm_ros2/xarm_api' with build type 'ament_cmake'
[2.613s] INFO:colcon.colcon_cmake.task.cmake.build:Building CMake package in '/home/catcyber02/Mobile-Robots-2026-1/ros2_ws/src/hardware/xarm_ros2/xarm_api'
[2.614s] INFO:colcon.colcon_core.shell:Skip shell extension 'powershell' for command environment: Not usable outside of PowerShell
[2.614s] DEBUG:colcon.colcon_core.shell:Skip shell extension 'dsv' for command environment
[2.627s] DEBUG:colcon.colcon_core.event_handler.log_command:Invoking command in '/home/catcyber02/Mobile-Robots-2026-1/ros2_ws/src/navigation/map_augmenter': DEBUGINFOD_URLS=https://debuginfod.ubuntu.com PYTHONPATH=/home/catcyber02/Mobile-Robots-2026-1/build/map_augmenter/prefix_override:/usr/lib/python3/dist-packages/colcon_core/task/python/colcon_distutils_commands:/home/catcyber02/Mobile-Robots-2026-1/install/map_augmenter/lib/python3.12/site-packages:${PYTHONPATH} /usr/bin/python3 -W ignore:setup.py install is deprecated -W ignore:easy_install command is deprecated setup.py egg_info --egg-base ../../../../build/map_augmenter build --build-base /home/catcyber02/Mobile-Robots-2026-1/build/map_augmenter/build install --record /home/catcyber02/Mobile-Robots-2026-1/build/map_augmenter/install.log --single-version-externally-managed install_data
[2.650s] DEBUG:colcon.colcon_core.event_handler.log_command:Invoking command in '/home/catcyber02/Mobile-Robots-2026-1/build/xarm_api': AMENT_PREFIX_PATH=/home/catcyber02/Mobile-Robots-2026-1/install/xarm_sdk:/home/catcyber02/Mobile-Robots-2026-1/install/xarm_msgs:/home/catcyber02/Mobile-Robots-2026-1/install/xarm_description:${AMENT_PREFIX_PATH} CMAKE_PREFIX_PATH=/home/catcyber02/Mobile-Robots-2026-1/install/xarm_sdk:/home/catcyber02/Mobile-Robots-2026-1/install/xarm_msgs:/home/catcyber02/Mobile-Robots-2026-1/install/xarm_description:/home/catcyber02/Mobile-Robots-2026-1/ros2_ws/install/xarm_controller:/home/catcyber02/Mobile-Robots-2026-1/ros2_ws/install/xarm_api:/home/catcyber02/Mobile-Robots-2026-1/ros2_ws/install/xarm_sdk:/home/catcyber02/Mobile-Robots-2026-1/ros2_ws/install/xarm_msgs:/home/catcyber02/Mobile-Robots-2026-1/ros2_ws/install/xarm_description:/home/catcyber02/Mobile-Robots-2026-1/ros2_ws/install/justina_gui:/home/catcyber02/Mobile-Robots-2026-1/ros2_ws/install/justina_description:/home/catcyber02/Mobile-Robots-2026-1/ros2_ws/install/gazebo_envs:/home/catcyber02/Mobile-Robots-2026-1/ros2_ws/install/config_files:/opt/ros/jazzy/opt/gz_sim_vendor:/opt/ros/jazzy/opt/gz_sensors_vendor:/opt/ros/jazzy/opt/gz_physics_vendor:/opt/ros/jazzy/opt/sdformat_vendor:/opt/ros/jazzy/opt/gz_gui_vendor:/opt/ros/jazzy/opt/gz_transport_vendor:/opt/ros/jazzy/opt/gz_rendering_vendor:/opt/ros/jazzy/opt/gz_plugin_vendor:/opt/ros/jazzy/opt/gz_fuel_tools_vendor:/opt/ros/jazzy/opt/gz_msgs_vendor:/opt/ros/jazzy/opt/gz_common_vendor:/opt/ros/jazzy/opt/gz_math_vendor:/opt/ros/jazzy/opt/gz_utils_vendor:/opt/ros/jazzy/opt/gz_tools_vendor:/opt/ros/jazzy/opt/gz_ogre_next_vendor:/opt/ros/jazzy/opt/gz_dartsim_vendor:/opt/ros/jazzy/opt/gz_cmake_vendor:/home/catcyber02/Mobile-Robots-2026-1/ros2_ws/install/uf_ros_lib:/home/catcyber02/Mobile-Robots-2026-1/ros2_ws/install/simple_move:/home/catcyber02/Mobile-Robots-2026-1/ros2_ws/install/path_planner:/home/catcyber02/Mobile-Robots-2026-1/ros2_ws/install/map_augmenter:/opt/ros/jazzy DEBUGINFOD_URLS=https://debuginfod.ubuntu.com LD_LIBRARY_PATH=/home/catcyber02/Mobile-Robots-2026-1/install/xarm_sdk/lib:/home/catcyber02/Mobile-Robots-2026-1/install/xarm_msgs/lib:${LD_LIBRARY_PATH} PYTHONPATH=/home/catcyber02/Mobile-Robots-2026-1/install/xarm_msgs/lib/python3.12/site-packages:${PYTHONPATH} /usr/bin/cmake --build /home/catcyber02/Mobile-Robots-2026-1/build/xarm_api -- -j8 -l8
[2.899s] DEBUG:colcon.colcon_core.event_handler.log_command:Invoked command in '/home/catcyber02/Mobile-Robots-2026-1/build/xarm_api' returned '0': AMENT_PREFIX_PATH=/home/catcyber02/Mobile-Robots-2026-1/install/xarm_sdk:/home/catcyber02/Mobile-Robots-2026-1/install/xarm_msgs:/home/catcyber02/Mobile-Robots-2026-1/install/xarm_description:${AMENT_PREFIX_PATH} CMAKE_PREFIX_PATH=/home/catcyber02/Mobile-Robots-2026-1/install/xarm_sdk:/home/catcyber02/Mobile-Robots-2026-1/install/xarm_msgs:/home/catcyber02/Mobile-Robots-2026-1/install/xarm_description:/home/catcyber02/Mobile-Robots-2026-1/ros2_ws/install/xarm_controller:/home/catcyber02/Mobile-Robots-2026-1/ros2_ws/install/xarm_api:/home/catcyber02/Mobile-Robots-2026-1/ros2_ws/install/xarm_sdk:/home/catcyber02/Mobile-Robots-2026-1/ros2_ws/install/xarm_msgs:/home/catcyber02/Mobile-Robots-2026-1/ros2_ws/install/xarm_description:/home/catcyber02/Mobile-Robots-2026-1/ros2_ws/install/justina_gui:/home/catcyber02/Mobile-Robots-2026-1/ros2_ws/install/justina_description:/home/catcyber02/Mobile-Robots-2026-1/ros2_ws/install/gazebo_envs:/home/catcyber02/Mobile-Robots-2026-1/ros2_ws/install/config_files:/opt/ros/jazzy/opt/gz_sim_vendor:/opt/ros/jazzy/opt/gz_sensors_vendor:/opt/ros/jazzy/opt/gz_physics_vendor:/opt/ros/jazzy/opt/sdformat_vendor:/opt/ros/jazzy/opt/gz_gui_vendor:/opt/ros/jazzy/opt/gz_transport_vendor:/opt/ros/jazzy/opt/gz_rendering_vendor:/opt/ros/jazzy/opt/gz_plugin_vendor:/opt/ros/jazzy/opt/gz_fuel_tools_vendor:/opt/ros/jazzy/opt/gz_msgs_vendor:/opt/ros/jazzy/opt/gz_common_vendor:/opt/ros/jazzy/opt/gz_math_vendor:/opt/ros/jazzy/opt/gz_utils_vendor:/opt/ros/jazzy/opt/gz_tools_vendor:/opt/ros/jazzy/opt/gz_ogre_next_vendor:/opt/ros/jazzy/opt/gz_dartsim_vendor:/opt/ros/jazzy/opt/gz_cmake_vendor:/home/catcyber02/Mobile-Robots-2026-1/ros2_ws/install/uf_ros_lib:/home/catcyber02/Mobile-Robots-2026-1/ros2_ws/install/simple_move:/home/catcyber02/Mobile-Robots-2026-1/ros2_ws/install/path_planner:/home/catcyber02/Mobile-Robots-2026-1/ros2_ws/install/map_augmenter:/opt/ros/jazzy DEBUGINFOD_URLS=https://debuginfod.ubuntu.com LD_LIBRARY_PATH=/home/catcyber02/Mobile-Robots-2026-1/install/xarm_sdk/lib:/home/catcyber02/Mobile-Robots-2026-1/install/xarm_msgs/lib:${LD_LIBRARY_PATH} PYTHONPATH=/home/catcyber02/Mobile-Robots-2026-1/install/xarm_msgs/lib/python3.12/site-packages:${PYTHONPATH} /usr/bin/cmake --build /home/catcyber02/Mobile-Robots-2026-1/build/xarm_api -- -j8 -l8
[2.901s] DEBUG:colcon.colcon_core.event_handler.log_command:Invoking command in '/home/catcyber02/Mobile-Robots-2026-1/build/xarm_api': AMENT_PREFIX_PATH=/home/catcyber02/Mobile-Robots-2026-1/install/xarm_sdk:/home/catcyber02/Mobile-Robots-2026-1/install/xarm_msgs:/home/catcyber02/Mobile-Robots-2026-1/install/xarm_description:${AMENT_PREFIX_PATH} CMAKE_PREFIX_PATH=/home/catcyber02/Mobile-Robots-2026-1/install/xarm_sdk:/home/catcyber02/Mobile-Robots-2026-1/install/xarm_msgs:/home/catcyber02/Mobile-Robots-2026-1/install/xarm_description:/home/catcyber02/Mobile-Robots-2026-1/ros2_ws/install/xarm_controller:/home/catcyber02/Mobile-Robots-2026-1/ros2_ws/install/xarm_api:/home/catcyber02/Mobile-Robots-2026-1/ros2_ws/install/xarm_sdk:/home/catcyber02/Mobile-Robots-2026-1/ros2_ws/install/xarm_msgs:/home/catcyber02/Mobile-Robots-2026-1/ros2_ws/install/xarm_description:/home/catcyber02/Mobile-Robots-2026-1/ros2_ws/install/justina_gui:/home/catcyber02/Mobile-Robots-2026-1/ros2_ws/install/justina_description:/home/catcyber02/Mobile-Robots-2026-1/ros2_ws/install/gazebo_envs:/home/catcyber02/Mobile-Robots-2026-1/ros2_ws/install/config_files:/opt/ros/jazzy/opt/gz_sim_vendor:/opt/ros/jazzy/opt/gz_sensors_vendor:/opt/ros/jazzy/opt/gz_physics_vendor:/opt/ros/jazzy/opt/sdformat_vendor:/opt/ros/jazzy/opt/gz_gui_vendor:/opt/ros/jazzy/opt/gz_transport_vendor:/opt/ros/jazzy/opt/gz_rendering_vendor:/opt/ros/jazzy/opt/gz_plugin_vendor:/opt/ros/jazzy/opt/gz_fuel_tools_vendor:/opt/ros/jazzy/opt/gz_msgs_vendor:/opt/ros/jazzy/opt/gz_common_vendor:/opt/ros/jazzy/opt/gz_math_vendor:/opt/ros/jazzy/opt/gz_utils_vendor:/opt/ros/jazzy/opt/gz_tools_vendor:/opt/ros/jazzy/opt/gz_ogre_next_vendor:/opt/ros/jazzy/opt/gz_dartsim_vendor:/opt/ros/jazzy/opt/gz_cmake_vendor:/home/catcyber02/Mobile-Robots-2026-1/ros2_ws/install/uf_ros_lib:/home/catcyber02/Mobile-Robots-2026-1/ros2_ws/install/simple_move:/home/catcyber02/Mobile-Robots-2026-1/ros2_ws/install/path_planner:/home/catcyber02/Mobile-Robots-2026-1/ros2_ws/install/map_augmenter:/opt/ros/jazzy DEBUGINFOD_URLS=https://debuginfod.ubuntu.com LD_LIBRARY_PATH=/home/catcyber02/Mobile-Robots-2026-1/install/xarm_sdk/lib:/home/catcyber02/Mobile-Robots-2026-1/install/xarm_msgs/lib:${LD_LIBRARY_PATH} PYTHONPATH=/home/catcyber02/Mobile-Robots-2026-1/install/xarm_msgs/lib/python3.12/site-packages:${PYTHONPATH} /usr/bin/cmake --install /home/catcyber02/Mobile-Robots-2026-1/build/xarm_api
[2.931s] Level 1:colcon.colcon_core.environment:create_environment_scripts_only(xarm_api)
[2.931s] Level 1:colcon.colcon_core.environment:checking '/home/catcyber02/Mobile-Robots-2026-1/install/xarm_api' for CMake module files
[2.932s] DEBUG:colcon.colcon_core.event_handler.log_command:Invoked command in '/home/catcyber02/Mobile-Robots-2026-1/build/xarm_api' returned '0': AMENT_PREFIX_PATH=/home/catcyber02/Mobile-Robots-2026-1/install/xarm_sdk:/home/catcyber02/Mobile-Robots-2026-1/install/xarm_msgs:/home/catcyber02/Mobile-Robots-2026-1/install/xarm_description:${AMENT_PREFIX_PATH} CMAKE_PREFIX_PATH=/home/catcyber02/Mobile-Robots-2026-1/install/xarm_sdk:/home/catcyber02/Mobile-Robots-2026-1/install/xarm_msgs:/home/catcyber02/Mobile-Robots-2026-1/install/xarm_description:/home/catcyber02/Mobile-Robots-2026-1/ros2_ws/install/xarm_controller:/home/catcyber02/Mobile-Robots-2026-1/ros2_ws/install/xarm_api:/home/catcyber02/Mobile-Robots-2026-1/ros2_ws/install/xarm_sdk:/home/catcyber02/Mobile-Robots-2026-1/ros2_ws/install/xarm_msgs:/home/catcyber02/Mobile-Robots-2026-1/ros2_ws/install/xarm_description:/home/catcyber02/Mobile-Robots-2026-1/ros2_ws/install/justina_gui:/home/catcyber02/Mobile-Robots-2026-1/ros2_ws/install/justina_description:/home/catcyber02/Mobile-Robots-2026-1/ros2_ws/install/gazebo_envs:/home/catcyber02/Mobile-Robots-2026-1/ros2_ws/install/config_files:/opt/ros/jazzy/opt/gz_sim_vendor:/opt/ros/jazzy/opt/gz_sensors_vendor:/opt/ros/jazzy/opt/gz_physics_vendor:/opt/ros/jazzy/opt/sdformat_vendor:/opt/ros/jazzy/opt/gz_gui_vendor:/opt/ros/jazzy/opt/gz_transport_vendor:/opt/ros/jazzy/opt/gz_rendering_vendor:/opt/ros/jazzy/opt/gz_plugin_vendor:/opt/ros/jazzy/opt/gz_fuel_tools_vendor:/opt/ros/jazzy/opt/gz_msgs_vendor:/opt/ros/jazzy/opt/gz_common_vendor:/opt/ros/jazzy/opt/gz_math_vendor:/opt/ros/jazzy/opt/gz_utils_vendor:/opt/ros/jazzy/opt/gz_tools_vendor:/opt/ros/jazzy/opt/gz_ogre_next_vendor:/opt/ros/jazzy/opt/gz_dartsim_vendor:/opt/ros/jazzy/opt/gz_cmake_vendor:/home/catcyber02/Mobile-Robots-2026-1/ros2_ws/install/uf_ros_lib:/home/catcyber02/Mobile-Robots-2026-1/ros2_ws/install/simple_move:/home/catcyber02/Mobile-Robots-2026-1/ros2_ws/install/path_planner:/home/catcyber02/Mobile-Robots-2026-1/ros2_ws/install/map_augmenter:/opt/ros/jazzy DEBUGINFOD_URLS=https://debuginfod.ubuntu.com LD_LIBRARY_PATH=/home/catcyber02/Mobile-Robots-2026-1/install/xarm_sdk/lib:/home/catcyber02/Mobile-Robots-2026-1/install/xarm_msgs/lib:${LD_LIBRARY_PATH} PYTHONPATH=/home/catcyber02/Mobile-Robots-2026-1/install/xarm_msgs/lib/python3.12/site-packages:${PYTHONPATH} /usr/bin/cmake --install /home/catcyber02/Mobile-Robots-2026-1/build/xarm_api
[2.933s] Level 1:colcon.colcon_core.environment:checking '/home/catcyber02/Mobile-Robots-2026-1/install/xarm_api' for CMake config files
[2.934s] Level 1:colcon.colcon_core.shell:create_environment_hook('xarm_api', 'cmake_prefix_path')
[2.934s] INFO:colcon.colcon_core.shell:Creating environment hook '/home/catcyber02/Mobile-Robots-2026-1/install/xarm_api/share/xarm_api/hook/cmake_prefix_path.ps1'
[2.935s] INFO:colcon.colcon_core.shell:Creating environment descriptor '/home/catcyber02/Mobile-Robots-2026-1/install/xarm_api/share/xarm_api/hook/cmake_prefix_path.dsv'
[2.935s] INFO:colcon.colcon_core.shell:Creating environment hook '/home/catcyber02/Mobile-Robots-2026-1/install/xarm_api/share/xarm_api/hook/cmake_prefix_path.sh'
[2.937s] Level 1:colcon.colcon_core.environment:checking '/home/catcyber02/Mobile-Robots-2026-1/install/xarm_api/lib'
[2.937s] Level 1:colcon.colcon_core.shell:create_environment_hook('xarm_api', 'ld_library_path_lib')
[2.937s] INFO:colcon.colcon_core.shell:Creating environment hook '/home/catcyber02/Mobile-Robots-2026-1/install/xarm_api/share/xarm_api/hook/ld_library_path_lib.ps1'
[2.938s] INFO:colcon.colcon_core.shell:Creating environment descriptor '/home/catcyber02/Mobile-Robots-2026-1/install/xarm_api/share/xarm_api/hook/ld_library_path_lib.dsv'
[2.938s] INFO:colcon.colcon_core.shell:Creating environment hook '/home/catcyber02/Mobile-Robots-2026-1/install/xarm_api/share/xarm_api/hook/ld_library_path_lib.sh'
[2.939s] Level 1:colcon.colcon_core.environment:checking '/home/catcyber02/Mobile-Robots-2026-1/install/xarm_api/bin'
[2.939s] Level 1:colcon.colcon_core.environment:checking '/home/catcyber02/Mobile-Robots-2026-1/install/xarm_api/lib/pkgconfig/xarm_api.pc'
[2.940s] Level 1:colcon.colcon_core.environment:checking '/home/catcyber02/Mobile-Robots-2026-1/install/xarm_api/lib/python3.12/site-packages'
[2.940s] Level 1:colcon.colcon_core.environment:checking '/home/catcyber02/Mobile-Robots-2026-1/install/xarm_api/bin'
[2.940s] INFO:colcon.colcon_core.shell:Creating package script '/home/catcyber02/Mobile-Robots-2026-1/install/xarm_api/share/xarm_api/package.ps1'
[2.941s] INFO:colcon.colcon_core.shell:Creating package descriptor '/home/catcyber02/Mobile-Robots-2026-1/install/xarm_api/share/xarm_api/package.dsv'
[2.942s] INFO:colcon.colcon_core.shell:Creating package script '/home/catcyber02/Mobile-Robots-2026-1/install/xarm_api/share/xarm_api/package.sh'
[2.943s] INFO:colcon.colcon_core.shell:Creating package script '/home/catcyber02/Mobile-Robots-2026-1/install/xarm_api/share/xarm_api/package.bash'
[2.943s] INFO:colcon.colcon_core.shell:Creating package script '/home/catcyber02/Mobile-Robots-2026-1/install/xarm_api/share/xarm_api/package.zsh'
[2.944s] Level 1:colcon.colcon_core.environment:create_file_with_runtime_dependencies(/home/catcyber02/Mobile-Robots-2026-1/install/xarm_api/share/colcon-core/packages/xarm_api)
[2.945s] Level 1:colcon.colcon_core.environment:create_environment_scripts_only(xarm_api)
[2.945s] Level 1:colcon.colcon_core.environment:checking '/home/catcyber02/Mobile-Robots-2026-1/install/xarm_api' for CMake module files
[2.946s] Level 1:colcon.colcon_core.environment:checking '/home/catcyber02/Mobile-Robots-2026-1/install/xarm_api' for CMake config files
[2.946s] Level 1:colcon.colcon_core.shell:create_environment_hook('xarm_api', 'cmake_prefix_path')
[2.947s] INFO:colcon.colcon_core.shell:Creating environment hook '/home/catcyber02/Mobile-Robots-2026-1/install/xarm_api/share/xarm_api/hook/cmake_prefix_path.ps1'
[2.947s] INFO:colcon.colcon_core.shell:Creating environment descriptor '/home/catcyber02/Mobile-Robots-2026-1/install/xarm_api/share/xarm_api/hook/cmake_prefix_path.dsv'
[2.948s] INFO:colcon.colcon_core.shell:Creating environment hook '/home/catcyber02/Mobile-Robots-2026-1/install/xarm_api/share/xarm_api/hook/cmake_prefix_path.sh'
[2.949s] Level 1:colcon.colcon_core.environment:checking '/home/catcyber02/Mobile-Robots-2026-1/install/xarm_api/lib'
[2.949s] Level 1:colcon.colcon_core.shell:create_environment_hook('xarm_api', 'ld_library_path_lib')
[2.949s] INFO:colcon.colcon_core.shell:Creating environment hook '/home/catcyber02/Mobile-Robots-2026-1/install/xarm_api/share/xarm_api/hook/ld_library_path_lib.ps1'
[2.950s] INFO:colcon.colcon_core.shell:Creating environment descriptor '/home/catcyber02/Mobile-Robots-2026-1/install/xarm_api/share/xarm_api/hook/ld_library_path_lib.dsv'
[2.951s] INFO:colcon.colcon_core.shell:Creating environment hook '/home/catcyber02/Mobile-Robots-2026-1/install/xarm_api/share/xarm_api/hook/ld_library_path_lib.sh'
[2.951s] Level 1:colcon.colcon_core.environment:checking '/home/catcyber02/Mobile-Robots-2026-1/install/xarm_api/bin'
[2.951s] Level 1:colcon.colcon_core.environment:checking '/home/catcyber02/Mobile-Robots-2026-1/install/xarm_api/lib/pkgconfig/xarm_api.pc'
[2.952s] Level 1:colcon.colcon_core.environment:checking '/home/catcyber02/Mobile-Robots-2026-1/install/xarm_api/lib/python3.12/site-packages'
[2.952s] Level 1:colcon.colcon_core.environment:checking '/home/catcyber02/Mobile-Robots-2026-1/install/xarm_api/bin'
[2.952s] INFO:colcon.colcon_core.shell:Creating package script '/home/catcyber02/Mobile-Robots-2026-1/install/xarm_api/share/xarm_api/package.ps1'
[2.953s] INFO:colcon.colcon_core.shell:Creating package descriptor '/home/catcyber02/Mobile-Robots-2026-1/install/xarm_api/share/xarm_api/package.dsv'
[2.954s] INFO:colcon.colcon_core.shell:Creating package script '/home/catcyber02/Mobile-Robots-2026-1/install/xarm_api/share/xarm_api/package.sh'
[2.955s] INFO:colcon.colcon_core.shell:Creating package script '/home/catcyber02/Mobile-Robots-2026-1/install/xarm_api/share/xarm_api/package.bash'
[2.956s] INFO:colcon.colcon_core.shell:Creating package script '/home/catcyber02/Mobile-Robots-2026-1/install/xarm_api/share/xarm_api/package.zsh'
[2.956s] Level 1:colcon.colcon_core.environment:create_file_with_runtime_dependencies(/home/catcyber02/Mobile-Robots-2026-1/install/xarm_api/share/colcon-core/packages/xarm_api)
[2.957s] INFO:colcon.colcon_ros.task.ament_cmake.build:Building ROS package in '/home/catcyber02/Mobile-Robots-2026-1/ros2_ws/src/hardware/xarm_ros2/xarm_controller' with build type 'ament_cmake'
[2.957s] INFO:colcon.colcon_cmake.task.cmake.build:Building CMake package in '/home/catcyber02/Mobile-Robots-2026-1/ros2_ws/src/hardware/xarm_ros2/xarm_controller'
[2.957s] INFO:colcon.colcon_core.shell:Skip shell extension 'powershell' for command environment: Not usable outside of PowerShell
[2.958s] DEBUG:colcon.colcon_core.shell:Skip shell extension 'dsv' for command environment
[2.998s] DEBUG:colcon.colcon_core.event_handler.log_command:Invoking command in '/home/catcyber02/Mobile-Robots-2026-1/build/xarm_controller': AMENT_PREFIX_PATH=/home/catcyber02/Mobile-Robots-2026-1/install/xarm_api:/home/catcyber02/Mobile-Robots-2026-1/install/xarm_sdk:/home/catcyber02/Mobile-Robots-2026-1/install/xarm_msgs:/home/catcyber02/Mobile-Robots-2026-1/install/xarm_description:${AMENT_PREFIX_PATH} CMAKE_PREFIX_PATH=/home/catcyber02/Mobile-Robots-2026-1/install/xarm_api:/home/catcyber02/Mobile-Robots-2026-1/install/xarm_sdk:/home/catcyber02/Mobile-Robots-2026-1/install/xarm_msgs:/home/catcyber02/Mobile-Robots-2026-1/install/xarm_description:/home/catcyber02/Mobile-Robots-2026-1/ros2_ws/install/xarm_controller:/home/catcyber02/Mobile-Robots-2026-1/ros2_ws/install/xarm_api:/home/catcyber02/Mobile-Robots-2026-1/ros2_ws/install/xarm_sdk:/home/catcyber02/Mobile-Robots-2026-1/ros2_ws/install/xarm_msgs:/home/catcyber02/Mobile-Robots-2026-1/ros2_ws/install/xarm_description:/home/catcyber02/Mobile-Robots-2026-1/ros2_ws/install/justina_gui:/home/catcyber02/Mobile-Robots-2026-1/ros2_ws/install/justina_description:/home/catcyber02/Mobile-Robots-2026-1/ros2_ws/install/gazebo_envs:/home/catcyber02/Mobile-Robots-2026-1/ros2_ws/install/config_files:/opt/ros/jazzy/opt/gz_sim_vendor:/opt/ros/jazzy/opt/gz_sensors_vendor:/opt/ros/jazzy/opt/gz_physics_vendor:/opt/ros/jazzy/opt/sdformat_vendor:/opt/ros/jazzy/opt/gz_gui_vendor:/opt/ros/jazzy/opt/gz_transport_vendor:/opt/ros/jazzy/opt/gz_rendering_vendor:/opt/ros/jazzy/opt/gz_plugin_vendor:/opt/ros/jazzy/opt/gz_fuel_tools_vendor:/opt/ros/jazzy/opt/gz_msgs_vendor:/opt/ros/jazzy/opt/gz_common_vendor:/opt/ros/jazzy/opt/gz_math_vendor:/opt/ros/jazzy/opt/gz_utils_vendor:/opt/ros/jazzy/opt/gz_tools_vendor:/opt/ros/jazzy/opt/gz_ogre_next_vendor:/opt/ros/jazzy/opt/gz_dartsim_vendor:/opt/ros/jazzy/opt/gz_cmake_vendor:/home/catcyber02/Mobile-Robots-2026-1/ros2_ws/install/uf_ros_lib:/home/catcyber02/Mobile-Robots-2026-1/ros2_ws/install/simple_move:/home/catcyber02/Mobile-Robots-2026-1/ros2_ws/install/path_planner:/home/catcyber02/Mobile-Robots-2026-1/ros2_ws/install/map_augmenter:/opt/ros/jazzy DEBUGINFOD_URLS=https://debuginfod.ubuntu.com LD_LIBRARY_PATH=/home/catcyber02/Mobile-Robots-2026-1/install/xarm_api/lib:/home/catcyber02/Mobile-Robots-2026-1/install/xarm_sdk/lib:/home/catcyber02/Mobile-Robots-2026-1/install/xarm_msgs/lib:${LD_LIBRARY_PATH} PYTHONPATH=/home/catcyber02/Mobile-Robots-2026-1/install/xarm_msgs/lib/python3.12/site-packages:${PYTHONPATH} /usr/bin/cmake --build /home/catcyber02/Mobile-Robots-2026-1/build/xarm_controller -- -j8 -l8
[3.165s] DEBUG:colcon.colcon_core.event_handler.log_command:Invoked command in '/home/catcyber02/Mobile-Robots-2026-1/build/xarm_controller' returned '0': AMENT_PREFIX_PATH=/home/catcyber02/Mobile-Robots-2026-1/install/xarm_api:/home/catcyber02/Mobile-Robots-2026-1/install/xarm_sdk:/home/catcyber02/Mobile-Robots-2026-1/install/xarm_msgs:/home/catcyber02/Mobile-Robots-2026-1/install/xarm_description:${AMENT_PREFIX_PATH} CMAKE_PREFIX_PATH=/home/catcyber02/Mobile-Robots-2026-1/install/xarm_api:/home/catcyber02/Mobile-Robots-2026-1/install/xarm_sdk:/home/catcyber02/Mobile-Robots-2026-1/install/xarm_msgs:/home/catcyber02/Mobile-Robots-2026-1/install/xarm_description:/home/catcyber02/Mobile-Robots-2026-1/ros2_ws/install/xarm_controller:/home/catcyber02/Mobile-Robots-2026-1/ros2_ws/install/xarm_api:/home/catcyber02/Mobile-Robots-2026-1/ros2_ws/install/xarm_sdk:/home/catcyber02/Mobile-Robots-2026-1/ros2_ws/install/xarm_msgs:/home/catcyber02/Mobile-Robots-2026-1/ros2_ws/install/xarm_description:/home/catcyber02/Mobile-Robots-2026-1/ros2_ws/install/justina_gui:/home/catcyber02/Mobile-Robots-2026-1/ros2_ws/install/justina_description:/home/catcyber02/Mobile-Robots-2026-1/ros2_ws/install/gazebo_envs:/home/catcyber02/Mobile-Robots-2026-1/ros2_ws/install/config_files:/opt/ros/jazzy/opt/gz_sim_vendor:/opt/ros/jazzy/opt/gz_sensors_vendor:/opt/ros/jazzy/opt/gz_physics_vendor:/opt/ros/jazzy/opt/sdformat_vendor:/opt/ros/jazzy/opt/gz_gui_vendor:/opt/ros/jazzy/opt/gz_transport_vendor:/opt/ros/jazzy/opt/gz_rendering_vendor:/opt/ros/jazzy/opt/gz_plugin_vendor:/opt/ros/jazzy/opt/gz_fuel_tools_vendor:/opt/ros/jazzy/opt/gz_msgs_vendor:/opt/ros/jazzy/opt/gz_common_vendor:/opt/ros/jazzy/opt/gz_math_vendor:/opt/ros/jazzy/opt/gz_utils_vendor:/opt/ros/jazzy/opt/gz_tools_vendor:/opt/ros/jazzy/opt/gz_ogre_next_vendor:/opt/ros/jazzy/opt/gz_dartsim_vendor:/opt/ros/jazzy/opt/gz_cmake_vendor:/home/catcyber02/Mobile-Robots-2026-1/ros2_ws/install/uf_ros_lib:/home/catcyber02/Mobile-Robots-2026-1/ros2_ws/install/simple_move:/home/catcyber02/Mobile-Robots-2026-1/ros2_ws/install/path_planner:/home/catcyber02/Mobile-Robots-2026-1/ros2_ws/install/map_augmenter:/opt/ros/jazzy DEBUGINFOD_URLS=https://debuginfod.ubuntu.com LD_LIBRARY_PATH=/home/catcyber02/Mobile-Robots-2026-1/install/xarm_api/lib:/home/catcyber02/Mobile-Robots-2026-1/install/xarm_sdk/lib:/home/catcyber02/Mobile-Robots-2026-1/install/xarm_msgs/lib:${LD_LIBRARY_PATH} PYTHONPATH=/home/catcyber02/Mobile-Robots-2026-1/install/xarm_msgs/lib/python3.12/site-packages:${PYTHONPATH} /usr/bin/cmake --build /home/catcyber02/Mobile-Robots-2026-1/build/xarm_controller -- -j8 -l8
[3.167s] DEBUG:colcon.colcon_core.event_handler.log_command:Invoking command in '/home/catcyber02/Mobile-Robots-2026-1/build/xarm_controller': AMENT_PREFIX_PATH=/home/catcyber02/Mobile-Robots-2026-1/install/xarm_api:/home/catcyber02/Mobile-Robots-2026-1/install/xarm_sdk:/home/catcyber02/Mobile-Robots-2026-1/install/xarm_msgs:/home/catcyber02/Mobile-Robots-2026-1/install/xarm_description:${AMENT_PREFIX_PATH} CMAKE_PREFIX_PATH=/home/catcyber02/Mobile-Robots-2026-1/install/xarm_api:/home/catcyber02/Mobile-Robots-2026-1/install/xarm_sdk:/home/catcyber02/Mobile-Robots-2026-1/install/xarm_msgs:/home/catcyber02/Mobile-Robots-2026-1/install/xarm_description:/home/catcyber02/Mobile-Robots-2026-1/ros2_ws/install/xarm_controller:/home/catcyber02/Mobile-Robots-2026-1/ros2_ws/install/xarm_api:/home/catcyber02/Mobile-Robots-2026-1/ros2_ws/install/xarm_sdk:/home/catcyber02/Mobile-Robots-2026-1/ros2_ws/install/xarm_msgs:/home/catcyber02/Mobile-Robots-2026-1/ros2_ws/install/xarm_description:/home/catcyber02/Mobile-Robots-2026-1/ros2_ws/install/justina_gui:/home/catcyber02/Mobile-Robots-2026-1/ros2_ws/install/justina_description:/home/catcyber02/Mobile-Robots-2026-1/ros2_ws/install/gazebo_envs:/home/catcyber02/Mobile-Robots-2026-1/ros2_ws/install/config_files:/opt/ros/jazzy/opt/gz_sim_vendor:/opt/ros/jazzy/opt/gz_sensors_vendor:/opt/ros/jazzy/opt/gz_physics_vendor:/opt/ros/jazzy/opt/sdformat_vendor:/opt/ros/jazzy/opt/gz_gui_vendor:/opt/ros/jazzy/opt/gz_transport_vendor:/opt/ros/jazzy/opt/gz_rendering_vendor:/opt/ros/jazzy/opt/gz_plugin_vendor:/opt/ros/jazzy/opt/gz_fuel_tools_vendor:/opt/ros/jazzy/opt/gz_msgs_vendor:/opt/ros/jazzy/opt/gz_common_vendor:/opt/ros/jazzy/opt/gz_math_vendor:/opt/ros/jazzy/opt/gz_utils_vendor:/opt/ros/jazzy/opt/gz_tools_vendor:/opt/ros/jazzy/opt/gz_ogre_next_vendor:/opt/ros/jazzy/opt/gz_dartsim_vendor:/opt/ros/jazzy/opt/gz_cmake_vendor:/home/catcyber02/Mobile-Robots-2026-1/ros2_ws/install/uf_ros_lib:/home/catcyber02/Mobile-Robots-2026-1/ros2_ws/install/simple_move:/home/catcyber02/Mobile-Robots-2026-1/ros2_ws/install/path_planner:/home/catcyber02/Mobile-Robots-2026-1/ros2_ws/install/map_augmenter:/opt/ros/jazzy DEBUGINFOD_URLS=https://debuginfod.ubuntu.com LD_LIBRARY_PATH=/home/catcyber02/Mobile-Robots-2026-1/install/xarm_api/lib:/home/catcyber02/Mobile-Robots-2026-1/install/xarm_sdk/lib:/home/catcyber02/Mobile-Robots-2026-1/install/xarm_msgs/lib:${LD_LIBRARY_PATH} PYTHONPATH=/home/catcyber02/Mobile-Robots-2026-1/install/xarm_msgs/lib/python3.12/site-packages:${PYTHONPATH} /usr/bin/cmake --install /home/catcyber02/Mobile-Robots-2026-1/build/xarm_controller
[3.197s] Level 1:colcon.colcon_core.environment:create_environment_scripts_only(xarm_controller)
[3.198s] Level 1:colcon.colcon_core.environment:checking '/home/catcyber02/Mobile-Robots-2026-1/install/xarm_controller' for CMake module files
[3.198s] DEBUG:colcon.colcon_core.event_handler.log_command:Invoked command in '/home/catcyber02/Mobile-Robots-2026-1/build/xarm_controller' returned '0': AMENT_PREFIX_PATH=/home/catcyber02/Mobile-Robots-2026-1/install/xarm_api:/home/catcyber02/Mobile-Robots-2026-1/install/xarm_sdk:/home/catcyber02/Mobile-Robots-2026-1/install/xarm_msgs:/home/catcyber02/Mobile-Robots-2026-1/install/xarm_description:${AMENT_PREFIX_PATH} CMAKE_PREFIX_PATH=/home/catcyber02/Mobile-Robots-2026-1/install/xarm_api:/home/catcyber02/Mobile-Robots-2026-1/install/xarm_sdk:/home/catcyber02/Mobile-Robots-2026-1/install/xarm_msgs:/home/catcyber02/Mobile-Robots-2026-1/install/xarm_description:/home/catcyber02/Mobile-Robots-2026-1/ros2_ws/install/xarm_controller:/home/catcyber02/Mobile-Robots-2026-1/ros2_ws/install/xarm_api:/home/catcyber02/Mobile-Robots-2026-1/ros2_ws/install/xarm_sdk:/home/catcyber02/Mobile-Robots-2026-1/ros2_ws/install/xarm_msgs:/home/catcyber02/Mobile-Robots-2026-1/ros2_ws/install/xarm_description:/home/catcyber02/Mobile-Robots-2026-1/ros2_ws/install/justina_gui:/home/catcyber02/Mobile-Robots-2026-1/ros2_ws/install/justina_description:/home/catcyber02/Mobile-Robots-2026-1/ros2_ws/install/gazebo_envs:/home/catcyber02/Mobile-Robots-2026-1/ros2_ws/install/config_files:/opt/ros/jazzy/opt/gz_sim_vendor:/opt/ros/jazzy/opt/gz_sensors_vendor:/opt/ros/jazzy/opt/gz_physics_vendor:/opt/ros/jazzy/opt/sdformat_vendor:/opt/ros/jazzy/opt/gz_gui_vendor:/opt/ros/jazzy/opt/gz_transport_vendor:/opt/ros/jazzy/opt/gz_rendering_vendor:/opt/ros/jazzy/opt/gz_plugin_vendor:/opt/ros/jazzy/opt/gz_fuel_tools_vendor:/opt/ros/jazzy/opt/gz_msgs_vendor:/opt/ros/jazzy/opt/gz_common_vendor:/opt/ros/jazzy/opt/gz_math_vendor:/opt/ros/jazzy/opt/gz_utils_vendor:/opt/ros/jazzy/opt/gz_tools_vendor:/opt/ros/jazzy/opt/gz_ogre_next_vendor:/opt/ros/jazzy/opt/gz_dartsim_vendor:/opt/ros/jazzy/opt/gz_cmake_vendor:/home/catcyber02/Mobile-Robots-2026-1/ros2_ws/install/uf_ros_lib:/home/catcyber02/Mobile-Robots-2026-1/ros2_ws/install/simple_move:/home/catcyber02/Mobile-Robots-2026-1/ros2_ws/install/path_planner:/home/catcyber02/Mobile-Robots-2026-1/ros2_ws/install/map_augmenter:/opt/ros/jazzy DEBUGINFOD_URLS=https://debuginfod.ubuntu.com LD_LIBRARY_PATH=/home/catcyber02/Mobile-Robots-2026-1/install/xarm_api/lib:/home/catcyber02/Mobile-Robots-2026-1/install/xarm_sdk/lib:/home/catcyber02/Mobile-Robots-2026-1/install/xarm_msgs/lib:${LD_LIBRARY_PATH} PYTHONPATH=/home/catcyber02/Mobile-Robots-2026-1/install/xarm_msgs/lib/python3.12/site-packages:${PYTHONPATH} /usr/bin/cmake --install /home/catcyber02/Mobile-Robots-2026-1/build/xarm_controller
[3.199s] Level 1:colcon.colcon_core.environment:checking '/home/catcyber02/Mobile-Robots-2026-1/install/xarm_controller' for CMake config files
[3.200s] Level 1:colcon.colcon_core.shell:create_environment_hook('xarm_controller', 'cmake_prefix_path')
[3.200s] INFO:colcon.colcon_core.shell:Creating environment hook '/home/catcyber02/Mobile-Robots-2026-1/install/xarm_controller/share/xarm_controller/hook/cmake_prefix_path.ps1'
[3.201s] INFO:colcon.colcon_core.shell:Creating environment descriptor '/home/catcyber02/Mobile-Robots-2026-1/install/xarm_controller/share/xarm_controller/hook/cmake_prefix_path.dsv'
[3.202s] INFO:colcon.colcon_core.shell:Creating environment hook '/home/catcyber02/Mobile-Robots-2026-1/install/xarm_controller/share/xarm_controller/hook/cmake_prefix_path.sh'
[3.203s] Level 1:colcon.colcon_core.environment:checking '/home/catcyber02/Mobile-Robots-2026-1/install/xarm_controller/lib'
[3.203s] Level 1:colcon.colcon_core.shell:create_environment_hook('xarm_controller', 'ld_library_path_lib')
[3.204s] INFO:colcon.colcon_core.shell:Creating environment hook '/home/catcyber02/Mobile-Robots-2026-1/install/xarm_controller/share/xarm_controller/hook/ld_library_path_lib.ps1'
[3.205s] INFO:colcon.colcon_core.shell:Creating environment descriptor '/home/catcyber02/Mobile-Robots-2026-1/install/xarm_controller/share/xarm_controller/hook/ld_library_path_lib.dsv'
[3.205s] INFO:colcon.colcon_core.shell:Creating environment hook '/home/catcyber02/Mobile-Robots-2026-1/install/xarm_controller/share/xarm_controller/hook/ld_library_path_lib.sh'
[3.206s] Level 1:colcon.colcon_core.environment:checking '/home/catcyber02/Mobile-Robots-2026-1/install/xarm_controller/bin'
[3.206s] Level 1:colcon.colcon_core.environment:checking '/home/catcyber02/Mobile-Robots-2026-1/install/xarm_controller/lib/pkgconfig/xarm_controller.pc'
[3.207s] Level 1:colcon.colcon_core.environment:checking '/home/catcyber02/Mobile-Robots-2026-1/install/xarm_controller/lib/python3.12/site-packages'
[3.207s] Level 1:colcon.colcon_core.environment:checking '/home/catcyber02/Mobile-Robots-2026-1/install/xarm_controller/bin'
[3.208s] INFO:colcon.colcon_core.shell:Creating package script '/home/catcyber02/Mobile-Robots-2026-1/install/xarm_controller/share/xarm_controller/package.ps1'
[3.209s] INFO:colcon.colcon_core.shell:Creating package descriptor '/home/catcyber02/Mobile-Robots-2026-1/install/xarm_controller/share/xarm_controller/package.dsv'
[3.210s] INFO:colcon.colcon_core.shell:Creating package script '/home/catcyber02/Mobile-Robots-2026-1/install/xarm_controller/share/xarm_controller/package.sh'
[3.211s] INFO:colcon.colcon_core.shell:Creating package script '/home/catcyber02/Mobile-Robots-2026-1/install/xarm_controller/share/xarm_controller/package.bash'
[3.211s] INFO:colcon.colcon_core.shell:Creating package script '/home/catcyber02/Mobile-Robots-2026-1/install/xarm_controller/share/xarm_controller/package.zsh'
[3.212s] Level 1:colcon.colcon_core.environment:create_file_with_runtime_dependencies(/home/catcyber02/Mobile-Robots-2026-1/install/xarm_controller/share/colcon-core/packages/xarm_controller)
[3.213s] Level 1:colcon.colcon_core.environment:create_environment_scripts_only(xarm_controller)
[3.213s] Level 1:colcon.colcon_core.environment:checking '/home/catcyber02/Mobile-Robots-2026-1/install/xarm_controller' for CMake module files
[3.215s] Level 1:colcon.colcon_core.environment:checking '/home/catcyber02/Mobile-Robots-2026-1/install/xarm_controller' for CMake config files
[3.215s] Level 1:colcon.colcon_core.shell:create_environment_hook('xarm_controller', 'cmake_prefix_path')
[3.215s] INFO:colcon.colcon_core.shell:Creating environment hook '/home/catcyber02/Mobile-Robots-2026-1/install/xarm_controller/share/xarm_controller/hook/cmake_prefix_path.ps1'
[3.216s] INFO:colcon.colcon_core.shell:Creating environment descriptor '/home/catcyber02/Mobile-Robots-2026-1/install/xarm_controller/share/xarm_controller/hook/cmake_prefix_path.dsv'
[3.217s] INFO:colcon.colcon_core.shell:Creating environment hook '/home/catcyber02/Mobile-Robots-2026-1/install/xarm_controller/share/xarm_controller/hook/cmake_prefix_path.sh'
[3.218s] Level 1:colcon.colcon_core.environment:checking '/home/catcyber02/Mobile-Robots-2026-1/install/xarm_controller/lib'
[3.218s] Level 1:colcon.colcon_core.shell:create_environment_hook('xarm_controller', 'ld_library_path_lib')
[3.219s] INFO:colcon.colcon_core.shell:Creating environment hook '/home/catcyber02/Mobile-Robots-2026-1/install/xarm_controller/share/xarm_controller/hook/ld_library_path_lib.ps1'
[3.219s] INFO:colcon.colcon_core.shell:Creating environment descriptor '/home/catcyber02/Mobile-Robots-2026-1/install/xarm_controller/share/xarm_controller/hook/ld_library_path_lib.dsv'
[3.220s] INFO:colcon.colcon_core.shell:Creating environment hook '/home/catcyber02/Mobile-Robots-2026-1/install/xarm_controller/share/xarm_controller/hook/ld_library_path_lib.sh'
[3.221s] Level 1:colcon.colcon_core.environment:checking '/home/catcyber02/Mobile-Robots-2026-1/install/xarm_controller/bin'
[3.222s] Level 1:colcon.colcon_core.environment:checking '/home/catcyber02/Mobile-Robots-2026-1/install/xarm_controller/lib/pkgconfig/xarm_controller.pc'
[3.222s] Level 1:colcon.colcon_core.environment:checking '/home/catcyber02/Mobile-Robots-2026-1/install/xarm_controller/lib/python3.12/site-packages'
[3.222s] Level 1:colcon.colcon_core.environment:checking '/home/catcyber02/Mobile-Robots-2026-1/install/xarm_controller/bin'
[3.223s] INFO:colcon.colcon_core.shell:Creating package script '/home/catcyber02/Mobile-Robots-2026-1/install/xarm_controller/share/xarm_controller/package.ps1'
[3.224s] INFO:colcon.colcon_core.shell:Creating package descriptor '/home/catcyber02/Mobile-Robots-2026-1/install/xarm_controller/share/xarm_controller/package.dsv'
[3.225s] INFO:colcon.colcon_core.shell:Creating package script '/home/catcyber02/Mobile-Robots-2026-1/install/xarm_controller/share/xarm_controller/package.sh'
[3.226s] INFO:colcon.colcon_core.shell:Creating package script '/home/catcyber02/Mobile-Robots-2026-1/install/xarm_controller/share/xarm_controller/package.bash'
[3.228s] INFO:colcon.colcon_core.shell:Creating package script '/home/catcyber02/Mobile-Robots-2026-1/install/xarm_controller/share/xarm_controller/package.zsh'
[3.228s] Level 1:colcon.colcon_core.environment:create_file_with_runtime_dependencies(/home/catcyber02/Mobile-Robots-2026-1/install/xarm_controller/share/colcon-core/packages/xarm_controller)
[3.735s] DEBUG:colcon.colcon_core.event_handler.log_command:Invoking command in '/home/catcyber02/Mobile-Robots-2026-1/ros2_ws/src/navigation/path_planner': DEBUGINFOD_URLS=https://debuginfod.ubuntu.com PYTHONPATH=/home/catcyber02/Mobile-Robots-2026-1/build/path_planner/prefix_override:/usr/lib/python3/dist-packages/colcon_core/task/python/colcon_distutils_commands:/home/catcyber02/Mobile-Robots-2026-1/install/path_planner/lib/python3.12/site-packages:${PYTHONPATH} /usr/bin/python3 -W ignore:setup.py install is deprecated -W ignore:easy_install command is deprecated setup.py egg_info --egg-base ../../../../build/path_planner build --build-base /home/catcyber02/Mobile-Robots-2026-1/build/path_planner/build install --record /home/catcyber02/Mobile-Robots-2026-1/build/path_planner/install.log --single-version-externally-managed install_data
[3.758s] DEBUG:colcon.colcon_core.event_handler.log_command:Invoking command in '/home/catcyber02/Mobile-Robots-2026-1/ros2_ws/src/hardware/xarm_ros2/uf_ros_lib': DEBUGINFOD_URLS=https://debuginfod.ubuntu.com PYTHONPATH=/home/catcyber02/Mobile-Robots-2026-1/build/uf_ros_lib/prefix_override:/usr/lib/python3/dist-packages/colcon_core/task/python/colcon_distutils_commands:/home/catcyber02/Mobile-Robots-2026-1/install/uf_ros_lib/lib/python3.12/site-packages:${PYTHONPATH} /usr/bin/python3 -W ignore:setup.py install is deprecated -W ignore:easy_install command is deprecated setup.py egg_info --egg-base ../../../../../build/uf_ros_lib build --build-base /home/catcyber02/Mobile-Robots-2026-1/build/uf_ros_lib/build install --record /home/catcyber02/Mobile-Robots-2026-1/build/uf_ros_lib/install.log --single-version-externally-managed install_data
[3.811s] Level 1:colcon.colcon_core.environment:checking '/home/catcyber02/Mobile-Robots-2026-1/install/map_augmenter' for CMake module files
[3.812s] DEBUG:colcon.colcon_core.event_handler.log_command:Invoked command in '/home/catcyber02/Mobile-Robots-2026-1/ros2_ws/src/navigation/map_augmenter' returned '0': DEBUGINFOD_URLS=https://debuginfod.ubuntu.com PYTHONPATH=/home/catcyber02/Mobile-Robots-2026-1/build/map_augmenter/prefix_override:/usr/lib/python3/dist-packages/colcon_core/task/python/colcon_distutils_commands:/home/catcyber02/Mobile-Robots-2026-1/install/map_augmenter/lib/python3.12/site-packages:${PYTHONPATH} /usr/bin/python3 -W ignore:setup.py install is deprecated -W ignore:easy_install command is deprecated setup.py egg_info --egg-base ../../../../build/map_augmenter build --build-base /home/catcyber02/Mobile-Robots-2026-1/build/map_augmenter/build install --record /home/catcyber02/Mobile-Robots-2026-1/build/map_augmenter/install.log --single-version-externally-managed install_data
[3.813s] Level 1:colcon.colcon_core.environment:checking '/home/catcyber02/Mobile-Robots-2026-1/install/map_augmenter' for CMake config files
[3.814s] Level 1:colcon.colcon_core.environment:checking '/home/catcyber02/Mobile-Robots-2026-1/install/map_augmenter/lib'
[3.815s] Level 1:colcon.colcon_core.environment:checking '/home/catcyber02/Mobile-Robots-2026-1/install/map_augmenter/bin'
[3.815s] Level 1:colcon.colcon_core.environment:checking '/home/catcyber02/Mobile-Robots-2026-1/install/map_augmenter/lib/pkgconfig/map_augmenter.pc'
[3.815s] Level 1:colcon.colcon_core.environment:checking '/home/catcyber02/Mobile-Robots-2026-1/install/map_augmenter/lib/python3.12/site-packages'
[3.815s] Level 1:colcon.colcon_core.shell:create_environment_hook('map_augmenter', 'pythonpath')
[3.816s] INFO:colcon.colcon_core.shell:Creating environment hook '/home/catcyber02/Mobile-Robots-2026-1/install/map_augmenter/share/map_augmenter/hook/pythonpath.ps1'
[3.817s] INFO:colcon.colcon_core.shell:Creating environment descriptor '/home/catcyber02/Mobile-Robots-2026-1/install/map_augmenter/share/map_augmenter/hook/pythonpath.dsv'
[3.817s] INFO:colcon.colcon_core.shell:Creating environment hook '/home/catcyber02/Mobile-Robots-2026-1/install/map_augmenter/share/map_augmenter/hook/pythonpath.sh'
[3.819s] Level 1:colcon.colcon_core.environment:checking '/home/catcyber02/Mobile-Robots-2026-1/install/map_augmenter/bin'
[3.819s] Level 1:colcon.colcon_core.environment:create_environment_scripts_only(map_augmenter)
[3.819s] INFO:colcon.colcon_core.shell:Creating package script '/home/catcyber02/Mobile-Robots-2026-1/install/map_augmenter/share/map_augmenter/package.ps1'
[3.820s] INFO:colcon.colcon_core.shell:Creating package descriptor '/home/catcyber02/Mobile-Robots-2026-1/install/map_augmenter/share/map_augmenter/package.dsv'
[3.821s] INFO:colcon.colcon_core.shell:Creating package script '/home/catcyber02/Mobile-Robots-2026-1/install/map_augmenter/share/map_augmenter/package.sh'
[3.822s] INFO:colcon.colcon_core.shell:Creating package script '/home/catcyber02/Mobile-Robots-2026-1/install/map_augmenter/share/map_augmenter/package.bash'
[3.823s] INFO:colcon.colcon_core.shell:Creating package script '/home/catcyber02/Mobile-Robots-2026-1/install/map_augmenter/share/map_augmenter/package.zsh'
[3.824s] Level 1:colcon.colcon_core.environment:create_file_with_runtime_dependencies(/home/catcyber02/Mobile-Robots-2026-1/install/map_augmenter/share/colcon-core/packages/map_augmenter)
[3.890s] DEBUG:colcon.colcon_core.event_handler.log_command:Invoking command in '/home/catcyber02/Mobile-Robots-2026-1/ros2_ws/src/navigation/simple_move': DEBUGINFOD_URLS=https://debuginfod.ubuntu.com PYTHONPATH=/home/catcyber02/Mobile-Robots-2026-1/build/simple_move/prefix_override:/usr/lib/python3/dist-packages/colcon_core/task/python/colcon_distutils_commands:/home/catcyber02/Mobile-Robots-2026-1/install/simple_move/lib/python3.12/site-packages:${PYTHONPATH} /usr/bin/python3 -W ignore:setup.py install is deprecated -W ignore:easy_install command is deprecated setup.py egg_info --egg-base ../../../../build/simple_move build --build-base /home/catcyber02/Mobile-Robots-2026-1/build/simple_move/build install --record /home/catcyber02/Mobile-Robots-2026-1/build/simple_move/install.log --single-version-externally-managed install_data
[4.660s] Level 1:colcon.colcon_core.environment:checking '/home/catcyber02/Mobile-Robots-2026-1/install/path_planner' for CMake module files
[4.662s] DEBUG:colcon.colcon_core.event_handler.log_command:Invoked command in '/home/catcyber02/Mobile-Robots-2026-1/ros2_ws/src/navigation/path_planner' returned '0': DEBUGINFOD_URLS=https://debuginfod.ubuntu.com PYTHONPATH=/home/catcyber02/Mobile-Robots-2026-1/build/path_planner/prefix_override:/usr/lib/python3/dist-packages/colcon_core/task/python/colcon_distutils_commands:/home/catcyber02/Mobile-Robots-2026-1/install/path_planner/lib/python3.12/site-packages:${PYTHONPATH} /usr/bin/python3 -W ignore:setup.py install is deprecated -W ignore:easy_install command is deprecated setup.py egg_info --egg-base ../../../../build/path_planner build --build-base /home/catcyber02/Mobile-Robots-2026-1/build/path_planner/build install --record /home/catcyber02/Mobile-Robots-2026-1/build/path_planner/install.log --single-version-externally-managed install_data
[4.662s] Level 1:colcon.colcon_core.environment:checking '/home/catcyber02/Mobile-Robots-2026-1/install/path_planner' for CMake config files
[4.663s] Level 1:colcon.colcon_core.environment:checking '/home/catcyber02/Mobile-Robots-2026-1/install/path_planner/lib'
[4.664s] Level 1:colcon.colcon_core.environment:checking '/home/catcyber02/Mobile-Robots-2026-1/install/path_planner/bin'
[4.664s] Level 1:colcon.colcon_core.environment:checking '/home/catcyber02/Mobile-Robots-2026-1/install/path_planner/lib/pkgconfig/path_planner.pc'
[4.664s] Level 1:colcon.colcon_core.environment:checking '/home/catcyber02/Mobile-Robots-2026-1/install/path_planner/lib/python3.12/site-packages'
[4.664s] Level 1:colcon.colcon_core.shell:create_environment_hook('path_planner', 'pythonpath')
[4.665s] INFO:colcon.colcon_core.shell:Creating environment hook '/home/catcyber02/Mobile-Robots-2026-1/install/path_planner/share/path_planner/hook/pythonpath.ps1'
[4.666s] INFO:colcon.colcon_core.shell:Creating environment descriptor '/home/catcyber02/Mobile-Robots-2026-1/install/path_planner/share/path_planner/hook/pythonpath.dsv'
[4.666s] INFO:colcon.colcon_core.shell:Creating environment hook '/home/catcyber02/Mobile-Robots-2026-1/install/path_planner/share/path_planner/hook/pythonpath.sh'
[4.667s] Level 1:colcon.colcon_core.environment:checking '/home/catcyber02/Mobile-Robots-2026-1/install/path_planner/bin'
[4.667s] Level 1:colcon.colcon_core.environment:create_environment_scripts_only(path_planner)
[4.668s] INFO:colcon.colcon_core.shell:Creating package script '/home/catcyber02/Mobile-Robots-2026-1/install/path_planner/share/path_planner/package.ps1'
[4.669s] INFO:colcon.colcon_core.shell:Creating package descriptor '/home/catcyber02/Mobile-Robots-2026-1/install/path_planner/share/path_planner/package.dsv'
[4.670s] INFO:colcon.colcon_core.shell:Creating package script '/home/catcyber02/Mobile-Robots-2026-1/install/path_planner/share/path_planner/package.sh'
[4.670s] INFO:colcon.colcon_core.shell:Creating package script '/home/catcyber02/Mobile-Robots-2026-1/install/path_planner/share/path_planner/package.bash'
[4.671s] INFO:colcon.colcon_core.shell:Creating package script '/home/catcyber02/Mobile-Robots-2026-1/install/path_planner/share/path_planner/package.zsh'
[4.671s] Level 1:colcon.colcon_core.environment:create_file_with_runtime_dependencies(/home/catcyber02/Mobile-Robots-2026-1/install/path_planner/share/colcon-core/packages/path_planner)
[4.674s] Level 1:colcon.colcon_core.environment:checking '/home/catcyber02/Mobile-Robots-2026-1/install/uf_ros_lib' for CMake module files
[4.675s] DEBUG:colcon.colcon_core.event_handler.log_command:Invoked command in '/home/catcyber02/Mobile-Robots-2026-1/ros2_ws/src/hardware/xarm_ros2/uf_ros_lib' returned '0': DEBUGINFOD_URLS=https://debuginfod.ubuntu.com PYTHONPATH=/home/catcyber02/Mobile-Robots-2026-1/build/uf_ros_lib/prefix_override:/usr/lib/python3/dist-packages/colcon_core/task/python/colcon_distutils_commands:/home/catcyber02/Mobile-Robots-2026-1/install/uf_ros_lib/lib/python3.12/site-packages:${PYTHONPATH} /usr/bin/python3 -W ignore:setup.py install is deprecated -W ignore:easy_install command is deprecated setup.py egg_info --egg-base ../../../../../build/uf_ros_lib build --build-base /home/catcyber02/Mobile-Robots-2026-1/build/uf_ros_lib/build install --record /home/catcyber02/Mobile-Robots-2026-1/build/uf_ros_lib/install.log --single-version-externally-managed install_data
[4.676s] Level 1:colcon.colcon_core.environment:checking '/home/catcyber02/Mobile-Robots-2026-1/install/uf_ros_lib' for CMake config files
[4.677s] Level 1:colcon.colcon_core.environment:checking '/home/catcyber02/Mobile-Robots-2026-1/install/uf_ros_lib/lib'
[4.677s] Level 1:colcon.colcon_core.environment:checking '/home/catcyber02/Mobile-Robots-2026-1/install/uf_ros_lib/bin'
[4.677s] Level 1:colcon.colcon_core.environment:checking '/home/catcyber02/Mobile-Robots-2026-1/install/uf_ros_lib/lib/pkgconfig/uf_ros_lib.pc'
[4.678s] Level 1:colcon.colcon_core.environment:checking '/home/catcyber02/Mobile-Robots-2026-1/install/uf_ros_lib/lib/python3.12/site-packages'
[4.678s] Level 1:colcon.colcon_core.shell:create_environment_hook('uf_ros_lib', 'pythonpath')
[4.678s] INFO:colcon.colcon_core.shell:Creating environment hook '/home/catcyber02/Mobile-Robots-2026-1/install/uf_ros_lib/share/uf_ros_lib/hook/pythonpath.ps1'
[4.679s] INFO:colcon.colcon_core.shell:Creating environment descriptor '/home/catcyber02/Mobile-Robots-2026-1/install/uf_ros_lib/share/uf_ros_lib/hook/pythonpath.dsv'
[4.680s] INFO:colcon.colcon_core.shell:Creating environment hook '/home/catcyber02/Mobile-Robots-2026-1/install/uf_ros_lib/share/uf_ros_lib/hook/pythonpath.sh'
[4.681s] Level 1:colcon.colcon_core.environment:checking '/home/catcyber02/Mobile-Robots-2026-1/install/uf_ros_lib/bin'
[4.681s] Level 1:colcon.colcon_core.environment:create_environment_scripts_only(uf_ros_lib)
[4.681s] INFO:colcon.colcon_core.shell:Creating package script '/home/catcyber02/Mobile-Robots-2026-1/install/uf_ros_lib/share/uf_ros_lib/package.ps1'
[4.682s] INFO:colcon.colcon_core.shell:Creating package descriptor '/home/catcyber02/Mobile-Robots-2026-1/install/uf_ros_lib/share/uf_ros_lib/package.dsv'
[4.683s] INFO:colcon.colcon_core.shell:Creating package script '/home/catcyber02/Mobile-Robots-2026-1/install/uf_ros_lib/share/uf_ros_lib/package.sh'
[4.684s] INFO:colcon.colcon_core.shell:Creating package script '/home/catcyber02/Mobile-Robots-2026-1/install/uf_ros_lib/share/uf_ros_lib/package.bash'
[4.684s] INFO:colcon.colcon_core.shell:Creating package script '/home/catcyber02/Mobile-Robots-2026-1/install/uf_ros_lib/share/uf_ros_lib/package.zsh'
[4.685s] Level 1:colcon.colcon_core.environment:create_file_with_runtime_dependencies(/home/catcyber02/Mobile-Robots-2026-1/install/uf_ros_lib/share/colcon-core/packages/uf_ros_lib)
[4.782s] Level 1:colcon.colcon_core.environment:checking '/home/catcyber02/Mobile-Robots-2026-1/install/simple_move' for CMake module files
[4.783s] DEBUG:colcon.colcon_core.event_handler.log_command:Invoked command in '/home/catcyber02/Mobile-Robots-2026-1/ros2_ws/src/navigation/simple_move' returned '0': DEBUGINFOD_URLS=https://debuginfod.ubuntu.com PYTHONPATH=/home/catcyber02/Mobile-Robots-2026-1/build/simple_move/prefix_override:/usr/lib/python3/dist-packages/colcon_core/task/python/colcon_distutils_commands:/home/catcyber02/Mobile-Robots-2026-1/install/simple_move/lib/python3.12/site-packages:${PYTHONPATH} /usr/bin/python3 -W ignore:setup.py install is deprecated -W ignore:easy_install command is deprecated setup.py egg_info --egg-base ../../../../build/simple_move build --build-base /home/catcyber02/Mobile-Robots-2026-1/build/simple_move/build install --record /home/catcyber02/Mobile-Robots-2026-1/build/simple_move/install.log --single-version-externally-managed install_data
[4.785s] Level 1:colcon.colcon_core.environment:checking '/home/catcyber02/Mobile-Robots-2026-1/install/simple_move' for CMake config files
[4.786s] Level 1:colcon.colcon_core.environment:checking '/home/catcyber02/Mobile-Robots-2026-1/install/simple_move/lib'
[4.786s] Level 1:colcon.colcon_core.environment:checking '/home/catcyber02/Mobile-Robots-2026-1/install/simple_move/bin'
[4.786s] Level 1:colcon.colcon_core.environment:checking '/home/catcyber02/Mobile-Robots-2026-1/install/simple_move/lib/pkgconfig/simple_move.pc'
[4.787s] Level 1:colcon.colcon_core.environment:checking '/home/catcyber02/Mobile-Robots-2026-1/install/simple_move/lib/python3.12/site-packages'
[4.787s] Level 1:colcon.colcon_core.shell:create_environment_hook('simple_move', 'pythonpath')
[4.788s] INFO:colcon.colcon_core.shell:Creating environment hook '/home/catcyber02/Mobile-Robots-2026-1/install/simple_move/share/simple_move/hook/pythonpath.ps1'
[4.789s] INFO:colcon.colcon_core.shell:Creating environment descriptor '/home/catcyber02/Mobile-Robots-2026-1/install/simple_move/share/simple_move/hook/pythonpath.dsv'
[4.790s] INFO:colcon.colcon_core.shell:Creating environment hook '/home/catcyber02/Mobile-Robots-2026-1/install/simple_move/share/simple_move/hook/pythonpath.sh'
[4.791s] Level 1:colcon.colcon_core.environment:checking '/home/catcyber02/Mobile-Robots-2026-1/install/simple_move/bin'
[4.791s] Level 1:colcon.colcon_core.environment:create_environment_scripts_only(simple_move)
[4.792s] INFO:colcon.colcon_core.shell:Creating package script '/home/catcyber02/Mobile-Robots-2026-1/install/simple_move/share/simple_move/package.ps1'
[4.793s] INFO:colcon.colcon_core.shell:Creating package descriptor '/home/catcyber02/Mobile-Robots-2026-1/install/simple_move/share/simple_move/package.dsv'
[4.794s] INFO:colcon.colcon_core.shell:Creating package script '/home/catcyber02/Mobile-Robots-2026-1/install/simple_move/share/simple_move/package.sh'
[4.795s] INFO:colcon.colcon_core.shell:Creating package script '/home/catcyber02/Mobile-Robots-2026-1/install/simple_move/share/simple_move/package.bash'
[4.796s] INFO:colcon.colcon_core.shell:Creating package script '/home/catcyber02/Mobile-Robots-2026-1/install/simple_move/share/simple_move/package.zsh'
[4.797s] Level 1:colcon.colcon_core.environment:create_file_with_runtime_dependencies(/home/catcyber02/Mobile-Robots-2026-1/install/simple_move/share/colcon-core/packages/simple_move)
[4.798s] DEBUG:colcon.colcon_parallel_executor.executor.parallel:closing loop
[4.798s] DEBUG:colcon.colcon_parallel_executor.executor.parallel:loop closed
[4.799s] DEBUG:colcon.colcon_parallel_executor.executor.parallel:run_until_complete finished with '0'
[4.800s] DEBUG:colcon.colcon_core.event_reactor:joining thread
[4.811s] INFO:colcon.colcon_core.plugin_system:Skipping extension 'colcon_notification.desktop_notification.terminal_notifier': Not used on non-Darwin systems
[4.811s] INFO:colcon.colcon_core.plugin_system:Skipping extension 'colcon_notification.desktop_notification.win32': Not used on non-Windows systems
[4.811s] INFO:colcon.colcon_notification.desktop_notification:Sending desktop notification using 'notify2'
[4.842s] DEBUG:colcon.colcon_core.event_reactor:joined thread
[4.843s] INFO:colcon.colcon_core.shell:Creating prefix script '/home/catcyber02/Mobile-Robots-2026-1/install/local_setup.ps1'
[4.846s] INFO:colcon.colcon_core.shell:Creating prefix util module '/home/catcyber02/Mobile-Robots-2026-1/install/_local_setup_util_ps1.py'
[4.849s] INFO:colcon.colcon_core.shell:Creating prefix chain script '/home/catcyber02/Mobile-Robots-2026-1/install/setup.ps1'
[4.852s] INFO:colcon.colcon_core.shell:Creating prefix script '/home/catcyber02/Mobile-Robots-2026-1/install/local_setup.sh'
[4.853s] INFO:colcon.colcon_core.shell:Creating prefix util module '/home/catcyber02/Mobile-Robots-2026-1/install/_local_setup_util_sh.py'
[4.854s] INFO:colcon.colcon_core.shell:Creating prefix chain script '/home/catcyber02/Mobile-Robots-2026-1/install/setup.sh'
[4.856s] INFO:colcon.colcon_core.shell:Creating prefix script '/home/catcyber02/Mobile-Robots-2026-1/install/local_setup.bash'
[4.857s] INFO:colcon.colcon_core.shell:Creating prefix chain script '/home/catcyber02/Mobile-Robots-2026-1/install/setup.bash'
[4.859s] INFO:colcon.colcon_core.shell:Creating prefix script '/home/catcyber02/Mobile-Robots-2026-1/install/local_setup.zsh'
[4.859s] INFO:colcon.colcon_core.shell:Creating prefix chain script '/home/catcyber02/Mobile-Robots-2026-1/install/setup.zsh'
