[0.183s] DEBUG:colcon:Command line arguments: ['/usr/bin/colcon', 'build']
[0.183s] DEBUG:colcon:Parsed command line arguments: Namespace(log_base=None, log_level=None, verb_name='build', build_base='build', install_base='install', merge_install=False, symlink_install=False, test_result_base=None, continue_on_error=False, executor='parallel', parallel_workers=8, event_handlers=None, ignore_user_meta=False, metas=['./colcon.meta'], base_paths=['.'], packages_ignore=None, packages_ignore_regex=None, paths=None, packages_up_to=None, packages_up_to_regex=None, packages_above=None, packages_above_and_dependencies=None, packages_above_depth=None, packages_select_by_dep=None, packages_skip_by_dep=None, packages_skip_up_to=None, packages_select_build_failed=False, packages_skip_build_finished=False, packages_select_test_failures=False, packages_skip_test_passed=False, packages_select=None, packages_skip=None, packages_select_regex=None, packages_skip_regex=None, packages_start=None, packages_end=None, allow_overriding=[], cmake_args=None, cmake_target=None, cmake_target_skip_unavailable=False, cmake_clean_cache=False, cmake_clean_first=False, cmake_force_configure=False, ament_cmake_args=None, catkin_cmake_args=None, catkin_skip_building_tests=False, verb_parser=<colcon_defaults.argument_parser.defaults.DefaultArgumentsDecorator object at 0x72a2d3190380>, verb_extension=<colcon_core.verb.build.BuildVerb object at 0x72a2d328fa10>, main=<bound method BuildVerb.main of <colcon_core.verb.build.BuildVerb object at 0x72a2d328fa10>>)
[0.248s] Level 1:colcon.colcon_core.package_discovery:discover_packages(colcon_meta) check parameters
[0.248s] Level 1:colcon.colcon_core.package_discovery:discover_packages(recursive) check parameters
[0.248s] Level 1:colcon.colcon_core.package_discovery:discover_packages(ignore) check parameters
[0.248s] Level 1:colcon.colcon_core.package_discovery:discover_packages(path) check parameters
[0.248s] Level 1:colcon.colcon_core.package_discovery:discover_packages(colcon_meta) discover
[0.248s] Level 1:colcon.colcon_core.package_discovery:discover_packages(recursive) discover
[0.248s] INFO:colcon.colcon_core.package_discovery:Crawling recursively for packages in '/home/catcyber02/Mobile-Robots-2026-1'
[0.249s] Level 1:colcon.colcon_core.package_identification:_identify(.) by extensions ['ignore', 'ignore_ament_install']
[0.249s] Level 1:colcon.colcon_core.package_identification:_identify(.) by extension 'ignore'
[0.249s] Level 1:colcon.colcon_core.package_identification:_identify(.) by extension 'ignore_ament_install'
[0.249s] Level 1:colcon.colcon_core.package_identification:_identify(.) by extensions ['colcon_pkg']
[0.249s] Level 1:colcon.colcon_core.package_identification:_identify(.) by extension 'colcon_pkg'
[0.249s] Level 1:colcon.colcon_core.package_identification:_identify(.) by extensions ['colcon_meta']
[0.249s] Level 1:colcon.colcon_core.package_identification:_identify(.) by extension 'colcon_meta'
[0.249s] Level 1:colcon.colcon_core.package_identification:_identify(.) by extensions ['ros']
[0.249s] Level 1:colcon.colcon_core.package_identification:_identify(.) by extension 'ros'
[0.290s] Level 1:colcon.colcon_core.package_identification:_identify(.) by extensions ['cmake', 'python']
[0.290s] Level 1:colcon.colcon_core.package_identification:_identify(.) by extension 'cmake'
[0.290s] Level 1:colcon.colcon_core.package_identification:_identify(.) by extension 'python'
[0.290s] Level 1:colcon.colcon_core.package_identification:_identify(.) by extensions ['python_setup_py']
[0.290s] Level 1:colcon.colcon_core.package_identification:_identify(.) by extension 'python_setup_py'
[0.290s] Level 1:colcon.colcon_core.package_identification:_identify(Media) by extensions ['ignore', 'ignore_ament_install']
[0.290s] Level 1:colcon.colcon_core.package_identification:_identify(Media) by extension 'ignore'
[0.290s] Level 1:colcon.colcon_core.package_identification:_identify(Media) by extension 'ignore_ament_install'
[0.290s] Level 1:colcon.colcon_core.package_identification:_identify(Media) by extensions ['colcon_pkg']
[0.291s] Level 1:colcon.colcon_core.package_identification:_identify(Media) by extension 'colcon_pkg'
[0.291s] Level 1:colcon.colcon_core.package_identification:_identify(Media) by extensions ['colcon_meta']
[0.291s] Level 1:colcon.colcon_core.package_identification:_identify(Media) by extension 'colcon_meta'
[0.291s] Level 1:colcon.colcon_core.package_identification:_identify(Media) by extensions ['ros']
[0.291s] Level 1:colcon.colcon_core.package_identification:_identify(Media) by extension 'ros'
[0.291s] Level 1:colcon.colcon_core.package_identification:_identify(Media) by extensions ['cmake', 'python']
[0.291s] Level 1:colcon.colcon_core.package_identification:_identify(Media) by extension 'cmake'
[0.291s] Level 1:colcon.colcon_core.package_identification:_identify(Media) by extension 'python'
[0.291s] Level 1:colcon.colcon_core.package_identification:_identify(Media) by extensions ['python_setup_py']
[0.291s] Level 1:colcon.colcon_core.package_identification:_identify(Media) by extension 'python_setup_py'
[0.291s] Level 1:colcon.colcon_core.package_identification:_identify(build) by extensions ['ignore', 'ignore_ament_install']
[0.291s] Level 1:colcon.colcon_core.package_identification:_identify(build) by extension 'ignore'
[0.291s] Level 1:colcon.colcon_core.package_identification:_identify(build) ignored
[0.291s] Level 1:colcon.colcon_core.package_identification:_identify(install) by extensions ['ignore', 'ignore_ament_install']
[0.292s] Level 1:colcon.colcon_core.package_identification:_identify(install) by extension 'ignore'
[0.292s] Level 1:colcon.colcon_core.package_identification:_identify(install) ignored
[0.292s] Level 1:colcon.colcon_core.package_identification:_identify(log) by extensions ['ignore', 'ignore_ament_install']
[0.292s] Level 1:colcon.colcon_core.package_identification:_identify(log) by extension 'ignore'
[0.292s] Level 1:colcon.colcon_core.package_identification:_identify(log) ignored
[0.292s] Level 1:colcon.colcon_core.package_identification:_identify(ros2_ws) by extensions ['ignore', 'ignore_ament_install']
[0.292s] Level 1:colcon.colcon_core.package_identification:_identify(ros2_ws) by extension 'ignore'
[0.292s] Level 1:colcon.colcon_core.package_identification:_identify(ros2_ws) by extension 'ignore_ament_install'
[0.292s] Level 1:colcon.colcon_core.package_identification:_identify(ros2_ws) by extensions ['colcon_pkg']
[0.292s] Level 1:colcon.colcon_core.package_identification:_identify(ros2_ws) by extension 'colcon_pkg'
[0.292s] Level 1:colcon.colcon_core.package_identification:_identify(ros2_ws) by extensions ['colcon_meta']
[0.292s] Level 1:colcon.colcon_core.package_identification:_identify(ros2_ws) by extension 'colcon_meta'
[0.292s] Level 1:colcon.colcon_core.package_identification:_identify(ros2_ws) by extensions ['ros']
[0.293s] Level 1:colcon.colcon_core.package_identification:_identify(ros2_ws) by extension 'ros'
[0.293s] Level 1:colcon.colcon_core.package_identification:_identify(ros2_ws) by extensions ['cmake', 'python']
[0.293s] Level 1:colcon.colcon_core.package_identification:_identify(ros2_ws) by extension 'cmake'
[0.293s] Level 1:colcon.colcon_core.package_identification:_identify(ros2_ws) by extension 'python'
[0.293s] Level 1:colcon.colcon_core.package_identification:_identify(ros2_ws) by extensions ['python_setup_py']
[0.293s] Level 1:colcon.colcon_core.package_identification:_identify(ros2_ws) by extension 'python_setup_py'
[0.293s] Level 1:colcon.colcon_core.package_identification:_identify(ros2_ws/build) by extensions ['ignore', 'ignore_ament_install']
[0.293s] Level 1:colcon.colcon_core.package_identification:_identify(ros2_ws/build) by extension 'ignore'
[0.293s] Level 1:colcon.colcon_core.package_identification:_identify(ros2_ws/build) ignored
[0.293s] Level 1:colcon.colcon_core.package_identification:_identify(ros2_ws/install) by extensions ['ignore', 'ignore_ament_install']
[0.293s] Level 1:colcon.colcon_core.package_identification:_identify(ros2_ws/install) by extension 'ignore'
[0.293s] Level 1:colcon.colcon_core.package_identification:_identify(ros2_ws/install) ignored
[0.294s] Level 1:colcon.colcon_core.package_identification:_identify(ros2_ws/log) by extensions ['ignore', 'ignore_ament_install']
[0.294s] Level 1:colcon.colcon_core.package_identification:_identify(ros2_ws/log) by extension 'ignore'
[0.294s] Level 1:colcon.colcon_core.package_identification:_identify(ros2_ws/log) ignored
[0.294s] Level 1:colcon.colcon_core.package_identification:_identify(ros2_ws/src) by extensions ['ignore', 'ignore_ament_install']
[0.294s] Level 1:colcon.colcon_core.package_identification:_identify(ros2_ws/src) by extension 'ignore'
[0.294s] Level 1:colcon.colcon_core.package_identification:_identify(ros2_ws/src) by extension 'ignore_ament_install'
[0.294s] Level 1:colcon.colcon_core.package_identification:_identify(ros2_ws/src) by extensions ['colcon_pkg']
[0.294s] Level 1:colcon.colcon_core.package_identification:_identify(ros2_ws/src) by extension 'colcon_pkg'
[0.294s] Level 1:colcon.colcon_core.package_identification:_identify(ros2_ws/src) by extensions ['colcon_meta']
[0.294s] Level 1:colcon.colcon_core.package_identification:_identify(ros2_ws/src) by extension 'colcon_meta'
[0.294s] Level 1:colcon.colcon_core.package_identification:_identify(ros2_ws/src) by extensions ['ros']
[0.294s] Level 1:colcon.colcon_core.package_identification:_identify(ros2_ws/src) by extension 'ros'
[0.294s] Level 1:colcon.colcon_core.package_identification:_identify(ros2_ws/src) by extensions ['cmake', 'python']
[0.295s] Level 1:colcon.colcon_core.package_identification:_identify(ros2_ws/src) by extension 'cmake'
[0.295s] Level 1:colcon.colcon_core.package_identification:_identify(ros2_ws/src) by extension 'python'
[0.295s] Level 1:colcon.colcon_core.package_identification:_identify(ros2_ws/src) by extensions ['python_setup_py']
[0.295s] Level 1:colcon.colcon_core.package_identification:_identify(ros2_ws/src) by extension 'python_setup_py'
[0.295s] Level 1:colcon.colcon_core.package_identification:_identify(ros2_ws/src/config_files) by extensions ['ignore', 'ignore_ament_install']
[0.295s] Level 1:colcon.colcon_core.package_identification:_identify(ros2_ws/src/config_files) by extension 'ignore'
[0.295s] Level 1:colcon.colcon_core.package_identification:_identify(ros2_ws/src/config_files) by extension 'ignore_ament_install'
[0.295s] Level 1:colcon.colcon_core.package_identification:_identify(ros2_ws/src/config_files) by extensions ['colcon_pkg']
[0.295s] Level 1:colcon.colcon_core.package_identification:_identify(ros2_ws/src/config_files) by extension 'colcon_pkg'
[0.295s] Level 1:colcon.colcon_core.package_identification:_identify(ros2_ws/src/config_files) by extensions ['colcon_meta']
[0.295s] Level 1:colcon.colcon_core.package_identification:_identify(ros2_ws/src/config_files) by extension 'colcon_meta'
[0.295s] Level 1:colcon.colcon_core.package_identification:_identify(ros2_ws/src/config_files) by extensions ['ros']
[0.295s] Level 1:colcon.colcon_core.package_identification:_identify(ros2_ws/src/config_files) by extension 'ros'
[0.299s] DEBUG:colcon.colcon_core.package_identification:Package 'ros2_ws/src/config_files' with type 'ros.ament_cmake' and name 'config_files'
[0.299s] Level 1:colcon.colcon_core.package_identification:_identify(ros2_ws/src/hardware) by extensions ['ignore', 'ignore_ament_install']
[0.299s] Level 1:colcon.colcon_core.package_identification:_identify(ros2_ws/src/hardware) by extension 'ignore'
[0.299s] Level 1:colcon.colcon_core.package_identification:_identify(ros2_ws/src/hardware) by extension 'ignore_ament_install'
[0.300s] Level 1:colcon.colcon_core.package_identification:_identify(ros2_ws/src/hardware) by extensions ['colcon_pkg']
[0.300s] Level 1:colcon.colcon_core.package_identification:_identify(ros2_ws/src/hardware) by extension 'colcon_pkg'
[0.300s] Level 1:colcon.colcon_core.package_identification:_identify(ros2_ws/src/hardware) by extensions ['colcon_meta']
[0.300s] Level 1:colcon.colcon_core.package_identification:_identify(ros2_ws/src/hardware) by extension 'colcon_meta'
[0.300s] Level 1:colcon.colcon_core.package_identification:_identify(ros2_ws/src/hardware) by extensions ['ros']
[0.300s] Level 1:colcon.colcon_core.package_identification:_identify(ros2_ws/src/hardware) by extension 'ros'
[0.300s] Level 1:colcon.colcon_core.package_identification:_identify(ros2_ws/src/hardware) by extensions ['cmake', 'python']
[0.300s] Level 1:colcon.colcon_core.package_identification:_identify(ros2_ws/src/hardware) by extension 'cmake'
[0.300s] Level 1:colcon.colcon_core.package_identification:_identify(ros2_ws/src/hardware) by extension 'python'
[0.300s] Level 1:colcon.colcon_core.package_identification:_identify(ros2_ws/src/hardware) by extensions ['python_setup_py']
[0.300s] Level 1:colcon.colcon_core.package_identification:_identify(ros2_ws/src/hardware) by extension 'python_setup_py'
[0.300s] Level 1:colcon.colcon_core.package_identification:_identify(ros2_ws/src/hardware/gazebo_envs) by extensions ['ignore', 'ignore_ament_install']
[0.300s] Level 1:colcon.colcon_core.package_identification:_identify(ros2_ws/src/hardware/gazebo_envs) by extension 'ignore'
[0.301s] Level 1:colcon.colcon_core.package_identification:_identify(ros2_ws/src/hardware/gazebo_envs) by extension 'ignore_ament_install'
[0.301s] Level 1:colcon.colcon_core.package_identification:_identify(ros2_ws/src/hardware/gazebo_envs) by extensions ['colcon_pkg']
[0.301s] Level 1:colcon.colcon_core.package_identification:_identify(ros2_ws/src/hardware/gazebo_envs) by extension 'colcon_pkg'
[0.301s] Level 1:colcon.colcon_core.package_identification:_identify(ros2_ws/src/hardware/gazebo_envs) by extensions ['colcon_meta']
[0.301s] Level 1:colcon.colcon_core.package_identification:_identify(ros2_ws/src/hardware/gazebo_envs) by extension 'colcon_meta'
[0.301s] Level 1:colcon.colcon_core.package_identification:_identify(ros2_ws/src/hardware/gazebo_envs) by extensions ['ros']
[0.301s] Level 1:colcon.colcon_core.package_identification:_identify(ros2_ws/src/hardware/gazebo_envs) by extension 'ros'
[0.302s] DEBUG:colcon.colcon_core.package_identification:Package 'ros2_ws/src/hardware/gazebo_envs' with type 'ros.ament_cmake' and name 'gazebo_envs'
[0.302s] Level 1:colcon.colcon_core.package_identification:_identify(ros2_ws/src/hardware/justina_description) by extensions ['ignore', 'ignore_ament_install']
[0.302s] Level 1:colcon.colcon_core.package_identification:_identify(ros2_ws/src/hardware/justina_description) by extension 'ignore'
[0.302s] Level 1:colcon.colcon_core.package_identification:_identify(ros2_ws/src/hardware/justina_description) by extension 'ignore_ament_install'
[0.302s] Level 1:colcon.colcon_core.package_identification:_identify(ros2_ws/src/hardware/justina_description) by extensions ['colcon_pkg']
[0.302s] Level 1:colcon.colcon_core.package_identification:_identify(ros2_ws/src/hardware/justina_description) by extension 'colcon_pkg'
[0.302s] Level 1:colcon.colcon_core.package_identification:_identify(ros2_ws/src/hardware/justina_description) by extensions ['colcon_meta']
[0.302s] Level 1:colcon.colcon_core.package_identification:_identify(ros2_ws/src/hardware/justina_description) by extension 'colcon_meta'
[0.302s] Level 1:colcon.colcon_core.package_identification:_identify(ros2_ws/src/hardware/justina_description) by extensions ['ros']
[0.302s] Level 1:colcon.colcon_core.package_identification:_identify(ros2_ws/src/hardware/justina_description) by extension 'ros'
[0.303s] DEBUG:colcon.colcon_core.package_identification:Package 'ros2_ws/src/hardware/justina_description' with type 'ros.ament_cmake' and name 'justina_description'
[0.303s] Level 1:colcon.colcon_core.package_identification:_identify(ros2_ws/src/hardware/xarm_ros2) by extensions ['ignore', 'ignore_ament_install']
[0.303s] Level 1:colcon.colcon_core.package_identification:_identify(ros2_ws/src/hardware/xarm_ros2) by extension 'ignore'
[0.303s] Level 1:colcon.colcon_core.package_identification:_identify(ros2_ws/src/hardware/xarm_ros2) by extension 'ignore_ament_install'
[0.303s] Level 1:colcon.colcon_core.package_identification:_identify(ros2_ws/src/hardware/xarm_ros2) by extensions ['colcon_pkg']
[0.303s] Level 1:colcon.colcon_core.package_identification:_identify(ros2_ws/src/hardware/xarm_ros2) by extension 'colcon_pkg'
[0.303s] Level 1:colcon.colcon_core.package_identification:_identify(ros2_ws/src/hardware/xarm_ros2) by extensions ['colcon_meta']
[0.303s] Level 1:colcon.colcon_core.package_identification:_identify(ros2_ws/src/hardware/xarm_ros2) by extension 'colcon_meta'
[0.304s] Level 1:colcon.colcon_core.package_identification:_identify(ros2_ws/src/hardware/xarm_ros2) by extensions ['ros']
[0.304s] Level 1:colcon.colcon_core.package_identification:_identify(ros2_ws/src/hardware/xarm_ros2) by extension 'ros'
[0.304s] Level 1:colcon.colcon_core.package_identification:_identify(ros2_ws/src/hardware/xarm_ros2) by extensions ['cmake', 'python']
[0.304s] Level 1:colcon.colcon_core.package_identification:_identify(ros2_ws/src/hardware/xarm_ros2) by extension 'cmake'
[0.304s] Level 1:colcon.colcon_core.package_identification:_identify(ros2_ws/src/hardware/xarm_ros2) by extension 'python'
[0.304s] Level 1:colcon.colcon_core.package_identification:_identify(ros2_ws/src/hardware/xarm_ros2) by extensions ['python_setup_py']
[0.304s] Level 1:colcon.colcon_core.package_identification:_identify(ros2_ws/src/hardware/xarm_ros2) by extension 'python_setup_py'
[0.304s] Level 1:colcon.colcon_core.package_identification:_identify(ros2_ws/src/hardware/xarm_ros2/uf_ros_lib) by extensions ['ignore', 'ignore_ament_install']
[0.304s] Level 1:colcon.colcon_core.package_identification:_identify(ros2_ws/src/hardware/xarm_ros2/uf_ros_lib) by extension 'ignore'
[0.304s] Level 1:colcon.colcon_core.package_identification:_identify(ros2_ws/src/hardware/xarm_ros2/uf_ros_lib) by extension 'ignore_ament_install'
[0.304s] Level 1:colcon.colcon_core.package_identification:_identify(ros2_ws/src/hardware/xarm_ros2/uf_ros_lib) by extensions ['colcon_pkg']
[0.304s] Level 1:colcon.colcon_core.package_identification:_identify(ros2_ws/src/hardware/xarm_ros2/uf_ros_lib) by extension 'colcon_pkg'
[0.304s] Level 1:colcon.colcon_core.package_identification:_identify(ros2_ws/src/hardware/xarm_ros2/uf_ros_lib) by extensions ['colcon_meta']
[0.304s] Level 1:colcon.colcon_core.package_identification:_identify(ros2_ws/src/hardware/xarm_ros2/uf_ros_lib) by extension 'colcon_meta'
[0.304s] Level 1:colcon.colcon_core.package_identification:_identify(ros2_ws/src/hardware/xarm_ros2/uf_ros_lib) by extensions ['ros']
[0.304s] Level 1:colcon.colcon_core.package_identification:_identify(ros2_ws/src/hardware/xarm_ros2/uf_ros_lib) by extension 'ros'
[0.305s] DEBUG:colcon.colcon_core.package_identification:Package 'ros2_ws/src/hardware/xarm_ros2/uf_ros_lib' with type 'ros.ament_python' and name 'uf_ros_lib'
[0.305s] Level 1:colcon.colcon_core.package_identification:_identify(ros2_ws/src/hardware/xarm_ros2/xarm_api) by extensions ['ignore', 'ignore_ament_install']
[0.305s] Level 1:colcon.colcon_core.package_identification:_identify(ros2_ws/src/hardware/xarm_ros2/xarm_api) by extension 'ignore'
[0.305s] Level 1:colcon.colcon_core.package_identification:_identify(ros2_ws/src/hardware/xarm_ros2/xarm_api) by extension 'ignore_ament_install'
[0.306s] Level 1:colcon.colcon_core.package_identification:_identify(ros2_ws/src/hardware/xarm_ros2/xarm_api) by extensions ['colcon_pkg']
[0.306s] Level 1:colcon.colcon_core.package_identification:_identify(ros2_ws/src/hardware/xarm_ros2/xarm_api) by extension 'colcon_pkg'
[0.306s] Level 1:colcon.colcon_core.package_identification:_identify(ros2_ws/src/hardware/xarm_ros2/xarm_api) by extensions ['colcon_meta']
[0.306s] Level 1:colcon.colcon_core.package_identification:_identify(ros2_ws/src/hardware/xarm_ros2/xarm_api) by extension 'colcon_meta'
[0.306s] Level 1:colcon.colcon_core.package_identification:_identify(ros2_ws/src/hardware/xarm_ros2/xarm_api) by extensions ['ros']
[0.306s] Level 1:colcon.colcon_core.package_identification:_identify(ros2_ws/src/hardware/xarm_ros2/xarm_api) by extension 'ros'
[0.307s] DEBUG:colcon.colcon_core.package_identification:Package 'ros2_ws/src/hardware/xarm_ros2/xarm_api' with type 'ros.ament_cmake' and name 'xarm_api'
[0.307s] Level 1:colcon.colcon_core.package_identification:_identify(ros2_ws/src/hardware/xarm_ros2/xarm_controller) by extensions ['ignore', 'ignore_ament_install']
[0.307s] Level 1:colcon.colcon_core.package_identification:_identify(ros2_ws/src/hardware/xarm_ros2/xarm_controller) by extension 'ignore'
[0.308s] Level 1:colcon.colcon_core.package_identification:_identify(ros2_ws/src/hardware/xarm_ros2/xarm_controller) by extension 'ignore_ament_install'
[0.308s] Level 1:colcon.colcon_core.package_identification:_identify(ros2_ws/src/hardware/xarm_ros2/xarm_controller) by extensions ['colcon_pkg']
[0.308s] Level 1:colcon.colcon_core.package_identification:_identify(ros2_ws/src/hardware/xarm_ros2/xarm_controller) by extension 'colcon_pkg'
[0.308s] Level 1:colcon.colcon_core.package_identification:_identify(ros2_ws/src/hardware/xarm_ros2/xarm_controller) by extensions ['colcon_meta']
[0.308s] Level 1:colcon.colcon_core.package_identification:_identify(ros2_ws/src/hardware/xarm_ros2/xarm_controller) by extension 'colcon_meta'
[0.308s] Level 1:colcon.colcon_core.package_identification:_identify(ros2_ws/src/hardware/xarm_ros2/xarm_controller) by extensions ['ros']
[0.308s] Level 1:colcon.colcon_core.package_identification:_identify(ros2_ws/src/hardware/xarm_ros2/xarm_controller) by extension 'ros'
[0.310s] DEBUG:colcon.colcon_core.package_identification:Package 'ros2_ws/src/hardware/xarm_ros2/xarm_controller' with type 'ros.ament_cmake' and name 'xarm_controller'
[0.310s] Level 1:colcon.colcon_core.package_identification:_identify(ros2_ws/src/hardware/xarm_ros2/xarm_description) by extensions ['ignore', 'ignore_ament_install']
[0.310s] Level 1:colcon.colcon_core.package_identification:_identify(ros2_ws/src/hardware/xarm_ros2/xarm_description) by extension 'ignore'
[0.311s] Level 1:colcon.colcon_core.package_identification:_identify(ros2_ws/src/hardware/xarm_ros2/xarm_description) by extension 'ignore_ament_install'
[0.311s] Level 1:colcon.colcon_core.package_identification:_identify(ros2_ws/src/hardware/xarm_ros2/xarm_description) by extensions ['colcon_pkg']
[0.311s] Level 1:colcon.colcon_core.package_identification:_identify(ros2_ws/src/hardware/xarm_ros2/xarm_description) by extension 'colcon_pkg'
[0.311s] Level 1:colcon.colcon_core.package_identification:_identify(ros2_ws/src/hardware/xarm_ros2/xarm_description) by extensions ['colcon_meta']
[0.311s] Level 1:colcon.colcon_core.package_identification:_identify(ros2_ws/src/hardware/xarm_ros2/xarm_description) by extension 'colcon_meta'
[0.311s] Level 1:colcon.colcon_core.package_identification:_identify(ros2_ws/src/hardware/xarm_ros2/xarm_description) by extensions ['ros']
[0.311s] Level 1:colcon.colcon_core.package_identification:_identify(ros2_ws/src/hardware/xarm_ros2/xarm_description) by extension 'ros'
[0.312s] DEBUG:colcon.colcon_core.package_identification:Package 'ros2_ws/src/hardware/xarm_ros2/xarm_description' with type 'ros.ament_cmake' and name 'xarm_description'
[0.312s] Level 1:colcon.colcon_core.package_identification:_identify(ros2_ws/src/hardware/xarm_ros2/xarm_msgs) by extensions ['ignore', 'ignore_ament_install']
[0.312s] Level 1:colcon.colcon_core.package_identification:_identify(ros2_ws/src/hardware/xarm_ros2/xarm_msgs) by extension 'ignore'
[0.312s] Level 1:colcon.colcon_core.package_identification:_identify(ros2_ws/src/hardware/xarm_ros2/xarm_msgs) by extension 'ignore_ament_install'
[0.312s] Level 1:colcon.colcon_core.package_identification:_identify(ros2_ws/src/hardware/xarm_ros2/xarm_msgs) by extensions ['colcon_pkg']
[0.313s] Level 1:colcon.colcon_core.package_identification:_identify(ros2_ws/src/hardware/xarm_ros2/xarm_msgs) by extension 'colcon_pkg'
[0.313s] Level 1:colcon.colcon_core.package_identification:_identify(ros2_ws/src/hardware/xarm_ros2/xarm_msgs) by extensions ['colcon_meta']
[0.313s] Level 1:colcon.colcon_core.package_identification:_identify(ros2_ws/src/hardware/xarm_ros2/xarm_msgs) by extension 'colcon_meta'
[0.313s] Level 1:colcon.colcon_core.package_identification:_identify(ros2_ws/src/hardware/xarm_ros2/xarm_msgs) by extensions ['ros']
[0.313s] Level 1:colcon.colcon_core.package_identification:_identify(ros2_ws/src/hardware/xarm_ros2/xarm_msgs) by extension 'ros'
[0.314s] DEBUG:colcon.colcon_core.package_identification:Package 'ros2_ws/src/hardware/xarm_ros2/xarm_msgs' with type 'ros.ament_cmake' and name 'xarm_msgs'
[0.314s] Level 1:colcon.colcon_core.package_identification:_identify(ros2_ws/src/hardware/xarm_ros2/xarm_sdk) by extensions ['ignore', 'ignore_ament_install']
[0.314s] Level 1:colcon.colcon_core.package_identification:_identify(ros2_ws/src/hardware/xarm_ros2/xarm_sdk) by extension 'ignore'
[0.314s] Level 1:colcon.colcon_core.package_identification:_identify(ros2_ws/src/hardware/xarm_ros2/xarm_sdk) by extension 'ignore_ament_install'
[0.314s] Level 1:colcon.colcon_core.package_identification:_identify(ros2_ws/src/hardware/xarm_ros2/xarm_sdk) by extensions ['colcon_pkg']
[0.314s] Level 1:colcon.colcon_core.package_identification:_identify(ros2_ws/src/hardware/xarm_ros2/xarm_sdk) by extension 'colcon_pkg'
[0.315s] Level 1:colcon.colcon_core.package_identification:_identify(ros2_ws/src/hardware/xarm_ros2/xarm_sdk) by extensions ['colcon_meta']
[0.315s] Level 1:colcon.colcon_core.package_identification:_identify(ros2_ws/src/hardware/xarm_ros2/xarm_sdk) by extension 'colcon_meta'
[0.315s] Level 1:colcon.colcon_core.package_identification:_identify(ros2_ws/src/hardware/xarm_ros2/xarm_sdk) by extensions ['ros']
[0.315s] Level 1:colcon.colcon_core.package_identification:_identify(ros2_ws/src/hardware/xarm_ros2/xarm_sdk) by extension 'ros'
[0.316s] DEBUG:colcon.colcon_core.package_identification:Package 'ros2_ws/src/hardware/xarm_ros2/xarm_sdk' with type 'ros.ament_cmake' and name 'xarm_sdk'
[0.316s] Level 1:colcon.colcon_core.package_identification:_identify(ros2_ws/src/hri) by extensions ['ignore', 'ignore_ament_install']
[0.316s] Level 1:colcon.colcon_core.package_identification:_identify(ros2_ws/src/hri) by extension 'ignore'
[0.316s] Level 1:colcon.colcon_core.package_identification:_identify(ros2_ws/src/hri) by extension 'ignore_ament_install'
[0.316s] Level 1:colcon.colcon_core.package_identification:_identify(ros2_ws/src/hri) by extensions ['colcon_pkg']
[0.316s] Level 1:colcon.colcon_core.package_identification:_identify(ros2_ws/src/hri) by extension 'colcon_pkg'
[0.316s] Level 1:colcon.colcon_core.package_identification:_identify(ros2_ws/src/hri) by extensions ['colcon_meta']
[0.316s] Level 1:colcon.colcon_core.package_identification:_identify(ros2_ws/src/hri) by extension 'colcon_meta'
[0.316s] Level 1:colcon.colcon_core.package_identification:_identify(ros2_ws/src/hri) by extensions ['ros']
[0.317s] Level 1:colcon.colcon_core.package_identification:_identify(ros2_ws/src/hri) by extension 'ros'
[0.317s] Level 1:colcon.colcon_core.package_identification:_identify(ros2_ws/src/hri) by extensions ['cmake', 'python']
[0.317s] Level 1:colcon.colcon_core.package_identification:_identify(ros2_ws/src/hri) by extension 'cmake'
[0.317s] Level 1:colcon.colcon_core.package_identification:_identify(ros2_ws/src/hri) by extension 'python'
[0.317s] Level 1:colcon.colcon_core.package_identification:_identify(ros2_ws/src/hri) by extensions ['python_setup_py']
[0.317s] Level 1:colcon.colcon_core.package_identification:_identify(ros2_ws/src/hri) by extension 'python_setup_py'
[0.317s] Level 1:colcon.colcon_core.package_identification:_identify(ros2_ws/src/hri/justina_gui) by extensions ['ignore', 'ignore_ament_install']
[0.317s] Level 1:colcon.colcon_core.package_identification:_identify(ros2_ws/src/hri/justina_gui) by extension 'ignore'
[0.317s] Level 1:colcon.colcon_core.package_identification:_identify(ros2_ws/src/hri/justina_gui) by extension 'ignore_ament_install'
[0.318s] Level 1:colcon.colcon_core.package_identification:_identify(ros2_ws/src/hri/justina_gui) by extensions ['colcon_pkg']
[0.318s] Level 1:colcon.colcon_core.package_identification:_identify(ros2_ws/src/hri/justina_gui) by extension 'colcon_pkg'
[0.318s] Level 1:colcon.colcon_core.package_identification:_identify(ros2_ws/src/hri/justina_gui) by extensions ['colcon_meta']
[0.318s] Level 1:colcon.colcon_core.package_identification:_identify(ros2_ws/src/hri/justina_gui) by extension 'colcon_meta'
[0.318s] Level 1:colcon.colcon_core.package_identification:_identify(ros2_ws/src/hri/justina_gui) by extensions ['ros']
[0.318s] Level 1:colcon.colcon_core.package_identification:_identify(ros2_ws/src/hri/justina_gui) by extension 'ros'
[0.319s] DEBUG:colcon.colcon_core.package_identification:Package 'ros2_ws/src/hri/justina_gui' with type 'ros.ament_cmake' and name 'justina_gui'
[0.319s] Level 1:colcon.colcon_core.package_identification:_identify(ros2_ws/src/navigation) by extensions ['ignore', 'ignore_ament_install']
[0.319s] Level 1:colcon.colcon_core.package_identification:_identify(ros2_ws/src/navigation) by extension 'ignore'
[0.319s] Level 1:colcon.colcon_core.package_identification:_identify(ros2_ws/src/navigation) by extension 'ignore_ament_install'
[0.319s] Level 1:colcon.colcon_core.package_identification:_identify(ros2_ws/src/navigation) by extensions ['colcon_pkg']
[0.320s] Level 1:colcon.colcon_core.package_identification:_identify(ros2_ws/src/navigation) by extension 'colcon_pkg'
[0.320s] Level 1:colcon.colcon_core.package_identification:_identify(ros2_ws/src/navigation) by extensions ['colcon_meta']
[0.320s] Level 1:colcon.colcon_core.package_identification:_identify(ros2_ws/src/navigation) by extension 'colcon_meta'
[0.320s] Level 1:colcon.colcon_core.package_identification:_identify(ros2_ws/src/navigation) by extensions ['ros']
[0.320s] Level 1:colcon.colcon_core.package_identification:_identify(ros2_ws/src/navigation) by extension 'ros'
[0.320s] Level 1:colcon.colcon_core.package_identification:_identify(ros2_ws/src/navigation) by extensions ['cmake', 'python']
[0.320s] Level 1:colcon.colcon_core.package_identification:_identify(ros2_ws/src/navigation) by extension 'cmake'
[0.320s] Level 1:colcon.colcon_core.package_identification:_identify(ros2_ws/src/navigation) by extension 'python'
[0.320s] Level 1:colcon.colcon_core.package_identification:_identify(ros2_ws/src/navigation) by extensions ['python_setup_py']
[0.320s] Level 1:colcon.colcon_core.package_identification:_identify(ros2_ws/src/navigation) by extension 'python_setup_py'
[0.321s] Level 1:colcon.colcon_core.package_identification:_identify(ros2_ws/src/navigation/map_augmenter) by extensions ['ignore', 'ignore_ament_install']
[0.321s] Level 1:colcon.colcon_core.package_identification:_identify(ros2_ws/src/navigation/map_augmenter) by extension 'ignore'
[0.321s] Level 1:colcon.colcon_core.package_identification:_identify(ros2_ws/src/navigation/map_augmenter) by extension 'ignore_ament_install'
[0.321s] Level 1:colcon.colcon_core.package_identification:_identify(ros2_ws/src/navigation/map_augmenter) by extensions ['colcon_pkg']
[0.321s] Level 1:colcon.colcon_core.package_identification:_identify(ros2_ws/src/navigation/map_augmenter) by extension 'colcon_pkg'
[0.321s] Level 1:colcon.colcon_core.package_identification:_identify(ros2_ws/src/navigation/map_augmenter) by extensions ['colcon_meta']
[0.321s] Level 1:colcon.colcon_core.package_identification:_identify(ros2_ws/src/navigation/map_augmenter) by extension 'colcon_meta'
[0.321s] Level 1:colcon.colcon_core.package_identification:_identify(ros2_ws/src/navigation/map_augmenter) by extensions ['ros']
[0.321s] Level 1:colcon.colcon_core.package_identification:_identify(ros2_ws/src/navigation/map_augmenter) by extension 'ros'
[0.322s] DEBUG:colcon.colcon_core.package_identification:Package 'ros2_ws/src/navigation/map_augmenter' with type 'ros.ament_python' and name 'map_augmenter'
[0.323s] Level 1:colcon.colcon_core.package_identification:_identify(ros2_ws/src/navigation/path_planner) by extensions ['ignore', 'ignore_ament_install']
[0.323s] Level 1:colcon.colcon_core.package_identification:_identify(ros2_ws/src/navigation/path_planner) by extension 'ignore'
[0.323s] Level 1:colcon.colcon_core.package_identification:_identify(ros2_ws/src/navigation/path_planner) by extension 'ignore_ament_install'
[0.323s] Level 1:colcon.colcon_core.package_identification:_identify(ros2_ws/src/navigation/path_planner) by extensions ['colcon_pkg']
[0.323s] Level 1:colcon.colcon_core.package_identification:_identify(ros2_ws/src/navigation/path_planner) by extension 'colcon_pkg'
[0.323s] Level 1:colcon.colcon_core.package_identification:_identify(ros2_ws/src/navigation/path_planner) by extensions ['colcon_meta']
[0.323s] Level 1:colcon.colcon_core.package_identification:_identify(ros2_ws/src/navigation/path_planner) by extension 'colcon_meta'
[0.323s] Level 1:colcon.colcon_core.package_identification:_identify(ros2_ws/src/navigation/path_planner) by extensions ['ros']
[0.323s] Level 1:colcon.colcon_core.package_identification:_identify(ros2_ws/src/navigation/path_planner) by extension 'ros'
[0.325s] DEBUG:colcon.colcon_core.package_identification:Package 'ros2_ws/src/navigation/path_planner' with type 'ros.ament_python' and name 'path_planner'
[0.325s] Level 1:colcon.colcon_core.package_identification:_identify(ros2_ws/src/navigation/simple_move) by extensions ['ignore', 'ignore_ament_install']
[0.325s] Level 1:colcon.colcon_core.package_identification:_identify(ros2_ws/src/navigation/simple_move) by extension 'ignore'
[0.325s] Level 1:colcon.colcon_core.package_identification:_identify(ros2_ws/src/navigation/simple_move) by extension 'ignore_ament_install'
[0.325s] Level 1:colcon.colcon_core.package_identification:_identify(ros2_ws/src/navigation/simple_move) by extensions ['colcon_pkg']
[0.325s] Level 1:colcon.colcon_core.package_identification:_identify(ros2_ws/src/navigation/simple_move) by extension 'colcon_pkg'
[0.325s] Level 1:colcon.colcon_core.package_identification:_identify(ros2_ws/src/navigation/simple_move) by extensions ['colcon_meta']
[0.325s] Level 1:colcon.colcon_core.package_identification:_identify(ros2_ws/src/navigation/simple_move) by extension 'colcon_meta'
[0.326s] Level 1:colcon.colcon_core.package_identification:_identify(ros2_ws/src/navigation/simple_move) by extensions ['ros']
[0.326s] Level 1:colcon.colcon_core.package_identification:_identify(ros2_ws/src/navigation/simple_move) by extension 'ros'
[0.327s] DEBUG:colcon.colcon_core.package_identification:Package 'ros2_ws/src/navigation/simple_move' with type 'ros.ament_python' and name 'simple_move'
[0.327s] Level 1:colcon.colcon_core.package_discovery:discover_packages(recursive) using defaults
[0.327s] Level 1:colcon.colcon_core.package_discovery:discover_packages(ignore) discover
[0.327s] Level 1:colcon.colcon_core.package_discovery:discover_packages(ignore) using defaults
[0.327s] Level 1:colcon.colcon_core.package_discovery:discover_packages(path) discover
[0.327s] Level 1:colcon.colcon_core.package_discovery:discover_packages(path) using defaults
[0.355s] Level 1:colcon.colcon_core.package_discovery:discover_packages(prefix_path) check parameters
[0.355s] Level 1:colcon.colcon_core.package_discovery:discover_packages(prefix_path) discover
[0.359s] DEBUG:colcon.colcon_installed_package_information.package_discovery:Found 13 installed packages in /home/catcyber02/Mobile-Robots-2026-1/ros2_ws/install
[0.362s] DEBUG:colcon.colcon_installed_package_information.package_discovery:Found 386 installed packages in /opt/ros/jazzy
[0.364s] Level 1:colcon.colcon_core.package_discovery:discover_packages(prefix_path) using defaults
[0.440s] Level 5:colcon.colcon_core.verb:set package 'config_files' build argument 'cmake_args' from command line to 'None'
[0.440s] Level 5:colcon.colcon_core.verb:set package 'config_files' build argument 'cmake_target' from command line to 'None'
[0.440s] Level 5:colcon.colcon_core.verb:set package 'config_files' build argument 'cmake_target_skip_unavailable' from command line to 'False'
[0.440s] Level 5:colcon.colcon_core.verb:set package 'config_files' build argument 'cmake_clean_cache' from command line to 'False'
[0.440s] Level 5:colcon.colcon_core.verb:set package 'config_files' build argument 'cmake_clean_first' from command line to 'False'
[0.440s] Level 5:colcon.colcon_core.verb:set package 'config_files' build argument 'cmake_force_configure' from command line to 'False'
[0.440s] Level 5:colcon.colcon_core.verb:set package 'config_files' build argument 'ament_cmake_args' from command line to 'None'
[0.440s] Level 5:colcon.colcon_core.verb:set package 'config_files' build argument 'catkin_cmake_args' from command line to 'None'
[0.440s] Level 5:colcon.colcon_core.verb:set package 'config_files' build argument 'catkin_skip_building_tests' from command line to 'False'
[0.440s] DEBUG:colcon.colcon_core.verb:Building package 'config_files' with the following arguments: {'ament_cmake_args': None, 'build_base': '/home/catcyber02/Mobile-Robots-2026-1/build/config_files', 'catkin_cmake_args': None, 'catkin_skip_building_tests': False, 'cmake_args': None, 'cmake_clean_cache': False, 'cmake_clean_first': False, 'cmake_force_configure': False, 'cmake_target': None, 'cmake_target_skip_unavailable': False, 'install_base': '/home/catcyber02/Mobile-Robots-2026-1/install/config_files', 'merge_install': False, 'path': '/home/catcyber02/Mobile-Robots-2026-1/ros2_ws/src/config_files', 'symlink_install': False, 'test_result_base': None}
[0.441s] Level 5:colcon.colcon_core.verb:set package 'gazebo_envs' build argument 'cmake_args' from command line to 'None'
[0.441s] Level 5:colcon.colcon_core.verb:set package 'gazebo_envs' build argument 'cmake_target' from command line to 'None'
[0.441s] Level 5:colcon.colcon_core.verb:set package 'gazebo_envs' build argument 'cmake_target_skip_unavailable' from command line to 'False'
[0.441s] Level 5:colcon.colcon_core.verb:set package 'gazebo_envs' build argument 'cmake_clean_cache' from command line to 'False'
[0.441s] Level 5:colcon.colcon_core.verb:set package 'gazebo_envs' build argument 'cmake_clean_first' from command line to 'False'
[0.441s] Level 5:colcon.colcon_core.verb:set package 'gazebo_envs' build argument 'cmake_force_configure' from command line to 'False'
[0.441s] Level 5:colcon.colcon_core.verb:set package 'gazebo_envs' build argument 'ament_cmake_args' from command line to 'None'
[0.442s] Level 5:colcon.colcon_core.verb:set package 'gazebo_envs' build argument 'catkin_cmake_args' from command line to 'None'
[0.442s] Level 5:colcon.colcon_core.verb:set package 'gazebo_envs' build argument 'catkin_skip_building_tests' from command line to 'False'
[0.442s] DEBUG:colcon.colcon_core.verb:Building package 'gazebo_envs' with the following arguments: {'ament_cmake_args': None, 'build_base': '/home/catcyber02/Mobile-Robots-2026-1/build/gazebo_envs', 'catkin_cmake_args': None, 'catkin_skip_building_tests': False, 'cmake_args': None, 'cmake_clean_cache': False, 'cmake_clean_first': False, 'cmake_force_configure': False, 'cmake_target': None, 'cmake_target_skip_unavailable': False, 'install_base': '/home/catcyber02/Mobile-Robots-2026-1/install/gazebo_envs', 'merge_install': False, 'path': '/home/catcyber02/Mobile-Robots-2026-1/ros2_ws/src/hardware/gazebo_envs', 'symlink_install': False, 'test_result_base': None}
[0.442s] Level 5:colcon.colcon_core.verb:set package 'justina_description' build argument 'cmake_args' from command line to 'None'
[0.442s] Level 5:colcon.colcon_core.verb:set package 'justina_description' build argument 'cmake_target' from command line to 'None'
[0.442s] Level 5:colcon.colcon_core.verb:set package 'justina_description' build argument 'cmake_target_skip_unavailable' from command line to 'False'
[0.442s] Level 5:colcon.colcon_core.verb:set package 'justina_description' build argument 'cmake_clean_cache' from command line to 'False'
[0.443s] Level 5:colcon.colcon_core.verb:set package 'justina_description' build argument 'cmake_clean_first' from command line to 'False'
[0.443s] Level 5:colcon.colcon_core.verb:set package 'justina_description' build argument 'cmake_force_configure' from command line to 'False'
[0.443s] Level 5:colcon.colcon_core.verb:set package 'justina_description' build argument 'ament_cmake_args' from command line to 'None'
[0.443s] Level 5:colcon.colcon_core.verb:set package 'justina_description' build argument 'catkin_cmake_args' from command line to 'None'
[0.443s] Level 5:colcon.colcon_core.verb:set package 'justina_description' build argument 'catkin_skip_building_tests' from command line to 'False'
[0.443s] DEBUG:colcon.colcon_core.verb:Building package 'justina_description' with the following arguments: {'ament_cmake_args': None, 'build_base': '/home/catcyber02/Mobile-Robots-2026-1/build/justina_description', 'catkin_cmake_args': None, 'catkin_skip_building_tests': False, 'cmake_args': None, 'cmake_clean_cache': False, 'cmake_clean_first': False, 'cmake_force_configure': False, 'cmake_target': None, 'cmake_target_skip_unavailable': False, 'install_base': '/home/catcyber02/Mobile-Robots-2026-1/install/justina_description', 'merge_install': False, 'path': '/home/catcyber02/Mobile-Robots-2026-1/ros2_ws/src/hardware/justina_description', 'symlink_install': False, 'test_result_base': None}
[0.443s] Level 5:colcon.colcon_core.verb:set package 'justina_gui' build argument 'cmake_args' from command line to 'None'
[0.444s] Level 5:colcon.colcon_core.verb:set package 'justina_gui' build argument 'cmake_target' from command line to 'None'
[0.444s] Level 5:colcon.colcon_core.verb:set package 'justina_gui' build argument 'cmake_target_skip_unavailable' from command line to 'False'
[0.444s] Level 5:colcon.colcon_core.verb:set package 'justina_gui' build argument 'cmake_clean_cache' from command line to 'False'
[0.444s] Level 5:colcon.colcon_core.verb:set package 'justina_gui' build argument 'cmake_clean_first' from command line to 'False'
[0.444s] Level 5:colcon.colcon_core.verb:set package 'justina_gui' build argument 'cmake_force_configure' from command line to 'False'
[0.444s] Level 5:colcon.colcon_core.verb:set package 'justina_gui' build argument 'ament_cmake_args' from command line to 'None'
[0.444s] Level 5:colcon.colcon_core.verb:set package 'justina_gui' build argument 'catkin_cmake_args' from command line to 'None'
[0.444s] Level 5:colcon.colcon_core.verb:set package 'justina_gui' build argument 'catkin_skip_building_tests' from command line to 'False'
[0.444s] DEBUG:colcon.colcon_core.verb:Building package 'justina_gui' with the following arguments: {'ament_cmake_args': None, 'build_base': '/home/catcyber02/Mobile-Robots-2026-1/build/justina_gui', 'catkin_cmake_args': None, 'catkin_skip_building_tests': False, 'cmake_args': None, 'cmake_clean_cache': False, 'cmake_clean_first': False, 'cmake_force_configure': False, 'cmake_target': None, 'cmake_target_skip_unavailable': False, 'install_base': '/home/catcyber02/Mobile-Robots-2026-1/install/justina_gui', 'merge_install': False, 'path': '/home/catcyber02/Mobile-Robots-2026-1/ros2_ws/src/hri/justina_gui', 'symlink_install': False, 'test_result_base': None}
[0.445s] Level 5:colcon.colcon_core.verb:set package 'map_augmenter' build argument 'cmake_args' from command line to 'None'
[0.445s] Level 5:colcon.colcon_core.verb:set package 'map_augmenter' build argument 'cmake_target' from command line to 'None'
[0.445s] Level 5:colcon.colcon_core.verb:set package 'map_augmenter' build argument 'cmake_target_skip_unavailable' from command line to 'False'
[0.445s] Level 5:colcon.colcon_core.verb:set package 'map_augmenter' build argument 'cmake_clean_cache' from command line to 'False'
[0.445s] Level 5:colcon.colcon_core.verb:set package 'map_augmenter' build argument 'cmake_clean_first' from command line to 'False'
[0.445s] Level 5:colcon.colcon_core.verb:set package 'map_augmenter' build argument 'cmake_force_configure' from command line to 'False'
[0.445s] Level 5:colcon.colcon_core.verb:set package 'map_augmenter' build argument 'ament_cmake_args' from command line to 'None'
[0.445s] Level 5:colcon.colcon_core.verb:set package 'map_augmenter' build argument 'catkin_cmake_args' from command line to 'None'
[0.445s] Level 5:colcon.colcon_core.verb:set package 'map_augmenter' build argument 'catkin_skip_building_tests' from command line to 'False'
[0.445s] DEBUG:colcon.colcon_core.verb:Building package 'map_augmenter' with the following arguments: {'ament_cmake_args': None, 'build_base': '/home/catcyber02/Mobile-Robots-2026-1/build/map_augmenter', 'catkin_cmake_args': None, 'catkin_skip_building_tests': False, 'cmake_args': None, 'cmake_clean_cache': False, 'cmake_clean_first': False, 'cmake_force_configure': False, 'cmake_target': None, 'cmake_target_skip_unavailable': False, 'install_base': '/home/catcyber02/Mobile-Robots-2026-1/install/map_augmenter', 'merge_install': False, 'path': '/home/catcyber02/Mobile-Robots-2026-1/ros2_ws/src/navigation/map_augmenter', 'symlink_install': False, 'test_result_base': None}
[0.446s] Level 5:colcon.colcon_core.verb:set package 'path_planner' build argument 'cmake_args' from command line to 'None'
[0.446s] Level 5:colcon.colcon_core.verb:set package 'path_planner' build argument 'cmake_target' from command line to 'None'
[0.446s] Level 5:colcon.colcon_core.verb:set package 'path_planner' build argument 'cmake_target_skip_unavailable' from command line to 'False'
[0.446s] Level 5:colcon.colcon_core.verb:set package 'path_planner' build argument 'cmake_clean_cache' from command line to 'False'
[0.446s] Level 5:colcon.colcon_core.verb:set package 'path_planner' build argument 'cmake_clean_first' from command line to 'False'
[0.446s] Level 5:colcon.colcon_core.verb:set package 'path_planner' build argument 'cmake_force_configure' from command line to 'False'
[0.446s] Level 5:colcon.colcon_core.verb:set package 'path_planner' build argument 'ament_cmake_args' from command line to 'None'
[0.446s] Level 5:colcon.colcon_core.verb:set package 'path_planner' build argument 'catkin_cmake_args' from command line to 'None'
[0.446s] Level 5:colcon.colcon_core.verb:set package 'path_planner' build argument 'catkin_skip_building_tests' from command line to 'False'
[0.446s] DEBUG:colcon.colcon_core.verb:Building package 'path_planner' with the following arguments: {'ament_cmake_args': None, 'build_base': '/home/catcyber02/Mobile-Robots-2026-1/build/path_planner', 'catkin_cmake_args': None, 'catkin_skip_building_tests': False, 'cmake_args': None, 'cmake_clean_cache': False, 'cmake_clean_first': False, 'cmake_force_configure': False, 'cmake_target': None, 'cmake_target_skip_unavailable': False, 'install_base': '/home/catcyber02/Mobile-Robots-2026-1/install/path_planner', 'merge_install': False, 'path': '/home/catcyber02/Mobile-Robots-2026-1/ros2_ws/src/navigation/path_planner', 'symlink_install': False, 'test_result_base': None}
[0.447s] Level 5:colcon.colcon_core.verb:set package 'simple_move' build argument 'cmake_args' from command line to 'None'
[0.447s] Level 5:colcon.colcon_core.verb:set package 'simple_move' build argument 'cmake_target' from command line to 'None'
[0.447s] Level 5:colcon.colcon_core.verb:set package 'simple_move' build argument 'cmake_target_skip_unavailable' from command line to 'False'
[0.447s] Level 5:colcon.colcon_core.verb:set package 'simple_move' build argument 'cmake_clean_cache' from command line to 'False'
[0.447s] Level 5:colcon.colcon_core.verb:set package 'simple_move' build argument 'cmake_clean_first' from command line to 'False'
[0.447s] Level 5:colcon.colcon_core.verb:set package 'simple_move' build argument 'cmake_force_configure' from command line to 'False'
[0.447s] Level 5:colcon.colcon_core.verb:set package 'simple_move' build argument 'ament_cmake_args' from command line to 'None'
[0.447s] Level 5:colcon.colcon_core.verb:set package 'simple_move' build argument 'catkin_cmake_args' from command line to 'None'
[0.447s] Level 5:colcon.colcon_core.verb:set package 'simple_move' build argument 'catkin_skip_building_tests' from command line to 'False'
[0.448s] DEBUG:colcon.colcon_core.verb:Building package 'simple_move' with the following arguments: {'ament_cmake_args': None, 'build_base': '/home/catcyber02/Mobile-Robots-2026-1/build/simple_move', 'catkin_cmake_args': None, 'catkin_skip_building_tests': False, 'cmake_args': None, 'cmake_clean_cache': False, 'cmake_clean_first': False, 'cmake_force_configure': False, 'cmake_target': None, 'cmake_target_skip_unavailable': False, 'install_base': '/home/catcyber02/Mobile-Robots-2026-1/install/simple_move', 'merge_install': False, 'path': '/home/catcyber02/Mobile-Robots-2026-1/ros2_ws/src/navigation/simple_move', 'symlink_install': False, 'test_result_base': None}
[0.448s] Level 5:colcon.colcon_core.verb:set package 'uf_ros_lib' build argument 'cmake_args' from command line to 'None'
[0.448s] Level 5:colcon.colcon_core.verb:set package 'uf_ros_lib' build argument 'cmake_target' from command line to 'None'
[0.448s] Level 5:colcon.colcon_core.verb:set package 'uf_ros_lib' build argument 'cmake_target_skip_unavailable' from command line to 'False'
[0.448s] Level 5:colcon.colcon_core.verb:set package 'uf_ros_lib' build argument 'cmake_clean_cache' from command line to 'False'
[0.448s] Level 5:colcon.colcon_core.verb:set package 'uf_ros_lib' build argument 'cmake_clean_first' from command line to 'False'
[0.448s] Level 5:colcon.colcon_core.verb:set package 'uf_ros_lib' build argument 'cmake_force_configure' from command line to 'False'
[0.448s] Level 5:colcon.colcon_core.verb:set package 'uf_ros_lib' build argument 'ament_cmake_args' from command line to 'None'
[0.449s] Level 5:colcon.colcon_core.verb:set package 'uf_ros_lib' build argument 'catkin_cmake_args' from command line to 'None'
[0.449s] Level 5:colcon.colcon_core.verb:set package 'uf_ros_lib' build argument 'catkin_skip_building_tests' from command line to 'False'
[0.449s] DEBUG:colcon.colcon_core.verb:Building package 'uf_ros_lib' with the following arguments: {'ament_cmake_args': None, 'build_base': '/home/catcyber02/Mobile-Robots-2026-1/build/uf_ros_lib', 'catkin_cmake_args': None, 'catkin_skip_building_tests': False, 'cmake_args': None, 'cmake_clean_cache': False, 'cmake_clean_first': False, 'cmake_force_configure': False, 'cmake_target': None, 'cmake_target_skip_unavailable': False, 'install_base': '/home/catcyber02/Mobile-Robots-2026-1/install/uf_ros_lib', 'merge_install': False, 'path': '/home/catcyber02/Mobile-Robots-2026-1/ros2_ws/src/hardware/xarm_ros2/uf_ros_lib', 'symlink_install': False, 'test_result_base': None}
[0.449s] Level 5:colcon.colcon_core.verb:set package 'xarm_description' build argument 'cmake_args' from command line to 'None'
[0.449s] Level 5:colcon.colcon_core.verb:set package 'xarm_description' build argument 'cmake_target' from command line to 'None'
[0.449s] Level 5:colcon.colcon_core.verb:set package 'xarm_description' build argument 'cmake_target_skip_unavailable' from command line to 'False'
[0.449s] Level 5:colcon.colcon_core.verb:set package 'xarm_description' build argument 'cmake_clean_cache' from command line to 'False'
[0.450s] Level 5:colcon.colcon_core.verb:set package 'xarm_description' build argument 'cmake_clean_first' from command line to 'False'
[0.450s] Level 5:colcon.colcon_core.verb:set package 'xarm_description' build argument 'cmake_force_configure' from command line to 'False'
[0.450s] Level 5:colcon.colcon_core.verb:set package 'xarm_description' build argument 'ament_cmake_args' from command line to 'None'
[0.450s] Level 5:colcon.colcon_core.verb:set package 'xarm_description' build argument 'catkin_cmake_args' from command line to 'None'
[0.450s] Level 5:colcon.colcon_core.verb:set package 'xarm_description' build argument 'catkin_skip_building_tests' from command line to 'False'
[0.450s] DEBUG:colcon.colcon_core.verb:Building package 'xarm_description' with the following arguments: {'ament_cmake_args': None, 'build_base': '/home/catcyber02/Mobile-Robots-2026-1/build/xarm_description', 'catkin_cmake_args': None, 'catkin_skip_building_tests': False, 'cmake_args': None, 'cmake_clean_cache': False, 'cmake_clean_first': False, 'cmake_force_configure': False, 'cmake_target': None, 'cmake_target_skip_unavailable': False, 'install_base': '/home/catcyber02/Mobile-Robots-2026-1/install/xarm_description', 'merge_install': False, 'path': '/home/catcyber02/Mobile-Robots-2026-1/ros2_ws/src/hardware/xarm_ros2/xarm_description', 'symlink_install': False, 'test_result_base': None}
[0.450s] Level 5:colcon.colcon_core.verb:set package 'xarm_msgs' build argument 'cmake_args' from command line to 'None'
[0.450s] Level 5:colcon.colcon_core.verb:set package 'xarm_msgs' build argument 'cmake_target' from command line to 'None'
[0.451s] Level 5:colcon.colcon_core.verb:set package 'xarm_msgs' build argument 'cmake_target_skip_unavailable' from command line to 'False'
[0.451s] Level 5:colcon.colcon_core.verb:set package 'xarm_msgs' build argument 'cmake_clean_cache' from command line to 'False'
[0.451s] Level 5:colcon.colcon_core.verb:set package 'xarm_msgs' build argument 'cmake_clean_first' from command line to 'False'
[0.451s] Level 5:colcon.colcon_core.verb:set package 'xarm_msgs' build argument 'cmake_force_configure' from command line to 'False'
[0.451s] Level 5:colcon.colcon_core.verb:set package 'xarm_msgs' build argument 'ament_cmake_args' from command line to 'None'
[0.451s] Level 5:colcon.colcon_core.verb:set package 'xarm_msgs' build argument 'catkin_cmake_args' from command line to 'None'
[0.451s] Level 5:colcon.colcon_core.verb:set package 'xarm_msgs' build argument 'catkin_skip_building_tests' from command line to 'False'
[0.451s] DEBUG:colcon.colcon_core.verb:Building package 'xarm_msgs' with the following arguments: {'ament_cmake_args': None, 'build_base': '/home/catcyber02/Mobile-Robots-2026-1/build/xarm_msgs', 'catkin_cmake_args': None, 'catkin_skip_building_tests': False, 'cmake_args': None, 'cmake_clean_cache': False, 'cmake_clean_first': False, 'cmake_force_configure': False, 'cmake_target': None, 'cmake_target_skip_unavailable': False, 'install_base': '/home/catcyber02/Mobile-Robots-2026-1/install/xarm_msgs', 'merge_install': False, 'path': '/home/catcyber02/Mobile-Robots-2026-1/ros2_ws/src/hardware/xarm_ros2/xarm_msgs', 'symlink_install': False, 'test_result_base': None}
[0.452s] Level 5:colcon.colcon_core.verb:set package 'xarm_sdk' build argument 'cmake_args' from command line to 'None'
[0.452s] Level 5:colcon.colcon_core.verb:set package 'xarm_sdk' build argument 'cmake_target' from command line to 'None'
[0.452s] Level 5:colcon.colcon_core.verb:set package 'xarm_sdk' build argument 'cmake_target_skip_unavailable' from command line to 'False'
[0.452s] Level 5:colcon.colcon_core.verb:set package 'xarm_sdk' build argument 'cmake_clean_cache' from command line to 'False'
[0.452s] Level 5:colcon.colcon_core.verb:set package 'xarm_sdk' build argument 'cmake_clean_first' from command line to 'False'
[0.452s] Level 5:colcon.colcon_core.verb:set package 'xarm_sdk' build argument 'cmake_force_configure' from command line to 'False'
[0.452s] Level 5:colcon.colcon_core.verb:set package 'xarm_sdk' build argument 'ament_cmake_args' from command line to 'None'
[0.452s] Level 5:colcon.colcon_core.verb:set package 'xarm_sdk' build argument 'catkin_cmake_args' from command line to 'None'
[0.452s] Level 5:colcon.colcon_core.verb:set package 'xarm_sdk' build argument 'catkin_skip_building_tests' from command line to 'False'
[0.452s] DEBUG:colcon.colcon_core.verb:Building package 'xarm_sdk' with the following arguments: {'ament_cmake_args': None, 'build_base': '/home/catcyber02/Mobile-Robots-2026-1/build/xarm_sdk', 'catkin_cmake_args': None, 'catkin_skip_building_tests': False, 'cmake_args': None, 'cmake_clean_cache': False, 'cmake_clean_first': False, 'cmake_force_configure': False, 'cmake_target': None, 'cmake_target_skip_unavailable': False, 'install_base': '/home/catcyber02/Mobile-Robots-2026-1/install/xarm_sdk', 'merge_install': False, 'path': '/home/catcyber02/Mobile-Robots-2026-1/ros2_ws/src/hardware/xarm_ros2/xarm_sdk', 'symlink_install': False, 'test_result_base': None}
[0.453s] Level 5:colcon.colcon_core.verb:set package 'xarm_api' build argument 'cmake_args' from command line to 'None'
[0.453s] Level 5:colcon.colcon_core.verb:set package 'xarm_api' build argument 'cmake_target' from command line to 'None'
[0.453s] Level 5:colcon.colcon_core.verb:set package 'xarm_api' build argument 'cmake_target_skip_unavailable' from command line to 'False'
[0.453s] Level 5:colcon.colcon_core.verb:set package 'xarm_api' build argument 'cmake_clean_cache' from command line to 'False'
[0.453s] Level 5:colcon.colcon_core.verb:set package 'xarm_api' build argument 'cmake_clean_first' from command line to 'False'
[0.453s] Level 5:colcon.colcon_core.verb:set package 'xarm_api' build argument 'cmake_force_configure' from command line to 'False'
[0.453s] Level 5:colcon.colcon_core.verb:set package 'xarm_api' build argument 'ament_cmake_args' from command line to 'None'
[0.453s] Level 5:colcon.colcon_core.verb:set package 'xarm_api' build argument 'catkin_cmake_args' from command line to 'None'
[0.453s] Level 5:colcon.colcon_core.verb:set package 'xarm_api' build argument 'catkin_skip_building_tests' from command line to 'False'
[0.453s] DEBUG:colcon.colcon_core.verb:Building package 'xarm_api' with the following arguments: {'ament_cmake_args': None, 'build_base': '/home/catcyber02/Mobile-Robots-2026-1/build/xarm_api', 'catkin_cmake_args': None, 'catkin_skip_building_tests': False, 'cmake_args': None, 'cmake_clean_cache': False, 'cmake_clean_first': False, 'cmake_force_configure': False, 'cmake_target': None, 'cmake_target_skip_unavailable': False, 'install_base': '/home/catcyber02/Mobile-Robots-2026-1/install/xarm_api', 'merge_install': False, 'path': '/home/catcyber02/Mobile-Robots-2026-1/ros2_ws/src/hardware/xarm_ros2/xarm_api', 'symlink_install': False, 'test_result_base': None}
[0.454s] Level 5:colcon.colcon_core.verb:set package 'xarm_controller' build argument 'cmake_args' from command line to 'None'
[0.454s] Level 5:colcon.colcon_core.verb:set package 'xarm_controller' build argument 'cmake_target' from command line to 'None'
[0.454s] Level 5:colcon.colcon_core.verb:set package 'xarm_controller' build argument 'cmake_target_skip_unavailable' from command line to 'False'
[0.454s] Level 5:colcon.colcon_core.verb:set package 'xarm_controller' build argument 'cmake_clean_cache' from command line to 'False'
[0.454s] Level 5:colcon.colcon_core.verb:set package 'xarm_controller' build argument 'cmake_clean_first' from command line to 'False'
[0.454s] Level 5:colcon.colcon_core.verb:set package 'xarm_controller' build argument 'cmake_force_configure' from command line to 'False'
[0.454s] Level 5:colcon.colcon_core.verb:set package 'xarm_controller' build argument 'ament_cmake_args' from command line to 'None'
[0.454s] Level 5:colcon.colcon_core.verb:set package 'xarm_controller' build argument 'catkin_cmake_args' from command line to 'None'
[0.454s] Level 5:colcon.colcon_core.verb:set package 'xarm_controller' build argument 'catkin_skip_building_tests' from command line to 'False'
[0.454s] DEBUG:colcon.colcon_core.verb:Building package 'xarm_controller' with the following arguments: {'ament_cmake_args': None, 'build_base': '/home/catcyber02/Mobile-Robots-2026-1/build/xarm_controller', 'catkin_cmake_args': None, 'catkin_skip_building_tests': False, 'cmake_args': None, 'cmake_clean_cache': False, 'cmake_clean_first': False, 'cmake_force_configure': False, 'cmake_target': None, 'cmake_target_skip_unavailable': False, 'install_base': '/home/catcyber02/Mobile-Robots-2026-1/install/xarm_controller', 'merge_install': False, 'path': '/home/catcyber02/Mobile-Robots-2026-1/ros2_ws/src/hardware/xarm_ros2/xarm_controller', 'symlink_install': False, 'test_result_base': None}
[0.455s] INFO:colcon.colcon_core.executor:Executing jobs using 'parallel' executor
[0.456s] DEBUG:colcon.colcon_parallel_executor.executor.parallel:run_until_complete
[0.457s] INFO:colcon.colcon_ros.task.ament_cmake.build:Building ROS package in '/home/catcyber02/Mobile-Robots-2026-1/ros2_ws/src/hardware/xarm_ros2/xarm_description' with build type 'ament_cmake'
[0.458s] INFO:colcon.colcon_cmake.task.cmake.build:Building CMake package in '/home/catcyber02/Mobile-Robots-2026-1/ros2_ws/src/hardware/xarm_ros2/xarm_description'
[0.462s] INFO:colcon.colcon_core.plugin_system:Skipping extension 'colcon_core.shell.bat': Not used on non-Windows systems
[0.462s] INFO:colcon.colcon_core.shell:Skip shell extension 'powershell' for command environment: Not usable outside of PowerShell
[0.462s] DEBUG:colcon.colcon_core.shell:Skip shell extension 'dsv' for command environment
[0.470s] INFO:colcon.colcon_ros.task.ament_cmake.build:Building ROS package in '/home/catcyber02/Mobile-Robots-2026-1/ros2_ws/src/hardware/xarm_ros2/xarm_msgs' with build type 'ament_cmake'
[0.471s] INFO:colcon.colcon_cmake.task.cmake.build:Building CMake package in '/home/catcyber02/Mobile-Robots-2026-1/ros2_ws/src/hardware/xarm_ros2/xarm_msgs'
[0.471s] INFO:colcon.colcon_core.shell:Skip shell extension 'powershell' for command environment: Not usable outside of PowerShell
[0.471s] DEBUG:colcon.colcon_core.shell:Skip shell extension 'dsv' for command environment
[0.479s] INFO:colcon.colcon_ros.task.ament_cmake.build:Building ROS package in '/home/catcyber02/Mobile-Robots-2026-1/ros2_ws/src/hardware/xarm_ros2/xarm_sdk' with build type 'ament_cmake'
[0.479s] INFO:colcon.colcon_cmake.task.cmake.build:Building CMake package in '/home/catcyber02/Mobile-Robots-2026-1/ros2_ws/src/hardware/xarm_ros2/xarm_sdk'
[0.479s] INFO:colcon.colcon_core.shell:Skip shell extension 'powershell' for command environment: Not usable outside of PowerShell
[0.479s] DEBUG:colcon.colcon_core.shell:Skip shell extension 'dsv' for command environment
[0.487s] INFO:colcon.colcon_ros.task.ament_cmake.build:Building ROS package in '/home/catcyber02/Mobile-Robots-2026-1/ros2_ws/src/config_files' with build type 'ament_cmake'
[0.487s] INFO:colcon.colcon_cmake.task.cmake.build:Building CMake package in '/home/catcyber02/Mobile-Robots-2026-1/ros2_ws/src/config_files'
[0.487s] INFO:colcon.colcon_core.shell:Skip shell extension 'powershell' for command environment: Not usable outside of PowerShell
[0.487s] DEBUG:colcon.colcon_core.shell:Skip shell extension 'dsv' for command environment
[0.494s] INFO:colcon.colcon_ros.task.ament_cmake.build:Building ROS package in '/home/catcyber02/Mobile-Robots-2026-1/ros2_ws/src/hardware/gazebo_envs' with build type 'ament_cmake'
[0.495s] INFO:colcon.colcon_cmake.task.cmake.build:Building CMake package in '/home/catcyber02/Mobile-Robots-2026-1/ros2_ws/src/hardware/gazebo_envs'
[0.495s] INFO:colcon.colcon_core.shell:Skip shell extension 'powershell' for command environment: Not usable outside of PowerShell
[0.495s] DEBUG:colcon.colcon_core.shell:Skip shell extension 'dsv' for command environment
[0.502s] INFO:colcon.colcon_ros.task.ament_cmake.build:Building ROS package in '/home/catcyber02/Mobile-Robots-2026-1/ros2_ws/src/hardware/justina_description' with build type 'ament_cmake'
[0.503s] INFO:colcon.colcon_cmake.task.cmake.build:Building CMake package in '/home/catcyber02/Mobile-Robots-2026-1/ros2_ws/src/hardware/justina_description'
[0.503s] INFO:colcon.colcon_core.shell:Skip shell extension 'powershell' for command environment: Not usable outside of PowerShell
[0.503s] DEBUG:colcon.colcon_core.shell:Skip shell extension 'dsv' for command environment
[0.510s] INFO:colcon.colcon_ros.task.ament_cmake.build:Building ROS package in '/home/catcyber02/Mobile-Robots-2026-1/ros2_ws/src/hri/justina_gui' with build type 'ament_cmake'
[0.510s] INFO:colcon.colcon_cmake.task.cmake.build:Building CMake package in '/home/catcyber02/Mobile-Robots-2026-1/ros2_ws/src/hri/justina_gui'
[0.510s] INFO:colcon.colcon_core.shell:Skip shell extension 'powershell' for command environment: Not usable outside of PowerShell
[0.510s] DEBUG:colcon.colcon_core.shell:Skip shell extension 'dsv' for command environment
[0.518s] INFO:colcon.colcon_ros.task.ament_python.build:Building ROS package in '/home/catcyber02/Mobile-Robots-2026-1/ros2_ws/src/navigation/map_augmenter' with build type 'ament_python'
[0.518s] Level 1:colcon.colcon_core.shell:create_environment_hook('map_augmenter', 'ament_prefix_path')
[0.518s] INFO:colcon.colcon_core.shell:Creating environment hook '/home/catcyber02/Mobile-Robots-2026-1/install/map_augmenter/share/map_augmenter/hook/ament_prefix_path.ps1'
[0.519s] INFO:colcon.colcon_core.shell:Creating environment descriptor '/home/catcyber02/Mobile-Robots-2026-1/install/map_augmenter/share/map_augmenter/hook/ament_prefix_path.dsv'
[0.520s] INFO:colcon.colcon_core.shell:Creating environment hook '/home/catcyber02/Mobile-Robots-2026-1/install/map_augmenter/share/map_augmenter/hook/ament_prefix_path.sh'
[0.521s] INFO:colcon.colcon_core.shell:Skip shell extension 'powershell' for command environment: Not usable outside of PowerShell
[0.521s] DEBUG:colcon.colcon_core.shell:Skip shell extension 'dsv' for command environment
[0.536s] DEBUG:colcon.colcon_core.event_handler.log_command:Invoking command in '/home/catcyber02/Mobile-Robots-2026-1/build/xarm_description': CMAKE_PREFIX_PATH=${CMAKE_PREFIX_PATH}:/home/catcyber02/Mobile-Robots-2026-1/ros2_ws/install/uf_ros_lib:/home/catcyber02/Mobile-Robots-2026-1/ros2_ws/install/simple_move:/home/catcyber02/Mobile-Robots-2026-1/ros2_ws/install/path_planner:/home/catcyber02/Mobile-Robots-2026-1/ros2_ws/install/map_augmenter:/opt/ros/jazzy DEBUGINFOD_URLS=https://debuginfod.ubuntu.com /usr/bin/cmake --build /home/catcyber02/Mobile-Robots-2026-1/build/xarm_description -- -j8 -l8
[0.540s] DEBUG:colcon.colcon_core.event_handler.log_command:Invoking command in '/home/catcyber02/Mobile-Robots-2026-1/build/xarm_msgs': CMAKE_PREFIX_PATH=${CMAKE_PREFIX_PATH}:/home/catcyber02/Mobile-Robots-2026-1/ros2_ws/install/uf_ros_lib:/home/catcyber02/Mobile-Robots-2026-1/ros2_ws/install/simple_move:/home/catcyber02/Mobile-Robots-2026-1/ros2_ws/install/path_planner:/home/catcyber02/Mobile-Robots-2026-1/ros2_ws/install/map_augmenter:/opt/ros/jazzy DEBUGINFOD_URLS=https://debuginfod.ubuntu.com /usr/bin/cmake --build /home/catcyber02/Mobile-Robots-2026-1/build/xarm_msgs -- -j8 -l8
[0.543s] DEBUG:colcon.colcon_core.event_handler.log_command:Invoking command in '/home/catcyber02/Mobile-Robots-2026-1/build/xarm_sdk': CMAKE_PREFIX_PATH=${CMAKE_PREFIX_PATH}:/home/catcyber02/Mobile-Robots-2026-1/ros2_ws/install/uf_ros_lib:/home/catcyber02/Mobile-Robots-2026-1/ros2_ws/install/simple_move:/home/catcyber02/Mobile-Robots-2026-1/ros2_ws/install/path_planner:/home/catcyber02/Mobile-Robots-2026-1/ros2_ws/install/map_augmenter:/opt/ros/jazzy DEBUGINFOD_URLS=https://debuginfod.ubuntu.com /usr/bin/cmake --build /home/catcyber02/Mobile-Robots-2026-1/build/xarm_sdk -- -j8 -l8
[0.548s] DEBUG:colcon.colcon_core.event_handler.log_command:Invoking command in '/home/catcyber02/Mobile-Robots-2026-1/build/config_files': CMAKE_PREFIX_PATH=${CMAKE_PREFIX_PATH}:/home/catcyber02/Mobile-Robots-2026-1/ros2_ws/install/uf_ros_lib:/home/catcyber02/Mobile-Robots-2026-1/ros2_ws/install/simple_move:/home/catcyber02/Mobile-Robots-2026-1/ros2_ws/install/path_planner:/home/catcyber02/Mobile-Robots-2026-1/ros2_ws/install/map_augmenter:/opt/ros/jazzy DEBUGINFOD_URLS=https://debuginfod.ubuntu.com /usr/bin/cmake --build /home/catcyber02/Mobile-Robots-2026-1/build/config_files -- -j8 -l8
[0.552s] DEBUG:colcon.colcon_core.event_handler.log_command:Invoking command in '/home/catcyber02/Mobile-Robots-2026-1/build/gazebo_envs': CMAKE_PREFIX_PATH=${CMAKE_PREFIX_PATH}:/home/catcyber02/Mobile-Robots-2026-1/ros2_ws/install/uf_ros_lib:/home/catcyber02/Mobile-Robots-2026-1/ros2_ws/install/simple_move:/home/catcyber02/Mobile-Robots-2026-1/ros2_ws/install/path_planner:/home/catcyber02/Mobile-Robots-2026-1/ros2_ws/install/map_augmenter:/opt/ros/jazzy DEBUGINFOD_URLS=https://debuginfod.ubuntu.com /usr/bin/cmake --build /home/catcyber02/Mobile-Robots-2026-1/build/gazebo_envs -- -j8 -l8
[0.557s] DEBUG:colcon.colcon_core.event_handler.log_command:Invoking command in '/home/catcyber02/Mobile-Robots-2026-1/build/justina_description': CMAKE_PREFIX_PATH=${CMAKE_PREFIX_PATH}:/home/catcyber02/Mobile-Robots-2026-1/ros2_ws/install/uf_ros_lib:/home/catcyber02/Mobile-Robots-2026-1/ros2_ws/install/simple_move:/home/catcyber02/Mobile-Robots-2026-1/ros2_ws/install/path_planner:/home/catcyber02/Mobile-Robots-2026-1/ros2_ws/install/map_augmenter:/opt/ros/jazzy DEBUGINFOD_URLS=https://debuginfod.ubuntu.com /usr/bin/cmake --build /home/catcyber02/Mobile-Robots-2026-1/build/justina_description -- -j8 -l8
[0.561s] DEBUG:colcon.colcon_core.event_handler.log_command:Invoking command in '/home/catcyber02/Mobile-Robots-2026-1/build/justina_gui': CMAKE_PREFIX_PATH=${CMAKE_PREFIX_PATH}:/home/catcyber02/Mobile-Robots-2026-1/ros2_ws/install/uf_ros_lib:/home/catcyber02/Mobile-Robots-2026-1/ros2_ws/install/simple_move:/home/catcyber02/Mobile-Robots-2026-1/ros2_ws/install/path_planner:/home/catcyber02/Mobile-Robots-2026-1/ros2_ws/install/map_augmenter:/opt/ros/jazzy DEBUGINFOD_URLS=https://debuginfod.ubuntu.com /usr/bin/cmake --build /home/catcyber02/Mobile-Robots-2026-1/build/justina_gui -- -j8 -l8
[1.021s] INFO:colcon.colcon_core.task.python.build:Building Python package in '/home/catcyber02/Mobile-Robots-2026-1/ros2_ws/src/navigation/map_augmenter'
[1.021s] INFO:colcon.colcon_core.shell:Skip shell extension 'powershell' for command environment: Not usable outside of PowerShell
[1.021s] DEBUG:colcon.colcon_core.shell:Skip shell extension 'dsv' for command environment
[1.033s] DEBUG:colcon.colcon_core.event_handler.log_command:Invoked command in '/home/catcyber02/Mobile-Robots-2026-1/build/xarm_description' returned '0': CMAKE_PREFIX_PATH=${CMAKE_PREFIX_PATH}:/home/catcyber02/Mobile-Robots-2026-1/ros2_ws/install/uf_ros_lib:/home/catcyber02/Mobile-Robots-2026-1/ros2_ws/install/simple_move:/home/catcyber02/Mobile-Robots-2026-1/ros2_ws/install/path_planner:/home/catcyber02/Mobile-Robots-2026-1/ros2_ws/install/map_augmenter:/opt/ros/jazzy DEBUGINFOD_URLS=https://debuginfod.ubuntu.com /usr/bin/cmake --build /home/catcyber02/Mobile-Robots-2026-1/build/xarm_description -- -j8 -l8
[1.051s] DEBUG:colcon.colcon_core.event_handler.log_command:Invoking command in '/home/catcyber02/Mobile-Robots-2026-1/build/xarm_description': CMAKE_PREFIX_PATH=${CMAKE_PREFIX_PATH}:/home/catcyber02/Mobile-Robots-2026-1/ros2_ws/install/uf_ros_lib:/home/catcyber02/Mobile-Robots-2026-1/ros2_ws/install/simple_move:/home/catcyber02/Mobile-Robots-2026-1/ros2_ws/install/path_planner:/home/catcyber02/Mobile-Robots-2026-1/ros2_ws/install/map_augmenter:/opt/ros/jazzy DEBUGINFOD_URLS=https://debuginfod.ubuntu.com /usr/bin/cmake --install /home/catcyber02/Mobile-Robots-2026-1/build/xarm_description
[1.052s] DEBUG:colcon.colcon_core.event_handler.log_command:Invoked command in '/home/catcyber02/Mobile-Robots-2026-1/build/config_files' returned '0': CMAKE_PREFIX_PATH=${CMAKE_PREFIX_PATH}:/home/catcyber02/Mobile-Robots-2026-1/ros2_ws/install/uf_ros_lib:/home/catcyber02/Mobile-Robots-2026-1/ros2_ws/install/simple_move:/home/catcyber02/Mobile-Robots-2026-1/ros2_ws/install/path_planner:/home/catcyber02/Mobile-Robots-2026-1/ros2_ws/install/map_augmenter:/opt/ros/jazzy DEBUGINFOD_URLS=https://debuginfod.ubuntu.com /usr/bin/cmake --build /home/catcyber02/Mobile-Robots-2026-1/build/config_files -- -j8 -l8
[1.054s] DEBUG:colcon.colcon_core.event_handler.log_command:Invoking command in '/home/catcyber02/Mobile-Robots-2026-1/build/config_files': CMAKE_PREFIX_PATH=${CMAKE_PREFIX_PATH}:/home/catcyber02/Mobile-Robots-2026-1/ros2_ws/install/uf_ros_lib:/home/catcyber02/Mobile-Robots-2026-1/ros2_ws/install/simple_move:/home/catcyber02/Mobile-Robots-2026-1/ros2_ws/install/path_planner:/home/catcyber02/Mobile-Robots-2026-1/ros2_ws/install/map_augmenter:/opt/ros/jazzy DEBUGINFOD_URLS=https://debuginfod.ubuntu.com /usr/bin/cmake --install /home/catcyber02/Mobile-Robots-2026-1/build/config_files
[1.055s] DEBUG:colcon.colcon_core.event_handler.log_command:Invoked command in '/home/catcyber02/Mobile-Robots-2026-1/build/justina_description' returned '0': CMAKE_PREFIX_PATH=${CMAKE_PREFIX_PATH}:/home/catcyber02/Mobile-Robots-2026-1/ros2_ws/install/uf_ros_lib:/home/catcyber02/Mobile-Robots-2026-1/ros2_ws/install/simple_move:/home/catcyber02/Mobile-Robots-2026-1/ros2_ws/install/path_planner:/home/catcyber02/Mobile-Robots-2026-1/ros2_ws/install/map_augmenter:/opt/ros/jazzy DEBUGINFOD_URLS=https://debuginfod.ubuntu.com /usr/bin/cmake --build /home/catcyber02/Mobile-Robots-2026-1/build/justina_description -- -j8 -l8
[1.059s] DEBUG:colcon.colcon_core.event_handler.log_command:Invoking command in '/home/catcyber02/Mobile-Robots-2026-1/build/justina_description': CMAKE_PREFIX_PATH=${CMAKE_PREFIX_PATH}:/home/catcyber02/Mobile-Robots-2026-1/ros2_ws/install/uf_ros_lib:/home/catcyber02/Mobile-Robots-2026-1/ros2_ws/install/simple_move:/home/catcyber02/Mobile-Robots-2026-1/ros2_ws/install/path_planner:/home/catcyber02/Mobile-Robots-2026-1/ros2_ws/install/map_augmenter:/opt/ros/jazzy DEBUGINFOD_URLS=https://debuginfod.ubuntu.com /usr/bin/cmake --install /home/catcyber02/Mobile-Robots-2026-1/build/justina_description
[1.063s] DEBUG:colcon.colcon_core.event_handler.log_command:Invoked command in '/home/catcyber02/Mobile-Robots-2026-1/build/gazebo_envs' returned '0': CMAKE_PREFIX_PATH=${CMAKE_PREFIX_PATH}:/home/catcyber02/Mobile-Robots-2026-1/ros2_ws/install/uf_ros_lib:/home/catcyber02/Mobile-Robots-2026-1/ros2_ws/install/simple_move:/home/catcyber02/Mobile-Robots-2026-1/ros2_ws/install/path_planner:/home/catcyber02/Mobile-Robots-2026-1/ros2_ws/install/map_augmenter:/opt/ros/jazzy DEBUGINFOD_URLS=https://debuginfod.ubuntu.com /usr/bin/cmake --build /home/catcyber02/Mobile-Robots-2026-1/build/gazebo_envs -- -j8 -l8
[1.064s] DEBUG:colcon.colcon_core.event_handler.log_command:Invoking command in '/home/catcyber02/Mobile-Robots-2026-1/build/gazebo_envs': CMAKE_PREFIX_PATH=${CMAKE_PREFIX_PATH}:/home/catcyber02/Mobile-Robots-2026-1/ros2_ws/install/uf_ros_lib:/home/catcyber02/Mobile-Robots-2026-1/ros2_ws/install/simple_move:/home/catcyber02/Mobile-Robots-2026-1/ros2_ws/install/path_planner:/home/catcyber02/Mobile-Robots-2026-1/ros2_ws/install/map_augmenter:/opt/ros/jazzy DEBUGINFOD_URLS=https://debuginfod.ubuntu.com /usr/bin/cmake --install /home/catcyber02/Mobile-Robots-2026-1/build/gazebo_envs
[1.066s] DEBUG:colcon.colcon_core.event_handler.log_command:Invoked command in '/home/catcyber02/Mobile-Robots-2026-1/build/xarm_sdk' returned '0': CMAKE_PREFIX_PATH=${CMAKE_PREFIX_PATH}:/home/catcyber02/Mobile-Robots-2026-1/ros2_ws/install/uf_ros_lib:/home/catcyber02/Mobile-Robots-2026-1/ros2_ws/install/simple_move:/home/catcyber02/Mobile-Robots-2026-1/ros2_ws/install/path_planner:/home/catcyber02/Mobile-Robots-2026-1/ros2_ws/install/map_augmenter:/opt/ros/jazzy DEBUGINFOD_URLS=https://debuginfod.ubuntu.com /usr/bin/cmake --build /home/catcyber02/Mobile-Robots-2026-1/build/xarm_sdk -- -j8 -l8
[1.071s] DEBUG:colcon.colcon_core.event_handler.log_command:Invoking command in '/home/catcyber02/Mobile-Robots-2026-1/build/xarm_sdk': CMAKE_PREFIX_PATH=${CMAKE_PREFIX_PATH}:/home/catcyber02/Mobile-Robots-2026-1/ros2_ws/install/uf_ros_lib:/home/catcyber02/Mobile-Robots-2026-1/ros2_ws/install/simple_move:/home/catcyber02/Mobile-Robots-2026-1/ros2_ws/install/path_planner:/home/catcyber02/Mobile-Robots-2026-1/ros2_ws/install/map_augmenter:/opt/ros/jazzy DEBUGINFOD_URLS=https://debuginfod.ubuntu.com /usr/bin/cmake --install /home/catcyber02/Mobile-Robots-2026-1/build/xarm_sdk
[1.075s] DEBUG:colcon.colcon_core.event_handler.log_command:Invoked command in '/home/catcyber02/Mobile-Robots-2026-1/build/justina_gui' returned '0': CMAKE_PREFIX_PATH=${CMAKE_PREFIX_PATH}:/home/catcyber02/Mobile-Robots-2026-1/ros2_ws/install/uf_ros_lib:/home/catcyber02/Mobile-Robots-2026-1/ros2_ws/install/simple_move:/home/catcyber02/Mobile-Robots-2026-1/ros2_ws/install/path_planner:/home/catcyber02/Mobile-Robots-2026-1/ros2_ws/install/map_augmenter:/opt/ros/jazzy DEBUGINFOD_URLS=https://debuginfod.ubuntu.com /usr/bin/cmake --build /home/catcyber02/Mobile-Robots-2026-1/build/justina_gui -- -j8 -l8
[1.076s] DEBUG:colcon.colcon_core.event_handler.log_command:Invoking command in '/home/catcyber02/Mobile-Robots-2026-1/build/justina_gui': CMAKE_PREFIX_PATH=${CMAKE_PREFIX_PATH}:/home/catcyber02/Mobile-Robots-2026-1/ros2_ws/install/uf_ros_lib:/home/catcyber02/Mobile-Robots-2026-1/ros2_ws/install/simple_move:/home/catcyber02/Mobile-Robots-2026-1/ros2_ws/install/path_planner:/home/catcyber02/Mobile-Robots-2026-1/ros2_ws/install/map_augmenter:/opt/ros/jazzy DEBUGINFOD_URLS=https://debuginfod.ubuntu.com /usr/bin/cmake --install /home/catcyber02/Mobile-Robots-2026-1/build/justina_gui
[1.109s] Level 1:colcon.colcon_core.environment:create_environment_scripts_only(justina_description)
[1.122s] Level 1:colcon.colcon_core.environment:checking '/home/catcyber02/Mobile-Robots-2026-1/install/justina_description' for CMake module files
[1.123s] Level 1:colcon.colcon_core.environment:checking '/home/catcyber02/Mobile-Robots-2026-1/install/justina_description' for CMake config files
[1.124s] Level 1:colcon.colcon_core.shell:create_environment_hook('justina_description', 'cmake_prefix_path')
[1.124s] INFO:colcon.colcon_core.shell:Creating environment hook '/home/catcyber02/Mobile-Robots-2026-1/install/justina_description/share/justina_description/hook/cmake_prefix_path.ps1'
[1.153s] INFO:colcon.colcon_core.shell:Creating environment descriptor '/home/catcyber02/Mobile-Robots-2026-1/install/justina_description/share/justina_description/hook/cmake_prefix_path.dsv'
[1.158s] INFO:colcon.colcon_core.shell:Creating environment hook '/home/catcyber02/Mobile-Robots-2026-1/install/justina_description/share/justina_description/hook/cmake_prefix_path.sh'
[1.165s] Level 1:colcon.colcon_core.environment:checking '/home/catcyber02/Mobile-Robots-2026-1/install/justina_description/bin'
[1.166s] Level 1:colcon.colcon_core.environment:checking '/home/catcyber02/Mobile-Robots-2026-1/install/justina_description/lib/pkgconfig/justina_description.pc'
[1.166s] Level 1:colcon.colcon_core.environment:checking '/home/catcyber02/Mobile-Robots-2026-1/install/justina_description/lib/python3.12/site-packages'
[1.167s] Level 1:colcon.colcon_core.environment:checking '/home/catcyber02/Mobile-Robots-2026-1/install/justina_description/bin'
[1.168s] INFO:colcon.colcon_core.shell:Creating package script '/home/catcyber02/Mobile-Robots-2026-1/install/justina_description/share/justina_description/package.ps1'
[1.171s] INFO:colcon.colcon_core.shell:Creating package descriptor '/home/catcyber02/Mobile-Robots-2026-1/install/justina_description/share/justina_description/package.dsv'
[1.180s] INFO:colcon.colcon_core.shell:Creating package script '/home/catcyber02/Mobile-Robots-2026-1/install/justina_description/share/justina_description/package.sh'
[1.188s] INFO:colcon.colcon_core.shell:Creating package script '/home/catcyber02/Mobile-Robots-2026-1/install/justina_description/share/justina_description/package.bash'
[1.193s] INFO:colcon.colcon_core.shell:Creating package script '/home/catcyber02/Mobile-Robots-2026-1/install/justina_description/share/justina_description/package.zsh'
[1.200s] Level 1:colcon.colcon_core.environment:create_file_with_runtime_dependencies(/home/catcyber02/Mobile-Robots-2026-1/install/justina_description/share/colcon-core/packages/justina_description)
[1.210s] Level 1:colcon.colcon_core.environment:create_environment_scripts_only(justina_description)
[1.212s] Level 1:colcon.colcon_core.environment:checking '/home/catcyber02/Mobile-Robots-2026-1/install/justina_description' for CMake module files
[1.221s] Level 1:colcon.colcon_core.environment:checking '/home/catcyber02/Mobile-Robots-2026-1/install/justina_description' for CMake config files
[1.222s] Level 1:colcon.colcon_core.shell:create_environment_hook('justina_description', 'cmake_prefix_path')
[1.223s] INFO:colcon.colcon_core.shell:Creating environment hook '/home/catcyber02/Mobile-Robots-2026-1/install/justina_description/share/justina_description/hook/cmake_prefix_path.ps1'
[1.227s] INFO:colcon.colcon_core.shell:Creating environment descriptor '/home/catcyber02/Mobile-Robots-2026-1/install/justina_description/share/justina_description/hook/cmake_prefix_path.dsv'
[1.237s] INFO:colcon.colcon_core.shell:Creating environment hook '/home/catcyber02/Mobile-Robots-2026-1/install/justina_description/share/justina_description/hook/cmake_prefix_path.sh'
[1.240s] Level 1:colcon.colcon_core.environment:checking '/home/catcyber02/Mobile-Robots-2026-1/install/justina_description/bin'
[1.240s] Level 1:colcon.colcon_core.environment:checking '/home/catcyber02/Mobile-Robots-2026-1/install/justina_description/lib/pkgconfig/justina_description.pc'
[1.241s] Level 1:colcon.colcon_core.environment:checking '/home/catcyber02/Mobile-Robots-2026-1/install/justina_description/lib/python3.12/site-packages'
[1.241s] Level 1:colcon.colcon_core.environment:checking '/home/catcyber02/Mobile-Robots-2026-1/install/justina_description/bin'
[1.242s] INFO:colcon.colcon_core.shell:Creating package script '/home/catcyber02/Mobile-Robots-2026-1/install/justina_description/share/justina_description/package.ps1'
[1.248s] INFO:colcon.colcon_core.shell:Creating package descriptor '/home/catcyber02/Mobile-Robots-2026-1/install/justina_description/share/justina_description/package.dsv'
[1.250s] INFO:colcon.colcon_core.shell:Creating package script '/home/catcyber02/Mobile-Robots-2026-1/install/justina_description/share/justina_description/package.sh'
[1.256s] INFO:colcon.colcon_core.shell:Creating package script '/home/catcyber02/Mobile-Robots-2026-1/install/justina_description/share/justina_description/package.bash'
[1.260s] INFO:colcon.colcon_core.shell:Creating package script '/home/catcyber02/Mobile-Robots-2026-1/install/justina_description/share/justina_description/package.zsh'
[1.264s] Level 1:colcon.colcon_core.environment:create_file_with_runtime_dependencies(/home/catcyber02/Mobile-Robots-2026-1/install/justina_description/share/colcon-core/packages/justina_description)
[1.270s] Level 1:colcon.colcon_core.environment:create_environment_scripts_only(config_files)
[1.271s] Level 1:colcon.colcon_core.environment:checking '/home/catcyber02/Mobile-Robots-2026-1/install/config_files' for CMake module files
[1.282s] Level 1:colcon.colcon_core.environment:checking '/home/catcyber02/Mobile-Robots-2026-1/install/config_files' for CMake config files
[1.293s] Level 1:colcon.colcon_core.shell:create_environment_hook('config_files', 'cmake_prefix_path')
[1.297s] INFO:colcon.colcon_core.shell:Creating environment hook '/home/catcyber02/Mobile-Robots-2026-1/install/config_files/share/config_files/hook/cmake_prefix_path.ps1'
[1.304s] INFO:colcon.colcon_core.shell:Creating environment descriptor '/home/catcyber02/Mobile-Robots-2026-1/install/config_files/share/config_files/hook/cmake_prefix_path.dsv'
[1.310s] INFO:colcon.colcon_core.shell:Creating environment hook '/home/catcyber02/Mobile-Robots-2026-1/install/config_files/share/config_files/hook/cmake_prefix_path.sh'
[1.312s] DEBUG:colcon.colcon_core.event_handler.log_command:Invoked command in '/home/catcyber02/Mobile-Robots-2026-1/build/justina_description' returned '0': CMAKE_PREFIX_PATH=${CMAKE_PREFIX_PATH}:/home/catcyber02/Mobile-Robots-2026-1/ros2_ws/install/uf_ros_lib:/home/catcyber02/Mobile-Robots-2026-1/ros2_ws/install/simple_move:/home/catcyber02/Mobile-Robots-2026-1/ros2_ws/install/path_planner:/home/catcyber02/Mobile-Robots-2026-1/ros2_ws/install/map_augmenter:/opt/ros/jazzy DEBUGINFOD_URLS=https://debuginfod.ubuntu.com /usr/bin/cmake --install /home/catcyber02/Mobile-Robots-2026-1/build/justina_description
[1.319s] Level 1:colcon.colcon_core.environment:checking '/home/catcyber02/Mobile-Robots-2026-1/install/config_files/bin'
[1.323s] Level 1:colcon.colcon_core.environment:checking '/home/catcyber02/Mobile-Robots-2026-1/install/config_files/lib/pkgconfig/config_files.pc'
[1.324s] Level 1:colcon.colcon_core.environment:checking '/home/catcyber02/Mobile-Robots-2026-1/install/config_files/lib/python3.12/site-packages'
[1.325s] Level 1:colcon.colcon_core.environment:checking '/home/catcyber02/Mobile-Robots-2026-1/install/config_files/bin'
[1.326s] INFO:colcon.colcon_core.shell:Creating package script '/home/catcyber02/Mobile-Robots-2026-1/install/config_files/share/config_files/package.ps1'
[1.337s] INFO:colcon.colcon_core.shell:Creating package descriptor '/home/catcyber02/Mobile-Robots-2026-1/install/config_files/share/config_files/package.dsv'
[1.342s] INFO:colcon.colcon_core.shell:Creating package script '/home/catcyber02/Mobile-Robots-2026-1/install/config_files/share/config_files/package.sh'
[1.343s] INFO:colcon.colcon_core.shell:Creating package script '/home/catcyber02/Mobile-Robots-2026-1/install/config_files/share/config_files/package.bash'
[1.350s] INFO:colcon.colcon_core.shell:Creating package script '/home/catcyber02/Mobile-Robots-2026-1/install/config_files/share/config_files/package.zsh'
[1.360s] Level 1:colcon.colcon_core.environment:create_file_with_runtime_dependencies(/home/catcyber02/Mobile-Robots-2026-1/install/config_files/share/colcon-core/packages/config_files)
[1.372s] Level 1:colcon.colcon_core.environment:create_environment_scripts_only(config_files)
[1.374s] Level 1:colcon.colcon_core.environment:checking '/home/catcyber02/Mobile-Robots-2026-1/install/config_files' for CMake module files
[1.385s] Level 1:colcon.colcon_core.environment:checking '/home/catcyber02/Mobile-Robots-2026-1/install/config_files' for CMake config files
[1.391s] Level 1:colcon.colcon_core.shell:create_environment_hook('config_files', 'cmake_prefix_path')
[1.393s] INFO:colcon.colcon_core.shell:Creating environment hook '/home/catcyber02/Mobile-Robots-2026-1/install/config_files/share/config_files/hook/cmake_prefix_path.ps1'
[1.402s] INFO:colcon.colcon_core.shell:Creating environment descriptor '/home/catcyber02/Mobile-Robots-2026-1/install/config_files/share/config_files/hook/cmake_prefix_path.dsv'
[1.410s] INFO:colcon.colcon_core.shell:Creating environment hook '/home/catcyber02/Mobile-Robots-2026-1/install/config_files/share/config_files/hook/cmake_prefix_path.sh'
[1.417s] Level 1:colcon.colcon_core.environment:checking '/home/catcyber02/Mobile-Robots-2026-1/install/config_files/bin'
[1.417s] Level 1:colcon.colcon_core.environment:checking '/home/catcyber02/Mobile-Robots-2026-1/install/config_files/lib/pkgconfig/config_files.pc'
[1.417s] Level 1:colcon.colcon_core.environment:checking '/home/catcyber02/Mobile-Robots-2026-1/install/config_files/lib/python3.12/site-packages'
[1.418s] Level 1:colcon.colcon_core.environment:checking '/home/catcyber02/Mobile-Robots-2026-1/install/config_files/bin'
[1.419s] INFO:colcon.colcon_core.shell:Creating package script '/home/catcyber02/Mobile-Robots-2026-1/install/config_files/share/config_files/package.ps1'
[1.424s] INFO:colcon.colcon_core.shell:Creating package descriptor '/home/catcyber02/Mobile-Robots-2026-1/install/config_files/share/config_files/package.dsv'
[1.427s] INFO:colcon.colcon_core.shell:Creating package script '/home/catcyber02/Mobile-Robots-2026-1/install/config_files/share/config_files/package.sh'
[1.436s] INFO:colcon.colcon_core.shell:Creating package script '/home/catcyber02/Mobile-Robots-2026-1/install/config_files/share/config_files/package.bash'
[1.442s] INFO:colcon.colcon_core.shell:Creating package script '/home/catcyber02/Mobile-Robots-2026-1/install/config_files/share/config_files/package.zsh'
[1.450s] Level 1:colcon.colcon_core.environment:create_file_with_runtime_dependencies(/home/catcyber02/Mobile-Robots-2026-1/install/config_files/share/colcon-core/packages/config_files)
[1.453s] Level 1:colcon.colcon_core.environment:create_environment_scripts_only(xarm_description)
[1.454s] Level 1:colcon.colcon_core.environment:checking '/home/catcyber02/Mobile-Robots-2026-1/install/xarm_description' for CMake module files
[1.459s] Level 1:colcon.colcon_core.environment:checking '/home/catcyber02/Mobile-Robots-2026-1/install/xarm_description' for CMake config files
[1.476s] Level 1:colcon.colcon_core.shell:create_environment_hook('xarm_description', 'cmake_prefix_path')
[1.477s] INFO:colcon.colcon_core.shell:Creating environment hook '/home/catcyber02/Mobile-Robots-2026-1/install/xarm_description/share/xarm_description/hook/cmake_prefix_path.ps1'
[1.482s] INFO:colcon.colcon_core.shell:Creating environment descriptor '/home/catcyber02/Mobile-Robots-2026-1/install/xarm_description/share/xarm_description/hook/cmake_prefix_path.dsv'
[1.483s] DEBUG:colcon.colcon_core.event_handler.log_command:Invoked command in '/home/catcyber02/Mobile-Robots-2026-1/build/config_files' returned '0': CMAKE_PREFIX_PATH=${CMAKE_PREFIX_PATH}:/home/catcyber02/Mobile-Robots-2026-1/ros2_ws/install/uf_ros_lib:/home/catcyber02/Mobile-Robots-2026-1/ros2_ws/install/simple_move:/home/catcyber02/Mobile-Robots-2026-1/ros2_ws/install/path_planner:/home/catcyber02/Mobile-Robots-2026-1/ros2_ws/install/map_augmenter:/opt/ros/jazzy DEBUGINFOD_URLS=https://debuginfod.ubuntu.com /usr/bin/cmake --install /home/catcyber02/Mobile-Robots-2026-1/build/config_files
[1.485s] INFO:colcon.colcon_core.shell:Creating environment hook '/home/catcyber02/Mobile-Robots-2026-1/install/xarm_description/share/xarm_description/hook/cmake_prefix_path.sh'
[1.485s] DEBUG:colcon.colcon_core.event_handler.log_command:Invoked command in '/home/catcyber02/Mobile-Robots-2026-1/build/xarm_description' returned '0': CMAKE_PREFIX_PATH=${CMAKE_PREFIX_PATH}:/home/catcyber02/Mobile-Robots-2026-1/ros2_ws/install/uf_ros_lib:/home/catcyber02/Mobile-Robots-2026-1/ros2_ws/install/simple_move:/home/catcyber02/Mobile-Robots-2026-1/ros2_ws/install/path_planner:/home/catcyber02/Mobile-Robots-2026-1/ros2_ws/install/map_augmenter:/opt/ros/jazzy DEBUGINFOD_URLS=https://debuginfod.ubuntu.com /usr/bin/cmake --install /home/catcyber02/Mobile-Robots-2026-1/build/xarm_description
[1.487s] Level 1:colcon.colcon_core.environment:checking '/home/catcyber02/Mobile-Robots-2026-1/install/xarm_description/bin'
[1.487s] Level 1:colcon.colcon_core.environment:checking '/home/catcyber02/Mobile-Robots-2026-1/install/xarm_description/lib/pkgconfig/xarm_description.pc'
[1.487s] Level 1:colcon.colcon_core.environment:checking '/home/catcyber02/Mobile-Robots-2026-1/install/xarm_description/lib/python3.12/site-packages'
[1.487s] Level 1:colcon.colcon_core.environment:checking '/home/catcyber02/Mobile-Robots-2026-1/install/xarm_description/bin'
[1.488s] INFO:colcon.colcon_core.shell:Creating package script '/home/catcyber02/Mobile-Robots-2026-1/install/xarm_description/share/xarm_description/package.ps1'
[1.489s] INFO:colcon.colcon_core.shell:Creating package descriptor '/home/catcyber02/Mobile-Robots-2026-1/install/xarm_description/share/xarm_description/package.dsv'
[1.489s] INFO:colcon.colcon_core.shell:Creating package script '/home/catcyber02/Mobile-Robots-2026-1/install/xarm_description/share/xarm_description/package.sh'
[1.490s] INFO:colcon.colcon_core.shell:Creating package script '/home/catcyber02/Mobile-Robots-2026-1/install/xarm_description/share/xarm_description/package.bash'
[1.490s] INFO:colcon.colcon_core.shell:Creating package script '/home/catcyber02/Mobile-Robots-2026-1/install/xarm_description/share/xarm_description/package.zsh'
[1.491s] Level 1:colcon.colcon_core.environment:create_file_with_runtime_dependencies(/home/catcyber02/Mobile-Robots-2026-1/install/xarm_description/share/colcon-core/packages/xarm_description)
[1.492s] Level 1:colcon.colcon_core.environment:create_environment_scripts_only(xarm_description)
[1.492s] Level 1:colcon.colcon_core.environment:checking '/home/catcyber02/Mobile-Robots-2026-1/install/xarm_description' for CMake module files
[1.493s] Level 1:colcon.colcon_core.environment:checking '/home/catcyber02/Mobile-Robots-2026-1/install/xarm_description' for CMake config files
[1.493s] Level 1:colcon.colcon_core.shell:create_environment_hook('xarm_description', 'cmake_prefix_path')
[1.493s] INFO:colcon.colcon_core.shell:Creating environment hook '/home/catcyber02/Mobile-Robots-2026-1/install/xarm_description/share/xarm_description/hook/cmake_prefix_path.ps1'
[1.494s] INFO:colcon.colcon_core.shell:Creating environment descriptor '/home/catcyber02/Mobile-Robots-2026-1/install/xarm_description/share/xarm_description/hook/cmake_prefix_path.dsv'
[1.495s] INFO:colcon.colcon_core.shell:Creating environment hook '/home/catcyber02/Mobile-Robots-2026-1/install/xarm_description/share/xarm_description/hook/cmake_prefix_path.sh'
[1.496s] Level 1:colcon.colcon_core.environment:checking '/home/catcyber02/Mobile-Robots-2026-1/install/xarm_description/bin'
[1.496s] Level 1:colcon.colcon_core.environment:checking '/home/catcyber02/Mobile-Robots-2026-1/install/xarm_description/lib/pkgconfig/xarm_description.pc'
[1.496s] Level 1:colcon.colcon_core.environment:checking '/home/catcyber02/Mobile-Robots-2026-1/install/xarm_description/lib/python3.12/site-packages'
[1.496s] Level 1:colcon.colcon_core.environment:checking '/home/catcyber02/Mobile-Robots-2026-1/install/xarm_description/bin'
[1.497s] INFO:colcon.colcon_core.shell:Creating package script '/home/catcyber02/Mobile-Robots-2026-1/install/xarm_description/share/xarm_description/package.ps1'
[1.498s] INFO:colcon.colcon_core.shell:Creating package descriptor '/home/catcyber02/Mobile-Robots-2026-1/install/xarm_description/share/xarm_description/package.dsv'
[1.499s] INFO:colcon.colcon_core.shell:Creating package script '/home/catcyber02/Mobile-Robots-2026-1/install/xarm_description/share/xarm_description/package.sh'
[1.500s] INFO:colcon.colcon_core.shell:Creating package script '/home/catcyber02/Mobile-Robots-2026-1/install/xarm_description/share/xarm_description/package.bash'
[1.500s] INFO:colcon.colcon_core.shell:Creating package script '/home/catcyber02/Mobile-Robots-2026-1/install/xarm_description/share/xarm_description/package.zsh'
[1.501s] Level 1:colcon.colcon_core.environment:create_file_with_runtime_dependencies(/home/catcyber02/Mobile-Robots-2026-1/install/xarm_description/share/colcon-core/packages/xarm_description)
[1.502s] INFO:colcon.colcon_ros.task.ament_python.build:Building ROS package in '/home/catcyber02/Mobile-Robots-2026-1/ros2_ws/src/navigation/path_planner' with build type 'ament_python'
[1.503s] Level 1:colcon.colcon_core.shell:create_environment_hook('path_planner', 'ament_prefix_path')
[1.503s] INFO:colcon.colcon_core.shell:Creating environment hook '/home/catcyber02/Mobile-Robots-2026-1/install/path_planner/share/path_planner/hook/ament_prefix_path.ps1'
[1.504s] INFO:colcon.colcon_core.shell:Creating environment descriptor '/home/catcyber02/Mobile-Robots-2026-1/install/path_planner/share/path_planner/hook/ament_prefix_path.dsv'
[1.505s] INFO:colcon.colcon_core.shell:Creating environment hook '/home/catcyber02/Mobile-Robots-2026-1/install/path_planner/share/path_planner/hook/ament_prefix_path.sh'
[1.506s] INFO:colcon.colcon_core.shell:Skip shell extension 'powershell' for command environment: Not usable outside of PowerShell
[1.506s] DEBUG:colcon.colcon_core.shell:Skip shell extension 'dsv' for command environment
[1.512s] INFO:colcon.colcon_ros.task.ament_python.build:Building ROS package in '/home/catcyber02/Mobile-Robots-2026-1/ros2_ws/src/navigation/simple_move' with build type 'ament_python'
[1.513s] Level 1:colcon.colcon_core.shell:create_environment_hook('simple_move', 'ament_prefix_path')
[1.513s] INFO:colcon.colcon_core.shell:Creating environment hook '/home/catcyber02/Mobile-Robots-2026-1/install/simple_move/share/simple_move/hook/ament_prefix_path.ps1'
[1.514s] INFO:colcon.colcon_core.shell:Creating environment descriptor '/home/catcyber02/Mobile-Robots-2026-1/install/simple_move/share/simple_move/hook/ament_prefix_path.dsv'
[1.514s] INFO:colcon.colcon_core.shell:Creating environment hook '/home/catcyber02/Mobile-Robots-2026-1/install/simple_move/share/simple_move/hook/ament_prefix_path.sh'
[1.515s] INFO:colcon.colcon_core.shell:Skip shell extension 'powershell' for command environment: Not usable outside of PowerShell
[1.515s] DEBUG:colcon.colcon_core.shell:Skip shell extension 'dsv' for command environment
[1.523s] INFO:colcon.colcon_ros.task.ament_python.build:Building ROS package in '/home/catcyber02/Mobile-Robots-2026-1/ros2_ws/src/hardware/xarm_ros2/uf_ros_lib' with build type 'ament_python'
[1.524s] Level 1:colcon.colcon_core.shell:create_environment_hook('uf_ros_lib', 'ament_prefix_path')
[1.525s] INFO:colcon.colcon_core.shell:Creating environment hook '/home/catcyber02/Mobile-Robots-2026-1/install/uf_ros_lib/share/uf_ros_lib/hook/ament_prefix_path.ps1'
[1.526s] INFO:colcon.colcon_core.shell:Creating environment descriptor '/home/catcyber02/Mobile-Robots-2026-1/install/uf_ros_lib/share/uf_ros_lib/hook/ament_prefix_path.dsv'
[1.527s] INFO:colcon.colcon_core.shell:Creating environment hook '/home/catcyber02/Mobile-Robots-2026-1/install/uf_ros_lib/share/uf_ros_lib/hook/ament_prefix_path.sh'
[1.528s] INFO:colcon.colcon_core.shell:Skip shell extension 'powershell' for command environment: Not usable outside of PowerShell
[1.528s] DEBUG:colcon.colcon_core.shell:Skip shell extension 'dsv' for command environment
[1.538s] Level 1:colcon.colcon_core.environment:create_environment_scripts_only(justina_gui)
[1.538s] Level 1:colcon.colcon_core.environment:checking '/home/catcyber02/Mobile-Robots-2026-1/install/justina_gui' for CMake module files
[1.540s] DEBUG:colcon.colcon_core.event_handler.log_command:Invoked command in '/home/catcyber02/Mobile-Robots-2026-1/build/justina_gui' returned '0': CMAKE_PREFIX_PATH=${CMAKE_PREFIX_PATH}:/home/catcyber02/Mobile-Robots-2026-1/ros2_ws/install/uf_ros_lib:/home/catcyber02/Mobile-Robots-2026-1/ros2_ws/install/simple_move:/home/catcyber02/Mobile-Robots-2026-1/ros2_ws/install/path_planner:/home/catcyber02/Mobile-Robots-2026-1/ros2_ws/install/map_augmenter:/opt/ros/jazzy DEBUGINFOD_URLS=https://debuginfod.ubuntu.com /usr/bin/cmake --install /home/catcyber02/Mobile-Robots-2026-1/build/justina_gui
[1.541s] Level 1:colcon.colcon_core.environment:checking '/home/catcyber02/Mobile-Robots-2026-1/install/justina_gui' for CMake config files
[1.542s] Level 1:colcon.colcon_core.shell:create_environment_hook('justina_gui', 'cmake_prefix_path')
[1.542s] INFO:colcon.colcon_core.shell:Creating environment hook '/home/catcyber02/Mobile-Robots-2026-1/install/justina_gui/share/justina_gui/hook/cmake_prefix_path.ps1'
[1.543s] INFO:colcon.colcon_core.shell:Creating environment descriptor '/home/catcyber02/Mobile-Robots-2026-1/install/justina_gui/share/justina_gui/hook/cmake_prefix_path.dsv'
[1.544s] INFO:colcon.colcon_core.shell:Creating environment hook '/home/catcyber02/Mobile-Robots-2026-1/install/justina_gui/share/justina_gui/hook/cmake_prefix_path.sh'
[1.546s] Level 1:colcon.colcon_core.environment:checking '/home/catcyber02/Mobile-Robots-2026-1/install/justina_gui/lib'
[1.546s] Level 1:colcon.colcon_core.environment:checking '/home/catcyber02/Mobile-Robots-2026-1/install/justina_gui/bin'
[1.546s] Level 1:colcon.colcon_core.environment:checking '/home/catcyber02/Mobile-Robots-2026-1/install/justina_gui/lib/pkgconfig/justina_gui.pc'
[1.546s] Level 1:colcon.colcon_core.environment:checking '/home/catcyber02/Mobile-Robots-2026-1/install/justina_gui/lib/python3.12/site-packages'
[1.547s] Level 1:colcon.colcon_core.environment:checking '/home/catcyber02/Mobile-Robots-2026-1/install/justina_gui/bin'
[1.548s] INFO:colcon.colcon_core.shell:Creating package script '/home/catcyber02/Mobile-Robots-2026-1/install/justina_gui/share/justina_gui/package.ps1'
[1.548s] INFO:colcon.colcon_core.shell:Creating package descriptor '/home/catcyber02/Mobile-Robots-2026-1/install/justina_gui/share/justina_gui/package.dsv'
[1.549s] INFO:colcon.colcon_core.shell:Creating package script '/home/catcyber02/Mobile-Robots-2026-1/install/justina_gui/share/justina_gui/package.sh'
[1.550s] INFO:colcon.colcon_core.shell:Creating package script '/home/catcyber02/Mobile-Robots-2026-1/install/justina_gui/share/justina_gui/package.bash'
[1.551s] INFO:colcon.colcon_core.shell:Creating package script '/home/catcyber02/Mobile-Robots-2026-1/install/justina_gui/share/justina_gui/package.zsh'
[1.551s] Level 1:colcon.colcon_core.environment:create_file_with_runtime_dependencies(/home/catcyber02/Mobile-Robots-2026-1/install/justina_gui/share/colcon-core/packages/justina_gui)
[1.552s] Level 1:colcon.colcon_core.environment:create_environment_scripts_only(justina_gui)
[1.553s] Level 1:colcon.colcon_core.environment:checking '/home/catcyber02/Mobile-Robots-2026-1/install/justina_gui' for CMake module files
[1.554s] Level 1:colcon.colcon_core.environment:checking '/home/catcyber02/Mobile-Robots-2026-1/install/justina_gui' for CMake config files
[1.554s] Level 1:colcon.colcon_core.shell:create_environment_hook('justina_gui', 'cmake_prefix_path')
[1.554s] INFO:colcon.colcon_core.shell:Creating environment hook '/home/catcyber02/Mobile-Robots-2026-1/install/justina_gui/share/justina_gui/hook/cmake_prefix_path.ps1'
[1.555s] INFO:colcon.colcon_core.shell:Creating environment descriptor '/home/catcyber02/Mobile-Robots-2026-1/install/justina_gui/share/justina_gui/hook/cmake_prefix_path.dsv'
[1.556s] INFO:colcon.colcon_core.shell:Creating environment hook '/home/catcyber02/Mobile-Robots-2026-1/install/justina_gui/share/justina_gui/hook/cmake_prefix_path.sh'
[1.557s] Level 1:colcon.colcon_core.environment:checking '/home/catcyber02/Mobile-Robots-2026-1/install/justina_gui/lib'
[1.557s] Level 1:colcon.colcon_core.environment:checking '/home/catcyber02/Mobile-Robots-2026-1/install/justina_gui/bin'
[1.557s] Level 1:colcon.colcon_core.environment:checking '/home/catcyber02/Mobile-Robots-2026-1/install/justina_gui/lib/pkgconfig/justina_gui.pc'
[1.557s] Level 1:colcon.colcon_core.environment:checking '/home/catcyber02/Mobile-Robots-2026-1/install/justina_gui/lib/python3.12/site-packages'
[1.558s] Level 1:colcon.colcon_core.environment:checking '/home/catcyber02/Mobile-Robots-2026-1/install/justina_gui/bin'
[1.558s] INFO:colcon.colcon_core.shell:Creating package script '/home/catcyber02/Mobile-Robots-2026-1/install/justina_gui/share/justina_gui/package.ps1'
[1.559s] INFO:colcon.colcon_core.shell:Creating package descriptor '/home/catcyber02/Mobile-Robots-2026-1/install/justina_gui/share/justina_gui/package.dsv'
[1.560s] INFO:colcon.colcon_core.shell:Creating package script '/home/catcyber02/Mobile-Robots-2026-1/install/justina_gui/share/justina_gui/package.sh'
[1.562s] INFO:colcon.colcon_core.shell:Creating package script '/home/catcyber02/Mobile-Robots-2026-1/install/justina_gui/share/justina_gui/package.bash'
[1.562s] INFO:colcon.colcon_core.shell:Creating package script '/home/catcyber02/Mobile-Robots-2026-1/install/justina_gui/share/justina_gui/package.zsh'
[1.563s] Level 1:colcon.colcon_core.environment:create_file_with_runtime_dependencies(/home/catcyber02/Mobile-Robots-2026-1/install/justina_gui/share/colcon-core/packages/justina_gui)
[1.566s] Level 1:colcon.colcon_core.environment:create_environment_scripts_only(gazebo_envs)
[1.566s] Level 1:colcon.colcon_core.environment:checking '/home/catcyber02/Mobile-Robots-2026-1/install/gazebo_envs' for CMake module files
[1.567s] DEBUG:colcon.colcon_core.event_handler.log_command:Invoked command in '/home/catcyber02/Mobile-Robots-2026-1/build/gazebo_envs' returned '0': CMAKE_PREFIX_PATH=${CMAKE_PREFIX_PATH}:/home/catcyber02/Mobile-Robots-2026-1/ros2_ws/install/uf_ros_lib:/home/catcyber02/Mobile-Robots-2026-1/ros2_ws/install/simple_move:/home/catcyber02/Mobile-Robots-2026-1/ros2_ws/install/path_planner:/home/catcyber02/Mobile-Robots-2026-1/ros2_ws/install/map_augmenter:/opt/ros/jazzy DEBUGINFOD_URLS=https://debuginfod.ubuntu.com /usr/bin/cmake --install /home/catcyber02/Mobile-Robots-2026-1/build/gazebo_envs
[1.567s] Level 1:colcon.colcon_core.environment:checking '/home/catcyber02/Mobile-Robots-2026-1/install/gazebo_envs' for CMake config files
[1.568s] Level 1:colcon.colcon_core.shell:create_environment_hook('gazebo_envs', 'cmake_prefix_path')
[1.568s] INFO:colcon.colcon_core.shell:Creating environment hook '/home/catcyber02/Mobile-Robots-2026-1/install/gazebo_envs/share/gazebo_envs/hook/cmake_prefix_path.ps1'
[1.569s] INFO:colcon.colcon_core.shell:Creating environment descriptor '/home/catcyber02/Mobile-Robots-2026-1/install/gazebo_envs/share/gazebo_envs/hook/cmake_prefix_path.dsv'
[1.569s] INFO:colcon.colcon_core.shell:Creating environment hook '/home/catcyber02/Mobile-Robots-2026-1/install/gazebo_envs/share/gazebo_envs/hook/cmake_prefix_path.sh'
[1.570s] Level 1:colcon.colcon_core.environment:checking '/home/catcyber02/Mobile-Robots-2026-1/install/gazebo_envs/bin'
[1.570s] Level 1:colcon.colcon_core.environment:checking '/home/catcyber02/Mobile-Robots-2026-1/install/gazebo_envs/lib/pkgconfig/gazebo_envs.pc'
[1.570s] Level 1:colcon.colcon_core.environment:checking '/home/catcyber02/Mobile-Robots-2026-1/install/gazebo_envs/lib/python3.12/site-packages'
[1.571s] Level 1:colcon.colcon_core.environment:checking '/home/catcyber02/Mobile-Robots-2026-1/install/gazebo_envs/bin'
[1.571s] INFO:colcon.colcon_core.shell:Creating package script '/home/catcyber02/Mobile-Robots-2026-1/install/gazebo_envs/share/gazebo_envs/package.ps1'
[1.572s] INFO:colcon.colcon_core.shell:Creating package descriptor '/home/catcyber02/Mobile-Robots-2026-1/install/gazebo_envs/share/gazebo_envs/package.dsv'
[1.572s] INFO:colcon.colcon_core.shell:Creating package script '/home/catcyber02/Mobile-Robots-2026-1/install/gazebo_envs/share/gazebo_envs/package.sh'
[1.573s] INFO:colcon.colcon_core.shell:Creating package script '/home/catcyber02/Mobile-Robots-2026-1/install/gazebo_envs/share/gazebo_envs/package.bash'
[1.573s] INFO:colcon.colcon_core.shell:Creating package script '/home/catcyber02/Mobile-Robots-2026-1/install/gazebo_envs/share/gazebo_envs/package.zsh'
[1.574s] Level 1:colcon.colcon_core.environment:create_file_with_runtime_dependencies(/home/catcyber02/Mobile-Robots-2026-1/install/gazebo_envs/share/colcon-core/packages/gazebo_envs)
[1.574s] Level 1:colcon.colcon_core.environment:create_environment_scripts_only(gazebo_envs)
[1.574s] Level 1:colcon.colcon_core.environment:checking '/home/catcyber02/Mobile-Robots-2026-1/install/gazebo_envs' for CMake module files
[1.575s] Level 1:colcon.colcon_core.environment:checking '/home/catcyber02/Mobile-Robots-2026-1/install/gazebo_envs' for CMake config files
[1.575s] Level 1:colcon.colcon_core.shell:create_environment_hook('gazebo_envs', 'cmake_prefix_path')
[1.576s] INFO:colcon.colcon_core.shell:Creating environment hook '/home/catcyber02/Mobile-Robots-2026-1/install/gazebo_envs/share/gazebo_envs/hook/cmake_prefix_path.ps1'
[1.576s] INFO:colcon.colcon_core.shell:Creating environment descriptor '/home/catcyber02/Mobile-Robots-2026-1/install/gazebo_envs/share/gazebo_envs/hook/cmake_prefix_path.dsv'
[1.577s] INFO:colcon.colcon_core.shell:Creating environment hook '/home/catcyber02/Mobile-Robots-2026-1/install/gazebo_envs/share/gazebo_envs/hook/cmake_prefix_path.sh'
[1.578s] Level 1:colcon.colcon_core.environment:checking '/home/catcyber02/Mobile-Robots-2026-1/install/gazebo_envs/bin'
[1.578s] Level 1:colcon.colcon_core.environment:checking '/home/catcyber02/Mobile-Robots-2026-1/install/gazebo_envs/lib/pkgconfig/gazebo_envs.pc'
[1.579s] Level 1:colcon.colcon_core.environment:checking '/home/catcyber02/Mobile-Robots-2026-1/install/gazebo_envs/lib/python3.12/site-packages'
[1.579s] Level 1:colcon.colcon_core.environment:checking '/home/catcyber02/Mobile-Robots-2026-1/install/gazebo_envs/bin'
[1.579s] INFO:colcon.colcon_core.shell:Creating package script '/home/catcyber02/Mobile-Robots-2026-1/install/gazebo_envs/share/gazebo_envs/package.ps1'
[1.580s] INFO:colcon.colcon_core.shell:Creating package descriptor '/home/catcyber02/Mobile-Robots-2026-1/install/gazebo_envs/share/gazebo_envs/package.dsv'
[1.580s] INFO:colcon.colcon_core.shell:Creating package script '/home/catcyber02/Mobile-Robots-2026-1/install/gazebo_envs/share/gazebo_envs/package.sh'
[1.581s] INFO:colcon.colcon_core.shell:Creating package script '/home/catcyber02/Mobile-Robots-2026-1/install/gazebo_envs/share/gazebo_envs/package.bash'
[1.582s] INFO:colcon.colcon_core.shell:Creating package script '/home/catcyber02/Mobile-Robots-2026-1/install/gazebo_envs/share/gazebo_envs/package.zsh'
[1.582s] Level 1:colcon.colcon_core.environment:create_file_with_runtime_dependencies(/home/catcyber02/Mobile-Robots-2026-1/install/gazebo_envs/share/colcon-core/packages/gazebo_envs)
[1.583s] Level 1:colcon.colcon_core.environment:create_environment_scripts_only(xarm_sdk)
[1.583s] Level 1:colcon.colcon_core.environment:checking '/home/catcyber02/Mobile-Robots-2026-1/install/xarm_sdk' for CMake module files
[1.585s] DEBUG:colcon.colcon_core.event_handler.log_command:Invoked command in '/home/catcyber02/Mobile-Robots-2026-1/build/xarm_sdk' returned '0': CMAKE_PREFIX_PATH=${CMAKE_PREFIX_PATH}:/home/catcyber02/Mobile-Robots-2026-1/ros2_ws/install/uf_ros_lib:/home/catcyber02/Mobile-Robots-2026-1/ros2_ws/install/simple_move:/home/catcyber02/Mobile-Robots-2026-1/ros2_ws/install/path_planner:/home/catcyber02/Mobile-Robots-2026-1/ros2_ws/install/map_augmenter:/opt/ros/jazzy DEBUGINFOD_URLS=https://debuginfod.ubuntu.com /usr/bin/cmake --install /home/catcyber02/Mobile-Robots-2026-1/build/xarm_sdk
[1.585s] Level 1:colcon.colcon_core.environment:checking '/home/catcyber02/Mobile-Robots-2026-1/install/xarm_sdk' for CMake config files
[1.585s] Level 1:colcon.colcon_core.shell:create_environment_hook('xarm_sdk', 'cmake_prefix_path')
[1.586s] INFO:colcon.colcon_core.shell:Creating environment hook '/home/catcyber02/Mobile-Robots-2026-1/install/xarm_sdk/share/xarm_sdk/hook/cmake_prefix_path.ps1'
[1.586s] INFO:colcon.colcon_core.shell:Creating environment descriptor '/home/catcyber02/Mobile-Robots-2026-1/install/xarm_sdk/share/xarm_sdk/hook/cmake_prefix_path.dsv'
[1.587s] INFO:colcon.colcon_core.shell:Creating environment hook '/home/catcyber02/Mobile-Robots-2026-1/install/xarm_sdk/share/xarm_sdk/hook/cmake_prefix_path.sh'
[1.587s] Level 1:colcon.colcon_core.environment:checking '/home/catcyber02/Mobile-Robots-2026-1/install/xarm_sdk/lib'
[1.587s] Level 1:colcon.colcon_core.shell:create_environment_hook('xarm_sdk', 'ld_library_path_lib')
[1.588s] INFO:colcon.colcon_core.shell:Creating environment hook '/home/catcyber02/Mobile-Robots-2026-1/install/xarm_sdk/share/xarm_sdk/hook/ld_library_path_lib.ps1'
[1.588s] INFO:colcon.colcon_core.shell:Creating environment descriptor '/home/catcyber02/Mobile-Robots-2026-1/install/xarm_sdk/share/xarm_sdk/hook/ld_library_path_lib.dsv'
[1.588s] INFO:colcon.colcon_core.shell:Creating environment hook '/home/catcyber02/Mobile-Robots-2026-1/install/xarm_sdk/share/xarm_sdk/hook/ld_library_path_lib.sh'
[1.589s] Level 1:colcon.colcon_core.environment:checking '/home/catcyber02/Mobile-Robots-2026-1/install/xarm_sdk/bin'
[1.589s] Level 1:colcon.colcon_core.environment:checking '/home/catcyber02/Mobile-Robots-2026-1/install/xarm_sdk/lib/pkgconfig/xarm_sdk.pc'
[1.589s] Level 1:colcon.colcon_core.environment:checking '/home/catcyber02/Mobile-Robots-2026-1/install/xarm_sdk/lib/python3.12/site-packages'
[1.589s] Level 1:colcon.colcon_core.environment:checking '/home/catcyber02/Mobile-Robots-2026-1/install/xarm_sdk/bin'
[1.590s] INFO:colcon.colcon_core.shell:Creating package script '/home/catcyber02/Mobile-Robots-2026-1/install/xarm_sdk/share/xarm_sdk/package.ps1'
[1.590s] INFO:colcon.colcon_core.shell:Creating package descriptor '/home/catcyber02/Mobile-Robots-2026-1/install/xarm_sdk/share/xarm_sdk/package.dsv'
[1.591s] INFO:colcon.colcon_core.shell:Creating package script '/home/catcyber02/Mobile-Robots-2026-1/install/xarm_sdk/share/xarm_sdk/package.sh'
[1.592s] INFO:colcon.colcon_core.shell:Creating package script '/home/catcyber02/Mobile-Robots-2026-1/install/xarm_sdk/share/xarm_sdk/package.bash'
[1.592s] INFO:colcon.colcon_core.shell:Creating package script '/home/catcyber02/Mobile-Robots-2026-1/install/xarm_sdk/share/xarm_sdk/package.zsh'
[1.593s] Level 1:colcon.colcon_core.environment:create_file_with_runtime_dependencies(/home/catcyber02/Mobile-Robots-2026-1/install/xarm_sdk/share/colcon-core/packages/xarm_sdk)
[1.594s] Level 1:colcon.colcon_core.environment:create_environment_scripts_only(xarm_sdk)
[1.594s] Level 1:colcon.colcon_core.environment:checking '/home/catcyber02/Mobile-Robots-2026-1/install/xarm_sdk' for CMake module files
[1.595s] Level 1:colcon.colcon_core.environment:checking '/home/catcyber02/Mobile-Robots-2026-1/install/xarm_sdk' for CMake config files
[1.595s] Level 1:colcon.colcon_core.shell:create_environment_hook('xarm_sdk', 'cmake_prefix_path')
[1.595s] INFO:colcon.colcon_core.shell:Creating environment hook '/home/catcyber02/Mobile-Robots-2026-1/install/xarm_sdk/share/xarm_sdk/hook/cmake_prefix_path.ps1'
[1.596s] INFO:colcon.colcon_core.shell:Creating environment descriptor '/home/catcyber02/Mobile-Robots-2026-1/install/xarm_sdk/share/xarm_sdk/hook/cmake_prefix_path.dsv'
[1.597s] INFO:colcon.colcon_core.shell:Creating environment hook '/home/catcyber02/Mobile-Robots-2026-1/install/xarm_sdk/share/xarm_sdk/hook/cmake_prefix_path.sh'
[1.598s] Level 1:colcon.colcon_core.environment:checking '/home/catcyber02/Mobile-Robots-2026-1/install/xarm_sdk/lib'
[1.598s] Level 1:colcon.colcon_core.shell:create_environment_hook('xarm_sdk', 'ld_library_path_lib')
[1.598s] INFO:colcon.colcon_core.shell:Creating environment hook '/home/catcyber02/Mobile-Robots-2026-1/install/xarm_sdk/share/xarm_sdk/hook/ld_library_path_lib.ps1'
[1.599s] INFO:colcon.colcon_core.shell:Creating environment descriptor '/home/catcyber02/Mobile-Robots-2026-1/install/xarm_sdk/share/xarm_sdk/hook/ld_library_path_lib.dsv'
[1.599s] INFO:colcon.colcon_core.shell:Creating environment hook '/home/catcyber02/Mobile-Robots-2026-1/install/xarm_sdk/share/xarm_sdk/hook/ld_library_path_lib.sh'
[1.600s] Level 1:colcon.colcon_core.environment:checking '/home/catcyber02/Mobile-Robots-2026-1/install/xarm_sdk/bin'
[1.600s] Level 1:colcon.colcon_core.environment:checking '/home/catcyber02/Mobile-Robots-2026-1/install/xarm_sdk/lib/pkgconfig/xarm_sdk.pc'
[1.600s] Level 1:colcon.colcon_core.environment:checking '/home/catcyber02/Mobile-Robots-2026-1/install/xarm_sdk/lib/python3.12/site-packages'
[1.600s] Level 1:colcon.colcon_core.environment:checking '/home/catcyber02/Mobile-Robots-2026-1/install/xarm_sdk/bin'
[1.600s] INFO:colcon.colcon_core.shell:Creating package script '/home/catcyber02/Mobile-Robots-2026-1/install/xarm_sdk/share/xarm_sdk/package.ps1'
[1.601s] INFO:colcon.colcon_core.shell:Creating package descriptor '/home/catcyber02/Mobile-Robots-2026-1/install/xarm_sdk/share/xarm_sdk/package.dsv'
[1.602s] INFO:colcon.colcon_core.shell:Creating package script '/home/catcyber02/Mobile-Robots-2026-1/install/xarm_sdk/share/xarm_sdk/package.sh'
[1.602s] INFO:colcon.colcon_core.shell:Creating package script '/home/catcyber02/Mobile-Robots-2026-1/install/xarm_sdk/share/xarm_sdk/package.bash'
[1.603s] INFO:colcon.colcon_core.shell:Creating package script '/home/catcyber02/Mobile-Robots-2026-1/install/xarm_sdk/share/xarm_sdk/package.zsh'
[1.604s] Level 1:colcon.colcon_core.environment:create_file_with_runtime_dependencies(/home/catcyber02/Mobile-Robots-2026-1/install/xarm_sdk/share/colcon-core/packages/xarm_sdk)
[1.936s] INFO:colcon.colcon_core.task.python.build:Building Python package in '/home/catcyber02/Mobile-Robots-2026-1/ros2_ws/src/navigation/path_planner'
[1.937s] INFO:colcon.colcon_core.shell:Skip shell extension 'powershell' for command environment: Not usable outside of PowerShell
[1.937s] DEBUG:colcon.colcon_core.shell:Skip shell extension 'dsv' for command environment
[2.273s] INFO:colcon.colcon_core.task.python.build:Building Python package in '/home/catcyber02/Mobile-Robots-2026-1/ros2_ws/src/navigation/simple_move'
[2.274s] INFO:colcon.colcon_core.shell:Skip shell extension 'powershell' for command environment: Not usable outside of PowerShell
[2.274s] DEBUG:colcon.colcon_core.shell:Skip shell extension 'dsv' for command environment
[2.588s] INFO:colcon.colcon_core.task.python.build:Building Python package in '/home/catcyber02/Mobile-Robots-2026-1/ros2_ws/src/hardware/xarm_ros2/uf_ros_lib'
[2.589s] INFO:colcon.colcon_core.shell:Skip shell extension 'powershell' for command environment: Not usable outside of PowerShell
[2.589s] DEBUG:colcon.colcon_core.shell:Skip shell extension 'dsv' for command environment
[2.599s] DEBUG:colcon.colcon_core.event_handler.log_command:Invoked command in '/home/catcyber02/Mobile-Robots-2026-1/build/xarm_msgs' returned '0': CMAKE_PREFIX_PATH=${CMAKE_PREFIX_PATH}:/home/catcyber02/Mobile-Robots-2026-1/ros2_ws/install/uf_ros_lib:/home/catcyber02/Mobile-Robots-2026-1/ros2_ws/install/simple_move:/home/catcyber02/Mobile-Robots-2026-1/ros2_ws/install/path_planner:/home/catcyber02/Mobile-Robots-2026-1/ros2_ws/install/map_augmenter:/opt/ros/jazzy DEBUGINFOD_URLS=https://debuginfod.ubuntu.com /usr/bin/cmake --build /home/catcyber02/Mobile-Robots-2026-1/build/xarm_msgs -- -j8 -l8
[2.601s] DEBUG:colcon.colcon_core.event_handler.log_command:Invoking command in '/home/catcyber02/Mobile-Robots-2026-1/build/xarm_msgs': CMAKE_PREFIX_PATH=${CMAKE_PREFIX_PATH}:/home/catcyber02/Mobile-Robots-2026-1/ros2_ws/install/uf_ros_lib:/home/catcyber02/Mobile-Robots-2026-1/ros2_ws/install/simple_move:/home/catcyber02/Mobile-Robots-2026-1/ros2_ws/install/path_planner:/home/catcyber02/Mobile-Robots-2026-1/ros2_ws/install/map_augmenter:/opt/ros/jazzy DEBUGINFOD_URLS=https://debuginfod.ubuntu.com /usr/bin/cmake --install /home/catcyber02/Mobile-Robots-2026-1/build/xarm_msgs
[2.611s] DEBUG:colcon.colcon_core.event_handler.log_command:Invoking command in '/home/catcyber02/Mobile-Robots-2026-1/ros2_ws/src/navigation/map_augmenter': DEBUGINFOD_URLS=https://debuginfod.ubuntu.com PYTHONPATH=/home/catcyber02/Mobile-Robots-2026-1/build/map_augmenter/prefix_override:/usr/lib/python3/dist-packages/colcon_core/task/python/colcon_distutils_commands:/home/catcyber02/Mobile-Robots-2026-1/install/map_augmenter/lib/python3.12/site-packages:${PYTHONPATH} /usr/bin/python3 -W ignore:setup.py install is deprecated -W ignore:easy_install command is deprecated setup.py egg_info --egg-base ../../../../build/map_augmenter build --build-base /home/catcyber02/Mobile-Robots-2026-1/build/map_augmenter/build install --record /home/catcyber02/Mobile-Robots-2026-1/build/map_augmenter/install.log --single-version-externally-managed install_data
[2.959s] Level 1:colcon.colcon_core.environment:create_environment_scripts_only(xarm_msgs)
[2.960s] Level 1:colcon.colcon_core.environment:checking '/home/catcyber02/Mobile-Robots-2026-1/install/xarm_msgs' for CMake module files
[2.967s] Level 1:colcon.colcon_core.environment:checking '/home/catcyber02/Mobile-Robots-2026-1/install/xarm_msgs' for CMake config files
[2.988s] Level 1:colcon.colcon_core.shell:create_environment_hook('xarm_msgs', 'cmake_prefix_path')
[2.989s] INFO:colcon.colcon_core.shell:Creating environment hook '/home/catcyber02/Mobile-Robots-2026-1/install/xarm_msgs/share/xarm_msgs/hook/cmake_prefix_path.ps1'
[2.993s] INFO:colcon.colcon_core.shell:Creating environment descriptor '/home/catcyber02/Mobile-Robots-2026-1/install/xarm_msgs/share/xarm_msgs/hook/cmake_prefix_path.dsv'
[2.998s] INFO:colcon.colcon_core.shell:Creating environment hook '/home/catcyber02/Mobile-Robots-2026-1/install/xarm_msgs/share/xarm_msgs/hook/cmake_prefix_path.sh'
[3.013s] Level 1:colcon.colcon_core.environment:checking '/home/catcyber02/Mobile-Robots-2026-1/install/xarm_msgs/lib'
[3.019s] Level 1:colcon.colcon_core.shell:create_environment_hook('xarm_msgs', 'ld_library_path_lib')
[3.020s] INFO:colcon.colcon_core.shell:Creating environment hook '/home/catcyber02/Mobile-Robots-2026-1/install/xarm_msgs/share/xarm_msgs/hook/ld_library_path_lib.ps1'
[3.030s] INFO:colcon.colcon_core.shell:Creating environment descriptor '/home/catcyber02/Mobile-Robots-2026-1/install/xarm_msgs/share/xarm_msgs/hook/ld_library_path_lib.dsv'
[3.041s] INFO:colcon.colcon_core.shell:Creating environment hook '/home/catcyber02/Mobile-Robots-2026-1/install/xarm_msgs/share/xarm_msgs/hook/ld_library_path_lib.sh'
[3.046s] Level 1:colcon.colcon_core.environment:checking '/home/catcyber02/Mobile-Robots-2026-1/install/xarm_msgs/bin'
[3.047s] Level 1:colcon.colcon_core.environment:checking '/home/catcyber02/Mobile-Robots-2026-1/install/xarm_msgs/lib/pkgconfig/xarm_msgs.pc'
[3.048s] Level 1:colcon.colcon_core.environment:checking '/home/catcyber02/Mobile-Robots-2026-1/install/xarm_msgs/lib/python3.12/site-packages'
[3.049s] Level 1:colcon.colcon_core.shell:create_environment_hook('xarm_msgs', 'pythonpath')
[3.050s] INFO:colcon.colcon_core.shell:Creating environment hook '/home/catcyber02/Mobile-Robots-2026-1/install/xarm_msgs/share/xarm_msgs/hook/pythonpath.ps1'
[3.056s] INFO:colcon.colcon_core.shell:Creating environment descriptor '/home/catcyber02/Mobile-Robots-2026-1/install/xarm_msgs/share/xarm_msgs/hook/pythonpath.dsv'
[3.060s] INFO:colcon.colcon_core.shell:Creating environment hook '/home/catcyber02/Mobile-Robots-2026-1/install/xarm_msgs/share/xarm_msgs/hook/pythonpath.sh'
[3.061s] DEBUG:colcon.colcon_core.event_handler.log_command:Invoked command in '/home/catcyber02/Mobile-Robots-2026-1/build/xarm_msgs' returned '0': CMAKE_PREFIX_PATH=${CMAKE_PREFIX_PATH}:/home/catcyber02/Mobile-Robots-2026-1/ros2_ws/install/uf_ros_lib:/home/catcyber02/Mobile-Robots-2026-1/ros2_ws/install/simple_move:/home/catcyber02/Mobile-Robots-2026-1/ros2_ws/install/path_planner:/home/catcyber02/Mobile-Robots-2026-1/ros2_ws/install/map_augmenter:/opt/ros/jazzy DEBUGINFOD_URLS=https://debuginfod.ubuntu.com /usr/bin/cmake --install /home/catcyber02/Mobile-Robots-2026-1/build/xarm_msgs
[3.062s] Level 1:colcon.colcon_core.environment:checking '/home/catcyber02/Mobile-Robots-2026-1/install/xarm_msgs/bin'
[3.063s] INFO:colcon.colcon_core.shell:Creating package script '/home/catcyber02/Mobile-Robots-2026-1/install/xarm_msgs/share/xarm_msgs/package.ps1'
[3.064s] INFO:colcon.colcon_core.shell:Creating package descriptor '/home/catcyber02/Mobile-Robots-2026-1/install/xarm_msgs/share/xarm_msgs/package.dsv'
[3.065s] INFO:colcon.colcon_core.shell:Creating package script '/home/catcyber02/Mobile-Robots-2026-1/install/xarm_msgs/share/xarm_msgs/package.sh'
[3.067s] INFO:colcon.colcon_core.shell:Creating package script '/home/catcyber02/Mobile-Robots-2026-1/install/xarm_msgs/share/xarm_msgs/package.bash'
[3.068s] INFO:colcon.colcon_core.shell:Creating package script '/home/catcyber02/Mobile-Robots-2026-1/install/xarm_msgs/share/xarm_msgs/package.zsh'
[3.069s] Level 1:colcon.colcon_core.environment:create_file_with_runtime_dependencies(/home/catcyber02/Mobile-Robots-2026-1/install/xarm_msgs/share/colcon-core/packages/xarm_msgs)
[3.071s] Level 1:colcon.colcon_core.environment:create_environment_scripts_only(xarm_msgs)
[3.071s] Level 1:colcon.colcon_core.environment:checking '/home/catcyber02/Mobile-Robots-2026-1/install/xarm_msgs' for CMake module files
[3.073s] Level 1:colcon.colcon_core.environment:checking '/home/catcyber02/Mobile-Robots-2026-1/install/xarm_msgs' for CMake config files
[3.077s] Level 1:colcon.colcon_core.shell:create_environment_hook('xarm_msgs', 'cmake_prefix_path')
[3.077s] INFO:colcon.colcon_core.shell:Creating environment hook '/home/catcyber02/Mobile-Robots-2026-1/install/xarm_msgs/share/xarm_msgs/hook/cmake_prefix_path.ps1'
[3.078s] INFO:colcon.colcon_core.shell:Creating environment descriptor '/home/catcyber02/Mobile-Robots-2026-1/install/xarm_msgs/share/xarm_msgs/hook/cmake_prefix_path.dsv'
[3.079s] INFO:colcon.colcon_core.shell:Creating environment hook '/home/catcyber02/Mobile-Robots-2026-1/install/xarm_msgs/share/xarm_msgs/hook/cmake_prefix_path.sh'
[3.080s] Level 1:colcon.colcon_core.environment:checking '/home/catcyber02/Mobile-Robots-2026-1/install/xarm_msgs/lib'
[3.080s] Level 1:colcon.colcon_core.shell:create_environment_hook('xarm_msgs', 'ld_library_path_lib')
[3.081s] INFO:colcon.colcon_core.shell:Creating environment hook '/home/catcyber02/Mobile-Robots-2026-1/install/xarm_msgs/share/xarm_msgs/hook/ld_library_path_lib.ps1'
[3.082s] INFO:colcon.colcon_core.shell:Creating environment descriptor '/home/catcyber02/Mobile-Robots-2026-1/install/xarm_msgs/share/xarm_msgs/hook/ld_library_path_lib.dsv'
[3.082s] INFO:colcon.colcon_core.shell:Creating environment hook '/home/catcyber02/Mobile-Robots-2026-1/install/xarm_msgs/share/xarm_msgs/hook/ld_library_path_lib.sh'
[3.083s] Level 1:colcon.colcon_core.environment:checking '/home/catcyber02/Mobile-Robots-2026-1/install/xarm_msgs/bin'
[3.083s] Level 1:colcon.colcon_core.environment:checking '/home/catcyber02/Mobile-Robots-2026-1/install/xarm_msgs/lib/pkgconfig/xarm_msgs.pc'
[3.084s] Level 1:colcon.colcon_core.environment:checking '/home/catcyber02/Mobile-Robots-2026-1/install/xarm_msgs/lib/python3.12/site-packages'
[3.084s] Level 1:colcon.colcon_core.shell:create_environment_hook('xarm_msgs', 'pythonpath')
[3.085s] INFO:colcon.colcon_core.shell:Creating environment hook '/home/catcyber02/Mobile-Robots-2026-1/install/xarm_msgs/share/xarm_msgs/hook/pythonpath.ps1'
[3.086s] INFO:colcon.colcon_core.shell:Creating environment descriptor '/home/catcyber02/Mobile-Robots-2026-1/install/xarm_msgs/share/xarm_msgs/hook/pythonpath.dsv'
[3.087s] INFO:colcon.colcon_core.shell:Creating environment hook '/home/catcyber02/Mobile-Robots-2026-1/install/xarm_msgs/share/xarm_msgs/hook/pythonpath.sh'
[3.088s] Level 1:colcon.colcon_core.environment:checking '/home/catcyber02/Mobile-Robots-2026-1/install/xarm_msgs/bin'
[3.088s] INFO:colcon.colcon_core.shell:Creating package script '/home/catcyber02/Mobile-Robots-2026-1/install/xarm_msgs/share/xarm_msgs/package.ps1'
[3.090s] INFO:colcon.colcon_core.shell:Creating package descriptor '/home/catcyber02/Mobile-Robots-2026-1/install/xarm_msgs/share/xarm_msgs/package.dsv'
[3.091s] INFO:colcon.colcon_core.shell:Creating package script '/home/catcyber02/Mobile-Robots-2026-1/install/xarm_msgs/share/xarm_msgs/package.sh'
[3.093s] INFO:colcon.colcon_core.shell:Creating package script '/home/catcyber02/Mobile-Robots-2026-1/install/xarm_msgs/share/xarm_msgs/package.bash'
[3.094s] INFO:colcon.colcon_core.shell:Creating package script '/home/catcyber02/Mobile-Robots-2026-1/install/xarm_msgs/share/xarm_msgs/package.zsh'
[3.096s] Level 1:colcon.colcon_core.environment:create_file_with_runtime_dependencies(/home/catcyber02/Mobile-Robots-2026-1/install/xarm_msgs/share/colcon-core/packages/xarm_msgs)
[3.098s] INFO:colcon.colcon_ros.task.ament_cmake.build:Building ROS package in '/home/catcyber02/Mobile-Robots-2026-1/ros2_ws/src/hardware/xarm_ros2/xarm_api' with build type 'ament_cmake'
[3.098s] INFO:colcon.colcon_cmake.task.cmake.build:Building CMake package in '/home/catcyber02/Mobile-Robots-2026-1/ros2_ws/src/hardware/xarm_ros2/xarm_api'
[3.099s] INFO:colcon.colcon_core.shell:Skip shell extension 'powershell' for command environment: Not usable outside of PowerShell
[3.099s] DEBUG:colcon.colcon_core.shell:Skip shell extension 'dsv' for command environment
[3.134s] DEBUG:colcon.colcon_core.event_handler.log_command:Invoking command in '/home/catcyber02/Mobile-Robots-2026-1/build/xarm_api': AMENT_PREFIX_PATH=/home/catcyber02/Mobile-Robots-2026-1/install/xarm_sdk:/home/catcyber02/Mobile-Robots-2026-1/install/xarm_msgs:/home/catcyber02/Mobile-Robots-2026-1/install/xarm_description:${AMENT_PREFIX_PATH} CMAKE_PREFIX_PATH=/home/catcyber02/Mobile-Robots-2026-1/install/xarm_sdk:/home/catcyber02/Mobile-Robots-2026-1/install/xarm_msgs:/home/catcyber02/Mobile-Robots-2026-1/install/xarm_description:/home/catcyber02/Mobile-Robots-2026-1/ros2_ws/install/xarm_controller:/home/catcyber02/Mobile-Robots-2026-1/ros2_ws/install/xarm_api:/home/catcyber02/Mobile-Robots-2026-1/ros2_ws/install/xarm_sdk:/home/catcyber02/Mobile-Robots-2026-1/ros2_ws/install/xarm_msgs:/home/catcyber02/Mobile-Robots-2026-1/ros2_ws/install/xarm_description:/home/catcyber02/Mobile-Robots-2026-1/ros2_ws/install/justina_gui:/home/catcyber02/Mobile-Robots-2026-1/ros2_ws/install/justina_description:/home/catcyber02/Mobile-Robots-2026-1/ros2_ws/install/gazebo_envs:/home/catcyber02/Mobile-Robots-2026-1/ros2_ws/install/config_files:/opt/ros/jazzy/opt/gz_sim_vendor:/opt/ros/jazzy/opt/gz_sensors_vendor:/opt/ros/jazzy/opt/gz_physics_vendor:/opt/ros/jazzy/opt/sdformat_vendor:/opt/ros/jazzy/opt/gz_gui_vendor:/opt/ros/jazzy/opt/gz_transport_vendor:/opt/ros/jazzy/opt/gz_rendering_vendor:/opt/ros/jazzy/opt/gz_plugin_vendor:/opt/ros/jazzy/opt/gz_fuel_tools_vendor:/opt/ros/jazzy/opt/gz_msgs_vendor:/opt/ros/jazzy/opt/gz_common_vendor:/opt/ros/jazzy/opt/gz_math_vendor:/opt/ros/jazzy/opt/gz_utils_vendor:/opt/ros/jazzy/opt/gz_tools_vendor:/opt/ros/jazzy/opt/gz_ogre_next_vendor:/opt/ros/jazzy/opt/gz_dartsim_vendor:/opt/ros/jazzy/opt/gz_cmake_vendor:/home/catcyber02/Mobile-Robots-2026-1/ros2_ws/install/uf_ros_lib:/home/catcyber02/Mobile-Robots-2026-1/ros2_ws/install/simple_move:/home/catcyber02/Mobile-Robots-2026-1/ros2_ws/install/path_planner:/home/catcyber02/Mobile-Robots-2026-1/ros2_ws/install/map_augmenter:/opt/ros/jazzy DEBUGINFOD_URLS=https://debuginfod.ubuntu.com LD_LIBRARY_PATH=/home/catcyber02/Mobile-Robots-2026-1/install/xarm_sdk/lib:/home/catcyber02/Mobile-Robots-2026-1/install/xarm_msgs/lib:${LD_LIBRARY_PATH} PYTHONPATH=/home/catcyber02/Mobile-Robots-2026-1/install/xarm_msgs/lib/python3.12/site-packages:${PYTHONPATH} /usr/bin/cmake --build /home/catcyber02/Mobile-Robots-2026-1/build/xarm_api -- -j8 -l8
[3.386s] DEBUG:colcon.colcon_core.event_handler.log_command:Invoked command in '/home/catcyber02/Mobile-Robots-2026-1/build/xarm_api' returned '0': AMENT_PREFIX_PATH=/home/catcyber02/Mobile-Robots-2026-1/install/xarm_sdk:/home/catcyber02/Mobile-Robots-2026-1/install/xarm_msgs:/home/catcyber02/Mobile-Robots-2026-1/install/xarm_description:${AMENT_PREFIX_PATH} CMAKE_PREFIX_PATH=/home/catcyber02/Mobile-Robots-2026-1/install/xarm_sdk:/home/catcyber02/Mobile-Robots-2026-1/install/xarm_msgs:/home/catcyber02/Mobile-Robots-2026-1/install/xarm_description:/home/catcyber02/Mobile-Robots-2026-1/ros2_ws/install/xarm_controller:/home/catcyber02/Mobile-Robots-2026-1/ros2_ws/install/xarm_api:/home/catcyber02/Mobile-Robots-2026-1/ros2_ws/install/xarm_sdk:/home/catcyber02/Mobile-Robots-2026-1/ros2_ws/install/xarm_msgs:/home/catcyber02/Mobile-Robots-2026-1/ros2_ws/install/xarm_description:/home/catcyber02/Mobile-Robots-2026-1/ros2_ws/install/justina_gui:/home/catcyber02/Mobile-Robots-2026-1/ros2_ws/install/justina_description:/home/catcyber02/Mobile-Robots-2026-1/ros2_ws/install/gazebo_envs:/home/catcyber02/Mobile-Robots-2026-1/ros2_ws/install/config_files:/opt/ros/jazzy/opt/gz_sim_vendor:/opt/ros/jazzy/opt/gz_sensors_vendor:/opt/ros/jazzy/opt/gz_physics_vendor:/opt/ros/jazzy/opt/sdformat_vendor:/opt/ros/jazzy/opt/gz_gui_vendor:/opt/ros/jazzy/opt/gz_transport_vendor:/opt/ros/jazzy/opt/gz_rendering_vendor:/opt/ros/jazzy/opt/gz_plugin_vendor:/opt/ros/jazzy/opt/gz_fuel_tools_vendor:/opt/ros/jazzy/opt/gz_msgs_vendor:/opt/ros/jazzy/opt/gz_common_vendor:/opt/ros/jazzy/opt/gz_math_vendor:/opt/ros/jazzy/opt/gz_utils_vendor:/opt/ros/jazzy/opt/gz_tools_vendor:/opt/ros/jazzy/opt/gz_ogre_next_vendor:/opt/ros/jazzy/opt/gz_dartsim_vendor:/opt/ros/jazzy/opt/gz_cmake_vendor:/home/catcyber02/Mobile-Robots-2026-1/ros2_ws/install/uf_ros_lib:/home/catcyber02/Mobile-Robots-2026-1/ros2_ws/install/simple_move:/home/catcyber02/Mobile-Robots-2026-1/ros2_ws/install/path_planner:/home/catcyber02/Mobile-Robots-2026-1/ros2_ws/install/map_augmenter:/opt/ros/jazzy DEBUGINFOD_URLS=https://debuginfod.ubuntu.com LD_LIBRARY_PATH=/home/catcyber02/Mobile-Robots-2026-1/install/xarm_sdk/lib:/home/catcyber02/Mobile-Robots-2026-1/install/xarm_msgs/lib:${LD_LIBRARY_PATH} PYTHONPATH=/home/catcyber02/Mobile-Robots-2026-1/install/xarm_msgs/lib/python3.12/site-packages:${PYTHONPATH} /usr/bin/cmake --build /home/catcyber02/Mobile-Robots-2026-1/build/xarm_api -- -j8 -l8
[3.388s] DEBUG:colcon.colcon_core.event_handler.log_command:Invoking command in '/home/catcyber02/Mobile-Robots-2026-1/build/xarm_api': AMENT_PREFIX_PATH=/home/catcyber02/Mobile-Robots-2026-1/install/xarm_sdk:/home/catcyber02/Mobile-Robots-2026-1/install/xarm_msgs:/home/catcyber02/Mobile-Robots-2026-1/install/xarm_description:${AMENT_PREFIX_PATH} CMAKE_PREFIX_PATH=/home/catcyber02/Mobile-Robots-2026-1/install/xarm_sdk:/home/catcyber02/Mobile-Robots-2026-1/install/xarm_msgs:/home/catcyber02/Mobile-Robots-2026-1/install/xarm_description:/home/catcyber02/Mobile-Robots-2026-1/ros2_ws/install/xarm_controller:/home/catcyber02/Mobile-Robots-2026-1/ros2_ws/install/xarm_api:/home/catcyber02/Mobile-Robots-2026-1/ros2_ws/install/xarm_sdk:/home/catcyber02/Mobile-Robots-2026-1/ros2_ws/install/xarm_msgs:/home/catcyber02/Mobile-Robots-2026-1/ros2_ws/install/xarm_description:/home/catcyber02/Mobile-Robots-2026-1/ros2_ws/install/justina_gui:/home/catcyber02/Mobile-Robots-2026-1/ros2_ws/install/justina_description:/home/catcyber02/Mobile-Robots-2026-1/ros2_ws/install/gazebo_envs:/home/catcyber02/Mobile-Robots-2026-1/ros2_ws/install/config_files:/opt/ros/jazzy/opt/gz_sim_vendor:/opt/ros/jazzy/opt/gz_sensors_vendor:/opt/ros/jazzy/opt/gz_physics_vendor:/opt/ros/jazzy/opt/sdformat_vendor:/opt/ros/jazzy/opt/gz_gui_vendor:/opt/ros/jazzy/opt/gz_transport_vendor:/opt/ros/jazzy/opt/gz_rendering_vendor:/opt/ros/jazzy/opt/gz_plugin_vendor:/opt/ros/jazzy/opt/gz_fuel_tools_vendor:/opt/ros/jazzy/opt/gz_msgs_vendor:/opt/ros/jazzy/opt/gz_common_vendor:/opt/ros/jazzy/opt/gz_math_vendor:/opt/ros/jazzy/opt/gz_utils_vendor:/opt/ros/jazzy/opt/gz_tools_vendor:/opt/ros/jazzy/opt/gz_ogre_next_vendor:/opt/ros/jazzy/opt/gz_dartsim_vendor:/opt/ros/jazzy/opt/gz_cmake_vendor:/home/catcyber02/Mobile-Robots-2026-1/ros2_ws/install/uf_ros_lib:/home/catcyber02/Mobile-Robots-2026-1/ros2_ws/install/simple_move:/home/catcyber02/Mobile-Robots-2026-1/ros2_ws/install/path_planner:/home/catcyber02/Mobile-Robots-2026-1/ros2_ws/install/map_augmenter:/opt/ros/jazzy DEBUGINFOD_URLS=https://debuginfod.ubuntu.com LD_LIBRARY_PATH=/home/catcyber02/Mobile-Robots-2026-1/install/xarm_sdk/lib:/home/catcyber02/Mobile-Robots-2026-1/install/xarm_msgs/lib:${LD_LIBRARY_PATH} PYTHONPATH=/home/catcyber02/Mobile-Robots-2026-1/install/xarm_msgs/lib/python3.12/site-packages:${PYTHONPATH} /usr/bin/cmake --install /home/catcyber02/Mobile-Robots-2026-1/build/xarm_api
[3.415s] Level 1:colcon.colcon_core.environment:create_environment_scripts_only(xarm_api)
[3.416s] Level 1:colcon.colcon_core.environment:checking '/home/catcyber02/Mobile-Robots-2026-1/install/xarm_api' for CMake module files
[3.417s] DEBUG:colcon.colcon_core.event_handler.log_command:Invoked command in '/home/catcyber02/Mobile-Robots-2026-1/build/xarm_api' returned '0': AMENT_PREFIX_PATH=/home/catcyber02/Mobile-Robots-2026-1/install/xarm_sdk:/home/catcyber02/Mobile-Robots-2026-1/install/xarm_msgs:/home/catcyber02/Mobile-Robots-2026-1/install/xarm_description:${AMENT_PREFIX_PATH} CMAKE_PREFIX_PATH=/home/catcyber02/Mobile-Robots-2026-1/install/xarm_sdk:/home/catcyber02/Mobile-Robots-2026-1/install/xarm_msgs:/home/catcyber02/Mobile-Robots-2026-1/install/xarm_description:/home/catcyber02/Mobile-Robots-2026-1/ros2_ws/install/xarm_controller:/home/catcyber02/Mobile-Robots-2026-1/ros2_ws/install/xarm_api:/home/catcyber02/Mobile-Robots-2026-1/ros2_ws/install/xarm_sdk:/home/catcyber02/Mobile-Robots-2026-1/ros2_ws/install/xarm_msgs:/home/catcyber02/Mobile-Robots-2026-1/ros2_ws/install/xarm_description:/home/catcyber02/Mobile-Robots-2026-1/ros2_ws/install/justina_gui:/home/catcyber02/Mobile-Robots-2026-1/ros2_ws/install/justina_description:/home/catcyber02/Mobile-Robots-2026-1/ros2_ws/install/gazebo_envs:/home/catcyber02/Mobile-Robots-2026-1/ros2_ws/install/config_files:/opt/ros/jazzy/opt/gz_sim_vendor:/opt/ros/jazzy/opt/gz_sensors_vendor:/opt/ros/jazzy/opt/gz_physics_vendor:/opt/ros/jazzy/opt/sdformat_vendor:/opt/ros/jazzy/opt/gz_gui_vendor:/opt/ros/jazzy/opt/gz_transport_vendor:/opt/ros/jazzy/opt/gz_rendering_vendor:/opt/ros/jazzy/opt/gz_plugin_vendor:/opt/ros/jazzy/opt/gz_fuel_tools_vendor:/opt/ros/jazzy/opt/gz_msgs_vendor:/opt/ros/jazzy/opt/gz_common_vendor:/opt/ros/jazzy/opt/gz_math_vendor:/opt/ros/jazzy/opt/gz_utils_vendor:/opt/ros/jazzy/opt/gz_tools_vendor:/opt/ros/jazzy/opt/gz_ogre_next_vendor:/opt/ros/jazzy/opt/gz_dartsim_vendor:/opt/ros/jazzy/opt/gz_cmake_vendor:/home/catcyber02/Mobile-Robots-2026-1/ros2_ws/install/uf_ros_lib:/home/catcyber02/Mobile-Robots-2026-1/ros2_ws/install/simple_move:/home/catcyber02/Mobile-Robots-2026-1/ros2_ws/install/path_planner:/home/catcyber02/Mobile-Robots-2026-1/ros2_ws/install/map_augmenter:/opt/ros/jazzy DEBUGINFOD_URLS=https://debuginfod.ubuntu.com LD_LIBRARY_PATH=/home/catcyber02/Mobile-Robots-2026-1/install/xarm_sdk/lib:/home/catcyber02/Mobile-Robots-2026-1/install/xarm_msgs/lib:${LD_LIBRARY_PATH} PYTHONPATH=/home/catcyber02/Mobile-Robots-2026-1/install/xarm_msgs/lib/python3.12/site-packages:${PYTHONPATH} /usr/bin/cmake --install /home/catcyber02/Mobile-Robots-2026-1/build/xarm_api
[3.418s] Level 1:colcon.colcon_core.environment:checking '/home/catcyber02/Mobile-Robots-2026-1/install/xarm_api' for CMake config files
[3.419s] Level 1:colcon.colcon_core.shell:create_environment_hook('xarm_api', 'cmake_prefix_path')
[3.419s] INFO:colcon.colcon_core.shell:Creating environment hook '/home/catcyber02/Mobile-Robots-2026-1/install/xarm_api/share/xarm_api/hook/cmake_prefix_path.ps1'
[3.420s] INFO:colcon.colcon_core.shell:Creating environment descriptor '/home/catcyber02/Mobile-Robots-2026-1/install/xarm_api/share/xarm_api/hook/cmake_prefix_path.dsv'
[3.420s] INFO:colcon.colcon_core.shell:Creating environment hook '/home/catcyber02/Mobile-Robots-2026-1/install/xarm_api/share/xarm_api/hook/cmake_prefix_path.sh'
[3.422s] Level 1:colcon.colcon_core.environment:checking '/home/catcyber02/Mobile-Robots-2026-1/install/xarm_api/lib'
[3.422s] Level 1:colcon.colcon_core.shell:create_environment_hook('xarm_api', 'ld_library_path_lib')
[3.422s] INFO:colcon.colcon_core.shell:Creating environment hook '/home/catcyber02/Mobile-Robots-2026-1/install/xarm_api/share/xarm_api/hook/ld_library_path_lib.ps1'
[3.423s] INFO:colcon.colcon_core.shell:Creating environment descriptor '/home/catcyber02/Mobile-Robots-2026-1/install/xarm_api/share/xarm_api/hook/ld_library_path_lib.dsv'
[3.424s] INFO:colcon.colcon_core.shell:Creating environment hook '/home/catcyber02/Mobile-Robots-2026-1/install/xarm_api/share/xarm_api/hook/ld_library_path_lib.sh'
[3.425s] Level 1:colcon.colcon_core.environment:checking '/home/catcyber02/Mobile-Robots-2026-1/install/xarm_api/bin'
[3.426s] Level 1:colcon.colcon_core.environment:checking '/home/catcyber02/Mobile-Robots-2026-1/install/xarm_api/lib/pkgconfig/xarm_api.pc'
[3.426s] Level 1:colcon.colcon_core.environment:checking '/home/catcyber02/Mobile-Robots-2026-1/install/xarm_api/lib/python3.12/site-packages'
[3.427s] Level 1:colcon.colcon_core.environment:checking '/home/catcyber02/Mobile-Robots-2026-1/install/xarm_api/bin'
[3.428s] INFO:colcon.colcon_core.shell:Creating package script '/home/catcyber02/Mobile-Robots-2026-1/install/xarm_api/share/xarm_api/package.ps1'
[3.430s] INFO:colcon.colcon_core.shell:Creating package descriptor '/home/catcyber02/Mobile-Robots-2026-1/install/xarm_api/share/xarm_api/package.dsv'
[3.431s] INFO:colcon.colcon_core.shell:Creating package script '/home/catcyber02/Mobile-Robots-2026-1/install/xarm_api/share/xarm_api/package.sh'
[3.433s] INFO:colcon.colcon_core.shell:Creating package script '/home/catcyber02/Mobile-Robots-2026-1/install/xarm_api/share/xarm_api/package.bash'
[3.434s] INFO:colcon.colcon_core.shell:Creating package script '/home/catcyber02/Mobile-Robots-2026-1/install/xarm_api/share/xarm_api/package.zsh'
[3.435s] Level 1:colcon.colcon_core.environment:create_file_with_runtime_dependencies(/home/catcyber02/Mobile-Robots-2026-1/install/xarm_api/share/colcon-core/packages/xarm_api)
[3.437s] Level 1:colcon.colcon_core.environment:create_environment_scripts_only(xarm_api)
[3.438s] Level 1:colcon.colcon_core.environment:checking '/home/catcyber02/Mobile-Robots-2026-1/install/xarm_api' for CMake module files
[3.440s] Level 1:colcon.colcon_core.environment:checking '/home/catcyber02/Mobile-Robots-2026-1/install/xarm_api' for CMake config files
[3.440s] Level 1:colcon.colcon_core.shell:create_environment_hook('xarm_api', 'cmake_prefix_path')
[3.441s] INFO:colcon.colcon_core.shell:Creating environment hook '/home/catcyber02/Mobile-Robots-2026-1/install/xarm_api/share/xarm_api/hook/cmake_prefix_path.ps1'
[3.442s] INFO:colcon.colcon_core.shell:Creating environment descriptor '/home/catcyber02/Mobile-Robots-2026-1/install/xarm_api/share/xarm_api/hook/cmake_prefix_path.dsv'
[3.444s] INFO:colcon.colcon_core.shell:Creating environment hook '/home/catcyber02/Mobile-Robots-2026-1/install/xarm_api/share/xarm_api/hook/cmake_prefix_path.sh'
[3.446s] Level 1:colcon.colcon_core.environment:checking '/home/catcyber02/Mobile-Robots-2026-1/install/xarm_api/lib'
[3.447s] Level 1:colcon.colcon_core.shell:create_environment_hook('xarm_api', 'ld_library_path_lib')
[3.447s] INFO:colcon.colcon_core.shell:Creating environment hook '/home/catcyber02/Mobile-Robots-2026-1/install/xarm_api/share/xarm_api/hook/ld_library_path_lib.ps1'
[3.448s] INFO:colcon.colcon_core.shell:Creating environment descriptor '/home/catcyber02/Mobile-Robots-2026-1/install/xarm_api/share/xarm_api/hook/ld_library_path_lib.dsv'
[3.449s] INFO:colcon.colcon_core.shell:Creating environment hook '/home/catcyber02/Mobile-Robots-2026-1/install/xarm_api/share/xarm_api/hook/ld_library_path_lib.sh'
[3.451s] Level 1:colcon.colcon_core.environment:checking '/home/catcyber02/Mobile-Robots-2026-1/install/xarm_api/bin'
[3.451s] Level 1:colcon.colcon_core.environment:checking '/home/catcyber02/Mobile-Robots-2026-1/install/xarm_api/lib/pkgconfig/xarm_api.pc'
[3.452s] Level 1:colcon.colcon_core.environment:checking '/home/catcyber02/Mobile-Robots-2026-1/install/xarm_api/lib/python3.12/site-packages'
[3.452s] Level 1:colcon.colcon_core.environment:checking '/home/catcyber02/Mobile-Robots-2026-1/install/xarm_api/bin'
[3.453s] INFO:colcon.colcon_core.shell:Creating package script '/home/catcyber02/Mobile-Robots-2026-1/install/xarm_api/share/xarm_api/package.ps1'
[3.454s] INFO:colcon.colcon_core.shell:Creating package descriptor '/home/catcyber02/Mobile-Robots-2026-1/install/xarm_api/share/xarm_api/package.dsv'
[3.455s] INFO:colcon.colcon_core.shell:Creating package script '/home/catcyber02/Mobile-Robots-2026-1/install/xarm_api/share/xarm_api/package.sh'
[3.456s] INFO:colcon.colcon_core.shell:Creating package script '/home/catcyber02/Mobile-Robots-2026-1/install/xarm_api/share/xarm_api/package.bash'
[3.457s] INFO:colcon.colcon_core.shell:Creating package script '/home/catcyber02/Mobile-Robots-2026-1/install/xarm_api/share/xarm_api/package.zsh'
[3.458s] Level 1:colcon.colcon_core.environment:create_file_with_runtime_dependencies(/home/catcyber02/Mobile-Robots-2026-1/install/xarm_api/share/colcon-core/packages/xarm_api)
[3.460s] INFO:colcon.colcon_ros.task.ament_cmake.build:Building ROS package in '/home/catcyber02/Mobile-Robots-2026-1/ros2_ws/src/hardware/xarm_ros2/xarm_controller' with build type 'ament_cmake'
[3.460s] INFO:colcon.colcon_cmake.task.cmake.build:Building CMake package in '/home/catcyber02/Mobile-Robots-2026-1/ros2_ws/src/hardware/xarm_ros2/xarm_controller'
[3.461s] INFO:colcon.colcon_core.shell:Skip shell extension 'powershell' for command environment: Not usable outside of PowerShell
[3.461s] DEBUG:colcon.colcon_core.shell:Skip shell extension 'dsv' for command environment
[3.503s] DEBUG:colcon.colcon_core.event_handler.log_command:Invoking command in '/home/catcyber02/Mobile-Robots-2026-1/build/xarm_controller': AMENT_PREFIX_PATH=/home/catcyber02/Mobile-Robots-2026-1/install/xarm_api:/home/catcyber02/Mobile-Robots-2026-1/install/xarm_sdk:/home/catcyber02/Mobile-Robots-2026-1/install/xarm_msgs:/home/catcyber02/Mobile-Robots-2026-1/install/xarm_description:${AMENT_PREFIX_PATH} CMAKE_PREFIX_PATH=/home/catcyber02/Mobile-Robots-2026-1/install/xarm_api:/home/catcyber02/Mobile-Robots-2026-1/install/xarm_sdk:/home/catcyber02/Mobile-Robots-2026-1/install/xarm_msgs:/home/catcyber02/Mobile-Robots-2026-1/install/xarm_description:/home/catcyber02/Mobile-Robots-2026-1/ros2_ws/install/xarm_controller:/home/catcyber02/Mobile-Robots-2026-1/ros2_ws/install/xarm_api:/home/catcyber02/Mobile-Robots-2026-1/ros2_ws/install/xarm_sdk:/home/catcyber02/Mobile-Robots-2026-1/ros2_ws/install/xarm_msgs:/home/catcyber02/Mobile-Robots-2026-1/ros2_ws/install/xarm_description:/home/catcyber02/Mobile-Robots-2026-1/ros2_ws/install/justina_gui:/home/catcyber02/Mobile-Robots-2026-1/ros2_ws/install/justina_description:/home/catcyber02/Mobile-Robots-2026-1/ros2_ws/install/gazebo_envs:/home/catcyber02/Mobile-Robots-2026-1/ros2_ws/install/config_files:/opt/ros/jazzy/opt/gz_sim_vendor:/opt/ros/jazzy/opt/gz_sensors_vendor:/opt/ros/jazzy/opt/gz_physics_vendor:/opt/ros/jazzy/opt/sdformat_vendor:/opt/ros/jazzy/opt/gz_gui_vendor:/opt/ros/jazzy/opt/gz_transport_vendor:/opt/ros/jazzy/opt/gz_rendering_vendor:/opt/ros/jazzy/opt/gz_plugin_vendor:/opt/ros/jazzy/opt/gz_fuel_tools_vendor:/opt/ros/jazzy/opt/gz_msgs_vendor:/opt/ros/jazzy/opt/gz_common_vendor:/opt/ros/jazzy/opt/gz_math_vendor:/opt/ros/jazzy/opt/gz_utils_vendor:/opt/ros/jazzy/opt/gz_tools_vendor:/opt/ros/jazzy/opt/gz_ogre_next_vendor:/opt/ros/jazzy/opt/gz_dartsim_vendor:/opt/ros/jazzy/opt/gz_cmake_vendor:/home/catcyber02/Mobile-Robots-2026-1/ros2_ws/install/uf_ros_lib:/home/catcyber02/Mobile-Robots-2026-1/ros2_ws/install/simple_move:/home/catcyber02/Mobile-Robots-2026-1/ros2_ws/install/path_planner:/home/catcyber02/Mobile-Robots-2026-1/ros2_ws/install/map_augmenter:/opt/ros/jazzy DEBUGINFOD_URLS=https://debuginfod.ubuntu.com LD_LIBRARY_PATH=/home/catcyber02/Mobile-Robots-2026-1/install/xarm_api/lib:/home/catcyber02/Mobile-Robots-2026-1/install/xarm_sdk/lib:/home/catcyber02/Mobile-Robots-2026-1/install/xarm_msgs/lib:${LD_LIBRARY_PATH} PYTHONPATH=/home/catcyber02/Mobile-Robots-2026-1/install/xarm_msgs/lib/python3.12/site-packages:${PYTHONPATH} /usr/bin/cmake --build /home/catcyber02/Mobile-Robots-2026-1/build/xarm_controller -- -j8 -l8
[3.672s] DEBUG:colcon.colcon_core.event_handler.log_command:Invoked command in '/home/catcyber02/Mobile-Robots-2026-1/build/xarm_controller' returned '0': AMENT_PREFIX_PATH=/home/catcyber02/Mobile-Robots-2026-1/install/xarm_api:/home/catcyber02/Mobile-Robots-2026-1/install/xarm_sdk:/home/catcyber02/Mobile-Robots-2026-1/install/xarm_msgs:/home/catcyber02/Mobile-Robots-2026-1/install/xarm_description:${AMENT_PREFIX_PATH} CMAKE_PREFIX_PATH=/home/catcyber02/Mobile-Robots-2026-1/install/xarm_api:/home/catcyber02/Mobile-Robots-2026-1/install/xarm_sdk:/home/catcyber02/Mobile-Robots-2026-1/install/xarm_msgs:/home/catcyber02/Mobile-Robots-2026-1/install/xarm_description:/home/catcyber02/Mobile-Robots-2026-1/ros2_ws/install/xarm_controller:/home/catcyber02/Mobile-Robots-2026-1/ros2_ws/install/xarm_api:/home/catcyber02/Mobile-Robots-2026-1/ros2_ws/install/xarm_sdk:/home/catcyber02/Mobile-Robots-2026-1/ros2_ws/install/xarm_msgs:/home/catcyber02/Mobile-Robots-2026-1/ros2_ws/install/xarm_description:/home/catcyber02/Mobile-Robots-2026-1/ros2_ws/install/justina_gui:/home/catcyber02/Mobile-Robots-2026-1/ros2_ws/install/justina_description:/home/catcyber02/Mobile-Robots-2026-1/ros2_ws/install/gazebo_envs:/home/catcyber02/Mobile-Robots-2026-1/ros2_ws/install/config_files:/opt/ros/jazzy/opt/gz_sim_vendor:/opt/ros/jazzy/opt/gz_sensors_vendor:/opt/ros/jazzy/opt/gz_physics_vendor:/opt/ros/jazzy/opt/sdformat_vendor:/opt/ros/jazzy/opt/gz_gui_vendor:/opt/ros/jazzy/opt/gz_transport_vendor:/opt/ros/jazzy/opt/gz_rendering_vendor:/opt/ros/jazzy/opt/gz_plugin_vendor:/opt/ros/jazzy/opt/gz_fuel_tools_vendor:/opt/ros/jazzy/opt/gz_msgs_vendor:/opt/ros/jazzy/opt/gz_common_vendor:/opt/ros/jazzy/opt/gz_math_vendor:/opt/ros/jazzy/opt/gz_utils_vendor:/opt/ros/jazzy/opt/gz_tools_vendor:/opt/ros/jazzy/opt/gz_ogre_next_vendor:/opt/ros/jazzy/opt/gz_dartsim_vendor:/opt/ros/jazzy/opt/gz_cmake_vendor:/home/catcyber02/Mobile-Robots-2026-1/ros2_ws/install/uf_ros_lib:/home/catcyber02/Mobile-Robots-2026-1/ros2_ws/install/simple_move:/home/catcyber02/Mobile-Robots-2026-1/ros2_ws/install/path_planner:/home/catcyber02/Mobile-Robots-2026-1/ros2_ws/install/map_augmenter:/opt/ros/jazzy DEBUGINFOD_URLS=https://debuginfod.ubuntu.com LD_LIBRARY_PATH=/home/catcyber02/Mobile-Robots-2026-1/install/xarm_api/lib:/home/catcyber02/Mobile-Robots-2026-1/install/xarm_sdk/lib:/home/catcyber02/Mobile-Robots-2026-1/install/xarm_msgs/lib:${LD_LIBRARY_PATH} PYTHONPATH=/home/catcyber02/Mobile-Robots-2026-1/install/xarm_msgs/lib/python3.12/site-packages:${PYTHONPATH} /usr/bin/cmake --build /home/catcyber02/Mobile-Robots-2026-1/build/xarm_controller -- -j8 -l8
[3.674s] DEBUG:colcon.colcon_core.event_handler.log_command:Invoking command in '/home/catcyber02/Mobile-Robots-2026-1/build/xarm_controller': AMENT_PREFIX_PATH=/home/catcyber02/Mobile-Robots-2026-1/install/xarm_api:/home/catcyber02/Mobile-Robots-2026-1/install/xarm_sdk:/home/catcyber02/Mobile-Robots-2026-1/install/xarm_msgs:/home/catcyber02/Mobile-Robots-2026-1/install/xarm_description:${AMENT_PREFIX_PATH} CMAKE_PREFIX_PATH=/home/catcyber02/Mobile-Robots-2026-1/install/xarm_api:/home/catcyber02/Mobile-Robots-2026-1/install/xarm_sdk:/home/catcyber02/Mobile-Robots-2026-1/install/xarm_msgs:/home/catcyber02/Mobile-Robots-2026-1/install/xarm_description:/home/catcyber02/Mobile-Robots-2026-1/ros2_ws/install/xarm_controller:/home/catcyber02/Mobile-Robots-2026-1/ros2_ws/install/xarm_api:/home/catcyber02/Mobile-Robots-2026-1/ros2_ws/install/xarm_sdk:/home/catcyber02/Mobile-Robots-2026-1/ros2_ws/install/xarm_msgs:/home/catcyber02/Mobile-Robots-2026-1/ros2_ws/install/xarm_description:/home/catcyber02/Mobile-Robots-2026-1/ros2_ws/install/justina_gui:/home/catcyber02/Mobile-Robots-2026-1/ros2_ws/install/justina_description:/home/catcyber02/Mobile-Robots-2026-1/ros2_ws/install/gazebo_envs:/home/catcyber02/Mobile-Robots-2026-1/ros2_ws/install/config_files:/opt/ros/jazzy/opt/gz_sim_vendor:/opt/ros/jazzy/opt/gz_sensors_vendor:/opt/ros/jazzy/opt/gz_physics_vendor:/opt/ros/jazzy/opt/sdformat_vendor:/opt/ros/jazzy/opt/gz_gui_vendor:/opt/ros/jazzy/opt/gz_transport_vendor:/opt/ros/jazzy/opt/gz_rendering_vendor:/opt/ros/jazzy/opt/gz_plugin_vendor:/opt/ros/jazzy/opt/gz_fuel_tools_vendor:/opt/ros/jazzy/opt/gz_msgs_vendor:/opt/ros/jazzy/opt/gz_common_vendor:/opt/ros/jazzy/opt/gz_math_vendor:/opt/ros/jazzy/opt/gz_utils_vendor:/opt/ros/jazzy/opt/gz_tools_vendor:/opt/ros/jazzy/opt/gz_ogre_next_vendor:/opt/ros/jazzy/opt/gz_dartsim_vendor:/opt/ros/jazzy/opt/gz_cmake_vendor:/home/catcyber02/Mobile-Robots-2026-1/ros2_ws/install/uf_ros_lib:/home/catcyber02/Mobile-Robots-2026-1/ros2_ws/install/simple_move:/home/catcyber02/Mobile-Robots-2026-1/ros2_ws/install/path_planner:/home/catcyber02/Mobile-Robots-2026-1/ros2_ws/install/map_augmenter:/opt/ros/jazzy DEBUGINFOD_URLS=https://debuginfod.ubuntu.com LD_LIBRARY_PATH=/home/catcyber02/Mobile-Robots-2026-1/install/xarm_api/lib:/home/catcyber02/Mobile-Robots-2026-1/install/xarm_sdk/lib:/home/catcyber02/Mobile-Robots-2026-1/install/xarm_msgs/lib:${LD_LIBRARY_PATH} PYTHONPATH=/home/catcyber02/Mobile-Robots-2026-1/install/xarm_msgs/lib/python3.12/site-packages:${PYTHONPATH} /usr/bin/cmake --install /home/catcyber02/Mobile-Robots-2026-1/build/xarm_controller
[3.708s] Level 1:colcon.colcon_core.environment:create_environment_scripts_only(xarm_controller)
[3.709s] Level 1:colcon.colcon_core.environment:checking '/home/catcyber02/Mobile-Robots-2026-1/install/xarm_controller' for CMake module files
[3.714s] Level 1:colcon.colcon_core.environment:checking '/home/catcyber02/Mobile-Robots-2026-1/install/xarm_controller' for CMake config files
[3.721s] Level 1:colcon.colcon_core.shell:create_environment_hook('xarm_controller', 'cmake_prefix_path')
[3.722s] INFO:colcon.colcon_core.shell:Creating environment hook '/home/catcyber02/Mobile-Robots-2026-1/install/xarm_controller/share/xarm_controller/hook/cmake_prefix_path.ps1'
[3.727s] INFO:colcon.colcon_core.shell:Creating environment descriptor '/home/catcyber02/Mobile-Robots-2026-1/install/xarm_controller/share/xarm_controller/hook/cmake_prefix_path.dsv'
[3.731s] INFO:colcon.colcon_core.shell:Creating environment hook '/home/catcyber02/Mobile-Robots-2026-1/install/xarm_controller/share/xarm_controller/hook/cmake_prefix_path.sh'
[3.734s] DEBUG:colcon.colcon_core.event_handler.log_command:Invoked command in '/home/catcyber02/Mobile-Robots-2026-1/build/xarm_controller' returned '0': AMENT_PREFIX_PATH=/home/catcyber02/Mobile-Robots-2026-1/install/xarm_api:/home/catcyber02/Mobile-Robots-2026-1/install/xarm_sdk:/home/catcyber02/Mobile-Robots-2026-1/install/xarm_msgs:/home/catcyber02/Mobile-Robots-2026-1/install/xarm_description:${AMENT_PREFIX_PATH} CMAKE_PREFIX_PATH=/home/catcyber02/Mobile-Robots-2026-1/install/xarm_api:/home/catcyber02/Mobile-Robots-2026-1/install/xarm_sdk:/home/catcyber02/Mobile-Robots-2026-1/install/xarm_msgs:/home/catcyber02/Mobile-Robots-2026-1/install/xarm_description:/home/catcyber02/Mobile-Robots-2026-1/ros2_ws/install/xarm_controller:/home/catcyber02/Mobile-Robots-2026-1/ros2_ws/install/xarm_api:/home/catcyber02/Mobile-Robots-2026-1/ros2_ws/install/xarm_sdk:/home/catcyber02/Mobile-Robots-2026-1/ros2_ws/install/xarm_msgs:/home/catcyber02/Mobile-Robots-2026-1/ros2_ws/install/xarm_description:/home/catcyber02/Mobile-Robots-2026-1/ros2_ws/install/justina_gui:/home/catcyber02/Mobile-Robots-2026-1/ros2_ws/install/justina_description:/home/catcyber02/Mobile-Robots-2026-1/ros2_ws/install/gazebo_envs:/home/catcyber02/Mobile-Robots-2026-1/ros2_ws/install/config_files:/opt/ros/jazzy/opt/gz_sim_vendor:/opt/ros/jazzy/opt/gz_sensors_vendor:/opt/ros/jazzy/opt/gz_physics_vendor:/opt/ros/jazzy/opt/sdformat_vendor:/opt/ros/jazzy/opt/gz_gui_vendor:/opt/ros/jazzy/opt/gz_transport_vendor:/opt/ros/jazzy/opt/gz_rendering_vendor:/opt/ros/jazzy/opt/gz_plugin_vendor:/opt/ros/jazzy/opt/gz_fuel_tools_vendor:/opt/ros/jazzy/opt/gz_msgs_vendor:/opt/ros/jazzy/opt/gz_common_vendor:/opt/ros/jazzy/opt/gz_math_vendor:/opt/ros/jazzy/opt/gz_utils_vendor:/opt/ros/jazzy/opt/gz_tools_vendor:/opt/ros/jazzy/opt/gz_ogre_next_vendor:/opt/ros/jazzy/opt/gz_dartsim_vendor:/opt/ros/jazzy/opt/gz_cmake_vendor:/home/catcyber02/Mobile-Robots-2026-1/ros2_ws/install/uf_ros_lib:/home/catcyber02/Mobile-Robots-2026-1/ros2_ws/install/simple_move:/home/catcyber02/Mobile-Robots-2026-1/ros2_ws/install/path_planner:/home/catcyber02/Mobile-Robots-2026-1/ros2_ws/install/map_augmenter:/opt/ros/jazzy DEBUGINFOD_URLS=https://debuginfod.ubuntu.com LD_LIBRARY_PATH=/home/catcyber02/Mobile-Robots-2026-1/install/xarm_api/lib:/home/catcyber02/Mobile-Robots-2026-1/install/xarm_sdk/lib:/home/catcyber02/Mobile-Robots-2026-1/install/xarm_msgs/lib:${LD_LIBRARY_PATH} PYTHONPATH=/home/catcyber02/Mobile-Robots-2026-1/install/xarm_msgs/lib/python3.12/site-packages:${PYTHONPATH} /usr/bin/cmake --install /home/catcyber02/Mobile-Robots-2026-1/build/xarm_controller
[3.735s] Level 1:colcon.colcon_core.environment:checking '/home/catcyber02/Mobile-Robots-2026-1/install/xarm_controller/lib'
[3.735s] Level 1:colcon.colcon_core.shell:create_environment_hook('xarm_controller', 'ld_library_path_lib')
[3.735s] INFO:colcon.colcon_core.shell:Creating environment hook '/home/catcyber02/Mobile-Robots-2026-1/install/xarm_controller/share/xarm_controller/hook/ld_library_path_lib.ps1'
[3.736s] INFO:colcon.colcon_core.shell:Creating environment descriptor '/home/catcyber02/Mobile-Robots-2026-1/install/xarm_controller/share/xarm_controller/hook/ld_library_path_lib.dsv'
[3.737s] INFO:colcon.colcon_core.shell:Creating environment hook '/home/catcyber02/Mobile-Robots-2026-1/install/xarm_controller/share/xarm_controller/hook/ld_library_path_lib.sh'
[3.738s] Level 1:colcon.colcon_core.environment:checking '/home/catcyber02/Mobile-Robots-2026-1/install/xarm_controller/bin'
[3.738s] Level 1:colcon.colcon_core.environment:checking '/home/catcyber02/Mobile-Robots-2026-1/install/xarm_controller/lib/pkgconfig/xarm_controller.pc'
[3.739s] Level 1:colcon.colcon_core.environment:checking '/home/catcyber02/Mobile-Robots-2026-1/install/xarm_controller/lib/python3.12/site-packages'
[3.739s] Level 1:colcon.colcon_core.environment:checking '/home/catcyber02/Mobile-Robots-2026-1/install/xarm_controller/bin'
[3.739s] INFO:colcon.colcon_core.shell:Creating package script '/home/catcyber02/Mobile-Robots-2026-1/install/xarm_controller/share/xarm_controller/package.ps1'
[3.741s] INFO:colcon.colcon_core.shell:Creating package descriptor '/home/catcyber02/Mobile-Robots-2026-1/install/xarm_controller/share/xarm_controller/package.dsv'
[3.742s] INFO:colcon.colcon_core.shell:Creating package script '/home/catcyber02/Mobile-Robots-2026-1/install/xarm_controller/share/xarm_controller/package.sh'
[3.743s] INFO:colcon.colcon_core.shell:Creating package script '/home/catcyber02/Mobile-Robots-2026-1/install/xarm_controller/share/xarm_controller/package.bash'
[3.743s] INFO:colcon.colcon_core.shell:Creating package script '/home/catcyber02/Mobile-Robots-2026-1/install/xarm_controller/share/xarm_controller/package.zsh'
[3.744s] Level 1:colcon.colcon_core.environment:create_file_with_runtime_dependencies(/home/catcyber02/Mobile-Robots-2026-1/install/xarm_controller/share/colcon-core/packages/xarm_controller)
[3.745s] Level 1:colcon.colcon_core.environment:create_environment_scripts_only(xarm_controller)
[3.746s] Level 1:colcon.colcon_core.environment:checking '/home/catcyber02/Mobile-Robots-2026-1/install/xarm_controller' for CMake module files
[3.747s] Level 1:colcon.colcon_core.environment:checking '/home/catcyber02/Mobile-Robots-2026-1/install/xarm_controller' for CMake config files
[3.747s] Level 1:colcon.colcon_core.shell:create_environment_hook('xarm_controller', 'cmake_prefix_path')
[3.748s] INFO:colcon.colcon_core.shell:Creating environment hook '/home/catcyber02/Mobile-Robots-2026-1/install/xarm_controller/share/xarm_controller/hook/cmake_prefix_path.ps1'
[3.749s] INFO:colcon.colcon_core.shell:Creating environment descriptor '/home/catcyber02/Mobile-Robots-2026-1/install/xarm_controller/share/xarm_controller/hook/cmake_prefix_path.dsv'
[3.750s] INFO:colcon.colcon_core.shell:Creating environment hook '/home/catcyber02/Mobile-Robots-2026-1/install/xarm_controller/share/xarm_controller/hook/cmake_prefix_path.sh'
[3.751s] Level 1:colcon.colcon_core.environment:checking '/home/catcyber02/Mobile-Robots-2026-1/install/xarm_controller/lib'
[3.751s] Level 1:colcon.colcon_core.shell:create_environment_hook('xarm_controller', 'ld_library_path_lib')
[3.751s] INFO:colcon.colcon_core.shell:Creating environment hook '/home/catcyber02/Mobile-Robots-2026-1/install/xarm_controller/share/xarm_controller/hook/ld_library_path_lib.ps1'
[3.752s] INFO:colcon.colcon_core.shell:Creating environment descriptor '/home/catcyber02/Mobile-Robots-2026-1/install/xarm_controller/share/xarm_controller/hook/ld_library_path_lib.dsv'
[3.753s] INFO:colcon.colcon_core.shell:Creating environment hook '/home/catcyber02/Mobile-Robots-2026-1/install/xarm_controller/share/xarm_controller/hook/ld_library_path_lib.sh'
[3.754s] Level 1:colcon.colcon_core.environment:checking '/home/catcyber02/Mobile-Robots-2026-1/install/xarm_controller/bin'
[3.754s] Level 1:colcon.colcon_core.environment:checking '/home/catcyber02/Mobile-Robots-2026-1/install/xarm_controller/lib/pkgconfig/xarm_controller.pc'
[3.754s] Level 1:colcon.colcon_core.environment:checking '/home/catcyber02/Mobile-Robots-2026-1/install/xarm_controller/lib/python3.12/site-packages'
[3.755s] Level 1:colcon.colcon_core.environment:checking '/home/catcyber02/Mobile-Robots-2026-1/install/xarm_controller/bin'
[3.755s] INFO:colcon.colcon_core.shell:Creating package script '/home/catcyber02/Mobile-Robots-2026-1/install/xarm_controller/share/xarm_controller/package.ps1'
[3.756s] INFO:colcon.colcon_core.shell:Creating package descriptor '/home/catcyber02/Mobile-Robots-2026-1/install/xarm_controller/share/xarm_controller/package.dsv'
[3.758s] INFO:colcon.colcon_core.shell:Creating package script '/home/catcyber02/Mobile-Robots-2026-1/install/xarm_controller/share/xarm_controller/package.sh'
[3.759s] INFO:colcon.colcon_core.shell:Creating package script '/home/catcyber02/Mobile-Robots-2026-1/install/xarm_controller/share/xarm_controller/package.bash'
[3.760s] INFO:colcon.colcon_core.shell:Creating package script '/home/catcyber02/Mobile-Robots-2026-1/install/xarm_controller/share/xarm_controller/package.zsh'
[3.760s] Level 1:colcon.colcon_core.environment:create_file_with_runtime_dependencies(/home/catcyber02/Mobile-Robots-2026-1/install/xarm_controller/share/colcon-core/packages/xarm_controller)
[3.929s] DEBUG:colcon.colcon_core.event_handler.log_command:Invoking command in '/home/catcyber02/Mobile-Robots-2026-1/ros2_ws/src/hardware/xarm_ros2/uf_ros_lib': DEBUGINFOD_URLS=https://debuginfod.ubuntu.com PYTHONPATH=/home/catcyber02/Mobile-Robots-2026-1/build/uf_ros_lib/prefix_override:/usr/lib/python3/dist-packages/colcon_core/task/python/colcon_distutils_commands:/home/catcyber02/Mobile-Robots-2026-1/install/uf_ros_lib/lib/python3.12/site-packages:${PYTHONPATH} /usr/bin/python3 -W ignore:setup.py install is deprecated -W ignore:easy_install command is deprecated setup.py egg_info --egg-base ../../../../../build/uf_ros_lib build --build-base /home/catcyber02/Mobile-Robots-2026-1/build/uf_ros_lib/build install --record /home/catcyber02/Mobile-Robots-2026-1/build/uf_ros_lib/install.log --single-version-externally-managed install_data
[3.950s] DEBUG:colcon.colcon_core.event_handler.log_command:Invoking command in '/home/catcyber02/Mobile-Robots-2026-1/ros2_ws/src/navigation/path_planner': DEBUGINFOD_URLS=https://debuginfod.ubuntu.com PYTHONPATH=/home/catcyber02/Mobile-Robots-2026-1/build/path_planner/prefix_override:/usr/lib/python3/dist-packages/colcon_core/task/python/colcon_distutils_commands:/home/catcyber02/Mobile-Robots-2026-1/install/path_planner/lib/python3.12/site-packages:${PYTHONPATH} /usr/bin/python3 -W ignore:setup.py install is deprecated -W ignore:easy_install command is deprecated setup.py egg_info --egg-base ../../../../build/path_planner build --build-base /home/catcyber02/Mobile-Robots-2026-1/build/path_planner/build install --record /home/catcyber02/Mobile-Robots-2026-1/build/path_planner/install.log --single-version-externally-managed install_data
[3.966s] DEBUG:colcon.colcon_core.event_handler.log_command:Invoking command in '/home/catcyber02/Mobile-Robots-2026-1/ros2_ws/src/navigation/simple_move': DEBUGINFOD_URLS=https://debuginfod.ubuntu.com PYTHONPATH=/home/catcyber02/Mobile-Robots-2026-1/build/simple_move/prefix_override:/usr/lib/python3/dist-packages/colcon_core/task/python/colcon_distutils_commands:/home/catcyber02/Mobile-Robots-2026-1/install/simple_move/lib/python3.12/site-packages:${PYTHONPATH} /usr/bin/python3 -W ignore:setup.py install is deprecated -W ignore:easy_install command is deprecated setup.py egg_info --egg-base ../../../../build/simple_move build --build-base /home/catcyber02/Mobile-Robots-2026-1/build/simple_move/build install --record /home/catcyber02/Mobile-Robots-2026-1/build/simple_move/install.log --single-version-externally-managed install_data
[3.993s] Level 1:colcon.colcon_core.environment:checking '/home/catcyber02/Mobile-Robots-2026-1/install/map_augmenter' for CMake module files
[3.994s] DEBUG:colcon.colcon_core.event_handler.log_command:Invoked command in '/home/catcyber02/Mobile-Robots-2026-1/ros2_ws/src/navigation/map_augmenter' returned '0': DEBUGINFOD_URLS=https://debuginfod.ubuntu.com PYTHONPATH=/home/catcyber02/Mobile-Robots-2026-1/build/map_augmenter/prefix_override:/usr/lib/python3/dist-packages/colcon_core/task/python/colcon_distutils_commands:/home/catcyber02/Mobile-Robots-2026-1/install/map_augmenter/lib/python3.12/site-packages:${PYTHONPATH} /usr/bin/python3 -W ignore:setup.py install is deprecated -W ignore:easy_install command is deprecated setup.py egg_info --egg-base ../../../../build/map_augmenter build --build-base /home/catcyber02/Mobile-Robots-2026-1/build/map_augmenter/build install --record /home/catcyber02/Mobile-Robots-2026-1/build/map_augmenter/install.log --single-version-externally-managed install_data
[3.995s] Level 1:colcon.colcon_core.environment:checking '/home/catcyber02/Mobile-Robots-2026-1/install/map_augmenter' for CMake config files
[3.996s] Level 1:colcon.colcon_core.environment:checking '/home/catcyber02/Mobile-Robots-2026-1/install/map_augmenter/lib'
[3.996s] Level 1:colcon.colcon_core.environment:checking '/home/catcyber02/Mobile-Robots-2026-1/install/map_augmenter/bin'
[3.996s] Level 1:colcon.colcon_core.environment:checking '/home/catcyber02/Mobile-Robots-2026-1/install/map_augmenter/lib/pkgconfig/map_augmenter.pc'
[3.996s] Level 1:colcon.colcon_core.environment:checking '/home/catcyber02/Mobile-Robots-2026-1/install/map_augmenter/lib/python3.12/site-packages'
[3.997s] Level 1:colcon.colcon_core.shell:create_environment_hook('map_augmenter', 'pythonpath')
[3.997s] INFO:colcon.colcon_core.shell:Creating environment hook '/home/catcyber02/Mobile-Robots-2026-1/install/map_augmenter/share/map_augmenter/hook/pythonpath.ps1'
[3.998s] INFO:colcon.colcon_core.shell:Creating environment descriptor '/home/catcyber02/Mobile-Robots-2026-1/install/map_augmenter/share/map_augmenter/hook/pythonpath.dsv'
[3.999s] INFO:colcon.colcon_core.shell:Creating environment hook '/home/catcyber02/Mobile-Robots-2026-1/install/map_augmenter/share/map_augmenter/hook/pythonpath.sh'
[4.000s] Level 1:colcon.colcon_core.environment:checking '/home/catcyber02/Mobile-Robots-2026-1/install/map_augmenter/bin'
[4.000s] Level 1:colcon.colcon_core.environment:create_environment_scripts_only(map_augmenter)
[4.000s] INFO:colcon.colcon_core.shell:Creating package script '/home/catcyber02/Mobile-Robots-2026-1/install/map_augmenter/share/map_augmenter/package.ps1'
[4.001s] INFO:colcon.colcon_core.shell:Creating package descriptor '/home/catcyber02/Mobile-Robots-2026-1/install/map_augmenter/share/map_augmenter/package.dsv'
[4.003s] INFO:colcon.colcon_core.shell:Creating package script '/home/catcyber02/Mobile-Robots-2026-1/install/map_augmenter/share/map_augmenter/package.sh'
[4.004s] INFO:colcon.colcon_core.shell:Creating package script '/home/catcyber02/Mobile-Robots-2026-1/install/map_augmenter/share/map_augmenter/package.bash'
[4.005s] INFO:colcon.colcon_core.shell:Creating package script '/home/catcyber02/Mobile-Robots-2026-1/install/map_augmenter/share/map_augmenter/package.zsh'
[4.005s] Level 1:colcon.colcon_core.environment:create_file_with_runtime_dependencies(/home/catcyber02/Mobile-Robots-2026-1/install/map_augmenter/share/colcon-core/packages/map_augmenter)
[4.837s] Level 1:colcon.colcon_core.environment:checking '/home/catcyber02/Mobile-Robots-2026-1/install/uf_ros_lib' for CMake module files
[4.838s] DEBUG:colcon.colcon_core.event_handler.log_command:Invoked command in '/home/catcyber02/Mobile-Robots-2026-1/ros2_ws/src/hardware/xarm_ros2/uf_ros_lib' returned '0': DEBUGINFOD_URLS=https://debuginfod.ubuntu.com PYTHONPATH=/home/catcyber02/Mobile-Robots-2026-1/build/uf_ros_lib/prefix_override:/usr/lib/python3/dist-packages/colcon_core/task/python/colcon_distutils_commands:/home/catcyber02/Mobile-Robots-2026-1/install/uf_ros_lib/lib/python3.12/site-packages:${PYTHONPATH} /usr/bin/python3 -W ignore:setup.py install is deprecated -W ignore:easy_install command is deprecated setup.py egg_info --egg-base ../../../../../build/uf_ros_lib build --build-base /home/catcyber02/Mobile-Robots-2026-1/build/uf_ros_lib/build install --record /home/catcyber02/Mobile-Robots-2026-1/build/uf_ros_lib/install.log --single-version-externally-managed install_data
[4.839s] Level 1:colcon.colcon_core.environment:checking '/home/catcyber02/Mobile-Robots-2026-1/install/uf_ros_lib' for CMake config files
[4.840s] Level 1:colcon.colcon_core.environment:checking '/home/catcyber02/Mobile-Robots-2026-1/install/uf_ros_lib/lib'
[4.840s] Level 1:colcon.colcon_core.environment:checking '/home/catcyber02/Mobile-Robots-2026-1/install/uf_ros_lib/bin'
[4.840s] Level 1:colcon.colcon_core.environment:checking '/home/catcyber02/Mobile-Robots-2026-1/install/uf_ros_lib/lib/pkgconfig/uf_ros_lib.pc'
[4.841s] Level 1:colcon.colcon_core.environment:checking '/home/catcyber02/Mobile-Robots-2026-1/install/uf_ros_lib/lib/python3.12/site-packages'
[4.841s] Level 1:colcon.colcon_core.shell:create_environment_hook('uf_ros_lib', 'pythonpath')
[4.841s] INFO:colcon.colcon_core.shell:Creating environment hook '/home/catcyber02/Mobile-Robots-2026-1/install/uf_ros_lib/share/uf_ros_lib/hook/pythonpath.ps1'
[4.842s] INFO:colcon.colcon_core.shell:Creating environment descriptor '/home/catcyber02/Mobile-Robots-2026-1/install/uf_ros_lib/share/uf_ros_lib/hook/pythonpath.dsv'
[4.843s] INFO:colcon.colcon_core.shell:Creating environment hook '/home/catcyber02/Mobile-Robots-2026-1/install/uf_ros_lib/share/uf_ros_lib/hook/pythonpath.sh'
[4.844s] Level 1:colcon.colcon_core.environment:checking '/home/catcyber02/Mobile-Robots-2026-1/install/uf_ros_lib/bin'
[4.844s] Level 1:colcon.colcon_core.environment:create_environment_scripts_only(uf_ros_lib)
[4.844s] INFO:colcon.colcon_core.shell:Creating package script '/home/catcyber02/Mobile-Robots-2026-1/install/uf_ros_lib/share/uf_ros_lib/package.ps1'
[4.845s] INFO:colcon.colcon_core.shell:Creating package descriptor '/home/catcyber02/Mobile-Robots-2026-1/install/uf_ros_lib/share/uf_ros_lib/package.dsv'
[4.846s] INFO:colcon.colcon_core.shell:Creating package script '/home/catcyber02/Mobile-Robots-2026-1/install/uf_ros_lib/share/uf_ros_lib/package.sh'
[4.847s] INFO:colcon.colcon_core.shell:Creating package script '/home/catcyber02/Mobile-Robots-2026-1/install/uf_ros_lib/share/uf_ros_lib/package.bash'
[4.848s] INFO:colcon.colcon_core.shell:Creating package script '/home/catcyber02/Mobile-Robots-2026-1/install/uf_ros_lib/share/uf_ros_lib/package.zsh'
[4.849s] Level 1:colcon.colcon_core.environment:create_file_with_runtime_dependencies(/home/catcyber02/Mobile-Robots-2026-1/install/uf_ros_lib/share/colcon-core/packages/uf_ros_lib)
[4.862s] Level 1:colcon.colcon_core.environment:checking '/home/catcyber02/Mobile-Robots-2026-1/install/path_planner' for CMake module files
[4.864s] DEBUG:colcon.colcon_core.event_handler.log_command:Invoked command in '/home/catcyber02/Mobile-Robots-2026-1/ros2_ws/src/navigation/path_planner' returned '0': DEBUGINFOD_URLS=https://debuginfod.ubuntu.com PYTHONPATH=/home/catcyber02/Mobile-Robots-2026-1/build/path_planner/prefix_override:/usr/lib/python3/dist-packages/colcon_core/task/python/colcon_distutils_commands:/home/catcyber02/Mobile-Robots-2026-1/install/path_planner/lib/python3.12/site-packages:${PYTHONPATH} /usr/bin/python3 -W ignore:setup.py install is deprecated -W ignore:easy_install command is deprecated setup.py egg_info --egg-base ../../../../build/path_planner build --build-base /home/catcyber02/Mobile-Robots-2026-1/build/path_planner/build install --record /home/catcyber02/Mobile-Robots-2026-1/build/path_planner/install.log --single-version-externally-managed install_data
[4.865s] Level 1:colcon.colcon_core.environment:checking '/home/catcyber02/Mobile-Robots-2026-1/install/path_planner' for CMake config files
[4.866s] Level 1:colcon.colcon_core.environment:checking '/home/catcyber02/Mobile-Robots-2026-1/install/path_planner/lib'
[4.867s] Level 1:colcon.colcon_core.environment:checking '/home/catcyber02/Mobile-Robots-2026-1/install/path_planner/bin'
[4.867s] Level 1:colcon.colcon_core.environment:checking '/home/catcyber02/Mobile-Robots-2026-1/install/path_planner/lib/pkgconfig/path_planner.pc'
[4.867s] Level 1:colcon.colcon_core.environment:checking '/home/catcyber02/Mobile-Robots-2026-1/install/path_planner/lib/python3.12/site-packages'
[4.868s] Level 1:colcon.colcon_core.shell:create_environment_hook('path_planner', 'pythonpath')
[4.868s] INFO:colcon.colcon_core.shell:Creating environment hook '/home/catcyber02/Mobile-Robots-2026-1/install/path_planner/share/path_planner/hook/pythonpath.ps1'
[4.869s] INFO:colcon.colcon_core.shell:Creating environment descriptor '/home/catcyber02/Mobile-Robots-2026-1/install/path_planner/share/path_planner/hook/pythonpath.dsv'
[4.870s] INFO:colcon.colcon_core.shell:Creating environment hook '/home/catcyber02/Mobile-Robots-2026-1/install/path_planner/share/path_planner/hook/pythonpath.sh'
[4.872s] Level 1:colcon.colcon_core.environment:checking '/home/catcyber02/Mobile-Robots-2026-1/install/path_planner/bin'
[4.873s] Level 1:colcon.colcon_core.environment:create_environment_scripts_only(path_planner)
[4.873s] INFO:colcon.colcon_core.shell:Creating package script '/home/catcyber02/Mobile-Robots-2026-1/install/path_planner/share/path_planner/package.ps1'
[4.875s] INFO:colcon.colcon_core.shell:Creating package descriptor '/home/catcyber02/Mobile-Robots-2026-1/install/path_planner/share/path_planner/package.dsv'
[4.876s] INFO:colcon.colcon_core.shell:Creating package script '/home/catcyber02/Mobile-Robots-2026-1/install/path_planner/share/path_planner/package.sh'
[4.877s] INFO:colcon.colcon_core.shell:Creating package script '/home/catcyber02/Mobile-Robots-2026-1/install/path_planner/share/path_planner/package.bash'
[4.878s] INFO:colcon.colcon_core.shell:Creating package script '/home/catcyber02/Mobile-Robots-2026-1/install/path_planner/share/path_planner/package.zsh'
[4.880s] Level 1:colcon.colcon_core.environment:create_file_with_runtime_dependencies(/home/catcyber02/Mobile-Robots-2026-1/install/path_planner/share/colcon-core/packages/path_planner)
[4.883s] Level 1:colcon.colcon_core.environment:checking '/home/catcyber02/Mobile-Robots-2026-1/install/simple_move' for CMake module files
[4.885s] DEBUG:colcon.colcon_core.event_handler.log_command:Invoked command in '/home/catcyber02/Mobile-Robots-2026-1/ros2_ws/src/navigation/simple_move' returned '0': DEBUGINFOD_URLS=https://debuginfod.ubuntu.com PYTHONPATH=/home/catcyber02/Mobile-Robots-2026-1/build/simple_move/prefix_override:/usr/lib/python3/dist-packages/colcon_core/task/python/colcon_distutils_commands:/home/catcyber02/Mobile-Robots-2026-1/install/simple_move/lib/python3.12/site-packages:${PYTHONPATH} /usr/bin/python3 -W ignore:setup.py install is deprecated -W ignore:easy_install command is deprecated setup.py egg_info --egg-base ../../../../build/simple_move build --build-base /home/catcyber02/Mobile-Robots-2026-1/build/simple_move/build install --record /home/catcyber02/Mobile-Robots-2026-1/build/simple_move/install.log --single-version-externally-managed install_data
[4.886s] Level 1:colcon.colcon_core.environment:checking '/home/catcyber02/Mobile-Robots-2026-1/install/simple_move' for CMake config files
[4.888s] Level 1:colcon.colcon_core.environment:checking '/home/catcyber02/Mobile-Robots-2026-1/install/simple_move/lib'
[4.888s] Level 1:colcon.colcon_core.environment:checking '/home/catcyber02/Mobile-Robots-2026-1/install/simple_move/bin'
[4.888s] Level 1:colcon.colcon_core.environment:checking '/home/catcyber02/Mobile-Robots-2026-1/install/simple_move/lib/pkgconfig/simple_move.pc'
[4.889s] Level 1:colcon.colcon_core.environment:checking '/home/catcyber02/Mobile-Robots-2026-1/install/simple_move/lib/python3.12/site-packages'
[4.889s] Level 1:colcon.colcon_core.shell:create_environment_hook('simple_move', 'pythonpath')
[4.889s] INFO:colcon.colcon_core.shell:Creating environment hook '/home/catcyber02/Mobile-Robots-2026-1/install/simple_move/share/simple_move/hook/pythonpath.ps1'
[4.890s] INFO:colcon.colcon_core.shell:Creating environment descriptor '/home/catcyber02/Mobile-Robots-2026-1/install/simple_move/share/simple_move/hook/pythonpath.dsv'
[4.891s] INFO:colcon.colcon_core.shell:Creating environment hook '/home/catcyber02/Mobile-Robots-2026-1/install/simple_move/share/simple_move/hook/pythonpath.sh'
[4.892s] Level 1:colcon.colcon_core.environment:checking '/home/catcyber02/Mobile-Robots-2026-1/install/simple_move/bin'
[4.892s] Level 1:colcon.colcon_core.environment:create_environment_scripts_only(simple_move)
[4.892s] INFO:colcon.colcon_core.shell:Creating package script '/home/catcyber02/Mobile-Robots-2026-1/install/simple_move/share/simple_move/package.ps1'
[4.893s] INFO:colcon.colcon_core.shell:Creating package descriptor '/home/catcyber02/Mobile-Robots-2026-1/install/simple_move/share/simple_move/package.dsv'
[4.894s] INFO:colcon.colcon_core.shell:Creating package script '/home/catcyber02/Mobile-Robots-2026-1/install/simple_move/share/simple_move/package.sh'
[4.895s] INFO:colcon.colcon_core.shell:Creating package script '/home/catcyber02/Mobile-Robots-2026-1/install/simple_move/share/simple_move/package.bash'
[4.896s] INFO:colcon.colcon_core.shell:Creating package script '/home/catcyber02/Mobile-Robots-2026-1/install/simple_move/share/simple_move/package.zsh'
[4.896s] Level 1:colcon.colcon_core.environment:create_file_with_runtime_dependencies(/home/catcyber02/Mobile-Robots-2026-1/install/simple_move/share/colcon-core/packages/simple_move)
[4.897s] DEBUG:colcon.colcon_parallel_executor.executor.parallel:closing loop
[4.897s] DEBUG:colcon.colcon_parallel_executor.executor.parallel:loop closed
[4.897s] DEBUG:colcon.colcon_parallel_executor.executor.parallel:run_until_complete finished with '0'
[4.898s] DEBUG:colcon.colcon_core.event_reactor:joining thread
[4.906s] INFO:colcon.colcon_core.plugin_system:Skipping extension 'colcon_notification.desktop_notification.terminal_notifier': Not used on non-Darwin systems
[4.906s] INFO:colcon.colcon_core.plugin_system:Skipping extension 'colcon_notification.desktop_notification.win32': Not used on non-Windows systems
[4.906s] INFO:colcon.colcon_notification.desktop_notification:Sending desktop notification using 'notify2'
[4.929s] DEBUG:colcon.colcon_core.event_reactor:joined thread
[4.929s] INFO:colcon.colcon_core.shell:Creating prefix script '/home/catcyber02/Mobile-Robots-2026-1/install/local_setup.ps1'
[4.932s] INFO:colcon.colcon_core.shell:Creating prefix util module '/home/catcyber02/Mobile-Robots-2026-1/install/_local_setup_util_ps1.py'
[4.935s] INFO:colcon.colcon_core.shell:Creating prefix chain script '/home/catcyber02/Mobile-Robots-2026-1/install/setup.ps1'
[4.938s] INFO:colcon.colcon_core.shell:Creating prefix script '/home/catcyber02/Mobile-Robots-2026-1/install/local_setup.sh'
[4.939s] INFO:colcon.colcon_core.shell:Creating prefix util module '/home/catcyber02/Mobile-Robots-2026-1/install/_local_setup_util_sh.py'
[4.940s] INFO:colcon.colcon_core.shell:Creating prefix chain script '/home/catcyber02/Mobile-Robots-2026-1/install/setup.sh'
[4.943s] INFO:colcon.colcon_core.shell:Creating prefix script '/home/catcyber02/Mobile-Robots-2026-1/install/local_setup.bash'
[4.944s] INFO:colcon.colcon_core.shell:Creating prefix chain script '/home/catcyber02/Mobile-Robots-2026-1/install/setup.bash'
[4.946s] INFO:colcon.colcon_core.shell:Creating prefix script '/home/catcyber02/Mobile-Robots-2026-1/install/local_setup.zsh'
[4.947s] INFO:colcon.colcon_core.shell:Creating prefix chain script '/home/catcyber02/Mobile-Robots-2026-1/install/setup.zsh'
